date,AUD,CAD,CHF,EUR,GBP,JPY,NZD
1986-01-15,,-0.5081883642388326,0.28265685576390537,0.29875311720698255,0.05362753997625864,0.29929835134088073,
1986-01-31,,-0.4750026424268048,0.3299333605331157,0.29045247430327437,-0.1853275794429188,0.41529055842682466,
1986-02-14,,-0.05776562837205956,0.2773352215731398,0.2800958400983622,-0.06061096593668339,0.2994601184256357,
1986-02-28,,-0.14653399668325043,0.11422441316952313,0.20026700373521183,0.08639921722113503,0.29832504734848486,
1986-03-14,,-0.026319513230507994,0.19108519842016175,0.28620169568464365,0.09080523964256702,0.3089683445331981,
1986-03-31,,0.07837505129257284,0.13085095193015672,0.2468051419308629,0.25259871572001275,0.46858329340360966,
1986-04-15,,0.07056359828826368,-0.005677490826005677,0.16758614763255134,0.3475628881500533,0.22630790143250495,
1986-04-30,,0.1351865398683248,0.22800172141730024,0.1048810758428399,0.40498481781376516,0.4691509335558569,
1986-05-15,,0.0748982170433806,0.11735067522043531,0.004793711778079343,0.289656384568064,0.2716123892523477,
1986-05-30,,0.14074914869466515,-0.13982968211662225,-0.15039496631672536,0.14984959455924665,0.37356306858170635,
1986-06-13,,0.011669865642994243,0.08660095707449468,0.02827941445935216,0.1453103989242492,0.21949070203583615,
1986-06-30,,0.05159574468085106,0.26678861536553605,0.08514651919995865,0.4096429438911829,0.5221803808455519,
1986-07-15,,0.06121908127208481,0.22832689122032027,0.21168042114429336,-0.2951849759954815,0.4506683869118016,
1986-07-31,,-0.0673014027182208,0.3301753792364518,0.17050818668404732,-0.22624089122887336,0.35802053526342364,
1986-08-15,,-0.08920704845814978,0.18990345279005072,0.08591943304737039,0.04830744071954211,0.17562389008318535,
1986-08-29,,-0.16124792868978916,-0.05011516872777691,0.06404605092568584,-0.14121203397149848,-0.149099271751629,
1986-09-15,,-0.046117559431444355,0.08200891758076428,-0.0917011748393262,-0.25530148668025054,-0.18507333908541845,
1986-09-30,,-0.07971788843770036,0.20797174950223524,0.15513695633149557,-0.3605556444302245,0.20145750582674063,
1986-10-15,,-0.15421360973411447,0.3059257075471698,0.24375038577865563,-0.3509013865556754,0.09396454874547497,
1986-10-31,,-0.183243112224287,-0.13101989515955978,-0.011107160039324784,-0.1902843858131488,-0.2240954902233988,
1986-11-14,,0.155549881917406,0.029524839310386256,0.051222974223941085,-0.1272602568898865,-0.15724961156189113,
1986-11-28,,-0.008874931731294375,0.04473112045223945,0.12173927947074349,-0.005450230023148826,-0.14379323784468478,
1986-12-15,,0.10782551870609378,0.01500653954705032,0.008364856944962439,-0.017349280300396355,-0.13848270652349862,
1986-12-31,,0.12097476066144473,0.0973290690638776,0.15921611126162738,0.20440699935191187,0.16364577938891767,
1987-01-15,,0.13095779959685286,0.118712402406246,0.12724423397949103,0.10982954338066211,0.2801584661444945,
1987-01-30,0.1078838174273859,0.2235350125508526,0.06622792650605998,0.13956851273186624,0.08611261995292413,0.16987936823778138,
1987-02-13,,0.13033605812897367,-0.0970344213820228,-0.04004506169579835,0.12475640833458253,0.23009375412650204,
1987-02-27,,0.2323146917904739,-0.04148025407346037,-0.10668025284100723,0.3258196226232756,0.23583843941478055,
1987-03-13,,0.3190248149760557,-0.08825683982546104,-0.15211556678244395,0.2778512652247857,0.20141646099366886,
1987-03-31,,0.264134749490398,-0.03467115662153804,-0.0824900484389238,0.3872853779200508,0.3679358624832494,
1987-04-15,,0.11008712487899322,0.01266026673539076,0.012295255428111905,0.3633228599892712,0.3504242215427021,
1987-04-30,,-0.00537963076170681,0.0059961072392792115,0.0015112170618534757,0.23199244664198573,0.29689938831470153,
1987-05-15,,0.016624092770546973,0.1089886323684519,0.07318135617830696,0.1793598723291072,0.22966217579412226,
1987-05-29,0.31793068809643393,0.014012438006770054,0.07773240737980984,0.07534272877385662,0.07310851606561981,0.19757744625684487,
1987-06-15,,0.03590240123934934,0.06367183782240411,-0.11349906558303273,0.025020883112846514,0.1600645934770375,
1987-06-30,,0.14948663210328353,-0.03026569750728923,-0.12386434349719976,0.24559171059807308,-0.044120276019879154,
1987-07-15,,0.20154232735464864,-0.04299609461351411,-0.11905667554203118,0.15306361389358658,-0.011393952867941308,
1987-07-31,0.36896221903395504,0.11805810959911732,0.049137373668628984,-0.017658786670464256,0.16290184635508376,0.06586841967965774,
1987-08-14,0.36720609233698237,0.13808536186005896,-0.043576612523170695,-0.07049386217234534,0.060307221087803974,-0.050053590568060025,
1987-08-31,0.37252535007242876,0.21595803659004648,0.09342278512759421,-0.004944987019409074,0.16009334349945703,0.3738399017106134,
1987-09-15,,0.3199389623601221,0.0177605037882515,-0.07027200915037352,0.20355544077134985,0.052011824200522805,
1987-09-30,,0.40584445896741667,-0.07103052126200274,-0.08143228414669362,0.18463294028147584,0.02666090992498246,
1987-10-15,,0.433474739683764,0.17543713572023314,0.13875558497435048,0.40698307595129707,0.2397993378962975,
1987-10-30,,0.09995819834883478,0.13465731825958602,0.09998847527947448,0.21348314606741572,0.16394150808907704,
1987-11-13,,0.09423911252677247,0.07822666936580006,0.07910251273539007,0.20548492468216106,0.12255459508644222,
1987-11-30,,0.10594689715853217,0.13590208966938094,0.04766920813269128,0.272305557964103,0.14764755634421797,
1987-12-15,,0.2302831350020517,0.21358133177113844,0.14856948228882833,0.2286670819059483,0.18992841138860048,
1987-12-31,,0.28427689830963243,0.06461437155321426,0.02710843373493976,0.3023190737696317,0.1616419729932483,
1988-01-15,,0.35590645428597734,0.1333571258624792,-0.05444553857882532,0.0774239971217845,0.04793745499434215,
1988-01-29,,0.3485813094395976,0.056260829590862475,-0.14226021411404852,0.027263902371377064,0.05955472073366112,
1988-02-12,,0.33163063277104615,0.006452201966095505,-0.13675483260487542,-0.08115150763121975,0.0854675290686806,
1988-02-29,,0.3758062449275981,0.07032067458607744,-0.0854865718464506,-0.03820578763235328,0.05355871886120996,
1988-03-15,,0.3139804189914728,0.1803961401726765,-0.0459245426565688,0.1689926582445929,0.0871610338907312,
1988-03-31,,0.34081104400345125,0.18783974229917455,0.05298425174587916,0.2549399183172407,0.2639438512655865,
1988-04-15,,0.22903945761569883,0.11693416311824435,0.010990836355582624,0.06291322314049587,0.21759971854523066,
1988-04-29,,0.15555127216653816,-0.007815055795863474,0.012659163116025909,0.05370964696998301,0.12997999954021933,
1988-05-13,0.15626140927345747,0.25166548547129697,-0.05508243727598566,-0.1206004579764227,0.19565701333657134,0.09691233696396097,
1988-05-31,0.0949714413708142,0.13495945855391006,-0.14092631477324838,-0.20157226061502248,-0.0985566279996458,-0.01318248497879951,
1988-06-15,-0.4842782277274893,0.5004972650422675,-0.12168607875762617,-0.2955815242888216,-0.18468786808009424,-0.12565767379379827,
1988-06-30,0.047275641025641024,0.5321732450957221,0.035894823464869316,-0.08009080493910978,-0.16091954022988506,-0.01074030552291422,
1988-07-15,0.0,0.5198195197286739,0.023570602394573134,-0.1602988047808765,-0.09738598442714126,0.10550632432023026,
1988-07-29,0.1556266465939029,0.30190561708071434,0.0038118131868131867,-0.09404304381245196,-0.08642508796839311,-0.036437822256506026,
1988-08-15,0.15688024272711049,0.12969028123887505,0.06513603421646667,-0.08482156868899281,0.00888709351646132,-0.022650989001709906,
1988-08-31,0.23381770145310435,-0.015045768596780416,0.09016901408450705,-0.04195206833821087,0.11351793195054664,-0.22123741097480626,
1988-09-15,0.1395415064787128,-0.03696498054474708,0.003693987900851223,-0.05291096546701928,-0.03201458892659946,-0.13598315527864552,
1988-09-30,,0.07031206230040898,-0.019861660079051383,-0.02506410786665564,0.03401094605160281,-0.1824550331334806,
1988-10-14,,0.2069537950751637,0.19218882793788147,0.21429201393482383,0.25237251963855967,0.1072232664780121,
1988-10-31,,0.2051424185570527,0.28637770897832815,0.14424736792184387,0.17862947622293293,0.13804672476576244,
1988-11-15,,0.03327576280944156,0.25076868656635193,0.16565763584077495,0.21191744685253194,0.22491808394445312,
1988-11-30,,0.24274630672760122,0.2624387385467718,0.11792713590241989,0.2970470645998457,0.16613849976592604,
1988-12-15,,0.09618616205158179,0.03701263356919816,0.03362851491005898,0.14000276548672566,-0.014641180167855955,
1988-12-30,,0.2989897151178666,0.06332060713288015,-0.0016054529067147363,0.021134115623272103,-0.20681839066376695,
1989-01-13,,0.2252164652498032,-0.07013165509259259,-0.25568369668799473,-0.22509134200911368,-0.17529298149453187,
1989-01-31,,0.30835343275469645,-0.2856124201860435,-0.15909729685045879,-0.1157967088505236,-0.10091425937307928,
1989-02-15,,0.22683471824593254,0.053196067397133305,-0.1019646395600682,-0.15896503614763455,-0.003860439881474062,
1989-02-28,-0.058276333789329685,-0.07769774793859792,0.04705288719291053,0.03365516050590656,-0.21437841664372517,-0.061650045330915684,
1989-03-15,,0.11361435672325866,-0.2345166287616599,-0.12836528106827483,-0.1763506625891947,-0.37296678581469134,
1989-03-31,,0.258978146808619,-0.225373053633218,-0.11020177790320304,-0.3447905477980666,-0.32209304567451363,
1989-04-14,,0.289092040396305,-0.03556491390002596,0.098564155368686,-0.1088653104173974,-0.24216181541175527,
1989-04-28,,0.2716578475532427,-0.14955875522526707,0.04851401187212811,-0.09355658709106986,-0.21186424382270935,
1989-05-15,-0.07107496463932107,0.36061955622117997,-0.13746612311826734,-0.2196383159084487,-0.391859249378087,-0.23477388104208183,
1989-05-31,-0.3287205632435057,-0.11085308380575097,0.059937774524158126,-0.08186499003855209,-0.3287626628075253,-0.08592467023361763,
1989-06-15,-0.05976643004350813,-0.17574265887259427,0.12123974475843209,-0.04577302286553388,-0.17876637554585154,-0.00871062493669604,
1989-06-30,0.010025062656641603,-0.0674931895257686,0.2064835455472853,-0.07147995683625755,-0.3396323215049166,-0.1165315346006223,
1989-07-14,-0.09873540856031128,0.018092197389794434,0.10435228684054215,0.11661463429787366,-0.15592734628513633,-0.11585339216285877,
1989-07-31,-0.09115401885945218,0.2122023700333859,0.24754686676537757,0.20601078859491395,0.31421522110457395,-0.07282606778046327,
1989-08-15,-0.16213063763608088,0.2667027869018997,0.06270177562550444,-0.02872331589002409,-0.26069334253190757,-0.11647611450855269,
1989-08-31,0.0,0.27134516446037343,-0.09104917888433936,-0.15359350592130736,-0.16700063758083614,-0.22678754004498672,
1989-09-15,0.038707799767171126,0.06161592738596085,-0.18489264429749366,-0.1132061592781483,-0.21698359703875744,-0.2336009965077741,
1989-09-29,,0.25739601279842483,0.005021545143012248,0.28934524024729746,0.14876641708604393,-0.027799123952970108,
1989-10-13,,0.43236200822078685,-0.07951278559540022,0.2785010933100856,-0.20525764358510334,-0.10466883821932682,
1989-10-31,,0.3552746792553394,0.08450524162618256,0.3326972764121649,-0.028714815622954398,-0.1502713582288035,
1989-11-15,,0.3966253303516975,-0.01200800533689126,0.2652092456581957,0.11946564885496183,-0.08223149498097967,
1989-11-30,,0.36944822667444727,0.1891271820448878,0.2500549873529088,-0.14473515728370823,0.008010035213928393,
1989-12-15,,0.3352411613903297,0.2709939415949948,0.18877104301123798,0.21474272629310345,-0.13223487520575095,
1989-12-29,0.33202819107282694,0.4429992348890589,0.3316367450181998,0.31036798512217384,0.3598185026468364,0.02365892714171337,
1990-01-15,-0.1660264618011097,0.2886272605898774,0.2960058809115413,0.12239454391541152,0.33740354447553633,-0.13980280050669314,
1990-01-31,-0.06036824630244492,-0.3195548489666137,0.2527517534428915,0.14887356030882168,0.3514564558950006,-0.009563953952515528,
1990-02-15,-0.07896814951302975,-0.3122574055158325,0.12251905418411674,0.09989902203532845,0.25386926879705324,-0.07046645246046945,
1990-02-28,,-0.3451970782800441,0.07672137515781295,-0.052087933657196134,0.19448433420365535,-0.2632756285185231,
1990-03-15,-0.08743806470416789,-0.09774544406828495,-0.03527886578032769,-0.03896228450859568,-0.16920424230594053,-0.21698044631823799,
1990-03-30,-0.19590268886043533,0.012362866848582725,-0.03958033829871838,-0.1346361415667784,-0.1871048093504503,-0.10610290012634796,
1990-04-12,,0.22735543074123882,0.23142016188373804,0.14577339164460812,-0.10069472493739397,-0.07209158415841584,
1990-04-30,-0.1597035040431267,0.20035796647506282,0.23978885630498534,0.0804145926915139,-0.17596549382962579,-0.09011036397202496,
1990-05-15,-0.19525065963060687,-0.08878782474288092,0.29886811125085044,0.1982902082885978,0.11988775641852664,0.09138552243694727,
1990-05-31,,-0.12072376910503828,0.003770327973108022,-0.10912233057647204,0.29815429557827644,0.08550101786926034,
1990-06-15,,-0.07589958707478535,0.07120236349337924,-0.22687657397518557,0.3095220984549048,-0.026788377781755267,
1990-06-29,,0.14537302841660485,0.10394283926149994,-0.08349444394254224,0.4224609429781505,-0.059394020466858405,
1990-07-13,0.1897782788425404,0.23002914699889088,0.2726756389677738,-0.029208275678108797,0.36638212266202697,0.213881543404703,
1990-07-31,,0.27437002652519893,0.17280271874307385,0.19158233379352274,0.33529814220304194,0.09533925582593021,
1990-08-15,0.0,0.2641014534603908,0.2200892857142857,0.14622507527126058,0.31878620172126726,0.067474187780874,
1990-08-31,0.0,0.06469931563364559,0.09143917307182613,0.05635412364036899,0.2170486206983107,0.15305138448822153,
1990-09-14,0.0,-0.06632533110420313,0.044976518283627025,0.15197416703361222,-0.031191271664230528,0.09045436516680622,
1990-09-28,,-0.026065579697046384,0.06245341111651272,0.0009684590495895054,-0.19512885868026056,0.08570519035147375,
1990-10-15,0.0,0.09579681631192989,0.07883191664381684,0.15923636307011943,0.1628286938561608,0.22712695467797508,
1990-10-31,,-0.1434802784222738,-0.009118173462971025,-0.028914787442359927,0.20861937452326468,0.19568563040751136,
1990-11-15,0.0,-0.1632206507262003,0.09282926285268206,0.25406939765847686,0.26694106270610696,-0.0064642848263345015,
1990-11-30,0.0,-0.0801190023177777,-0.02232176945200947,-0.0925218113834649,0.21185954365350457,-0.004442151360330204,
1990-12-14,-0.06596919500145307,0.0125203455615375,-0.09873436278342455,0.050797329760137136,0.02920271089316216,-0.08041602291140672,
1990-12-31,,0.09752553716097218,-0.4043154455270672,-0.20099737778610227,-0.2604813969952018,-0.30454237288135594,
1991-01-15,0.0,0.3941634835752483,-0.27818891280947255,-0.347077357670578,-0.2233500119132714,-0.18724232996939574,
1991-01-31,,-0.003496911061895326,-0.1812533509950484,0.09440855572346679,0.1271363067944977,0.02417334227335286,
1991-02-15,0.0,-0.03395118370343182,-0.1885196040480009,0.05540392282786118,0.2237355656644505,0.0270836263616047,
1991-02-28,,0.092976567646413,-0.3156417682584585,-0.09970153599767052,-0.08115407835785327,-0.08518738103410615,
1991-03-15,,0.10564248104858284,-0.2646527033297598,-0.14984465254682303,-0.17048868048941315,-0.11834893990166297,
1991-03-28,,0.06293851670911076,-0.3875928307135172,-0.24405570115886197,-0.3584831899921814,-0.2111692844677138,
1991-04-15,,0.32247046112021194,-0.287607150984904,-0.19840958177891224,-0.23113379511483778,0.006437116657557539,
1991-04-30,,0.06369376479873717,-0.22439694801194257,-0.12824051256776736,-0.19508589129822584,0.03992515264920229,
1991-05-15,,0.2037541946308725,-0.06353799392097265,-0.06368749439483427,-0.0283576840691838,0.05431380491217734,
1991-05-31,,0.25887807139545665,-0.20394703205685363,-0.17163769441903018,-0.16793893129770993,-0.009432736050505989,
1991-06-14,0.06413077648538196,0.2793686644618322,-0.19616434286987358,-0.07608836346377874,-0.1415813649823956,-0.1474841202470509,
1991-06-28,,0.39004995412376386,-0.2750952803965957,-0.14520888336698246,-0.2552865161206109,0.054262429029351994,
1991-07-15,,0.032269999177834414,-0.23378606445390984,-0.07671593470598025,-0.18270592078992268,0.22506527415143604,
1991-07-31,,-0.10660626990178051,-0.09104589917231001,0.09118983801421746,0.09945126984897781,-0.0402954318242099,
1991-08-15,,0.245292444854354,-0.03993241340467474,0.10492917546165385,0.12601242236024845,0.08158678896638977,
1991-08-30,,0.2973668852346459,-0.17719626168224298,-0.004593087470703914,0.011801391220916287,-0.06263033133120645,
1991-09-16,,0.15633359559402046,0.0643552529415278,0.11731039325842697,0.21912204480054168,0.08303440610316778,
1991-09-30,,0.07833694813072088,0.09307945502270738,0.11483818591091922,0.3427288400625476,0.155667021678634,
1991-10-15,,0.21452168412174036,0.041007165121645144,-0.005792627263523046,-0.02867582442995236,0.21995939211222543,
1991-10-31,,0.2704448833394704,0.038150383967804194,0.07445045841157627,0.12838002436053594,0.08854060655404031,
1991-11-15,,-0.06946476126176812,0.22120866590649943,0.1915214242325125,0.26011207007600157,0.14498155748350564,
1991-11-29,,-0.09488936753475621,0.20453614742479131,0.09834955658900962,0.2243657505285412,0.055347476432094755,
1991-12-13,,-0.17205078389734785,0.19694437189866806,0.10769681312819655,0.22346297009369787,-0.003693837196528617,
1991-12-31,,-0.3669912366114898,0.2283943576289875,0.16426788074607138,0.3167282270606532,0.1099141530547483,
1992-01-15,,-0.27306091148115685,0.12795075069755082,0.08793285066965405,0.03531829273513421,0.05980664403990538,
1992-01-31,,-0.34380960638113406,-0.12390654811188308,-0.08261070730287608,-0.008116293155663234,0.09606486647325746,
1992-02-14,,-0.30539047459613294,-0.19039326657959657,-0.13709189407255856,0.0405164014290354,0.06501136091844056,
1992-02-28,,-0.18817673768774013,-0.2397178916109874,-0.15193568073871627,-0.046960920888628195,-0.07862520914668154,
1992-03-13,,-0.15223088180240274,-0.17171298932077358,-0.06475144923818807,-0.0947542968441555,-0.21733998356728734,
1992-03-31,,-0.17243634664797944,-0.23041122091169908,-0.02577525944630924,-0.0413630256890445,-0.2271411116876161,
1992-04-15,0.16012558869701726,0.005769580228966019,-0.29098881710386343,0.06411300585390685,0.1432986227746053,-0.26266137851115573,
1992-04-30,0.0985062575696407,-0.14277386446441584,-0.19992564858333997,-0.030915703893881045,0.2237528259231349,-0.22600476568705322,
1992-05-15,0.08628230616302186,-0.39158059002749496,-0.01322296840022906,-0.0050480414733474754,0.2630877136837614,-0.06907846252108547,
1992-05-29,0.08466640655481857,-0.300390167772142,0.06776014377198977,-0.0790251024877857,0.194975361039109,0.023976452490829487,
1992-06-15,0.0,-0.1462680412371134,0.13638189767222025,0.04583154670750383,0.21992751145455788,0.04735402707507179,
1992-06-30,,-0.13231183869035737,0.3354707082483241,0.11164933276345158,0.2633739178422378,-0.004782745184938969,
1992-07-15,,-0.03202905055285813,0.3013814586578181,0.10343101745143234,0.24725501217912685,-0.02017055342847198,
1992-07-31,,0.11964996545711748,0.07894653740486943,0.0019190490289611914,0.18886990118136562,-0.19575928989451588,
1992-08-14,-0.25760649087221094,0.025946106230772082,0.15720196689853683,0.018508643292005512,0.2253483590954085,-0.11339571756954878,
1992-08-31,-0.25718120805369127,-0.11044549763033175,0.13216475436945074,0.07890606835619624,0.2026285608009671,0.02037834856367675,
1992-09-15,-0.07581891792418108,-0.36917608633001375,0.12689312911782322,-0.08786129521598811,0.0420514062547304,0.02653087913165724,
1992-09-30,-0.2160513643659711,-0.34186575654152446,0.0013533173190783908,-0.05038059993380871,-0.2396302278428812,0.13151132404181184,
1992-10-06,-0.21815235008103728,-0.33601906872125425,-0.0022283432886633036,-0.05324772368748789,-0.25823545294991224,0.14581264132203461,
1992-10-13,-0.22455789122455788,-0.2999118010231081,-0.19301898346601348,-0.02946599175354497,-0.24530799253351435,0.09067678872680361,
1992-10-20,-0.1750761937013207,-0.21297328395239293,-0.3221011910821541,-0.14355925399529135,-0.20668703326544466,0.12830930247963082,
1992-10-27,-0.14187705817782656,-0.2313546423135464,-0.25429647757582424,-0.17203277603045852,-0.25037462139327277,0.10352962322226965,
1992-11-03,-0.22287247012923678,-0.18451931941999833,-0.2375301792777521,-0.16389816820234207,-0.2543498796355547,0.03757486068397808,
1992-11-10,-0.2221142162818955,-0.1916738601585184,-0.209307079103359,-0.19626137412633524,-0.23168854685378,-0.04152919733290266,
1992-11-17,-0.25982632541133455,-0.18023060937185761,-0.2363644165987212,-0.22252307788346742,-0.24981756263682803,-0.09980897803247374,
1992-11-24,-0.20340858787073926,-0.178758866376157,-0.23189737933288396,-0.27007136965175915,-0.2658334588164433,-0.09513936388508892,
1992-12-01,-0.21309910253962192,-0.2326329194524037,-0.24580813928556114,-0.18112809448644018,-0.19357062288507332,-0.08013705532601027,
1992-12-08,-0.17839135654261704,-0.17350548284400424,-0.2342941008602063,-0.1773247989496143,-0.06440941817474216,-0.10484849582525854,
1992-12-15,-0.17199074074074075,-0.14085116294546302,-0.21182539682539683,-0.1853467472805032,-0.05801587040268678,-0.05467344846925948,
1992-12-22,-0.310359231411863,-0.014577097882718102,-0.30601152005192134,-0.31093157687095835,-0.1886142983230362,0.0010138476755687438,
1992-12-29,-0.30984153461217684,0.07161776691116545,-0.3429389470215045,-0.3283924891055526,-0.30616208581013477,-0.20790612895876054,
1993-01-05,-0.35789473684210527,0.03736014589186259,-0.33093775356439087,-0.3096950433559878,-0.27605721393034827,-0.23770629136298901,
1993-01-12,-0.36318963591690867,-0.0002896451846488052,-0.387805170964366,-0.34885963877575094,-0.08328934010152285,-0.26314930094907646,
1993-01-19,-0.3511120708270352,-0.017366486068111454,-0.3443785000651175,-0.297457130520602,-0.05135062851029687,-0.33256298968491066,
1993-01-26,-0.30677635851915996,-0.05889602053915276,-0.2820347856952702,-0.16231978613029502,-0.06514141742522757,-0.12047665466409374,
1993-02-02,-0.3521862083967805,0.17864381794730053,-0.3147426851067833,-0.18982620311097162,-0.244215868165448,-0.08391031317929314,
1993-02-09,-0.3284365162644281,0.19275870923564153,-0.2697861676560606,-0.19147493052720305,-0.27275663206459055,0.12452657119185702,
1993-02-16,-0.2496333235552948,0.19061402493149626,-0.2806837956802129,-0.1744662616544679,-0.301068151732323,0.21623476695546318,
1993-02-23,-0.00740521327014218,0.24344702352755407,-0.22041184365039423,-0.09501201878074898,-0.3155185785799901,0.2413220789074355,
1993-03-02,0.15905172413793103,0.2784730913642053,-0.29431799641050743,-0.07542647359997573,-0.31627065377839153,0.22039492799944213,
1993-03-09,0.14981729598051158,0.21114923352954137,-0.2275859650353329,-0.1488611930827568,-0.2569693564420625,0.1892625497356516,
1993-03-16,0.1440370003303601,0.24961044988893677,-0.1347711845850668,-0.11729109250688992,-0.17872790732214466,0.12220010926402872,
1993-03-23,0.29149463253509494,0.24549808429118775,-0.2930480301221416,-0.01831619215478134,0.06452028332260142,0.23292591328098328,
1993-03-30,0.30431034482758623,0.08541230241858694,-0.2692849099099099,0.06119792931304086,0.05366814377154111,0.1439988396547973,
1993-04-06,0.12783424550430023,0.014798336396169842,-0.13148671270140197,0.08552800734618916,0.13065436978480457,0.1802570412906754,
1993-04-13,0.20980091883614088,-0.023694761025271408,0.06893013498723094,0.08711240392014273,0.14799604928003326,0.28642038542800435,
1993-04-20,0.21388979458754484,-0.10347714953065092,0.03705469654655678,0.031421045289305026,0.17228934166069418,0.28026571130019406,
1993-04-27,0.18867924528301888,-0.19061279507828433,0.10103816347419213,0.04679262887800326,0.23431913484881925,0.24510491326477615,
1993-05-04,0.10541969596827495,-0.21622347569164652,0.18081698037645175,0.04479515640766902,0.2390543107591605,0.24808850052074072,
1993-05-11,0.07600667143197522,-0.2453039789941426,0.1081728636081285,-0.05075025471610732,0.22281378280880706,0.22629475848963282,
1993-05-18,0.005765682656826568,-0.20153061224489796,0.007770730968202775,-0.1248405859066884,0.16702977487291212,0.2686313801069573,
1993-05-25,-0.013262599469496022,-0.005041491924689926,0.051624416779548044,-0.16192200216939998,0.1634464605734767,0.29656917633358715,
1993-06-01,-0.09067562228368234,-0.044728828902970946,0.07875835242918489,-0.12927442042394427,0.07933385785470758,0.27930604499864464,
1993-06-08,-0.07358829214413917,-0.17188709978904643,0.016234779893849517,-0.05594103145524532,-0.09638886106380848,0.2680436390157923,
1993-06-15,-0.084,-0.18846994826942562,-0.02268630741500404,-0.13346298389004232,-0.12781521197661308,0.3021267787839586,
1993-06-22,-0.23799185888738128,-0.09219669641161951,-0.21390900396228993,-0.2985612622805879,-0.26434851890845973,0.21677678738390577,
1993-06-29,-0.24276169265033407,-0.10730154028436019,-0.2516379660230765,-0.2917447455051912,-0.17626211485606827,0.2504134613925683,
1993-07-06,-0.1939408989322076,-0.17889647326507394,-0.22300224866999396,-0.3658423737687353,-0.18710844436601076,0.2046041499688307,
1993-07-13,-0.17739914808318716,-0.07571550985432733,-0.3126511824522674,-0.33983887175376537,-0.1443664573328408,0.16452834300345945,
1993-07-20,-0.23695487774136628,0.014486161167290668,-0.20939634391321815,-0.29173261677770823,-0.1403594571463504,0.15120487866709859,
1993-07-27,-0.2480478917230609,-0.06916865925078837,-0.25232983366757106,-0.3074687681625868,-0.11508559467743142,0.2780659060081385,
1993-08-03,-0.08661579707156114,-0.26613500567873194,-0.1641759530791789,-0.28977220927052266,-0.15789879072633445,0.3249507842763701,
1993-08-10,0.15178956446744285,-0.296470155092273,-0.22069889944501928,-0.31605660109223055,-0.25561998570180317,0.2613063377550229,
1993-08-17,0.35528305056274145,-0.3808139534883721,-0.2043615206264491,-0.19776135313765902,-0.2581509142415658,0.28677685950413223,
1993-08-24,0.20231319992656507,-0.3971053429821901,0.0019318782916676249,-0.1300268460015728,0.02167064769619552,0.21794275360544552,
1993-08-31,0.17527272727272727,-0.35019782065733923,0.06422985677884192,-0.022684776856588464,-0.17341159207630227,0.18238265755175365,
1993-09-07,-0.22271016311166875,-0.33095339888841385,0.20043714555765596,0.06311784465620073,0.13760890101815892,0.0612301568935993,
1993-09-14,-0.24218661211501308,-0.23018119414294946,0.28778029924227855,0.06113500056580287,0.17482417451424484,-0.0925827265731368,
1993-09-21,-0.3565527296290296,-0.18689788053949905,0.4299658009058138,0.08006277479542143,0.1653441115396025,-0.23059148943347219,
1993-09-28,-0.38072997751254106,-0.22424670945284456,0.4552929085303186,0.10619313767262338,0.11084251406832052,-0.16134371463797734,
1993-10-05,-0.44201680672268906,-0.32802490926759614,0.4696458364932504,-0.0063634192932187205,0.057770121389367414,-0.21402658223673363,
1993-10-12,-0.3613830451989169,-0.2903736351798057,0.47377193685391455,0.2426396937826429,0.039610127880986404,-0.20381195581946282,
1993-10-19,-0.3025591963645061,-0.2416356052538161,0.28300796812749,0.06259419653929069,-0.1500517419799931,-0.35242929659173317,
1993-10-26,-0.2866766467065868,0.12287573821863323,-0.03127993992594319,-0.09136573807009292,-0.21254256526674234,-0.39011432741425445,
1993-11-02,-0.03231557833741921,0.14848231357552583,-0.2590443216021089,-0.2624755243628277,-0.20940359387057655,-0.3503595047061463,
1993-11-09,0.08423538673489471,0.15736084619386162,-0.2512625310921836,-0.27916672904471757,-0.23497090394825307,-0.32620754394947943,
1993-11-16,-0.10874144286466561,-0.05018054196335167,-0.4142796736253582,-0.28738795963017855,-0.24878814959243914,-0.13130917401240613,
1993-11-23,-0.11081298631607191,0.03452977360644302,-0.35829596412556053,-0.26134094151212556,-0.1917393577501995,-0.17967422440161188,
1993-11-30,-0.10713359273670557,-0.024379600267651937,-0.30600603588366,-0.277297472456254,-0.08397048245730879,-0.24394502829426032,
1993-12-07,-0.06182256122039342,0.02450412057782095,-0.06995796440389947,-0.23271464053165067,0.07452633619227601,-0.21881121280198315,
1993-12-14,-0.0016242555495397943,-0.03613461416120618,-0.057836499333321786,-0.19892153532608695,0.12294363866446023,-0.26361977759884214,
1993-12-21,0.2607500490869821,-0.07151415562630516,0.022269584938656176,-0.21822268356080948,-0.03649984755433599,-0.4205827345211143,
1993-12-28,0.29257314328582146,0.028850895939503535,0.2748813329458491,-0.14815651928238452,0.23422365717640153,-0.4295467230106841,
1994-01-04,0.32951205173427395,0.2605407315780173,0.20539599651871193,-0.1644458482693777,-0.08573212180065201,-0.21450380944124983,
1994-01-11,0.34848696137219354,0.21047880407308442,0.20141921397379914,-0.14694258919611033,-0.04746539317866477,-0.19428954246515884,
1994-01-18,0.38411179655042177,0.16996693674381427,-0.05091542236057616,-0.17941352798951177,0.20267506262496265,-0.1746450323295076,
1994-01-25,0.511249721541546,0.24343349443160328,-0.14714853261566063,-0.33607779072264926,0.3091215414550804,-0.3287391169929491,
1994-02-01,0.43198209400646603,0.1323852706787579,0.010087646766991898,-0.2838503046127067,0.34941129002677623,-0.11217166896454202,
1994-02-08,0.4300955216474383,-0.041764456383429946,0.09072797234212943,-0.33418666396304486,-0.1648734881650219,-0.07365157229793831,
1994-02-15,0.4400947339091669,-0.12607957302280445,0.029155568353610252,-0.21403340584786695,-0.19771516344261508,0.10827976069271121,
1994-02-22,0.4820505847158009,-0.10219505150669106,0.08403733955659276,-0.07080360267700901,-0.22837234067180592,0.13183783945746733,
1994-03-01,0.484515876127009,-0.14882384246939862,0.10310712924132673,-0.025753509496284063,-0.2520720795018762,0.08626951129454848,
1994-03-08,0.3239263803680982,-0.1787854004602773,0.09975878382168701,-0.06718287406057846,-0.04570203334297003,0.0333933575561262,
1994-03-15,0.18281405605349269,-0.16928505567770763,0.08397877088685933,0.046083345267077185,0.013517393705135284,-0.020738759044900624,
1994-03-22,0.3299107142857143,-0.18628304393640904,0.16189241346037872,0.1375304996821882,-0.03805513625168825,-0.17777381800902828,
1994-03-29,0.21114220300178071,-0.22483891969557507,0.16256444370530518,0.14910977778646392,-0.16396534637639462,-0.11362996603299116,
1994-04-05,-0.10154861640010154,-0.2668900312098403,0.03995493153059456,-0.018445007897580846,-0.41086485739298717,-0.00712772105567328,
1994-04-12,0.19497455470737912,-0.20650346590516547,0.010601211567036233,-0.09986270219247437,-0.389932047672474,-0.05586132952108649,
1994-04-19,0.2372908884196849,-0.14879880231116518,-0.13750954927425516,-0.0791671261440988,-0.3239835640138408,-0.04337739032620922,
1994-04-26,0.22470262343164413,-0.10628308620978753,-0.009978220128653193,0.04736273488443878,0.13764583930658786,-0.005281749940559084,
1994-05-03,0.2777260018639329,-0.146350905157691,0.2884273136005995,0.158764585224789,0.2503234675723759,0.020143327522758086,
1994-05-10,0.18338157670696406,-0.05467151625369402,0.1635091580850562,0.16945063872470592,0.1563068314292376,-0.1400192092204258,
1994-05-17,0.22392557651991615,-0.09648468460068069,0.21639012032932237,0.1570586335002423,0.16151239598524492,-0.16520208158050545,
1994-05-24,0.3017900136082906,-0.16248006379585328,0.1773261065943993,0.16912613788035571,0.14641731093162874,-0.2032898953215125,
1994-05-31,0.30057565789473684,-0.12987870649613667,0.17872878676083062,0.1603038979533094,0.14376292832089216,-0.19800771659066993,
1994-06-07,0.24186769005847952,0.04398190412431786,0.12536993892072287,-0.03310799098630612,0.12157579494406764,-0.21418883548279635,
1994-06-14,0.22270967741935485,0.008961322375446905,0.28092685143116763,0.10964319527054861,0.2297098174816794,-0.11840952881415309,
1994-06-21,0.35091661738616203,-0.11909412317353574,0.42878652234068526,0.3758626729724996,0.4222310776817514,-0.05279512953039287,
1994-06-28,0.028191320874247704,-0.09776709375232336,0.4022030595906399,0.3306498924450818,0.4142137431910595,-0.05792436423548077,
1994-07-05,0.06404657933042213,0.06697503831837093,0.4359759783966789,0.33175957672885015,0.38802643713495233,0.03190634180563878,
1994-07-12,0.19802281368821292,0.012442535854873786,0.4255645964795749,0.3119117720445132,0.30070679990251037,0.009678291430116248,
1994-07-19,0.23238333855308488,0.16173733787614167,0.334245960502693,0.2055477514195833,0.22406628980045418,-0.05424490664397042,
1994-07-26,0.2835934526075371,0.19629764881035985,0.29871244635193134,0.08977085347131404,-0.13249123242605754,-0.0462850504303744,
1994-08-02,0.31447794667331175,-0.06199830701421524,0.2985887348570001,0.03750557956735218,-0.15572538210974693,-0.1223352812172231,
1994-08-09,0.34500720381247924,0.22217525363039586,0.36787627861665856,-0.023769964069866457,-0.13778289698969587,-0.18124778833328797,
1994-08-16,0.35728744939271256,0.2119907917125413,0.4029844427981797,0.16049371609525265,-0.08699131229995427,-0.16150221729490022,
1994-08-23,0.20115634786798361,0.15912386476379456,0.4381925766541151,0.13032861410572802,0.0009417129262490087,-0.11679018655762842,
1994-08-30,0.27075987841945287,0.18784467693983614,0.22832518052643838,0.002646990130013927,-0.18583623497697405,-0.15572201414898043,
1994-09-06,0.26798825256975034,0.1280064189123075,0.3153088042049934,0.017354750833685595,-0.10838363850412043,-0.14611450392202815,
1994-09-13,0.17249687667321079,0.3116580159794716,0.251554915748482,0.061404173422843204,0.08233479653576936,-0.1441750207065947,
1994-09-20,0.12555534093104115,0.38437482855105065,0.2619324566764584,0.07457484233905615,0.19827370768373095,-0.019897225077081193,
1994-09-27,0.22776421346355075,0.43883262550364804,0.3306122448979592,0.1366841886124701,0.3568316355659725,-0.053903654485049836,
1994-10-04,0.2318840579710145,0.4265354671280277,0.2688357163700029,0.10528790555223728,0.38174508636092913,-0.1440499847141547,
1994-10-11,0.218008658008658,0.41246943216745563,0.2564102564102564,0.11926811053024645,0.3098143363001244,-0.21058000125541398,
1994-10-18,0.16380149205319494,0.026816380449141346,0.36690664135743883,0.24546163038395594,0.30273635768909746,-0.11987687034892024,
1994-10-25,-0.21268331351565598,0.09450040766944583,0.33771971271971274,0.21332386875311218,0.33737619222303744,-0.05008252150671126,
1994-11-01,0.08459762532981531,0.009779196047146018,0.2611117478510029,0.1312684838196513,0.27366828219917105,-0.07259473975872799,
1994-11-08,0.5171241002926521,-0.10131867551068946,0.0860207768744354,0.03381379281983797,0.14657785577536694,-0.1368228833439966,
1994-11-15,0.5310344827586206,-0.19257581477287025,-0.2987784937962874,-0.21893426620551598,-0.07921804127004409,-0.21597688176710614,
1994-11-22,0.5716902475997979,-0.36793899725660467,-0.3688337634229585,-0.26547447628779786,-0.3323649267845653,-0.27374969813360317,
1994-11-29,0.4698272896167343,-0.37137820865924864,-0.37558608746793876,-0.2852514256091239,-0.3254707112970711,-0.28423479140897334,
1994-12-06,0.46304407336435804,-0.3175469345716712,-0.3862362875858259,-0.2633761381393441,-0.24384938390583052,-0.35125462125383466,
1994-12-13,0.31979856637328735,-0.3412482836845561,-0.35039044280276244,-0.23657862114999523,-0.26637249393611334,-0.3592909512050384,
1994-12-20,0.3814313690582161,-0.3639937458119276,-0.23879972735159252,-0.20170662994936273,-0.154525627044711,-0.30616034771785067,
1994-12-27,0.5753683661494328,-0.48182752137083484,-0.4179931335830212,-0.24246429390265284,-0.39361756359496336,-0.4063560670343657,
1995-01-03,0.5495501730103807,-0.4968756851567639,-0.292096414139987,-0.10439275034746108,-0.2846635944700461,-0.4265513141585085,
1995-01-10,0.44272266473569877,-0.47229677237093015,-0.08570425889253754,0.002033262082268912,-0.283691868249576,-0.43861081181092937,
1995-01-17,0.15645457888929754,-0.4386659642876605,-0.07397044234731513,-0.009249600985283584,-0.3395198230927184,-0.28073699119975853,
1995-01-24,0.20028644655510328,-0.40271823243733657,-0.041301902479581355,0.02258442272303611,-0.0820412751606677,-0.29837472432639756,
1995-01-31,0.10340696368401348,-0.335735826868729,-0.10736541782416097,-0.04275423779431616,-0.10992609224436337,-0.3077094474153298,
1995-02-07,-0.13490725126475547,-0.11651026267300853,-0.20999090430370052,-0.0625135812070405,-0.29396228278041076,-0.32402826855123673,
1995-02-14,-0.18217427157778998,-0.005365650585133447,-0.21849431130476882,-0.0059949325852864,-0.20893521321684974,-0.2824016612564445,
1995-02-21,-0.20903477413064672,0.020429243658900493,-0.13233411004051474,0.06736962547222852,-0.16724652599073597,-0.04222244397875572,
1995-02-28,-0.20359319858838626,0.016132814331942035,-0.1297075955937482,0.11437301881943056,-0.09022025048093911,-0.00921063775726264,
1995-03-07,-0.10681581400449636,-0.0140631025018713,0.11273863764732463,0.16020945906444958,0.14778854685686985,0.019858925664677157,
1995-03-14,-0.08591084204733077,-0.053802121625879634,0.1749669093315685,0.11029275998604927,0.07689715847403691,0.05321724795219206,
1995-03-21,-0.40874858145053133,0.04799359114412643,0.28134567214027273,0.19130068309129541,0.16655489557386471,0.12248127262014982,
1995-03-28,-0.41897609477469855,0.07288266148259546,0.2489927989087333,0.20197982105463544,0.1663251515019401,0.08497287737854337,
1995-04-04,-0.30451932829933503,0.19167243298534853,0.22700029476304326,0.1967297940598158,0.15967141573610577,0.0919474492630478,
1995-04-11,-0.18094048159927306,0.310859484524965,0.2134584664536741,0.017643622869708633,0.12219298245614035,0.07567747773491451,
1995-04-18,-0.16934126360677815,0.33854552946023897,0.21457303000329706,0.16185995553120872,0.15300907568948807,0.07891027212552096,
1995-04-25,-0.20961098398169337,0.33075493194219585,0.20132866446313447,0.13639174169418933,0.12066384362034305,0.07504060469765117,
1995-05-02,-0.19489772466099747,0.3373534272448257,0.1952126423425517,0.179547101717227,0.10336896801396993,0.05753896765097517,
1995-05-09,-0.09343344059110953,0.3292261811332601,0.19432249546129723,0.12540007049700388,0.05624237494916633,0.01094578416281854,
1995-05-16,-0.10111841346708175,0.3250378481511437,-0.16809904837169481,-0.11494836634501439,-0.36368295182781,-0.057315387413604944,
1995-05-23,-0.19730490748189863,0.29437892819863637,-0.19801918718370642,-0.12389600514710183,-0.37681411617304145,-0.11447982002651927,
1995-05-30,-0.1848432585979507,0.19664913782560842,-0.0978630403108305,0.008048730408596263,-0.26406943563728597,-0.03413052522846936,
1995-06-06,-0.18763306488938258,0.11818977372171521,-0.1089925003537569,0.00013386880856760375,-0.2290367039025098,-0.05543966859593971,
1995-06-13,-0.180595035057798,0.04789905671934338,-0.09865369750064416,0.02424583786332735,-0.18506403503908633,-0.06799074648761497,
1995-06-20,-0.10125195618153364,0.11937146931388143,-0.1652546596232433,0.10190053755544458,-0.1250966843706492,-0.15678640445606457,
1995-06-27,-0.17371937639198218,0.18241732025169236,-0.1042223409941208,0.18066316302757762,-0.23551447336414497,-0.10812318678866324,
1995-07-03,-0.1661485689784543,0.19426695585907733,-0.1415356619319618,0.12088188659300833,-0.24119175972275703,-0.23206177368461559,
1995-07-11,-0.1630731102850062,0.3402688161369096,-0.17036156694245097,0.1338733499492292,-0.249357774197762,-0.22832424299416965,
1995-07-18,0.15379794434695412,0.3390655418559377,-0.20060092642824354,0.16307178196337124,-0.22334224481746068,-0.2364720180566005,
1995-07-25,0.18098126286147515,0.3562131977489516,-0.1663334829260332,0.16615868842008805,-0.27961875653502777,-0.2577663768225286,
1995-08-01,0.18738499284399918,0.28080410132080713,-0.005360228515005113,0.21588222255061326,-0.07550399391403576,-0.2473563657186486,
1995-08-08,0.2331027585632136,0.30134975014167226,-0.09583065150539942,-0.03100056645553324,0.09437241010560085,-0.2415289324633169,
1995-08-15,0.1791733358440825,0.27539432176656153,-0.2212747884609102,-0.19432757211611223,-0.283420574435193,-0.2680842193037315,
1995-08-22,0.0689054981058667,0.30921154942719403,-0.22223659112217517,-0.15309637339991877,-0.3720782520325203,-0.2336157937438024,
1995-08-29,0.26865563822870764,0.41724298501284857,-0.2091441468919661,-0.1933650789083742,-0.32280684304754326,-0.20071857648011135,
1995-09-05,0.31130885650224216,0.4305699829105653,-0.18224598930481284,-0.213369555535762,-0.31447999578303726,-0.2194912586912358,
1995-09-12,0.23231397001513,0.3189730846624441,-0.22552158369350622,-0.18796390528529752,-0.28163510048796625,-0.21753851961964088,
1995-09-19,0.534283306519574,0.032935898949356626,-0.2657859973579921,-0.3276387280662688,-0.41934385639121013,-0.27790357153639467,
1995-09-26,0.18343028710827547,0.08065635085814254,0.11804595430903944,-0.06818413591955781,0.21503409279893565,-0.31165286580006474,
1995-10-03,0.2869110890910729,0.20990798742571304,0.10037989931123946,-0.03886076697327214,0.19388539930778106,-0.31319666497325405,
1995-10-10,0.2970371768258162,0.23374554786186758,0.09260835035171318,-0.1112179124731426,0.21891572555161706,-0.30991649269311067,
1995-10-17,0.28428328157868377,0.23533166172783224,0.08807847527027425,-0.04923009326756007,0.2372691974636163,-0.32395530384203275,
1995-10-24,0.12330456226880394,0.026553058912386705,0.11124711002311982,0.05297793023784938,0.257286520302862,-0.3014495804637454,
1995-10-31,0.17778252054209795,0.08981866930078318,0.09267935974866615,0.07531337586189109,0.2349694626547879,-0.312312818998608,
1995-11-07,0.16422230798919335,0.11904336962341602,0.07709220832760753,0.05086549375709421,0.24354323460934538,-0.3261542866066316,
1995-11-14,-0.018093249826026444,0.09809485204702068,0.06186284215877773,-0.021735270092694534,-0.22632162487320423,-0.32406326889279435,
1995-11-21,-0.04390037990713381,0.09763284306442827,0.07230555773711354,-0.0036385474070934013,-0.3562010912833259,-0.2832159206162112,
1995-11-28,-0.0022355289421157683,0.10351331092680804,0.04672505113010646,-0.22718653028387542,-0.3160490782415685,-0.2640316860104056,
1995-12-05,-0.0254846256684492,0.01524155771516465,-0.2556535236165305,-0.27804553764334383,-0.30933528013328093,-0.2643114717151228,
1995-12-12,-0.011559790674060768,-0.1696482687156627,-0.2157467947547211,-0.23056096518310928,-0.21346715715215647,-0.2456663607627205,
1995-12-19,0.0,-0.1662206957146851,-0.3104766251176588,-0.2434955878166809,-0.37572960914341597,-0.4135233104834368,
1995-12-26,0.0,0.04642548906789413,-0.3138402138402138,-0.2204308307231115,-0.05646059185467331,-0.4441175074747283,
1996-01-02,-0.041787790697674417,0.05330945657414422,-0.2553898098690947,-0.1953046953046953,0.1487544019825225,-0.4492836277646404,
1996-01-09,-0.03991165799021928,0.08340781523720997,-0.2772272297196355,-0.24052347306757177,0.20772670265554283,-0.4251217610288008,
1996-01-16,0.0,0.07331212442559208,-0.2686605496019238,-0.2831101393823449,0.1474505383679886,-0.43884960372075366,
1996-01-23,-0.2017020195605233,0.013175456007665719,-0.3094570769856697,-0.3633952557873678,-0.38517657250986026,-0.4449388485631898,
1996-01-30,-0.10773661474014923,-0.26780387770320657,-0.31511011554924706,-0.36397687393143163,-0.4087432337020475,-0.4371613725698502,
1996-02-06,0.1996654635091117,-0.2299057027391109,-0.32097681746567636,-0.21684388315227823,-0.04218654468875252,-0.4049719851285542,
1996-02-13,0.23213028169014085,-0.006230529595015576,-0.3076905844664979,-0.1679126661859765,0.025783538665275493,-0.37543894113891413,
1996-02-20,0.22647584973166368,-0.1370757180156658,-0.2376744512237885,-0.07742675397068825,0.10746212829624088,-0.3594931303845478,
1996-02-27,0.225328284862644,-0.10290266560079389,-0.2217529589655352,0.08311226655348047,0.042830943976652006,-0.28023482835294755,
1996-03-05,0.2703530784943099,0.0011993083059072907,-0.16668303944201582,-0.13692446991094234,-0.009578038387571175,-0.2826963347056226,
1996-03-12,0.23534507652324574,0.08953361824118068,-0.1505491014703213,-0.08437302012768653,-0.1535376171221643,-0.2655136649560216,
1996-03-19,0.4702716131169261,0.3020360551431601,-0.24796019172368372,-0.19287913504224546,-0.17755677687632673,-0.41392787955001187,
1996-03-26,0.442905156160341,0.35182424480188307,-0.23029513277452984,-0.14515685951321355,-0.11229293809938971,-0.4355947136563877,
1996-04-02,0.48504797254709714,0.4149321367483395,-0.1844484021640512,-0.09571234077472537,-0.1769226151167677,-0.4349276403571795,
1996-04-09,0.4253325985987562,0.3672428862775566,-0.22182612059912674,-0.2322577807749256,-0.19726391059538848,-0.4250771081180856,
1996-04-16,0.377568423617315,0.3335110378752999,-0.3074151906334434,-0.3413376173163101,-0.2650661954112502,-0.4039985613116869,
1996-04-23,0.4221569812624126,0.2508871811892058,-0.29397923875432524,-0.3430019383918354,-0.185023806595569,-0.3104258692943708,
1996-04-30,0.41746982721194753,0.17210974064592868,-0.3261282090431217,-0.367731837171107,-0.18172452700603406,-0.13413637027303255,
1996-05-07,0.42700841622035196,0.13583343191766237,-0.32572452813890207,-0.3597844330520763,-0.20053062548911071,-0.12292915432945764,
1996-05-14,0.4467695909855857,0.01496264767199444,-0.3127663675497398,-0.34994455225949544,-0.009585503567207948,-0.14530695078640285,
1996-05-21,0.4427137695704536,-0.21841872791519434,-0.3107172926463643,-0.3230443058895943,-0.01802297294438686,-0.20550269038089433,
1996-05-28,0.4739016780504258,-0.2632272676642038,-0.32355083775627014,-0.3129241053961298,0.0008522507166653754,-0.2821231031059424,
1996-06-04,0.45604492016143183,-0.05533938607868569,-0.2976260545418874,-0.17861952449744128,0.3338189523872591,-0.3332336357493381,
1996-06-11,0.3106294213676764,0.05617949042971226,-0.2713666064746728,-0.1497114691031498,0.29486321640888385,-0.3113406237343054,
1996-06-18,0.30278351768566913,0.041008024475993665,-0.30746774911032027,-0.011018985169529797,0.3718033428774197,-0.4134262603940901,
1996-06-25,0.33564633463905985,0.23735230010324654,-0.3424012764260072,-0.092392379787368,0.34468034634088485,-0.3940560128093486,
1996-07-02,0.020549338758901324,0.19856294410860112,-0.35398039426909406,-0.054251257715774076,0.3359762552149277,-0.4167895936703768,
1996-07-09,0.044300435567831725,0.008329703832752612,-0.31935153852207443,-0.043816192560175056,0.34346080566140447,-0.41355952668437573,
1996-07-16,0.12819208464747175,-0.0035310167723296686,0.05085760391452591,0.2501169499454234,0.32625703891961927,-0.37977123119665607,
1996-07-23,0.013459092835947435,-0.021181716833890748,0.150240448131903,0.3329313809933965,0.25151594062720883,-0.32795989308515794,
1996-07-30,-0.12538085126027143,-0.11708062667176156,0.15079425400927263,0.3399356406383398,0.2515866737798709,-0.3382518288196999,
1996-08-06,-0.17152255639097744,-0.10734844288157229,0.1899202942979767,0.3184052881636026,0.12086524360436696,-0.13042685407285837,
1996-08-13,-0.14827692783186525,-0.10672184599949837,0.17477238530004335,0.31071874349906387,0.09716405159300702,-0.17731283969376424,
1996-08-20,-0.026098557491870258,-0.06147349814646601,0.18653743688630656,0.10601354156228976,0.11030008110300081,-0.17984407469909763,
1996-08-27,0.0,0.1077756931415468,0.1966776777014663,0.10536322477396763,0.16404288016792234,-0.21940501204325322,
1996-09-03,0.02076930241221943,0.16862275449101796,0.1740899729535247,0.11114365766683647,0.2899629391405556,-0.21433372737176368,
1996-09-10,0.20939448685820852,-0.04551961064987117,-0.1420437578387848,-0.11973128454510133,0.25842197310702714,-0.3072746590765092,
1996-09-17,0.07707828894269572,-0.02311117393455368,-0.3392220240748997,-0.3166178861788618,0.4458072090525317,-0.477284529162181,
1996-09-24,-0.020663291662361815,0.16167144699102703,-0.3275380157448009,-0.25692747512497405,0.4242547459910036,-0.41952616074021826,
1996-10-01,-0.03286049596897642,0.22419401967468588,-0.31144680545928244,-0.3249166880287106,0.43769011753826687,-0.41503908736726847,
1996-10-08,-0.03229689067201605,0.4321965835727304,-0.2634908043337578,-0.3201609646741022,0.35948753617985596,-0.4076688634765167,
1996-10-15,0.030445969125214408,0.41936191688243296,-0.2948364290238869,-0.3536272923408846,0.39953139313649494,-0.4038229587288269,
1996-10-22,0.13712190650779102,0.4423290835971592,-0.30726887242029916,-0.3264252161844774,0.4054744525547445,-0.40330052502249136,
1996-10-29,0.0276049766718507,0.48788713539119016,-0.2921105954637558,-0.0055386449932532085,0.40854803963808706,-0.38352883972527807,
1996-11-05,0.006546644844517185,0.48615175707629993,-0.31598979633153823,0.03416734337414007,0.38250909940895583,-0.3897911220259315,
1996-11-12,-0.06670272219217595,0.5100770532691965,-0.2808655557043641,0.09433774928370826,0.37378839814344056,-0.29629370531529386,
1996-11-19,0.08017353579175705,0.3972613417866237,-0.29355179508090373,0.11315168358867646,0.33916013036223863,-0.2629705700298239,
1996-11-26,0.31409887522887786,0.3580811922288543,-0.2867578541001065,-0.12141297982217963,0.3275468910585817,-0.2818934314365395,
1996-12-03,0.11488095238095238,0.20481120334787545,-0.25444796490372895,-0.23812381804386967,0.05483614604272825,-0.3225806451612903,
1996-12-10,0.06787854030501089,0.024265352134204592,-0.22752417664164468,-0.20059749098709553,0.005986385249546745,-0.29700048316117994,
1996-12-17,0.023993632021833067,0.05277695934001179,-0.3467759903747605,-0.2521266184884071,0.04854147675478578,-0.4371588729901165,
1996-12-24,0.019883720930232558,0.0461192707014434,-0.3774467457491414,-0.2768910993987083,0.04179786166568631,-0.4593199868242872,
1996-12-31,0.01970727209865161,0.010421057221342093,-0.35543731293648156,0.054808424257802586,0.38684841013235327,-0.44286646258844786,
1997-01-07,-0.002204099625303064,-0.06976744186046512,-0.3446664003196165,-0.41977920083451653,0.3293012856344326,-0.44017604792103154,
1997-01-14,-0.2796934865900383,0.03332901530432852,-0.36082474226804123,-0.42385683869005375,0.2698867924528302,-0.4469344956618282,
1997-01-21,-0.2724799541809851,0.07160763151348144,-0.37856656617718565,-0.3615422592026202,0.25617665615141955,-0.4292815482502651,
1997-01-28,-0.2836284355179704,0.06207908982475457,-0.34409142516797886,-0.4017000450769528,-0.2017147523135547,-0.4382105457518926,
1997-02-04,-0.3193824629115909,0.03543541377382648,-0.35456774866279184,-0.3406674492705014,-0.29005743711626064,-0.4106843278163107,
1997-02-11,-0.3305189688168412,-0.0013467143858613437,-0.33900256720024163,-0.4105695145748255,-0.2326518550358649,-0.41394156231365536,
1997-02-18,-0.308827578611157,0.020572861481952393,-0.3398901197874448,-0.38004503002001333,-0.24405864197530863,-0.4040615819691115,
1997-02-25,-0.12148468632585677,-0.054090434104957404,-0.3431890555229403,-0.1619462525761626,-0.2082124983959964,-0.33898494837666376,
1997-03-04,0.02342186040304284,-0.17030956698800548,-0.3245889748549323,-0.3232034164104654,-0.1981645226985641,-0.31826082543549145,
1997-03-11,0.07224265814388228,-0.13098762109795478,-0.286087612027808,-0.2423541933445311,-0.23806498806498808,-0.274797817678618,
1997-03-18,0.12099012954966071,-0.15810021234782837,-0.3639509662954208,-0.03632672521185463,-0.3529901589704769,-0.4142260089396653,
1997-03-25,0.07074539562089953,-0.1943482273012986,-0.3633002193901447,-0.04789275080803095,-0.32644949193066347,-0.3982641242521588,
1997-04-01,0.02000315010237833,-0.18725454060168534,-0.3489514845318015,0.03273805000379968,0.2257810591460601,-0.3456094364351245,
1997-04-08,-0.061933660320891176,-0.21194583701956157,-0.35919986204518023,-0.22901570976908978,0.2467464719125803,-0.38448989835613,
1997-04-15,-0.04203635110689982,-0.19304835718700966,-0.3705559111071878,-0.3016462476428464,0.23188603181521028,-0.39943437032107804,
1997-04-22,-0.03998691634638973,-0.19146241878409884,-0.3488406346000084,-0.17145061006965545,0.24619118938181067,-0.4070223902297179,
1997-04-29,-0.057094128157232193,-0.1747268007003562,-0.357145872024312,-0.17754380989518712,0.29992397675160015,-0.41102311668366703,
1997-05-06,-0.004707631318136769,-0.11180644654499751,-0.26036255698081207,-0.12806492260384034,0.20404544887002124,-0.3628693524233902,
1997-05-13,-0.041592394533571005,-0.1312247819862033,0.2227870210717245,0.03111443169767666,0.1967274377385687,0.08535151945539585,
1997-05-20,-0.05101333127841566,-0.047517110819863116,0.2829063864951009,0.02061043729023034,0.2501576008645533,0.14397336810746053,
1997-05-27,-0.3133214043314617,0.006628039049358043,0.2915881445948261,-0.008602627622075969,0.26246888761248327,0.11686679042225721,
1997-06-03,-0.380261497878197,-0.0004708433803701114,0.25118782964997166,-0.16975006386783617,0.2671607890017932,0.12886849207575884,
1997-06-10,-0.3010153294843719,-0.04472274568575371,-0.19289399169931346,-0.06668186142381481,0.20337197049525815,0.10205193210402266,
1997-06-17,-0.43226030569708196,-0.025839219344616707,-0.30229239693519866,-0.1892079345262866,0.3735607545320921,0.08750318746199565,
1997-06-24,-0.4063095238095238,-0.08503852689899201,-0.14939280990741854,-0.11662278801612957,0.437550638267226,0.02152897330634329,
1997-07-01,-0.4062322301831002,-0.08340273921895243,-0.30197322057787174,-0.38280897185006774,0.40496583227422595,0.049615021209014336,
1997-07-08,-0.4411700620982678,-0.025389177168272794,-0.38209376765204295,-0.5285636264336429,0.4255514992667478,0.13608572852633327,
1997-07-15,-0.4546309355900329,-0.0585155245269153,-0.3050940195881741,-0.5162800465519203,0.4190073523697014,-0.02726604060826876,
1997-07-22,-0.4244081059390048,-0.024709536408604623,-0.3148552073912504,-0.5180180524453344,0.39762285714285717,-0.043577446964398706,
1997-07-29,-0.3973980540067782,-0.10890630173270059,-0.32971025744542093,-0.520228819718508,-0.01653649984061205,-0.27770862409314373,
1997-08-05,-0.3396008976769576,-0.09080597666048643,-0.33944856029939663,-0.5110665034923288,-0.10417464572960551,-0.35750335243203707,
1997-08-12,-0.33386971479303074,-0.15670753064798598,-0.3028398387295551,-0.4484860058284832,-0.23647272323247287,-0.33160205027536943,
1997-08-19,-0.31113518444609156,-0.2242247218942266,-0.2763244188588501,-0.17965467186186873,-0.26799670504088563,-0.3289077015836297,
1997-08-26,-0.2248963080546879,-0.2158214087789351,-0.1883879488827015,-0.04835060140526379,-0.24403437506378983,-0.2743003219543958,
1997-09-02,-0.2874617737003058,-0.09170291760281722,-0.2004897070826154,0.010782751240836028,-0.23103857686193227,-0.26612075930750867,
1997-09-09,-0.2524264482863209,-0.04716950579700758,-0.14703317344782477,-0.028782341644450565,-0.16545632344218406,-0.1621589400815444,
1997-09-16,-0.47465107298504994,-0.1450910593395417,0.21056532406460846,0.10655509522327936,-0.3650984079634253,-0.3248782808215345,
1997-09-23,-0.4589349479894426,-0.20181960281357086,0.2209384210114499,-0.003455687830687831,-0.3375060852632311,-0.3273685580426861,
1997-09-30,-0.4502703254105886,-0.03501488487008647,0.28875331139118565,0.004736152081284825,-0.2605920114122682,-0.3368522815158546,
1997-10-07,-0.4173063503140265,0.17454798331015298,0.3598082463089665,0.06630575879159784,-0.19425016812373908,-0.37425720117940575,
1997-10-14,-0.3245481472526144,0.0376571354733908,0.33294114763340443,0.22229090858001882,-0.20228802153432032,-0.22121776436754514,
1997-10-21,-0.3599419448476052,-0.1479204077560719,0.03718513498249181,-0.020959110355827856,-0.0031324077209617337,-0.12396713001375266,
1997-10-28,-0.43099398722284854,-0.3573475179249551,0.20593770870013964,0.05079360494504701,0.3865305494674511,-0.15385561897189803,
1997-11-04,-0.4206882911392405,-0.3442815486797343,0.2436684033714872,0.13257217143099378,0.38866832917705735,-0.1915519364740915,
1997-11-11,-0.40375958446697996,-0.30720035591641526,0.29565153787075305,0.2416531701757543,0.44184224117971826,-0.2529474097622065,
1997-11-18,-0.40385301462718515,-0.2912807452583607,0.32715264466417415,0.20787746170678337,0.474008766520558,-0.2706180176411617,
1997-11-25,-0.3965623081645181,-0.2691708811077224,0.3333660470685222,0.058430515063168126,0.4139992845340102,-0.300923569739245,
1997-12-02,-0.38475133781727133,-0.25723252195469287,0.2116449433926363,-0.17090497519626258,0.42211586814406354,-0.30075418566071405,
1997-12-09,-0.31893044749002725,-0.21592098152172662,-0.27476693119654827,-0.24107705422334236,0.11269121813031162,-0.2769133058113687,
1997-12-16,-0.5109567076429716,-0.1929114647179939,-0.36292675021607607,-0.2519302856972177,-0.04898248935163275,-0.4308987808902801,
1997-12-19,-0.5182753614039518,-0.26895633302643696,-0.3279134879658884,-0.2547369021801164,-0.0448721698941087,-0.39542869641294837,
1997-12-23,-0.48502191914271797,-0.3127675571172111,-0.33607105594050135,-0.23664216869131172,-0.047206256477904454,-0.39721109727504234,
1997-12-30,-0.4823279781752046,-0.3236330636013008,-0.36515161965193,-0.38348697688030436,-0.012,-0.38898052691867124,
1998-01-06,-0.48917317383840064,-0.3070708036525314,-0.3511235005913161,-0.4970716614177579,-0.1101978691019787,-0.41995046835367195,
1998-01-13,-0.47613422818791945,-0.237226453680295,-0.3884316255710948,-0.4822392289226215,-0.13069647463456577,-0.38576410256410254,
1998-01-20,-0.3801004778826124,-0.21591534458088962,-0.41676551996836697,-0.49130175498381323,-0.11802366040361865,-0.3323960061072727,
1998-01-27,-0.2461440407903123,-0.26253124078299883,-0.2870130640156531,-0.11727611591337225,0.10494954348870736,-0.24767700204664603,
1998-02-03,-0.06294095803936131,-0.23234090504715021,-0.2649827261631395,-0.3124378345095439,0.08790813321991756,-0.24616383200981734,
1998-02-10,-0.11680874601418624,-0.12322026316195413,-0.2970788618248208,-0.18713412837690702,0.06044660768901897,-0.008406180507629783,
1998-02-17,-0.12932518250341266,-0.1313562397480004,-0.30752929983133676,-0.2839157127031019,0.05343258891645988,-0.06355436138566356,
1998-02-24,-0.11263900514169556,-0.05280364573013672,-0.2639059370760385,-0.06496461071789686,0.10900445765230313,-0.09417035792474925,
1998-03-03,-0.05537459283387622,-0.05842401226904258,-0.2831115268506314,-0.033721620868131734,0.15755111731014632,-0.09199530709698667,
1998-03-10,-0.1493764560778402,0.046945044608080896,-0.27511379402672637,-0.28339147114287333,-0.007652826013461598,-0.1317670997610514,
1998-03-17,-0.3000172324659659,0.07233356028536751,-0.331756607524111,-0.22644868889608288,0.30915911222256953,-0.3063753228287049,
1998-03-24,-0.28030173152751586,0.07622647157878981,-0.3742764766185632,-0.3041646979412757,0.3306779961055054,-0.39158169488217787,
1998-03-31,-0.22331744364547143,0.07001258118263116,-0.3646380490703107,-0.4009790832220739,0.3148311170828893,-0.42950474183350895,
1998-04-07,-0.2478060389706976,0.048458535389786596,-0.41619635304721625,-0.4119361378611252,0.3063712773684757,-0.4712569098018067,
1998-04-14,-0.3613450397180911,-0.06062537744078374,-0.30450336367233877,0.0738213616198782,0.3001595398063052,-0.4151607656142071,
1998-04-21,-0.3819934970288149,-0.12542643289940428,-0.22921549278401382,0.32705597312849316,0.37453963844518806,-0.4212020265855461,
1998-04-28,-0.3994902293967715,-0.14871451302235994,-0.21494176972025453,0.31865452942244354,0.280054317437495,-0.3444742592529692,
1998-05-05,-0.38348006214396685,-0.1545682206411596,-0.21841873933502248,0.3728903413217139,0.16664401619961403,-0.28814801245649385,
1998-05-12,-0.3574023823759371,-0.15375032358270774,-0.12074590530447311,0.3851144284429101,-0.2702853945159485,-0.34391294979530274,
1998-05-19,-0.3955409486587316,-0.28511315312100394,-0.14522140536843905,0.27852362158387406,-0.3622251214854312,-0.4419316414651093,
1998-05-26,-0.3569620253164557,-0.2655085093440095,0.15361104196055653,0.3478536266308651,-0.3206620658273927,-0.509495144072558,
1998-06-02,-0.364681516547614,-0.27340261139543787,0.08756403634891609,0.22737890191822194,-0.34818946843790133,-0.4424705435195743,
1998-06-09,-0.253455926954634,-0.24180338102729293,0.08722304579510397,0.208346437312841,-0.2631685638546702,-0.39229920436726873,
1998-06-16,-0.3420706748281948,-0.2858246828143022,-0.33801056053185075,-0.16349257779217818,-0.2704510920100696,-0.39315570806210154,
1998-06-23,-0.21846648547257205,-0.32114839915175064,-0.3506638849358222,-0.14400992394150888,0.35053402627163727,-0.2555227103763231,
1998-06-30,-0.18626124333359867,-0.3269200029063431,-0.40602990092212266,-0.1790021229062698,0.3519118984538732,-0.26634246789420946,
1998-07-07,-0.1605701880145824,-0.30291484637971783,-0.3961341102800487,-0.2549141722782297,0.10649929135452521,-0.2694812183833818,
1998-07-14,-0.14088087003625152,-0.26733011088996306,-0.348130643041838,-0.22665956691515796,-0.02948224334293638,-0.30895788422594883,
1998-07-21,-0.07978352671067197,-0.28012984130507157,-0.32425436002722574,0.02548189086955537,-0.06829122358508526,-0.2918883641670368,
1998-07-28,-0.09898466724215892,-0.3106555781158735,-0.2795137677417554,0.19695338848397248,0.12492078580481622,-0.3264132754940439,
1998-08-04,-0.09567381009711855,-0.3181737600741842,-0.12486813774367422,0.2931497960697071,-0.06468286199512663,-0.32088399651792987,
1998-08-11,-0.11254275033802592,-0.29928848552979725,-0.09773391235688907,0.2572667524900061,-0.10175070362066498,-0.36270921195724254,
1998-08-18,-0.12027629412473395,-0.29343264248704665,-0.08548221090990013,-0.07733482301559087,-0.4194494833977443,-0.2932793937879474,
1998-08-25,-0.2203931541686714,-0.2948853568878428,-0.06825026033604457,-0.10734262899760853,-0.2798105536694748,-0.28911902003898204,
1998-09-01,-0.26284669308137765,-0.14937652480346977,0.2808462123131492,0.27692787779272016,0.30215717343563225,-0.1124604439092798,
1998-09-08,-0.22068518318383226,-0.10720216581308697,0.2569964159037308,0.24848231238133306,0.29621769730833286,0.060870820997905986,
1998-09-15,-0.3118159096785314,-0.09537373087701567,0.40174400994755216,0.3706353435877969,0.340243434730829,0.07297632624415676,
1998-09-22,-0.27086230876216966,-0.10532948178592892,0.450376014248961,0.3893528042442616,0.3543088198129896,0.02648470999049991,
1998-09-29,-0.1771473739680309,-0.06576495225652751,0.42574839542062026,0.41715635478950386,0.38989632873712665,0.010218233976220676,
1998-10-06,-0.16549904860750736,-0.08393369647982193,0.4076336579092412,0.4004944375772559,0.33057073242764323,0.08717737353933898,
1998-10-13,-0.04550859366554967,-0.07169585987261147,0.4492924733049744,0.3217000224870699,0.34209426867712406,0.07091788097507831,
1998-10-20,0.13401234258190758,-0.05511292042260347,0.44152210408505876,0.30680510921276266,0.3164421515238368,0.09154592331079953,
1998-10-27,0.13050276054135926,-0.05637208599387917,0.4273283556952787,0.27617639812761763,0.041904383262101184,0.05114419473522343,
1998-11-03,0.12009399530023498,-0.029432763359868632,0.36780096376334726,0.2746031876370265,-0.1065861772511494,0.09719740955783832,
1998-11-10,0.14819938211831973,-0.029267408920218722,-0.06786748150530718,0.03943360036105156,-0.0882119355570683,0.011255992530972337,
1998-11-17,0.16238551650692226,-0.08323816774520999,0.02468940829648347,0.1682791435368755,-0.14182824434715036,0.029547553093259463,
1998-11-24,0.17522017614091273,-0.09551427134414686,-0.08794868632046379,0.015577699293642786,-0.17266472850719586,0.010905931934775718,
1998-12-01,0.15493301844537644,-0.042185972629521014,-0.2291092918851624,-0.008479581505231185,-0.1810762471999861,-0.02660099694255089,
1998-12-08,0.08734348146329488,-0.09057382595750439,-0.131495795919096,0.024254846699120335,-0.16532145839131646,0.025663390251266398,
1998-12-15,0.015763969821505245,-0.09574357733135092,0.31607238341823096,0.11071384728701203,0.2711141764373942,0.12458996384053217,
1998-12-22,0.04669212763336208,-0.20664819944598337,0.24378414701843573,0.08142888099881648,0.22066418992388548,0.12083161480530986,
1998-12-29,-0.04599669343410487,-0.20754433046575205,0.25521617552161757,0.07448701842546064,0.2698643516006511,0.1492241913308858,
1999-01-05,-0.035480578735666686,0.015769649664185877,0.11685959803991194,-0.11477761836441894,0.11493774012868584,0.27905562103182147,0.5819921705089169
1999-01-12,0.04622971029381549,0.16010862656728492,-0.014058378503724746,0.05339157869190632,-0.2798926220990648,0.2103288018490444,0.7049628761234857
1999-01-19,0.04592071024031839,0.06221216296004724,0.12244949558797502,0.15734152652005173,-0.13931502646314337,0.06348176695793745,0.501504082509669
1999-01-26,0.04449058282663503,0.06521442628061493,0.053074514715090795,0.14394160583941606,-0.14385596577404533,0.10975750355482111,0.5012908777969018
1999-02-02,0.019909717272511285,0.05856612756423721,-0.28495390000541293,-0.38277264325323473,-0.2531788441528667,0.07793965550263672,0.49217758985200843
1999-02-09,0.2705925950880976,0.20783354079438723,-0.30322781418025274,-0.4330880168971321,-0.24923346473937802,0.08098877227878248,0.44649021864211735
1999-02-16,0.24717224097727353,0.21021260987463483,-0.3094421620887516,-0.4992029226170707,-0.2530935636072287,-0.15386744919993356,0.2949251247920133
1999-02-23,0.19842394497632462,0.1998083373263057,-0.40025162365262335,-0.46142045913286867,-0.3515067318918759,-0.38491328506482575,0.32374429223744294
1999-03-02,-0.005254515599343186,0.14627890739658883,-0.4394342417533409,-0.3771708021895579,-0.37567311595183334,-0.37107517625840303,
1999-03-09,0.03405384907091392,0.10765470503277413,-0.375696983842942,-0.20285779088228623,-0.33096328625212823,-0.3551863889892059,0.0
1999-03-16,0.09670805330903293,0.08306164279916911,-0.5510863031343924,-0.36845820927591394,-0.34712797997024564,-0.4271453331362775,
1999-03-23,0.1362431800467654,0.18364922512014686,-0.5377846184732237,-0.3120812252153699,-0.18101859337105902,-0.4251413564863199,
1999-03-30,0.06429721647112951,0.11793150010035947,-0.5577903334766321,-0.4718944608325139,-0.31279403116730375,-0.4510201688555347,
1999-04-06,0.13097426470588236,0.16337710057476107,-0.5655584114086726,-0.3637022397891963,-0.3976717384644561,-0.41782152722505733,
1999-04-13,0.06553969035505225,0.2719750927624003,-0.5583854149800849,-0.44633569739952716,-0.4482949649144405,-0.433558182771607,
1999-04-20,0.26200485320756006,0.35957185162877076,-0.572305309797961,-0.5612516034451164,-0.4784078890527476,-0.29973385006887215,0.14038128249566725
1999-04-27,0.42343545500681107,0.38567064038818666,-0.6228208756336461,-0.449,-0.3811153646509214,-0.3737615378101448,0.1569767441860465
1999-05-04,0.4375604348954034,0.3740373519229411,-0.6578406298580813,-0.4569604269411288,-0.26186008230452673,-0.38596244602871776,0.22468544038346316
1999-05-11,0.4510238945710292,0.36671177266576455,-0.5518193115805902,-0.2461411055646293,0.25735793727425527,-0.43138809754569396,0.6415584415584416
1999-05-18,0.44361786319954777,0.35456256311392637,-0.6008482563619227,-0.23147722043258168,0.2491606043648573,-0.49011639869492374,0.7048218629274574
1999-05-25,0.36951530941264477,0.3387155963302752,-0.42370183790965454,-0.19837744269953492,-0.19550386048988286,-0.4719704904594927,0.45202151657123024
1999-06-01,0.29041717907482734,0.28028979549892097,-0.4297288001732418,-0.13941989623594137,-0.32462987886944816,-0.38880234349865384,0.0
1999-06-08,0.16908082975679542,0.22940395171432937,-0.38211137712978965,-0.14693409742120345,-0.2763110252851367,-0.3348457722321685,0.0
1999-06-15,0.2603886287378784,0.24245904973856444,-0.5581534872093992,-0.22720729366602688,-0.3714631858683758,-0.41576030553364607,0.0
1999-06-22,0.26462100456621007,0.30861182519280206,-0.5625810005184033,-0.13525121349970776,-0.45595439015354217,-0.4886306846576712,0.0
1999-06-29,0.2644013995599322,0.3155481450604419,-0.5867109951641639,-0.09682102628285356,-0.554058621855232,-0.453341833434965,0.0
1999-07-06,0.2918303220738413,0.24692345356618248,-0.5713129534708714,-0.126624096492395,-0.558266010417713,-0.4476772309511439,0.0
1999-07-13,0.32968682349545386,0.13122973987193204,-0.5336165013237134,-0.11676265001978282,-0.5494620870205484,-0.4678474689555704,0.0
1999-07-20,0.05211611215217622,0.03960460217144709,-0.5209789119041677,-0.12890557939914163,-0.47125206298229183,-0.02342284721561984,-0.09428418803418803
1999-07-27,-0.008056318939878779,-0.33125614519943664,0.11939157442064187,0.03521209280524959,-0.46694142712444553,0.18948826459941992,-0.0938580164849774
1999-08-03,0.005281424475629999,-0.34637500741004207,0.2211476655174429,0.1359887603547057,0.06440591720277687,0.3182260393706772,0.0
1999-08-10,-0.02156459682736687,-0.23003705206928607,0.24000056156902386,0.20426342618814686,0.1497785410828889,0.3020621353954687,0.05515719801434087
1999-08-17,-0.02699671243473216,-0.07287320877924905,0.16362452031323016,0.02230636709496806,0.17867893451468167,0.30363744607039694,0.055141990625861594
1999-08-24,-0.2849831890267488,-0.09939560768356173,0.12752048738408453,0.011017026313393427,0.13226115744342132,0.31814601592484393,0.05372011818426001
1999-08-31,-0.29227066979888844,-0.08450089476670596,0.09734689277522175,0.05842051974350321,0.19646859454436122,0.36700483420712193,-0.06718475808473301
1999-09-07,-0.2501181244614914,-0.05777250854313411,0.1565379959972676,0.03367298491654797,0.07403026548007961,0.28816678072905233,0.0
1999-09-14,-0.19834584940125838,0.028131663841653453,-0.09093209189353305,-0.07082262565973085,0.2997446759124935,0.4411547002220577,
1999-09-21,-0.20219172136928334,0.13992174060981835,-0.24305539358600584,-0.038239980389753646,0.25922198901699206,0.4244093763658531,
1999-09-28,-0.051279367903301766,0.20842384545228423,-0.1637659252861153,0.05251646284101599,0.5208567376931436,0.3856109255401758,
1999-10-05,0.06908350658350658,0.24686536166519427,0.20287600546365153,0.24630420343486098,0.5844963982505789,0.332786905760014,
1999-10-12,0.08722255042619631,0.24303294088176353,0.4100990804299961,0.2373179215885209,0.5638924983361329,0.33638727250216666,
1999-10-19,-0.04823369565217391,-0.023762929829466033,0.5790552284105943,0.34445933803708995,0.5887518659476324,0.2783062106403495,0.0
1999-10-26,0.08532180106843043,0.061449951260536324,0.5083491030202104,0.1850332514095706,0.552240984962772,0.3285710898226311,-0.20300751879699247
1999-11-02,-0.07864763877008958,0.1108964245829862,0.19434653516920458,-0.08716527812043345,0.5265150234900463,0.3167481119502443,-0.34228650137741046
1999-11-09,-0.12370338619802829,0.17458472320495974,-0.2510081710945642,-0.09009838965250395,0.2011209267438953,0.22411795681937863,0.12143290831815422
1999-11-16,-0.08868016051505931,0.18754783968210023,-0.27598816197603937,-0.15233087029302853,0.15430063792439097,0.17657377647488198,0.10660980810234541
1999-11-23,-0.1309475761244899,0.2010098581389757,-0.29777739881764437,-0.21835423770092546,0.17978099252324573,0.2964891054600349,0.12461059190031153
1999-11-30,-0.16031363497505177,0.08866162435334893,-0.307309621338092,-0.353104517584044,-0.0239967345535791,0.3808817040394721,0.0
1999-12-07,-0.2562070787110407,-0.04333986287952987,-0.20561624934970935,-0.2610885193065505,-0.06546329281280987,0.28244509435016674,0.0
1999-12-14,-0.36597580325267753,-0.06696403783153491,-0.27571713320045066,-0.30274619681376513,-0.16134807793575567,0.13734600792872673,-0.3834808259587021
1999-12-21,-0.2678941908713693,-0.14737635505109845,-0.26927734241129564,-0.19107146686107596,-0.21665673904803162,0.187003590468937,-0.19791666666666666
1999-12-28,-0.25188391855058523,0.13222833212657287,-0.2978766115002007,-0.2848378453293911,-0.2449696582561482,0.23052925697854218,0.0
2000-01-04,0.24432857309622943,0.2176203598638353,-0.22908964879852126,-0.09831748076850202,0.14935352789065387,0.2080756198569354,0.0
2000-01-11,0.3017497523935292,0.1626991171866174,-0.0010837280244039495,0.13610095898541216,0.3819373003411121,-0.23488664987405541,0.0
2000-01-18,0.4273827160493827,0.3110521997096509,-0.1738866009835097,-0.1288839594283969,0.4138406776854943,-0.2509499939362089,0.0
2000-01-25,0.4014442503714904,0.36700181576736496,-0.3364886147384999,-0.20273091635044727,0.4251645258903443,-0.23289616737024593,0.0
2000-02-01,-0.0904178674351585,0.2931252255503428,-0.4733621520577153,-0.30866433256871506,-0.005920645674393944,-0.3238604634929499,-0.3590612777053455
2000-02-08,-0.09678225554514214,0.30605439837313275,-0.4443661376257999,-0.23976213390022838,-0.33113409786250964,-0.35359865351776654,-0.12361809045226131
2000-02-15,-0.15543894928674667,0.19911183899719695,-0.3958985103757068,-0.08197441138617609,-0.29582975874118556,-0.3757050607255644,-0.11918604651162791
2000-02-22,-0.15846236321781085,0.07321508326421233,-0.27446241284349915,0.038473291328958284,-0.22009781188077068,-0.38642049204229784,-0.12453594330070875
2000-02-29,-0.21383256255187952,0.058539811588592075,-0.3839751606365087,-0.1182546111665005,-0.290255566008153,-0.35744714358833024,-0.2662295081967213
2000-03-07,-0.21562534990482587,-0.014416733184550475,-0.3574509777239512,-0.23955219897523483,-0.1991490596141759,-0.10724415124496607,-0.20998980632008155
2000-03-14,-0.4088856518572469,-0.03052115869417006,-0.5396668245017434,-0.267630783721204,-0.4073081942441102,-0.2583072452374602,
2000-03-21,-0.38936020623388795,-0.16224566824078787,-0.5748948223434831,-0.2345792204752058,-0.3948193215339233,-0.35080710073026883,
2000-03-28,-0.35034150261149055,-0.04447938693994108,-0.2918938017363214,-0.22243880066502322,-0.149935258832545,-0.3183678763944539,
2000-04-04,-0.33525294586692655,-0.0073493660470509035,-0.24702548128478782,-0.15440071005488434,-0.027505587072374077,0.09538152610441768,-0.30015082956259426
2000-04-11,-0.34316663812296627,-0.08214741387771125,-0.23822838055177534,-0.08528874525783335,-0.14900054304259006,0.05447708382477417,
2000-04-18,-0.3590452160679242,-0.17189518224333755,-0.3258130818522549,-0.027456480488408548,-0.20686785094290266,0.07477855477855477,
2000-04-25,-0.3286563614744352,-0.1701847163338377,-0.3938879077150075,0.015122289946763366,-0.24920000934295658,0.047615240075160915,
2000-05-02,-0.375656605252842,-0.16953934255958228,-0.4173017185509643,0.023608406826251288,-0.3423563556348047,-0.1603063910477925,
2000-05-09,-0.3356550027109313,-0.1822555381517118,-0.450416992442012,-0.032023396625712776,-0.3491195641599377,-0.2437712940593446,
2000-05-16,-0.239425511601843,-0.27348188185979816,-0.4292665506004196,0.008239942197420407,-0.26326452829431707,-0.20966924802779185,
2000-05-23,-0.21903893196235333,-0.3111446510504709,-0.37867143909885254,0.007615330437844818,-0.3058790593505039,-0.16566106041179576,
2000-05-30,-0.20297113752122242,-0.36262609977428717,-0.23657795377106547,0.09937859749301495,-0.24555227496403967,-0.1585272796642503,
2000-06-06,-0.21062824386087226,-0.2647834495692434,-0.06017725478513443,0.1499389756957524,-0.159372764130694,-0.18051069535011274,
2000-06-13,-0.12923968814553208,-0.1892491943873538,0.18585082069395387,0.15116534257999387,-0.15499827843452313,-0.12479907574844283,
2000-06-20,,-0.1916309270912662,0.2958148021439161,0.17722334744982507,-0.17961071497398343,-0.1939750917213667,
2000-06-27,,-0.2764246947082768,0.24538468603618774,0.17400238122671582,-0.17538183733353396,0.03507459496430556,
2000-07-05,,-0.30285967838181066,0.23898058385741355,0.13645188468442068,-0.08635768154941047,-0.1245102664560727,
2000-07-11,,-0.295711773458989,0.26812538971713623,0.18347128393675402,-0.12763053939524527,-0.14864787495944579,
2000-07-18,,-0.27487912674635895,0.03527345837681012,0.13799313893653517,-0.17200249235973059,-0.2346138896087069,
2000-07-25,,-0.07558214980895393,-0.061705799299273126,0.19903349067206114,-0.031217413972888425,-0.31885076596477135,
2000-08-01,,-0.19963150621833256,-0.07695565850430179,0.1653813334192011,-0.1137795892773162,-0.3210680434615088,
2000-08-08,,-0.19276319795408878,-0.3432639870733185,0.1216361679224973,-0.1595402008463336,-0.3480070766989281,
2000-08-15,,-0.20965610407917534,-0.3313228238519534,0.11185839670608232,-0.17121693815345285,-0.3508917259526362,
2000-08-22,,-0.19535315108546994,-0.39067044793484584,0.047542908890240966,-0.357412320198603,-0.3532016222048592,
2000-08-29,-0.11213991769547325,-0.20266981340806844,-0.40015505593088935,0.016517832685038075,-0.36225738765518445,-0.16651052962539944,
2000-09-05,-0.11375318651009236,-0.13751156119201768,-0.35966441848988323,0.004929922824768345,-0.3581408737627599,-0.09888610414926205,
2000-09-12,-0.10920599803343166,-0.17553760682507805,-0.33972586447833975,0.013961896153937635,-0.2689697829685823,0.06855720316051521,
2000-09-19,,-0.23065294174236906,-0.4691640114036559,-0.057531977296798195,-0.39856725921995223,-0.09971117066951159,
2000-09-26,-0.14367285246452263,-0.38335314702878287,-0.36316552724259377,0.0022432664368196805,-0.2133040980822087,-0.09610442771700817,
2000-10-03,-0.14991701244813277,-0.4479332526590663,-0.35968657626800543,0.05019527782709036,-0.1739948504654387,-0.25261013963558965,
2000-10-10,-0.14252460489239188,-0.44532195401566776,-0.3117398913970291,0.07535249571147651,-0.1339070795001154,-0.4551546781635277,
2000-10-17,-0.12983694329520565,-0.4440489935841735,-0.36046272281915115,0.02349887287383018,-0.14792695891438934,-0.4491255474899691,
2000-10-24,-0.07168042477288754,-0.4614096403087229,-0.36659608258337745,0.02387558125903638,-0.13655516660184105,-0.425583032380486,
2000-10-31,-0.0859328074320266,-0.4574933727883608,-0.3368722484123583,0.028724388631857237,-0.10985662507617795,-0.3930302766408314,
2000-11-07,-0.10759675893554889,-0.3994614003590664,-0.2696480009806125,0.05110792456914044,-0.11021411021411022,-0.4041674424903093,
2000-11-14,-0.07130862174892484,-0.3762545403920874,-0.25676178660049626,0.03503356048573039,-0.12916084124103877,-0.37928310955013694,
2000-11-21,-0.08832341154040699,-0.36148516145901427,-0.2994011976047904,0.07224171873662587,-0.1616969293131212,-0.4525477748099975,
2000-11-28,-0.031228537954995354,-0.2612823691272425,-0.22472068444891796,0.08079949711305644,-0.18684647970400559,-0.43048111075234097,
2000-12-05,0.023179040528201165,-0.25687574887842396,0.09178008595988539,0.17858097869685355,-0.13201214245168932,-0.39366955002608367,
2000-12-12,0.022287272969196994,-0.1955549122299129,0.14160408811890443,0.19865340412115295,-0.05653993181113751,-0.32062254415711244,
2000-12-19,,-0.19533632030232326,0.22063044400628948,0.2821043374802783,-0.06966330836131922,-0.43663419480830945,
2000-12-26,,-0.2080851831799314,0.25671476903956364,0.31316404905207923,-0.016737845649454294,-0.4693677521667786,
2001-01-02,0.13031573543253186,-0.07260469091254391,0.23966114426407378,0.3198195005552012,0.06783854647512833,-0.4538670582305113,
2001-01-09,0.12875801839400264,0.03520353951471024,0.24903169380700513,0.25702637993140787,0.09017878508187195,-0.44063628679013295,
2001-01-16,0.12321361058601134,0.0692443065985956,0.2668845097528216,0.2214780871812948,0.06699269779594025,-0.3760784357268962,
2001-01-23,0.11172810333963452,0.1883534975594006,0.25815956482320945,0.20076851420586866,0.06478238252124155,-0.3197180632168812,
2001-01-30,0.08076889923282475,0.14366398854506404,0.2120619141733362,0.18976490758355058,0.048783992527930455,-0.2882635552505148,
2001-02-06,0.07840870161014046,0.1674310595065312,0.17962220706123144,0.15791966862758058,0.03486672698169671,-0.28106917695828654,
2001-02-13,0.01294390972452705,0.00043705529623607977,0.16820378663592428,0.16278400283449224,-0.05565917345636596,-0.3020315729299503,
2001-02-20,-0.04706748276129232,-0.07010504338748613,-0.03206022415700611,0.11140193577848813,-0.09123241070047935,-0.30176307249673817,
2001-02-27,-0.05287191486149898,-0.18595800901858286,-0.05017869564174522,0.1005336856010568,-0.08639676879871257,-0.3086553981348637,
2001-03-06,-0.04303875448028674,-0.19107016300496102,0.004409448818897638,0.17733805846834957,0.0011485963084648877,-0.3196278937650902,
2001-03-13,-0.03541507996953541,-0.1675071776307577,-0.039284763328758986,0.07668792804444313,0.024205675479020132,-0.14767163288188367,
2001-03-20,-0.12476370510396975,-0.1880052785998898,-0.3799605235819655,0.03577344851662719,-0.17292647407457581,-0.0056217283186097596,
2001-03-27,-0.10094491818391334,-0.31954784405481784,-0.35772764053500883,0.053171245910167426,-0.24173776315406342,0.034968962162921065,
2001-04-03,-0.11790836878364643,-0.2921721286740298,-0.3808150376687635,0.08702297920439803,-0.22443784471786168,0.0164123425314937,
2001-04-10,-0.13454652836735448,-0.23419546949784076,-0.38175261272754035,0.076506152452991,-0.1704292042156713,0.018205942283087712,
2001-04-17,-0.11704805491990847,-0.246208714039988,-0.4074110118975207,0.06439921580766651,-0.2077028476111045,-0.2815856664905793,
2001-04-24,-0.04819704433497537,-0.2102242682509565,-0.41611637035326715,0.09020058297514945,-0.15049082885533308,-0.2669853192215773,
2001-05-01,-0.030237664188590578,-0.19251235271759787,-0.44399613692456275,0.0729854729444156,-0.1599405085375969,-0.06607985564911631,
2001-05-08,-0.02953904792154683,-0.19932314509887242,-0.3966056275122823,0.049725902238465056,-0.24280905752753978,-0.03234277356734477,
2001-05-15,-0.051147911178020325,-0.22615368219119686,-0.3996620578135504,0.038403028971299144,-0.24850018070112034,-0.025073650463564683,
2001-05-22,0.053431598341777985,-0.17814605436381942,-0.4222989383110124,-0.05865395992212458,-0.19753815854258985,-0.2767455185397397,
2001-05-29,0.022062247054188605,-0.21449301927718206,-0.4095369730476849,-0.03147517745728676,-0.22007411706925034,-0.11645279560036663,
2001-06-05,0.032484297329582676,-0.1786610878661088,-0.39417069134384813,-0.048463428387304656,-0.2604301853073208,0.05620581387898076,
2001-06-12,0.0027293142166177234,-0.07856195542118849,-0.2761897512021213,-0.040117519499143085,-0.20211222843359355,0.027887914209996506,
2001-06-19,,-0.06900608286468496,-0.41197700842133406,0.049578318185539996,-0.3342262053772593,-0.2819970495707659,
2001-06-26,,-0.06390441535056458,-0.3834143109540636,0.04210149443729861,-0.25825903805649325,-0.39372878098776504,
2001-07-03,-0.03775488530161427,0.03976038936727817,-0.4805757099125611,0.042080427286162465,-0.2384996658498552,-0.4496660139704759,
2001-07-10,-0.028613472858077176,0.02776258463627619,-0.459727147274093,0.0800361010830325,-0.1995433656294822,-0.25240195718910763,
2001-07-17,-0.08486763762938536,-0.07575978161965423,-0.3679304672745365,0.10710013619944336,-0.2310653913252722,-0.0970695792091277,
2001-07-24,-0.05291053641597368,-0.2134428181245185,0.09239692201676812,0.16412853730246232,-0.05378529660089434,-0.012260574620909816,
2001-07-31,-0.03256900212314225,-0.026703695791497544,0.13064942697619747,0.17938765266856282,-0.06309979301260742,-0.04186134314974751,
2001-08-07,-0.027788244159758856,-0.029602641466469317,0.19969860924507063,0.1765948188947966,-0.09246322987591005,0.013594303339552949,
2001-08-14,-0.005195720135617102,-0.03175732861429561,0.2833115583706815,0.24518499874150515,0.03277709944376611,0.11347503804427864,
2001-08-21,0.18156660773310784,-0.12497372293462267,0.3254165356806036,0.26546077649797034,0.2374879057085056,0.27882425810212597,
2001-08-28,0.14261690937063937,-0.11850179260893547,0.3105464842487573,0.26080384686779046,0.2942767908651455,0.26952685444835406,
2001-09-04,0.14870127415025142,-0.23676425739554743,0.24301963203771376,0.20143825120469694,0.24854024387727733,0.2805502101257303,
2001-09-10,0.12906036525860867,-0.31773197691233984,0.2189631650750341,0.15130117826566075,0.19717527572800128,0.20953068978434206,
2001-09-18,-0.08167090641317445,-0.31756538778631427,0.4362391785786189,0.24429426877667923,0.25570810702072017,0.32809940238584184,
2001-09-25,-0.07966309878926127,-0.41188612204579295,0.3751073839230927,0.256857717353207,0.2320524649028751,0.3367565349510364,
2001-10-02,-0.050321556836214816,-0.41559704661579977,0.3542918499246319,0.22750647361318793,0.22879183775040438,0.17970308883390534,
2001-10-09,-0.10521906676719443,-0.2810655805834926,0.3548769086942973,0.1984190841652004,0.20649276228915964,0.14339780741568325,
2001-10-16,-0.042966611932129174,-0.18537072676254976,0.3545433642007567,0.16517735749983592,0.12626302598601769,-0.014923173786654878,
2001-10-23,-0.03001345270677738,-0.27990728177295343,0.19210269346570102,0.08983496771107391,-0.03250895966245584,-0.28798434752720015,
2001-10-30,0.024916943521594685,-0.284102521611843,0.2357012819540317,0.15472205480087162,0.02355684825616435,-0.3342623491877223,
2001-11-06,0.045537673738112655,-0.33717726298601897,0.225422808233289,0.14924415496038498,0.054920031076700515,-0.15234362169204996,
2001-11-13,0.0004905367289375792,-0.3372960121041824,0.09344004010455831,0.004448243219645795,0.04513308473704513,-0.04558333961796615,
2001-11-20,0.13699937746420418,-0.3048743857456957,0.004613899613899614,-0.002508639896145817,-0.13913642627468994,-0.18426983832726776,
2001-11-27,0.13643707482993198,-0.3054861986026801,-0.08592153849037507,0.008122935975284969,-0.1935970040189989,-0.19813135476779334,
2001-12-04,0.09440466719702996,-0.10651804926292717,-0.00401354817236721,0.1269681158357099,-0.20876787755768647,-0.07018041151165505,
2001-12-11,-0.003161863067007175,-0.10060798512953568,-0.008194271043978265,0.10389814386568115,-0.05551543599927785,-0.027768357897482717,
2001-12-18,,-0.06529937765695172,0.20837228324374854,0.13185165439338908,0.07357351015753685,-0.015254477800201817,
2001-12-21,,-0.11930271276074822,0.07241945347452444,0.12216957419272031,-0.07103276757275623,-0.03327327049836752,
2001-12-28,,-0.24556004036326942,-0.27080763161669774,0.12601140435889924,-0.1103708638685321,0.006622415269790774,
2002-01-08,,-0.24937789704806052,-0.21170228125902396,0.15406997966313812,-0.13948541743363194,-0.026082458992167875,
2002-01-15,,-0.22896406546489564,-0.2565269324839315,0.12148969507050741,-0.17998884284348105,-0.019545710531255867,
2002-01-22,,-0.28832823249365663,-0.11766459923664122,0.167584281643177,-0.12237540606924967,-0.11038801759953396,
2002-01-29,0.04199621733149931,-0.23533928400038392,-0.3935978745286253,0.007943586599030047,-0.3559251311397234,-0.04995117495117495,
2002-02-05,0.01750487506235545,-0.2267195767195767,-0.3127408801649189,0.02154636689112731,-0.3263540508876806,-0.03106651917290034,
2002-02-12,-0.11889694480533088,-0.19209087441190184,-0.3371140813253012,0.03021664236830131,-0.17180686845539322,-0.06747545873946373,
2002-02-19,,-0.13080446567398338,-0.2827353430737932,0.07675169977454688,-0.20933103861119426,-0.10098264002620373,
2002-02-26,0.003888736389422637,-0.2468738791109572,-0.33411073486870135,0.028595941986655837,-0.18815478713740688,-0.15515459073395357,
2002-03-05,,-0.1407378489166504,-0.2836265638351482,0.05286921427670577,-0.12928740921837922,-0.12999161713153481,
2002-03-12,0.1349684095318641,-0.02758656928169828,-0.146436576343459,0.13562161735423373,-0.25372199107724697,0.06222935912240185,
2002-03-19,0.2079489428631923,-0.03000026189665558,-0.2104536552476964,0.22116094931901656,-0.24644567219152855,-0.015856712721951768,
2002-03-26,0.30188865085814187,-0.0726159927320253,-0.12685499731807617,0.22172828694360888,-0.029071744304658278,-0.06023513808490944,
2002-04-02,0.32972935589469315,-0.19014985380116958,-0.05015990089025901,0.23780864758718498,0.12056904818046059,-0.11836990435271853,
2002-04-09,0.44581486358662387,-0.2890677210960125,-0.21626268972586885,0.18470556938453644,0.007134711541273137,-0.15506415115929797,
2002-04-16,0.3527586561183602,-0.13780068728522338,-0.10718639522126051,0.24015333930232355,0.0644419176560806,-0.1217344128202988,
2002-04-23,0.3874772231232855,-0.00678059218135554,0.15569302945978888,0.2593072418351001,0.20199646314221892,-0.01068369779556759,
2002-04-30,0.3451921079958463,0.03238531079791117,0.2826432674137963,0.25285213870231704,0.2310739532949596,0.06843296498468912,
2002-05-07,0.31557385486361295,0.07983366909447802,0.28036346724859584,0.2618788940378262,0.2326740569423399,0.07751901084123716,
2002-05-14,0.2487820934825543,0.13051621065165084,0.24860434287421349,0.26091153138479173,0.09778084448104703,0.03377259307265788,
2002-05-21,0.19260231475957523,0.18262530635782595,0.25465701177381017,0.22899602582844214,0.11632915889510614,0.14453886658672646,
2002-05-28,0.2747194013896312,0.20883999449364474,0.2169577413808705,0.22149225388004162,0.10084872690963555,0.12821755065930826,
2002-06-04,0.30418473547268,0.2632394350269708,0.183220899833635,0.21533704306604642,0.06584267067113318,0.08578745198463508,
2002-06-11,0.21818286681021223,0.2590389256111636,0.20195561023781386,0.19314096628356664,0.17685165191103433,0.057789446648212096,
2002-06-18,0.2458686718545073,0.2000654740532663,0.34443168771526983,0.26874617960204,0.1301742191329145,0.13796369146487164,
2002-06-25,0.19334688706208197,0.23883676312123842,0.3449504668234623,0.1926017136114104,0.12022208966181802,0.14054075536185037,
2002-07-02,0.18231364275668074,0.2988893144389123,0.3173146408440526,0.21309399021663172,0.05503160181710448,0.12146684033139526,
2002-07-09,0.1864426726293801,0.2752411258294482,0.3075968838386344,0.2138455254231268,0.04790239511975599,0.13065365253813935,
2002-07-16,0.1337017586712262,0.20832691221040736,0.32376333210739244,0.23095852901928843,-0.006849131100427064,0.14285168682367919,
2002-07-23,0.02493840314310448,0.12948453608247423,0.301672379287341,0.2293600107185923,0.00465673972449947,0.1289651926044091,
2002-07-30,,0.06660436531821205,0.21357520548662373,0.2321236632599151,0.042124593083108425,0.052091362732768064,
2002-08-06,0.04409080085721089,0.018709442658742192,0.1616254733904724,0.1907765602667937,0.07611603787764919,0.009908215679119769,
2002-08-13,0.050814915948459764,0.016960803120404117,0.206130414608183,0.20237961267353474,0.03559959946134457,0.05164345717990641,
2002-08-20,0.02451349793873842,0.008785350388795129,0.16517584605175847,0.17803891081609058,-0.0392176462748234,0.04807394257051878,
2002-08-27,-0.00388903292714545,0.04513718965123487,0.24219016521272965,0.2119891740407317,0.07868963188112124,0.0598931806293533,
2002-09-03,0.006476131384030713,0.15037379036292686,0.2531085743395003,0.23080018289894833,0.08567080448794462,0.08619525997456065,
2002-09-10,0.018955288670235857,0.14032556908417151,0.22469097854963005,0.1760132154780232,0.051748394853298546,0.0315460503757115,
2002-09-17,,0.029703105573089587,-0.18819329338263419,0.15642444240454512,-0.10880596344694418,-0.2397540083461454,
2002-09-24,,0.011775571461556222,-0.10254186403362466,0.17614842694460528,-0.07180100863321652,-0.2565667172799387,
2002-10-01,0.12112122465866777,-0.00789353264185479,0.060453762205628946,0.19739633108785343,-0.013401738037901791,-0.21550911265920766,
2002-10-08,0.23725442441954864,0.0009470035378622736,-0.11111798169675983,0.14932137377552224,-0.0375695280226393,-0.16050669737559853,
2002-10-15,0.20966322694184467,-0.007165326808808109,-0.08616428119790769,0.23808283996875673,0.0806650898436121,-0.15980171136049423,
2002-10-22,0.2890563849833309,0.13443974554888233,-0.1806892907468295,0.16664889773386876,0.0100922286059873,-0.1749879896417984,
2002-10-29,0.33956067621406266,0.2177561684603938,0.04221416704425313,0.2310497369679579,0.23770009598414713,-0.10399023518604739,
2002-11-05,0.41722992864039943,0.25503421469517074,0.22709171922422886,0.30381370034652205,0.26905938588673745,-0.062398681867708417,
2002-11-12,0.408756769213043,0.1959653697018318,0.31519771842264027,0.3147832831980627,0.3335075000544271,-0.005515228229702152,
2002-11-19,0.4227141670331818,0.07354506887684067,0.29172291433640607,0.2914724642715842,0.3043992808211384,-0.03849944068609173,
2002-11-26,0.38494779437478144,0.07291278261753839,0.1535806509344719,0.28924382080070765,0.1743738206632719,-0.062119925968188584,
2002-12-03,0.36156316916488224,0.257130496585396,0.12853233891081678,0.23251511917467094,0.021970844096077906,-0.1262606300919256,
2002-12-10,0.26050208438316,0.23978950070594277,0.16005173819058083,0.23081035291021393,0.08757138971988034,-0.10202205882352941,
2002-12-17,0.3843769866497139,0.2648622577171572,0.41890358343153944,0.30468765557480537,0.23544588113883325,-0.008098559236487106,
2002-12-23,0.35311388402687593,0.33897258763871535,0.4454037064250143,0.2843782543197145,0.20285126396237507,0.04103830025763472,
2002-12-31,0.31573469033713064,0.1835931274106659,0.4623506253355338,0.2939239505972705,0.24035838382678115,0.2350749074623374,
2003-01-07,0.4411872062782315,0.21308602307579963,0.4477988887593737,0.2865123378275248,0.2387065323366916,0.23359787224915277,
2003-01-14,0.43524568740198644,0.30640730020114804,0.4232444452612427,0.26139450374744494,0.2733849712226346,0.2736303531678793,
2003-01-21,0.4253724783545027,0.34920790890133524,0.443025572899369,0.25128993497314106,0.29804138950480413,0.27853258596168323,
2003-01-28,0.4312504055544741,0.39211022717952926,0.43970161624533777,0.24944826998304556,0.2507073374471181,0.2352757439068084,
2003-02-04,0.46529149443075607,0.4203271278409368,0.4147964362242021,0.28255521463913535,0.2379337748344371,0.061305453270208664,
2003-02-11,0.4187192118226601,0.42284145667114303,0.352412882604315,0.20751398285762146,0.14161300388641457,0.09711176603944684,
2003-02-18,0.38304136923044335,0.41240855106888363,0.2616994407360635,0.23574956985069656,0.011263555209394285,0.1619017505028414,
2003-02-25,0.38274566412635064,0.379125284738041,0.2816683556456344,0.190302294478644,-0.031898485698261356,0.3020656444050184,
2003-03-04,0.37573988989610496,0.3758740949244959,0.30978452302556014,0.24367145202985027,-0.006289939442604303,0.27466751271211876,
2003-03-11,0.3365118540124149,0.3430730685505401,0.27109837880070314,0.22214230142536295,0.04193397877055873,0.27212279673623946,
2003-03-18,0.2848936231633036,0.34994382989889383,0.1545264709495148,0.16935186948517741,-0.2058519145733371,0.28209874302858734,
2003-03-25,0.1913722318984822,0.36678675587579346,-0.01369990103908956,0.10484026838225143,-0.1270151441133366,-0.15372319641947974,
2003-04-01,0.18577648766328012,0.3526430430855868,0.058613674558480995,0.13908967623862753,-0.11689926765234213,-0.0487047020065888,
2003-04-08,0.2227896166813971,0.34540744874643303,-0.033821246396096696,0.18407270486752927,-0.14865280985373364,-0.07503196249733646,
2003-04-15,0.3082334402611289,0.3433811325422925,-0.03853413871211304,0.182962171073816,-0.1322509797166358,-0.11882349972240448,
2003-04-22,0.33138570295029934,0.3172762900065317,-0.05294239001495694,0.25407888979183596,-0.10428157612793143,-0.04982193689777153,
2003-04-29,0.3433832738067628,0.34586891806158804,-0.00823585882828487,0.2696184617162002,-0.09117330462863293,-0.11789776017418294,
2003-05-06,0.34811095169775225,0.33493180098566494,0.27674981537704113,0.27780191515614955,0.15851775604734947,0.02670029222208879,
2003-05-13,0.35500665940186465,0.31283230203660006,0.2912201576681514,0.2467353611413851,0.12421493370551291,0.2581351744440745,
2003-05-20,0.3284104750304507,0.26718794100122306,0.31709294741851896,0.24741528385886163,0.18235745875374063,0.26588903576149475,
2003-05-27,0.30599925209680007,0.21409481694555055,0.361104838009207,0.21915131465340956,0.1935031783372541,0.26804621141083185,
2003-06-03,0.32590568951181853,0.1943459531546025,0.282816712777768,0.2601611226611227,0.3325453112687155,0.07674114076314802,
2003-06-10,0.2918881023994211,0.1845935392261271,0.2417470493080103,0.19256065638679307,0.305571549534293,0.09682015466846756,
2003-06-17,0.29933608371355974,0.19869075561489266,0.4064143007360673,0.2723724479913222,0.3773846087295064,0.11817311458288002,
2003-06-24,0.3530644894356485,0.21751537040610958,0.22058632598478356,0.24742767985156447,0.3744779885157474,0.1743376877060188,
2003-07-01,0.3928368684522888,0.22154305177831174,0.009866451461744722,0.23231121641416871,0.34810783337921686,-0.1285898026568379,
2003-07-08,0.3897978825794033,0.24143598033272715,-0.15791517787789344,0.2025133169865562,0.22114594210304148,0.0010341459677882681,
2003-07-15,0.35739745237816994,0.1337190982268183,-0.21442240147276118,0.1632972019158054,0.0627177700348432,0.1388535478946029,
2003-07-22,0.34677130580090715,0.12494898344796311,-0.2102749301025163,0.13635845281414902,-0.01790889703067753,0.06520674724705024,
2003-07-29,0.33902682886185637,0.15059462048048528,-0.1849705728634081,0.12900947315938174,-0.03762469036620473,0.06109324758842444,
2003-08-05,0.34132813671113776,0.13268815484283772,-0.19526162656444834,0.148865475514207,-0.006539950567597716,-0.2894195503109552,
2003-08-12,0.31846098265895956,0.19657656028689388,-0.23167793940517,0.15075418106497954,0.01292863659627495,-0.08600029416599614,
2003-08-19,0.30083078268473984,0.16138482455004532,-0.3547658728025375,0.09522268389952603,-0.07531826828605473,-0.07922469587611398,
2003-08-26,0.203954181704064,0.15395653295498515,-0.32487173468361225,0.02669956249875142,-0.04442499847371741,0.10044178596912053,
2003-09-02,0.14008280463467668,0.19070497869826164,-0.32225412663019937,0.019865077958067797,-0.05478580517460766,0.2768834323992829,
2003-09-09,0.09298673165448146,0.246581256269284,-0.23032366023541526,0.021793979467548286,-0.013715460048696584,0.3076175285817403,
2003-09-16,0.2742918906934205,0.24662199409538044,-0.45456411191936696,0.05861696715514139,0.056783394310460686,0.43144298560725086,
2003-09-23,0.23858569212873207,0.3353730041795712,-0.24306212752896642,0.10632472834316588,0.2759738475907917,0.39518819188191884,
2003-09-30,0.26725489737168534,0.33286715303209435,0.036736961503738515,0.14857833318819125,0.20535584942364604,0.28293787344822097,
2003-10-07,0.3354033534325607,0.40103272479456903,0.14849841329886723,0.20682069343028,0.22720071971993508,0.3127181480293568,
2003-10-14,0.3576616404831452,0.3730863919819043,0.2729821346770499,0.23598168342538828,0.1988293226795503,0.25414840934429206,
2003-10-21,0.377949544940592,0.36671447278169234,0.2017317090445499,0.2263812608552786,0.233707781580122,0.31906995178017045,
2003-10-28,0.3988263460119165,0.39116310064973703,0.22440553690125403,0.2353610392641139,0.30225159455928685,0.3591705913134485,
2003-11-04,0.4283901531173336,0.3667803277013652,-0.04116496491826224,0.1978209676278261,0.28780290912352563,0.37045976334844294,
2003-11-11,0.4078318219291014,0.37059909673877783,-0.25592525068368277,0.17426526364927158,0.2306244116724192,0.4031514407483102,0.2881839809674861
2003-11-18,0.41280499337998866,0.3860462434411578,0.04512646420160871,0.2750565304627536,0.2755535511652943,0.3747316474753952,0.4207393049979233
2003-11-25,0.40827751351001523,0.3268866375281069,0.07300765825056839,0.24818522135416668,0.27966644330280693,0.31893837156995053,0.461855927963982
2003-12-02,0.41894783559733073,0.3698772221820199,0.11867046427118264,0.22633547520859307,0.3153015992778324,0.3238849929873773,
2003-12-09,0.3503257796172602,0.31004761686735954,0.14665510935904438,0.18343466638712722,0.2623359468212033,0.3327370933594506,
2003-12-16,0.4479611443210931,0.20266673178832206,0.30236112695334777,0.29189674560682094,0.3363054855592169,0.4178337733899667,
2003-12-22,0.47443354457852244,0.1380557768924303,0.2605618027866135,0.28447970292851715,0.35222903460459315,0.3672184925236497,
2003-12-30,0.4473846470044189,0.2849434892389083,0.34522266790085365,0.28175826021243544,0.34703672787979967,0.3443358401421729,
2004-01-06,0.40141191115770164,0.370558997753115,0.32260954390714897,0.236551145979975,0.3001030824992518,0.3637259607692554,
2004-01-13,0.4063201076854048,0.41787442300205774,0.3143368733020499,0.20639797716650066,0.22141713435442914,0.38058693863709153,
2004-01-20,0.4130684112753413,0.31479168583937,0.2163094240210753,0.2180118566091333,0.2652127746467369,0.3394561663800008,
2004-01-27,0.4109034368825111,0.20796735387369347,0.310235204130414,0.2577843152434776,0.2787223974763407,0.36084199784709386,
2004-02-03,0.39239893956692534,-0.06082521435677178,0.2308858407296022,0.16447326082759509,0.31266648708509176,0.3804891573656764,
2004-02-10,0.3735913391867701,-0.0664887236084453,0.2509808394160584,0.2043658056024983,0.2946766935101848,0.36542572751693747,
2004-02-17,0.4312862246334919,-0.006026042844679958,0.24953262901612974,0.19549943226783195,0.28528367037912344,0.34584562946811775,
2004-02-24,0.35714046710834507,-0.10815987741029243,0.12942848197297752,0.1974997003835091,0.30327798083287766,-0.08572735590118939,
2004-03-02,0.2956362065240873,-0.143722904072785,-0.22554660529344073,0.12551783108018458,0.22151958919741346,-0.14531244911915073,
2004-03-09,0.17995674859261293,0.038747564556406246,-0.2831269883859098,0.09879812589122021,0.14448824249014544,-0.2199508048379491,
2004-03-16,0.13151849693146364,0.05226038015166962,-0.25210243097806984,0.096738757294885,0.10970023306276622,-0.35136796459385755,
2004-03-23,0.10028401406545848,0.14578456736889656,-0.08774565410675415,0.10764934738955824,0.13599518273194683,-0.16959173006562517,
2004-03-30,0.13738597820001977,0.4337629577076189,-0.13313737356272154,0.06119536128456735,0.1328241950625428,0.04026463085304204,
2004-04-06,0.27668944165688053,0.48443086749748326,-0.28936861338566694,0.05601690654849461,0.24784121949070403,0.1534651602170853,
2004-04-12,0.2895590471363406,0.25819758513745444,-0.16439758702750568,0.05265087965382253,0.2336368623148656,0.18288179159157383,
2004-04-20,0.10334617466331306,-0.008439205613906342,-0.21324738031641668,0.0853437614311345,0.12531670239719353,-0.057981580966999235,
2004-04-27,0.09545426847845957,-0.13560922001803427,-0.2927498746337987,0.04652911202071673,0.08782829709121717,0.0019432643029968183,
2004-05-04,0.061194781927103745,-0.23714946127410813,-0.19210861494268447,0.056366272046388013,0.10206944174704904,0.02862479660315229,
2004-05-11,-0.07727655871876445,-0.2969824691415206,-0.17924454727428704,0.09793733517518523,0.06652613305226611,-0.09293396191668815,
2004-05-18,-0.04627095226923177,-0.31536317141163817,-0.07450957898359527,0.09220053031447924,0.03732241195798047,-0.11986880783372243,
2004-05-25,-0.11082914702988243,-0.23310116811921866,-0.09690930493580444,0.12591760249224537,0.13012898247161284,-0.11252172458339917,
2004-06-01,-0.1296410098837507,-0.1738050597774477,0.11577115510115292,0.13906886396390752,0.18363350172047735,-0.041773495972858884,
2004-06-08,-0.09576821690830352,-0.06345171080961892,0.23238732172968649,0.14747568667856156,0.20831916406467368,0.004743547030920311,
2004-06-15,-0.038298051428811916,-0.13005917159763314,0.38593620355858765,0.19366513723979312,0.34413350885387917,0.027345421040508078,
2004-06-22,-0.046703523393019225,-0.2601413197830587,0.4076394408340736,0.13049490617201256,0.3406019785308356,0.0590904691750992,
2004-06-29,0.06476132563089085,0.004490307713162532,0.3157020145209122,0.1290555628530146,0.2792830849073683,0.08509261506106933,
2004-07-06,0.08477856921647568,0.18257616075604366,0.4140325983458113,0.152053930143212,0.39136570420573763,0.0242885280167216,
2004-07-13,0.2507602262694961,0.3286939522845854,0.44667254663759964,0.21012975573398382,0.416388122217445,0.02035905630228405,
2004-07-20,0.27580372250423013,0.3734809027777778,0.37941482304851376,0.24860721836199237,0.3979829616637434,0.016803724810420688,
2004-07-27,0.09335024844063855,0.338778736578618,-0.020592854827852707,0.12268253439053735,0.36418917914331167,-0.02240365774003919,
2004-08-03,0.2110904159722903,0.30672159696410467,-0.3030095436076727,0.07799041842923399,0.304597296039925,-0.028801071667782986,
2004-08-10,0.23016438001553197,0.3318550446600974,-0.17686868964758315,0.10928433895843734,0.32630898513251455,-0.074995698749468,
2004-08-17,0.2459553737896193,0.3582092991106401,-0.06122299165585925,0.16657268231344105,0.2567401305231625,-0.04567512307273796,0.31105370788935527
2004-08-24,0.21021168452363762,0.3665924276169265,-0.1616341469446299,0.14921862686856685,0.10060147458284828,-0.008925939572586588,
2004-08-31,0.14506153940358826,0.3380905968625267,-0.19643757351705596,0.121564278418211,0.09474106247911794,0.004807780362277698,
2004-09-07,-0.018742049469964665,0.3854078214375694,-0.18375032983903855,0.10678036359329662,0.021550075863174905,-0.007809493415433136,
2004-09-14,,0.3994453638681397,,0.28510628914174824,0.13009872694206287,-0.051178221818548794,
2004-09-21,0.036629871592701056,0.44245173896930834,,0.2783404795239762,0.12851698000085648,-0.11404855930963873,
2004-09-28,0.23932576678827186,0.4755202082867197,-0.18626989991267548,0.30065833519303725,0.14046690509138615,-0.23486290936785986,
2004-10-05,0.39008401809620535,0.4061797449686157,-0.15309404348385436,0.3387074829931973,0.0004341147398650905,-0.13023322672224819,
2004-10-12,0.45162433990782036,0.4216916850248476,-0.1308986227139309,0.2877331057350242,-0.06465857853390973,-0.054456627389458244,
2004-10-19,0.41941975515680024,0.34489593657086226,0.2374129673602447,0.2800300645774853,-0.025478184024085197,0.06542113182759068,0.3616748831551316
2004-10-26,0.4750961682569816,0.3301373483653995,0.42976649107634246,0.30256774896665384,0.13154260461262257,0.19242579324462641,0.42568370986920334
2004-11-02,0.47385540790140407,0.34313377998703265,0.4668565890334518,0.33750812759214954,0.17600422135743024,0.22674024710215446,0.396252129471891
2004-11-09,0.4831371847078653,0.3185121769066832,0.5231054323035456,0.3099923483958574,0.26283141007599214,0.22370687435265035,0.40880795857816044
2004-11-16,0.49125472046338625,0.3071104805424528,0.541227248129034,0.2655316973917659,0.3113030163144443,0.24516632673817076,0.4433876295705661
2004-11-23,0.436702453769052,0.2796879596853024,0.5012211984544409,0.1379506454744098,0.34610789544153087,0.17438488853402812,0.4528038199499214
2004-11-30,0.422224948540738,0.2231592267666418,0.5189311654561205,0.1049714045632658,0.3722570532915361,0.19983753046303818,0.4142018644262861
2004-12-07,0.3880050762571668,0.16860016887550938,0.35951291027137,0.1077441378324278,0.3311672944563867,0.16865569799861724,0.20405414074026557
2004-12-14,0.5201013424353854,0.08959363556503114,0.30985865786733957,-0.10660274314031654,0.501558236670934,0.14660428283713983,
2004-12-21,0.4892464956226912,0.09588706227464401,0.20325861280219587,-0.08266394835202175,0.42897313830443257,0.1412168422497512,
2004-12-28,0.49620348656050645,0.09269921869096734,0.41453501874523074,0.11384888311090346,0.2595306784812735,0.18442002020094625,
2005-01-04,0.4585598945460537,0.13597917106466823,0.225445202792814,0.0784115134817375,0.1647784839274201,0.14576249438634759,
2005-01-11,0.41440536013400336,0.1416320687186829,0.0011186933661483387,0.1125360781722711,0.32184392254803135,0.1466936021943806,
2005-01-18,0.4181712020405341,0.07107320540156362,-0.02109259649862898,0.07529184800358496,0.2901190550009301,0.046046672004394856,
2005-01-25,0.4303199933160665,0.033646163601775525,-0.10145097808846855,0.005853524690746401,0.24995701177095872,0.0056973030299293384,
2005-02-01,0.44787664117551346,0.01647923538425577,-0.14269461424246516,0.014898227691355159,0.2532081424627613,0.002387434554973822,
2005-02-08,0.35915621258653896,-0.08908914963106326,-0.3020347865848297,-0.00414104490835231,0.15627801997341,-0.09186638551738326,
2005-02-15,0.4118577873543869,-0.06365751847231552,-0.2132180428366003,-0.0016539414437221108,0.303434255229155,-0.15588833255475798,
2005-02-22,0.4829846920013869,-0.03558198810535259,-0.0633760126384628,0.024393644558410775,0.3177145166586678,-0.16831728148282754,
2005-03-01,0.5319839767913237,-0.07140019238007611,-0.030715346374846665,0.19664356074425393,0.4194593918157928,-0.04636434053023153,
2005-03-08,0.39892959433621794,0.03142938066465257,-0.04483647351581941,0.1335414191214287,0.41299217737967325,-0.05719161470173983,0.4997894027461882
2005-03-15,0.526417626011201,0.20888083009162,0.003827384939240264,0.2444369989621724,0.4761389242059945,-0.0497607833646704,
2005-03-22,0.5195378190956673,0.3511308490272027,-0.2966717174356027,0.2363671124783829,0.37139990803828954,-0.10933725256051073,
2005-03-29,0.3273818307018838,0.3287229194635006,-0.33230783794017416,0.15188043255081787,0.178879180476047,-0.2641947001785277,0.5378017155395971
2005-04-05,0.2686491100663787,0.31973051729720303,-0.3956472273723243,0.05471172836078966,0.22632132834424695,-0.28603048522047625,0.545010183299389
2005-04-12,0.29852165846670503,-0.1072851122784737,-0.49820537512037116,0.043961076130509445,0.24684940138626338,-0.33173206833398383,
2005-04-19,0.21411126821459037,-0.2130752497687929,-0.32720116129752663,0.04234236513438072,0.309628071959237,-0.38202098087695036,
2005-04-26,0.3057363368543681,-0.28797604762515,-0.2507559018490522,0.03171465083063971,0.27743520739484,-0.23418451162924747,
2005-05-03,0.3279246884352526,-0.35722249619417223,-0.29364503421107196,0.0353214798069817,0.22349647519141902,-0.08821674938352529,
2005-05-10,0.3452655630474228,-0.31997559459397235,-0.3962071082611365,-0.010381157929416194,0.22521795647594076,-0.05945808152403691,
2005-05-17,0.18041969635963145,-0.3379991724611208,-0.4655336461169986,-0.08598750478133367,0.005325806847465947,-0.2533063185069195,
2005-05-24,0.15600417355420346,-0.3395949727882024,-0.5391352883087888,-0.09448950013876468,-0.08577679511963605,-0.21101281368532024,
2005-05-31,0.07122589332948588,-0.3298838437170011,-0.570693975694193,-0.09611851291904207,-0.11644736150116226,-0.26381724793428946,
2005-06-07,0.14671492840667746,-0.2820058182744782,-0.5033548100422128,-0.09174165105029762,-0.08446611505122144,-0.19953437856205777,
2005-06-14,0.2567299279897705,-0.2783642204883916,-0.5926646177278537,-0.14023090142833713,-0.24644129407488186,-0.3612059868932578,
2005-06-21,0.40094367938912967,0.004229778234514395,-0.5925848257350166,-0.1492782290307647,-0.19804697081187148,-0.2717747591715214,
2005-06-28,0.3310756283145031,0.03193423002712452,-0.6075165141755221,-0.10232661742304487,-0.29560583898026804,-0.3506072819735988,
2005-07-05,0.14196027762593383,0.058338328053200904,-0.6171567963138637,-0.16697099892588615,-0.2788112212843836,-0.33342065079192673,
2005-07-12,0.13267173205148086,0.2537982783325859,-0.5458180510607695,-0.055942859586844015,-0.30466694550507983,-0.3870666854853061,
2005-07-19,0.10612796305314252,0.282998191879897,-0.5039217852408308,-0.08297681961804099,-0.3302232073818238,-0.3500714298416688,
2005-07-26,0.2846007417375037,0.19304045045342855,-0.4938320138813578,-0.05729875332389405,-0.2621992265353801,-0.2966698547952352,
2005-08-02,0.28435139573070606,0.13837508247446137,-0.4391885260840916,-0.001330139142303996,-0.23094710210965871,-0.26107659077570927,
2005-08-09,0.3864764952549106,0.15352378895069396,-0.4519129592996338,0.029027367092255025,-0.21403237603676462,-0.27338000157308673,
2005-08-16,0.35641793471633176,0.23786128487283686,-0.41294662879354166,0.003934832702232883,0.032396339955485944,-0.15806689311838393,0.5087738782763216
2005-08-23,0.19721539177244635,0.22756395397353757,-0.5521582469299213,-0.039741124413291154,0.07369578038711061,-0.18834139956046067,
2005-08-30,0.1778261510008347,0.2601279317697228,-0.47069594365115697,-0.023541120528715744,-0.028493736790556213,-0.26741283065443633,0.518278427205101
2005-09-06,0.2961005942535073,0.2553660675515747,-0.012770041644976575,0.1460582046727695,0.1365589528327662,-0.1953109906469833,0.5472071696540225
2005-09-13,0.34495211016219246,0.20954687400420624,-0.24596926616813214,0.04660722734618386,0.20146999487464695,-0.1845947359799627,0.4680140447032628
2005-09-20,0.46038508495269104,0.1788676596634969,-0.5404035106122592,-0.012033775470648711,0.1560522239433503,-0.37253813062182245,
2005-09-27,0.36316297621120275,0.3915789091107335,-0.5697330536628581,-0.011812996506949254,0.03309659090909091,-0.4262508028375345,
2005-10-04,0.41487634184545963,0.35155946680471073,-0.536871005593593,-0.013241429348811899,-0.18756466308447084,-0.37682686526291975,
2005-10-11,0.28153273017562536,0.39937881939036346,-0.34937894635035993,0.03658071115589551,-0.25777404921700225,-0.3748559556314962,0.5386734477643569
2005-10-18,0.1731223688123073,0.3810456236538085,-0.3857224670700431,0.005920191661877428,-0.2514063227794432,-0.333742325143481,0.5644123180512922
2005-10-25,0.13226814634064812,0.35311827956989245,-0.31218920376250675,-0.016913179452933358,-0.18901273456640552,-0.341577108668258,
2005-11-01,0.06590140914063648,0.34335557075009704,-0.31303360450743095,0.04849417210649592,-0.20563930845177703,-0.3386158536896779,
2005-11-08,0.05969208211143695,0.25241732230644653,-0.4090710653310207,-0.041450355896370986,-0.2409503669610648,-0.3268745416382166,
2005-11-15,0.0025535518185787432,0.1966747927840078,-0.45744875363143245,-0.07544004792742419,-0.28205492592461007,-0.3309638322905231,
2005-11-22,0.009382555211765148,0.14834065996264362,-0.4778600529336545,-0.059945694921828704,-0.36755457105646894,-0.32167408796187796,
2005-11-29,0.07270839400807871,0.25192569885283056,-0.4872638708573614,-0.09955471611093114,-0.33071456415484723,-0.3093610727095196,
2005-12-06,0.21932800089339308,0.315345158319038,-0.4682439547304412,-0.12585236934982966,-0.2404219204655674,-0.3251873470925456,0.550668745384426
2005-12-13,0.24490140913097552,0.3944050544050544,-0.34993723059635323,-0.005525177762069109,-0.0706043067189129,-0.29582633754654164,0.4539409053124764
2005-12-20,0.1825926353457232,0.3495956226974473,-0.4488169266441821,0.036485884401960385,-0.11664530827281788,-0.18712859221665484,
2005-12-27,0.015839918697762436,0.41044254658385093,-0.44281406338459406,0.04074041114176381,-0.18479023208365214,-0.14857162039679075,0.41384773087317117
2006-01-03,0.11801809278778322,0.3480707014164951,-0.21340864440078586,0.09418977171707006,-0.21584687675130404,-0.15885359807862728,0.3968332102715563
2006-01-10,0.39279259741198586,0.23709631497600261,-0.0030368598868769693,0.17239728070588606,-0.061923481103802594,-0.11495355709122589,0.28771228771228774
2006-01-17,0.3691019910605445,0.2641733364720653,0.018141153081510934,0.163709335082777,-0.03973055872977687,-0.10889128762352324,0.3212431784906163
2006-01-24,0.3028541060989715,0.2657622802291983,0.05080581303274489,0.25907280371763663,0.03180807934150128,-0.11571428571428571,0.255815499135983
2006-01-31,0.39638004145611205,0.319518557034966,0.011685409286512446,0.24590241495610093,-0.020299497295171696,-0.22119603230113816,0.2406273909716909
2006-02-07,0.3032615833637359,0.36791671110600627,-0.15944514392393522,0.13534730697040415,-0.1499259006535669,-0.28472748587656266,0.26980263157894735
2006-02-14,0.1279297030174948,0.34188091959072975,-0.287863544483723,0.0848195916514139,-0.24721377912867273,-0.28141420130441,0.3573273942093541
2006-02-21,0.06353516586473568,0.3037471089785633,-0.32893566294213933,0.06665565102445473,-0.20450127035395044,-0.34985869805617675,0.24809970553995755
2006-02-28,0.023553796872055777,0.32511361454266147,-0.5078337722626434,0.1152422642643771,-0.0829215440074527,-0.11310234768774811,0.2003315833103067
2006-03-07,-0.042772534597604384,0.3011990232880207,-0.3617417572527567,0.07823219369204318,-0.11737633836030656,-0.168258169356266,0.15826938049160272
2006-03-14,0.037917111430825635,0.11153270968563064,-0.5162357410391301,0.20748869281530363,-0.20897781967236528,-0.23897569032203594,0.24322556531489442
2006-03-21,-0.18551213600183433,-0.04391039556906324,-0.5625577682547686,0.292872484738865,-0.07687337552680656,-0.16683147497755196,0.15263620386643234
2006-03-28,-0.19386924150767798,-0.08941572416319428,-0.5352736289037133,0.2900259389546246,-0.09241312372240769,-0.16886080588114447,0.07340573201600392
2006-04-04,-0.089828634604754,-0.049180911258466686,-0.48251075677043787,0.3235651953730523,-0.13460835821647704,-0.17243269453755825,0.03110719153371282
2006-04-11,0.1270094108169468,0.15899190329570076,-0.3644933528401501,0.2613144184294771,-0.07107561262274571,-0.2648981179788941,0.1882049629390912
2006-04-18,0.21443255393955696,0.0742513684662445,-0.27393265369168984,0.3339065167942754,0.06116567805768353,-0.203629002321334,0.33997263189904214
2006-04-25,0.14749671997109773,0.15531210545675062,-0.2905619982158787,0.3696964567817648,0.13121650188977388,-0.03222202914380756,0.3950373839454441
2006-05-02,0.376298370232108,0.2915514286491535,-0.1403908577526791,0.39809914793076534,0.20908692869893233,0.013028100775193799,0.5082759750901343
2006-05-09,0.3864720064291455,0.2385291542058391,-0.11610230243737876,0.36730797325958053,0.2477405584185832,0.08950105678121066,0.5013104251601631
2006-05-16,0.38798188529893063,0.1657176316839077,-0.015694488564167726,0.37579767892079036,0.22064251040852317,0.09002947463580462,0.5189882336362995
2006-05-23,0.19994605992252243,0.14022647710223618,0.0823913342638646,0.3643772180823635,0.2662496079183076,0.08647835092404305,0.5072949389179756
2006-05-30,0.35064663071364993,0.2902189433603046,0.1044203387141554,0.4086096305920144,0.3541244792549443,0.12345092848373235,0.2135306553911205
2006-06-06,0.1907411468040785,0.19244431724439806,0.08659617564529017,0.4208788272123387,0.21161479005640277,0.1040561228281387,0.16379506641366223
2006-06-13,0.14726466239526861,0.25712567556107224,-0.023444999430551713,0.30557229957409804,0.17528938536848535,-0.03941062694804795,0.10259025991306663
2006-06-20,-0.06409949772781631,0.1942387764690634,-0.09497197007827551,0.39584024614642094,0.2981488323502058,-0.14264368528737056,
2006-06-27,0.06440710239443995,0.337550534017886,-0.25,0.4364699053764021,0.08360901872964169,-0.20435926602553053,
2006-07-03,0.110792469352014,0.38839100180091857,-0.07335611896138346,0.4228458273700834,0.15081746294083245,-0.141735037465617,
2006-07-11,0.32722143864598024,0.12498655595947429,-0.11564257380000319,0.4634703603876979,0.16048604545295375,-0.11935204934570819,-0.06696967544918685
2006-07-18,0.5162949001811561,0.11129892705148954,-0.22147043613170142,0.33832258908995716,0.19388056312443233,-0.3391954491641573,0.2386941396842387
2006-07-25,0.5356518391376185,-0.058925872361710686,-0.2849374660141381,0.34345937973698226,0.221920786648907,-0.3687436453277572,0.33321094180282723
2006-08-01,0.5610545995201013,-0.08618445518780216,-0.1442899930880885,0.46516445367930265,0.39450361604207757,-0.21972539437498084,0.4517070484581498
2006-08-08,0.505822226982694,0.11913707429402497,-0.20446567460044326,0.5181505712662365,0.4341982015736231,-0.2608198620133958,0.4008195302129624
2006-08-15,0.5362929225028467,0.09902666589875021,-0.2309416700746732,0.5046067095171766,0.46486788677690816,-0.28765035197605454,0.6788493038493039
2006-08-22,0.48405787770999986,0.17876469705885747,-0.15280941533788914,0.46304769158193276,0.4440727511469951,-0.33045181452056605,0.57784370914211
2006-08-29,0.5247363768390478,0.288340148103484,-0.1836829633506331,0.4679904564900569,0.4299481381043213,-0.36135100085501204,0.5810265760539256
2006-09-05,0.589219879073883,0.24587977261537083,-0.273307353004154,0.4386233672073252,0.4090840134712825,-0.3037606210007343,0.5857733927434755
2006-09-12,0.35366873288164913,0.10697563340835571,-0.3391523486919969,0.39598653870123396,0.2944457937994092,-0.3608759547870893,0.492287784679089
2006-09-19,0.5428719008264463,0.006158256385139515,-0.5719146946515313,0.38900135466293245,0.41199942448803417,-0.40339763125394273,0.731599273057701
2006-09-26,0.524774578369988,0.06916114227434982,-0.4147076896694628,0.36465992479281517,0.46647614680401567,-0.3948562646899295,0.714898177920686
2006-10-03,0.3833759681659916,0.09265935031605436,-0.4144757659553978,0.3953319925176861,0.42942722017866525,-0.4271652332262867,0.5791002532399822
2006-10-10,0.5386860644589453,0.02038533659381751,-0.6295127059044165,0.24223614841340893,0.19475100149242008,-0.4615258230863732,0.6418412698412699
2006-10-17,0.5361567038162783,-0.22235938024742904,-0.6397958989395122,0.17199404954401398,0.30693023684453047,-0.4303851667781707,0.698517131433777
2006-10-24,0.6448309752919933,-0.1420416554394579,-0.6513226237293166,0.17180480149841174,0.3655238207639954,-0.4851271033717553,0.7118161005466523
2006-10-31,0.6627808688705797,-0.22690943938667946,-0.5231749066334697,0.37014115761573074,0.4725682438939674,-0.2630104100932451,0.6646963123644252
2006-11-07,0.6932893895101667,-0.19668168545626824,-0.5398220654365018,0.3867042196625841,0.554364270209827,-0.2772686990042041,0.7358320998096849
2006-11-14,0.6172252896064773,-0.3657256227950315,-0.4838232785580258,0.3544654736854445,0.4557247437774524,-0.23552379769922038,0.6635941730050278
2006-11-21,0.6231790342992803,-0.4264117063563893,-0.46011622390891843,0.3654668367917982,0.49143235149764913,-0.3113147290062595,0.7276537895094596
2006-11-28,0.6436456954711256,-0.32341252318290203,-0.17664472848321602,0.4316264639428057,0.5232702279969627,-0.16642933357661627,0.7148467750857396
2006-12-05,0.5817542775481828,-0.35311949188597824,-0.07994265091214713,0.4392065542409926,0.499029343441323,-0.08778008174955992,0.7319910967219749
2006-12-12,0.473452621970486,-0.313838132708972,-0.1052563550193882,0.41991357032726007,0.43600066086573414,-0.20063628714533852,0.7440826409162362
2006-12-19,0.6841935136299968,-0.3130495494512687,-0.19830930249579157,0.4738791935242865,0.5714152202937249,-0.38704077107788587,0.797192513368984
2006-12-26,0.6605583693254202,-0.4840285332535064,-0.21533742331288344,0.4282080801049503,0.526370563622237,-0.3992708285762129,0.8009198123946997
2007-01-03,0.671756475704292,-0.49963671591184305,-0.35219057035160356,0.40849735248823915,0.4748464111589672,-0.4227260899476369,0.8029752789324
2007-01-09,0.42899164000412837,-0.5445415015199908,-0.4988693234476367,0.41011931715886585,0.4418937550383859,-0.42827579262427995,0.7151663405088062
2007-01-16,0.5487771794977188,-0.5180270011414476,-0.5041346968485615,0.325297398447088,0.5595423747934515,-0.4474509295847639,0.6704522713628177
2007-01-23,0.605553203831742,-0.5108894648774566,-0.5306807921507254,0.3599027831852665,0.5777471471874409,-0.4778578426541603,0.5455664365601756
2007-01-30,0.5520921113728997,-0.4842050609389517,-0.5979406274462576,0.3591993938628615,0.5245261148234011,-0.5028191937687099,0.45116666666666666
2007-02-06,0.5199904908261944,-0.5216733186278631,-0.4589142148477591,0.24815783999211677,0.5715553692723037,-0.4081226978280198,0.5522754556368001
2007-02-13,0.5633592426939945,-0.4028865422606273,-0.5871578323517428,0.44789562019605955,0.32249245164073126,-0.4629652662039916,0.648993183828503
2007-02-20,0.5630666699018918,-0.4621753166479468,-0.5540120071005445,0.49081385580866727,0.40048882208771713,-0.34975738676042095,0.7222905002503528
2007-02-27,0.5932403096346653,-0.4095343165718267,-0.4322486409100582,0.46325704042515725,0.4245540896438958,-0.3491554851581657,0.7246147767680758
2007-03-06,0.22329880372688266,-0.4776217401559243,-0.2624459913586174,0.44048996865670903,0.17959796491044033,-0.22580981072996972,0.6753154685949242
2007-03-13,0.3639396598680627,-0.46447478057123526,-0.28224288468080283,0.44372609010655334,0.12707399103139014,-0.18768687722388336,0.6297244262434946
2007-03-20,0.6067898210323064,-0.3163450834879406,-0.2814528535514615,0.4817104895641078,0.4131719900399477,-0.2829396771452846,0.8163123944759514
2007-03-27,0.6704125769422725,-0.2793578141923762,-0.219252655538695,0.485911112493391,0.3808339743475072,-0.2326618415958995,0.8253232407373873
2007-04-03,0.6714669029859932,-0.3109305368890146,-0.4728089342073319,0.47930109695112116,0.4542592652848729,-0.28797553980193735,0.8334875115633672
2007-04-10,0.6324747792654088,-0.1411495837338799,-0.3952110085493375,0.4922225313196943,0.4019075605139954,-0.2814646004254026,0.7905684907221369
2007-04-17,0.6343101046424985,-0.13952534682837447,-0.33111818249093466,0.4910162016491375,0.44213170511215016,-0.30034157311027443,0.8055594308035714
2007-04-24,0.6210724640035082,-0.013392343947580182,-0.21616039817332855,0.47901959433864805,0.4733997270380931,-0.3471814750499934,0.7512370510127799
2007-05-01,0.5916449666855094,0.06412420578284274,-0.3896785808048607,0.45351096072671937,0.44423849886498534,-0.42442151299898523,0.6938977547222113
2007-05-08,0.6420181550240236,0.12178851897670032,-0.42027992561417243,0.4712934940276858,0.38763232443715523,-0.39419551934826885,0.645933014354067
2007-05-15,0.6546034290493449,0.25518094832078064,-0.42722063741884714,0.5048633078940589,0.32577800336262414,-0.43024527102262977,0.7306596787057081
2007-05-22,0.4578896418199419,0.22651018415178573,-0.6567001983988515,0.43530518919857286,0.289037387228961,-0.46486393755495037,0.6483327181001599
2007-05-29,0.40227017077410776,0.2785169321375987,-0.6071556754206959,0.44100883242702377,0.3660212463714409,-0.4583730347784659,0.6266179189779795
2007-06-05,0.6326236488699639,0.2374270525438226,-0.5851708238319587,0.3952816495152316,0.4346726253214722,-0.3983642157744597,0.723554199360651
2007-06-12,0.4672104529217368,0.2671592916540997,-0.5103841691375531,0.22220174468607937,0.2954908354885865,-0.33522016545257693,0.47450071006129896
2007-06-19,0.5664882989628034,0.2416098557228037,-0.7175639494916604,0.25216161066521564,0.5389032961250798,-0.5203800272830178,0.5914430958577579
2007-06-26,0.6006510977184675,0.4923040627971318,-0.5770856834567659,0.3666969378932314,0.6016233705277518,-0.5338561846613246,0.5767641871814075
2007-07-03,0.5322821515937223,0.455884305026723,-0.35330948121645794,0.39243076923076925,0.5962924944879403,-0.4747025038936878,0.5541194694549327
2007-07-10,0.5870936351185756,0.469749152920507,-0.3696597794003418,0.46002664592219034,0.5661925531778821,-0.3929972871980096,0.5647727548764787
2007-07-17,0.5663975304749023,0.44692470203691154,-0.3215286946770605,0.44832012728431503,0.5678608952673448,-0.4175727531744594,0.5643339813014904
2007-07-24,0.5635623229461756,0.4842086720185218,-0.37160586914883476,0.42702884653713113,0.5253310685414111,-0.3246401961576427,0.5976518062203524
2007-07-31,0.3311640221436374,0.37101626714246255,-0.1252417877745254,0.365702219301067,0.5338092944485014,-0.19359672457439522,0.4425278441348928
2007-08-07,0.2777059583969914,0.38204875465258264,-0.01891268479679535,0.34733136437951584,0.43044003753120974,-0.1307023360679032,0.5107922492028453
2007-08-14,0.2219261515036163,0.35667392796395214,-0.11930345203984173,0.29592854593540946,0.34286993359475393,-0.07862484644286237,0.4426958496278542
2007-08-21,0.051886841638773315,0.31132038789650907,-0.15464268134425202,0.1780480127392073,0.24784805389221556,0.005552950829279728,0.30075824250220023
2007-08-28,0.12374536950808138,0.3368844131006455,-0.15246067132161184,0.19369691268125447,0.2797685522375981,0.035545767974151155,0.13083185114242715
2007-09-04,0.2561650583905648,0.3777033985581874,-0.2628549208576047,0.2104330015970261,0.2586469747498809,-0.02613829243164316,0.21563094914332337
2007-09-11,0.28542100230609146,0.4041186342751809,0.019559704509537285,0.2475411299958753,0.29046428471659635,0.018645380552717854,0.28965806335708727
2007-09-18,0.3855879899916597,0.47607347328244276,0.08301321799098636,0.4229761547801039,0.16997702841622986,-0.12525789439261784,0.587536155666579
2007-09-25,0.5274734182687761,0.4672959203822914,0.0891445411011306,0.3980310228378456,0.2884850335980452,-0.01425743727076905,0.6022533611058511
2007-10-02,0.5600065603345771,0.4797667015735854,-0.04070513244376264,0.4401545481238436,0.2693403929444461,-0.14243885111133664,0.7191352023953027
2007-10-09,0.5147387531088328,0.526562539650316,-0.0582788438252347,0.426880451337705,0.2803726285393734,-0.20395637115718063,0.7206575979219358
2007-10-16,0.5742843269936052,0.5219429145074206,-0.10701777313120753,0.4156759221483597,0.3299418738968516,-0.16910753545245125,0.7295333072611133
2007-10-23,0.5125998121183655,0.508705110374095,0.03604819830817619,0.35227881763844154,0.36596783550341627,-0.09489317074904903,0.6378841045485849
2007-10-30,0.5198346360637961,0.4998220911909724,0.14903109073079102,0.3451338967926931,0.38201371346084445,-0.044814911577373176,0.5587170989982098
2007-11-06,0.5408895725181055,0.45911250379055896,0.027861922806694233,0.3492204899777283,0.409528464556773,-0.04118199786151703,0.528788776921557
2007-11-13,0.42081244952634883,0.3846210836530071,0.20098267994192076,0.31577870157277615,0.3530244790612988,0.10890523945432169,0.4321847659327445
2007-11-20,0.4354953874275269,0.2948152611541727,0.16508577679999037,0.30816757613096285,0.280494669092155,0.1573477425999824,0.30380292002239545
2007-11-27,0.3972929443102273,0.25810385033020633,0.16123792425408223,0.29861675064271964,0.28912344355570213,0.1627010915284514,0.30325404545052614
2007-12-04,0.346173093906388,0.13439747412734607,0.09038757700205338,0.2927359205783818,0.267910707760811,0.17411537538120464,0.49952313910713475
2007-12-11,0.43519875374602296,0.1569049440525931,0.02227163793898055,0.2442374468642693,0.361130822646865,0.14135874189210207,0.4130308106926943
2007-12-18,0.20078589750586695,0.1919880620640757,-0.11592470869435315,0.20743182499250823,0.17341831136230404,0.07562563696070661,0.5045073375262055
2007-12-24,0.23699917732929582,0.19032537456209522,-0.18946622501277172,0.19469560741903302,0.12184571016582552,0.022290357878833326,0.5880629981753577
2007-12-31,0.29829700610694604,0.2770042397379071,-0.07527950715473125,0.2202546553620036,-0.03572064396347822,0.00507132934976738,0.6542822338830585
2008-01-08,0.2984259802545983,0.19918985131103403,-0.03459816092686736,0.2891283034003298,-0.037610542943122986,0.193373102288091,0.6343606126092267
2008-01-15,0.3118531130191938,0.09489532794798783,0.07641068150867429,0.2541312859104083,0.0036477703449341145,0.18365523233998854,0.7009836649307873
2008-01-22,0.08238924399382852,0.08887679733265415,0.21443413987866955,0.12884653994541181,-0.0078067272785684455,0.2164525006725019,0.5250252085434045
2008-01-29,0.24856354685809215,0.04724608665999318,0.13039855379487614,0.11958675045265736,0.057934345400285456,0.2567301442554884,0.5141459672005371
2008-02-05,0.4465090395786959,0.10943210720926753,0.043292464997746805,0.06297933772444284,-0.08341522816612545,0.24275378401171824,0.6412991630891982
2008-02-12,0.41302119917552366,0.20195282002628795,0.05483798651468382,0.049590319892486065,-0.1437340100684988,0.1880103453048232,0.6637451192157514
2008-02-19,0.4293422841604351,0.12495032108268664,0.014408759124087591,0.07043027976073787,-0.12841042324633212,0.21264379929433486,0.6133479300977173
2008-02-26,0.3887564099858611,0.23787849881442316,0.11111251852508645,0.14609164172654593,0.038276958050053676,0.14538107998100536,0.6075884999022101
2008-03-04,0.4118580210192346,0.3085620327835506,0.002047220928236938,0.14146190560367686,0.15703478669291573,0.2208476059311227,0.5554378387188786
2008-03-11,0.340613043291346,0.2459993537744673,-0.04699946893255443,0.1186881046775325,0.1947060927626088,0.21426587886477919,0.48173480491217163
2008-03-18,0.49078188391797534,0.16420349636613632,0.20645256226317918,0.16323227100951537,0.3500342346454612,0.2880411199504081,0.5845443280387518
2008-03-25,0.49716662479412665,0.02202959531491802,0.1875347898691901,0.26145880454317605,0.2525636594077659,0.3352728160475241,0.5156028368794326
2008-04-01,0.5103751052696975,0.007206291301617678,0.15589727386030508,0.17521591600822078,-0.02791600922442044,0.27640772491358623,0.3766548762001011
2008-04-08,0.5862158913058271,0.06159794298155065,0.015946162139602826,0.1686780818777793,-0.12619437550864573,0.235995199763276,0.3995990644837955
2008-04-15,0.4946375944514614,0.05242450223873488,0.08541401481771599,0.11465466082351868,-0.1422187750641201,0.2702434737541828,0.2963062820167161
2008-04-22,0.5765110526367659,0.16438745090616572,0.05049250750927122,0.10618807988677464,0.04041988835338581,0.2031238240793808,0.3378557671731222
2008-04-29,0.5226067685679964,0.075673142554427,0.11731291263112034,-0.11141719112635122,-0.1895043509430221,0.3321552653648017,0.23234845919403996
2008-05-06,0.6159647487501059,0.2764560758092216,-0.06524722025076887,-0.06131349661384062,-0.2103426352089121,0.2882056558918497,0.26463710014198616
2008-05-13,0.5659600457070807,0.2709832576225271,-0.2520090189050124,-0.0458123137171684,-0.14956314104303467,0.19387351438743744,0.11337525101227902
2008-05-20,0.5520275198789701,0.27162927419703453,-0.07848024895211482,0.03213517347638598,-0.15828200931952477,0.24214574213364937,0.14685812231169756
2008-05-27,0.5310518705276037,0.3927675912866322,-0.1415676071926521,-0.01525371106141531,-0.1517024466956808,0.19397977727039747,0.15452621093263605
2008-06-03,0.4888039172535211,0.37240166423761795,-0.11131864598802763,-0.06267099677843153,-0.1784723972775397,0.14207620368005644,0.19202524731443832
2008-06-10,0.4471821040540795,0.1418233158531666,-0.05435004223341974,-0.029590443150244103,-0.1189678265243265,0.038127804241693514,0.08677730773402755
2008-06-17,0.510067021540668,-0.007279881194788493,-0.2021727790251979,-0.07034894287272066,-0.35310070511661545,0.03625637597187144,0.062402869097429765
2008-06-24,0.5553656177601836,-0.053234509338867475,-0.05268354763681046,0.009723306739093532,-0.1681571194762684,-0.07771850135658324,0.10466448121963742
2008-07-01,0.5331280009125885,-0.11226163037370854,0.11665313040714714,0.1538927648219696,-0.029282136894824708,0.09114568503058121,0.11789238503072054
2008-07-08,0.507446096845572,-0.065128188293996,-0.09000153291944508,0.13624007581819522,-0.09909716251074807,0.030354333401737463,0.07014382596730334
2008-07-15,0.5294328719004362,0.13207004570430853,0.23596950779558928,0.12558299189259872,0.059087605677856175,0.2341442670754047,0.18325994220448602
2008-07-22,0.4972164489311164,0.21922980619960938,-0.03216775115367535,0.023736917291041076,0.030953290534181863,0.05604281492131959,0.17843333810683087
2008-07-29,0.33749970823705155,-0.02313913357028795,-0.08246381689666779,-0.10816831518078075,0.01421104373302705,-0.03509183667767477,0.05463010863942059
2008-08-05,0.1821066930106199,-0.16091205211726384,-0.15192463807333242,-0.05892920635514718,-0.27816000516006967,-0.06015894989492974,-0.04293887196069896
2008-08-12,0.12102132210413742,-0.20906449642603628,-0.14376114693373576,-0.13284781345095223,-0.3300574039010609,-0.06350720441755903,-0.045761322063832474
2008-08-19,0.07791323477418256,-0.22137705434911126,-0.21587925452231763,-0.1326921573226992,-0.3978129747727914,-0.10863828868167263,-0.021217613818104275
2008-08-26,0.017546095133730042,-0.1356008016997411,-0.2022303140646336,-0.2187071041931056,-0.39165957594596,-0.0954871902762769,-0.017332384981095347
2008-09-02,0.017845121821596022,-0.14372285875512156,-0.20696273640846388,-0.23628699727147034,-0.39240989551780514,-0.024391073450170785,-0.06732732063986935
2008-09-09,0.01689066859784021,-0.07013994267408531,-0.21206563157595404,-0.1992692585380795,-0.3726269731115764,0.07162810029190589,-0.10383302242089332
2008-09-16,-0.31603370828228833,-0.07047905347637828,-0.3445025105031253,-0.2859976925457973,-0.4660334425424641,0.20131231410775507,-0.2016754576481539
2008-09-23,-0.35339192330040675,-0.20202534387523016,-0.1916729714393796,-0.2042927997263554,-0.48369818351187704,0.22543532118833684,-0.20530957603975467
2008-09-30,-0.2696804511278196,-0.1924785850084378,-0.2932107460240223,-0.16700723859661276,-0.3240570896071411,0.2690421992645771,-0.25281582147956216
2008-10-07,-0.1538929552535998,-0.1815007248600544,-0.2945805759255947,-0.10373829178131688,-0.34869033241600506,0.25197622829946265,-0.23497927270819122
2008-10-14,-0.14712212001012745,-0.18194211302711227,-0.34154874419090386,-0.17120755360900972,-0.3110533494099741,0.22487084815352337,-0.24637994380808298
2008-10-21,-0.12518819762914252,-0.11122776790681814,-0.39966865806516394,-0.16635698840608057,-0.31571295850251185,0.21706012913640033,-0.22889913291625508
2008-10-28,-0.13498206012949698,-0.09128919214581055,-0.3653532053899551,-0.14993806771263418,-0.25314422105939594,0.2225283177178017,-0.13290245492070388
2008-11-04,-0.08201550156949672,-0.06952600963010382,-0.173924594836123,-0.12636786000660347,-0.3048601265603928,0.20458687258687258,-0.05037565536998
2008-11-11,-0.1307797537619699,-0.033062987793695105,-0.25458100418619806,-0.12113895644613631,-0.36032923299565844,0.18839833361516348,-0.07173992962554487
2008-11-18,-0.09160377806255636,-0.07754392030598353,-0.30928374718346724,-0.1051229098660982,-0.37665554095799453,0.18608416734775704,-0.0869910941475827
2008-11-25,-0.12440854010386612,-0.07483943366043502,-0.3839567688960629,-0.12460694104405741,-0.34349021013639236,0.2832644848558755,-0.12450913660401068
2008-12-02,-0.1383240911891559,-0.10958331922195505,-0.4330175913396482,-0.11673351905582079,-0.33850840553695327,0.30866800005755646,-0.13448818897637796
2008-12-09,-0.06539941828010694,-0.1017224494498531,-0.36096434983329057,-0.09295218550284969,-0.3053438851268663,0.2605037968432906,-0.11527826655271228
2008-12-16,-0.14587965536409117,-0.07900436701673047,-0.2636778870022838,-0.05549925034969721,-0.4718958103723941,0.3745836048953581,-0.16812705366922234
2008-12-22,-0.04409777668591082,-0.2295141987597538,-0.16776329067936865,-0.030747557910009618,-0.4508845205342761,0.3806567368211204,-0.13475575519371139
2008-12-30,-0.013636226506169488,-0.2180964215758546,-0.15343197862242253,-0.026589432277446284,-0.46951794603091435,0.41421369635405847,-0.11170153880216982
2009-01-06,0.015572654941373535,-0.26027731392010806,-0.23066640456064477,-0.019172088667882916,-0.44320635853661655,0.4211510530137981,0.024874623871614845
2009-01-13,-0.11281379171287428,-0.2210188891102378,-0.2523580131967777,-0.07955609266225255,-0.45139054587873484,0.41679818779360156,-0.01930386077215443
2009-01-20,-0.13414500383898212,-0.22295768619298031,-0.259876870387736,-0.05754893177642468,-0.4451298775342653,0.4160959963241466,-0.19940292361540046
2009-01-27,-0.07559156207804857,-0.23041985496759096,-0.3623172943561293,-0.055657951454434654,-0.42311255475621334,0.42591449901358386,-0.3985345946948618
2009-02-03,-0.10525991116960026,-0.18765575800987896,-0.3840584706612425,-0.06223187768122319,-0.39984926246276425,0.43152328968386167,-0.46179992275009657
2009-02-10,-0.13214624666696795,-0.16903172568262528,-0.35924540068599936,-0.06556925317709734,-0.39568746514653946,0.4083989845528379,-0.34162664357137235
2009-02-17,-0.15045818542062248,-0.17883216734778692,-0.3231215549753409,-0.09773222244732577,-0.3669603629990637,0.33296223029856925,-0.3571874025569068
2009-02-24,-0.121671097938369,-0.17417179397619495,-0.33029256339857704,-0.06040035230043798,-0.3284708833708857,0.2634193459362495,-0.4331628926223521
2009-03-03,-0.05664904432696218,-0.2269721134562124,-0.35035822839774206,-0.1056848219821819,-0.2702309530130077,0.18208540867151138,-0.4264650283553875
2009-03-10,-0.05725855612644779,-0.23112761570619797,-0.28814753314715574,-0.05675678674047859,-0.2706613028442374,0.16581301526048062,-0.44349952754154853
2009-03-17,-0.008297522625106442,-0.2548441673139744,-0.2710916918331941,-0.08137598242660497,-0.4329509960891362,-0.06660331598281022,-0.3910470800102907
2009-03-24,0.14415448672915132,-0.3649653078158931,-0.11268210616744818,-0.04834923418994216,-0.4037186338747587,-0.10957767830327646,-0.18982760889590736
2009-03-31,0.17863699670802735,-0.39842990016212987,-0.15994633403437522,0.021694571089230296,-0.39655611595088897,-0.12352657067891969,-0.06648258283772303
2009-04-07,0.2569645390070922,-0.4004019306411996,-0.1366442849425021,0.0341121330655108,-0.4337243254128071,-0.08317288264517816,0.21657910099241098
2009-04-14,0.2789870631810618,-0.29310914922461395,-0.18444866087718018,0.051475476436696706,-0.31697255933520657,-0.07431386176036675,0.286804367846336
2009-04-21,0.24795883164673413,-0.20154165807546512,-0.3596619148239636,0.014970144077091086,-0.2897612108564507,-0.18453142895641042,0.25319656143899444
2009-04-28,0.239541925577257,-0.11379172880154734,-0.1815767145017892,-0.019089804037129808,-0.27032798489853704,-0.06046161565479177,0.25881518268889675
2009-05-05,0.2911790326856797,0.02700600729457198,-0.028180232117120535,0.030405893398815543,-0.24594961962598383,-0.08622263377207487,0.27220753233759737
2009-05-12,0.3347007006769654,0.06693938723864279,0.05006184291898578,0.08365529040393899,-0.24642775022172586,0.027861718139285258,0.36998935792834337
2009-05-19,0.3443675134302743,0.06269719278375536,0.12820227531918443,0.0976313440448865,-0.27918595886723374,0.06651589729945456,0.3544363012630594
2009-05-26,0.36061841243044523,0.12892695033875187,0.16842052136169783,0.1118278952618096,-0.26533952334089256,0.0828180257688251,0.5062411634013331
2009-06-02,0.33079406068431244,0.07277101519649498,0.2026679865186547,0.044985563296336524,-0.2030354607071999,0.09921727562416854,0.5181681516518168
2009-06-09,0.29623607459094836,0.13242097737833836,0.17395052858462487,0.09970600532243186,-0.15151784655519981,-0.02458113699787227,0.425
2009-06-16,0.43981753370026905,0.13034973525344845,0.25948182445079304,0.11719483347726505,-0.10405461823718658,-0.13592494999841265,0.7480886480209039
2009-06-23,0.37928451504584787,0.15260984761879143,0.3622193730045001,0.14755625566367708,-0.1441888045540797,-0.054297600173448785,0.7500663540652924
2009-06-30,0.38275575391616345,0.1151286381245654,0.3261731860621224,0.1498333637890377,-0.044326509436001645,-0.014249550873754695,0.7447982478308482
2009-07-07,0.36811359963057033,0.08170492948086444,0.33187222288939594,0.08313782400128995,-0.10480739493488196,0.19028191560318378,0.7078915829261547
2009-07-14,0.29146878950425364,0.0690475353556657,0.31897851210356754,0.1191145467322558,-0.14006154118610675,0.3047666606137643,0.6776676173661098
2009-07-21,0.3938707744798383,0.18361830175875762,0.3329296904563687,0.24245889522640746,-0.06044545464201124,0.32716752554018624,0.7360258334470369
2009-07-28,0.4206723794417471,0.3158775523510427,0.37976040522070054,0.14878184725053903,-0.08729771091791215,0.26808900263654317,0.774149479992949
2009-08-04,0.4357255520504732,0.3475948020366289,0.3436989318617815,0.19608353769251358,-0.020751448316971854,0.13252019325601427,0.7620483188879119
2009-08-11,0.4569488100583745,0.3532937877255716,-0.0011280143898051889,0.1290949301961266,-0.045078537913211106,0.011662467800832224,0.7514180714228649
2009-08-18,0.4363003471020441,0.4009247664001541,0.22300353240236373,0.044907552491382015,-0.017521611396444953,0.03239172930260731,0.7035467861033773
2009-08-25,0.4523329992224897,0.4035909288172542,0.3636245562386354,0.14124258653255709,-0.07149407017972857,0.13464739884393065,0.7246551389158733
2009-09-01,0.40748190254093186,0.37093972751060184,0.31950142354339006,0.07041945535623638,-0.17946012395635916,0.3007759862459923,0.677846425419241
2009-09-08,0.42431683446171115,0.35036732518746905,0.3468341843076511,0.12030742339433322,-0.05638919900845838,0.3540074100426034,0.6069526775846479
2009-09-15,0.4659195490451722,0.3055049040477472,0.4041007641727386,0.24158773001426295,-0.18587930572508857,0.3425366934367211,0.8127594026785332
2009-09-22,0.46882620564149224,0.38798930985694075,0.4567550444448711,0.23377278515665853,-0.40273033192270435,0.38195520200962946,0.7899419565309495
2009-09-29,0.4575347721822542,0.2564106174751813,0.3863027535022617,0.24113320356794188,-0.48700168015885137,0.3760689493276099,0.7361625168236877
2009-10-06,0.45456192970215387,0.40591138594202075,0.4733095367737512,0.29872189515326725,-0.5571893812296457,0.37097390726275553,0.728059233028852
2009-10-13,0.43991644035930644,0.4292624176848812,0.44192966100013886,0.2607349422219016,-0.5611555273123857,0.2800372946275577,0.7232523793895635
2009-10-20,0.44771539928683973,0.3913649275466542,0.43568714838898226,0.2115966199035768,-0.4200003878298978,0.25851778164635664,0.6901295149223715
2009-10-27,0.45852334795651195,0.35584884829628144,0.3519515610516143,0.19945023604655396,-0.3279699483487244,0.15222167226752112,0.6202228642179117
2009-11-03,0.43995703732164376,0.28190745029917,0.4021415952083423,0.137612630769517,-0.19422413084573026,0.1802384760796859,0.608092063202119
2009-11-09,0.4257072085008616,0.2558688997776976,0.4372747747747748,0.1533144123952446,-0.15273991735457584,0.18644327788382875,0.5332606841656401
2009-11-17,0.3780375715552689,0.25048545749726764,0.4109556073901292,0.06938053097345133,-0.0681564130164776,0.28236490135654607,0.585701742224687
2009-11-24,0.36680531465234156,0.2765928801427113,0.4083716464484204,0.1062335331408125,-0.1277637130801688,0.39223866558448944,0.5353297287305329
2009-12-01,0.41032808965920353,0.3162135254693065,0.4363825694064491,0.1264651308840741,-0.11898677676728227,0.3948502320934202,0.35573799280007024
2009-12-08,0.3726748734652169,0.2854056463020016,0.26914003427764893,-0.0028500674869209233,-0.1630594419107985,0.28487218726973873,0.33729987018606666
2009-12-15,0.4021647400545601,0.233177123617999,0.013723914143669436,-0.12459001492232061,-0.32481261343641327,0.09466518917207535,0.5068911889311953
2009-12-22,0.34425829192678475,0.28582400564068344,-0.13357506286917364,-0.10644130757800892,-0.33174952418233605,-0.010844846820561228,0.5030972537683254
2009-12-29,0.37100492560808407,0.3953161916624653,-0.18539163358136354,-0.234453909761918,-0.34761534106991226,-0.15651616833128537,0.4660456253638914
2010-01-05,0.4332646604370539,0.37372854566078434,-0.07906487301271295,-0.22918254298613558,-0.361326716258841,-0.16128598977271638,0.5627467140936103
2010-01-12,0.4674490037016618,0.4150967521950388,0.3645168045230866,-0.11108768840638117,-0.3978484974256004,-0.13887598699489084,0.6094745841753458
2010-01-19,0.4722585395909412,0.3891461782141996,0.3701515472657906,-0.1536890353250132,-0.24204135018059206,-0.13971086976063807,0.6076457257495264
2010-01-26,0.40151682954273615,0.2824514363885089,0.16742479823917827,-0.21374974321270637,-0.3139982653946227,-0.03627972191388678,0.3951026119402985
2010-02-02,0.33803060167029036,0.18568906302907173,-0.048947963488955686,-0.2340617943257098,-0.3548980274155801,0.061440294844526344,0.25258070570570573
2010-02-09,0.2770490651626306,0.10511521994378357,-0.16279893293042802,-0.2894402325569618,-0.4533782506316495,0.1865400633016825,0.2341480343066779
2010-02-16,0.27428414712186006,0.25131254687667415,-0.11416061250947873,-0.30310851756256313,-0.47091573246000756,0.11611137076851172,0.3778139133086031
2010-02-23,0.3599704579025111,0.2824334933269733,-0.1942211553284736,-0.3435584293485039,-0.502645756398574,0.013968548393657612,0.31641997920895004
2010-03-02,0.41795023442790163,0.34961695444542856,-0.1497140959024367,-0.3051603497209819,-0.5231368540074193,0.24365269461077843,0.25359658696299237
2010-03-09,0.4685111002385175,0.4417480268506594,-0.10761346998535871,-0.30613409766593846,-0.4272492292780119,0.1912647424750624,0.14851575721538673
2010-03-16,0.5027196934307725,0.38649380633130576,-0.1627328419939671,-0.2828740950543883,-0.5264210084655824,0.15830373233054512,0.17962655070980943
2010-03-23,0.5219958852071089,0.47765967884357524,-0.03519896473633129,-0.38362512609646315,-0.5482295669212988,0.10484661500521086,0.3118927211773396
2010-03-30,0.485523229352659,0.4620693735087062,-0.23117709437963946,-0.3816795941920073,-0.5049993223810025,-0.2820951040514728,0.3386805109957417
2010-04-06,0.4828204874509416,0.4573932438942305,-0.12865642042637582,-0.3218213066644964,-0.4600046407301415,-0.3416184177588281,0.3392515874483694
2010-04-13,0.5238095238095238,0.45941682257612404,-0.14619606917310984,-0.27295409918355895,-0.4706224835379304,-0.423206273771475,0.40769669327251995
2010-04-20,0.5111455168526952,0.46636314943760043,-0.1609883042684933,-0.3429048782712647,-0.4062798747321576,-0.37475060301956464,0.48863826698676793
2010-04-27,0.4703286064126659,0.41055266972279825,-0.2760809604932262,-0.3735364963197341,-0.4560402432615061,-0.3612788503411235,0.5922374638711749
2010-05-04,0.4176433079003496,0.3791487159300486,-0.3231851029431816,-0.3960609171275797,-0.4897154969101711,-0.44560352614385745,0.6424159231297186
2010-05-11,0.4268103306179458,0.4132457491072306,-0.34664372453621295,-0.3960165374892642,-0.5059788322702741,-0.23682790373593646,0.6975841420607062
2010-05-18,0.33883341720299104,0.3592179396888405,-0.3017702416981054,-0.3565182380226669,-0.5037182407109617,-0.24028899992291466,0.5877698178583134
2010-05-25,0.18336103988804672,0.19464783679326822,-0.26200610427091336,-0.37854209372761255,-0.4965148268655927,-0.07272908097663548,0.4314189189189189
2010-06-01,0.1358195211786372,0.18862494678586633,-0.2947216717708521,-0.33903569638095515,-0.47216116234184,-0.04861845311738462,0.14140895675606313
2010-06-08,0.0774165718271596,0.1853620777680792,-0.19145617389554193,-0.3669605979151642,-0.44698221168809404,-0.09433125328922637,-0.0483799131499833
2010-06-15,0.21518394532808355,0.21383844464074922,-0.3736732287036197,-0.2739509383566458,-0.40346686113276503,-0.044759599596190566,-0.2342391902299483
2010-06-22,0.19565793834935366,0.3050221651214741,-0.2356465645875898,-0.3167775050212006,-0.3693761905141427,0.03970901930755347,0.07846506300114547
2010-06-29,0.21546507534740264,0.1796723980059009,-0.299906629318394,-0.32633154966511924,-0.2868113467455231,0.22764018458882507,0.19301242236024846
2010-07-06,0.11169688000986558,0.08744125749473343,-0.16565930403093196,-0.17040462832792458,-0.3078347198305482,0.2806672192291753,0.19885793656917972
2010-07-13,0.34286381822960776,0.2521683410760464,0.2749924607961399,-0.11984776454012575,-0.2632973876063183,0.354311151011858,0.3245624479104655
2010-07-20,0.4095290279196035,0.19712663682081688,0.27519210459230126,-0.10538506331534256,-0.21430058284762699,0.32047345250591425,0.48161666040470186
2010-07-27,0.4534450547606529,0.28040084115553154,0.11155378486055777,-0.09190199532285642,-0.14636534225340622,0.24014607327741883,0.5966228893058161
2010-08-03,0.4913312287567197,0.3443613870363281,0.27982268524906856,-0.030906264691805626,-0.0018456450160201988,0.3585418689773661,0.6171974261240215
2010-08-10,0.476724916483266,0.3901632509972239,0.20737739223071947,-0.015925660332257677,0.03530272029923995,0.3830538909043132,0.501038504553443
2010-08-17,0.47949372138054835,0.3109748387912505,0.2153592375366569,-0.05848694469990803,-0.03132755000318154,0.3630280794798213,0.5137766115037881
2010-08-24,0.437636130089171,0.17001137129380053,0.24195687068183405,-0.08801456927740295,-0.031327826143124744,0.3644453642384106,0.5270090276750037
2010-08-31,0.42764962563086323,-0.04410988583650454,0.2354463770505317,-0.106036917385841,-0.10586978834364337,0.3588176504001323,0.3461366237126225
2010-09-07,0.4438471008056348,0.00420942837452737,0.22254493863183114,-0.09193213027759244,-0.11027231799714506,0.34670094941965146,0.33582837905594154
2010-09-14,0.47103268278086247,0.15949200511960773,0.2884584211379478,-0.05651300021681678,-0.12193720774883099,0.35458469782673413,0.6538147932440302
2010-09-21,0.49589478309807034,0.29367440211181595,0.2897615708274895,0.030436574049192956,-0.12604111164082,0.20379535770055315,0.6863534675615213
2010-09-28,0.5051581593362684,0.27523207584436105,0.37403651874579064,0.1859092081099143,-0.028232084721989886,0.24236941339601265,0.6651261313306374
2010-10-05,0.4950698114695906,0.3555166812445333,0.39902182357511123,0.24438466915899212,0.10865997966164372,0.34533434394475326,0.6272175716150833
2010-10-12,0.4886131502775432,0.35353771871038586,0.3455701465645681,0.2098253098526052,0.08685446009389672,0.32940831349219885,0.6268865605023263
2010-10-19,0.4441117539791531,0.2725394756673848,0.20797082670023323,0.21272200253912205,0.06435137895812053,0.32872627172105295,0.5671636269468389
2010-10-26,0.4290106639682416,0.19434041596182616,0.25003994567388355,0.1937083638207008,0.05875697082356744,0.3083947086163747,0.5932197054646035
2010-11-02,0.4062936618823828,0.22292932858819375,0.2589914604500405,0.18654697253734806,0.16534704146200677,0.3316745441304565,0.6753429972136987
2010-11-09,0.3656974332980047,0.29009400978944916,0.24735294117647058,0.11383771415160761,0.2202977220225208,0.26085471301996227,0.706483774687242
2010-11-16,0.29891833870035506,0.3085474407442189,0.17503757374548554,0.04399840489166556,0.2401183874258816,0.17355980592402487,0.70146306435688
2010-11-23,0.2412837505720436,0.21337797082756396,0.2124298015724448,-0.044302816939029536,0.10857806077901058,0.20978244098133003,0.6803254867770997
2010-11-30,0.22713167720925476,0.19108184946880144,0.17944954128440366,-0.03554160741430883,-0.0568310607919427,0.22549203796526615,0.6689029918404352
2010-12-07,0.3413220798034831,0.29323733249854345,0.2094188376753507,-0.07718363040701871,-0.14976410993520267,0.17611337563240642,0.6617503170864287
2010-12-14,0.47346457247499646,0.23470212451947067,0.2692191739523666,-0.07019982150278306,-0.12070185785903863,0.1325044220164395,0.5108527131782946
2010-12-21,0.5264896919317954,0.2732709707100138,0.28022100930565497,-0.09026105446533791,-0.10738798098458248,0.13909983124611422,0.2936884494238667
2010-12-28,0.518656505786057,0.3072432279660493,0.3020536715851238,-0.16313642860663413,-0.15973752450055392,0.27108273963582485,0.32343563172578715
2011-01-04,0.5142478735131044,0.3175607413173454,0.2744503411675512,-0.1482550125889034,-0.16771092915628338,0.3040480063510348,0.405816284082744
2011-01-11,0.46960147471910113,0.3688368860055607,0.25252690305562686,-0.22366883824082692,-0.05895639080326635,0.23089273046335362,0.35163389136632794
2011-01-18,0.4680791504102735,0.3436829582244412,0.16711680489495448,0.021748450508910565,0.06393026591636324,0.1859426656401431,0.4069691706469822
2011-01-25,0.4002641542660914,0.26903536077490053,0.16293550778354338,0.11467357014811773,0.08161576028474464,0.2761676995739793,0.32928737738081604
2011-02-01,0.49654106503789536,0.2829907605784681,0.22333689839572193,0.18860813299957493,0.2086713879193642,0.2704925075611768,0.3741347905282332
2011-02-08,0.5318619120102857,0.28099488715008053,0.17087893725457431,0.17064866537945672,0.21977676607131633,0.31205981054330745,0.389181632433595
2011-02-15,0.5349260653368497,0.5119228529633154,0.2508227214193733,0.16794272234407978,0.39598382079344396,-0.15879729116546665,0.35370470524607894
2011-02-22,0.5270741417413296,0.4860820709764597,0.2797796544581275,0.21935930802572773,0.29092539628678077,-0.22372919623274415,0.2910887531440891
2011-03-01,0.530174799117519,0.4907016858247874,0.3141039051603905,0.23637050482341776,0.20426592797783932,0.30223856005741023,0.27482756063190683
2011-03-08,0.4820920419978412,0.443831382537275,0.375953349434346,0.2362287733881427,0.23326820408387913,0.1269057578458936,0.1569009711541933
2011-03-15,0.47795187688136676,0.30128940509735297,0.4493870516697558,0.2426852783366868,-0.002291685764048034,0.2635548077174567,-0.17721279414547977
2011-03-22,0.5113065823285234,0.3881815572178788,0.375110062339309,0.24833469433873112,0.2519538203332938,0.3081186245548902,-0.1060541004723057
2011-03-29,0.6171828791529018,0.4301675508696528,0.3341618191433104,0.25955989861442774,0.007109639637915526,0.07025513812925271,0.017834489963435566
2011-04-05,0.6224026062912367,0.47035593134524833,0.1808553224138506,0.2533415160621323,0.2914430088384179,-0.3583709131905299,0.1663888374390319
2011-04-12,0.608261257573826,0.44881074763064877,0.23830582879440695,0.2672047630991394,0.22167459024568636,-0.40648350296731345,0.29967365085371045
2011-04-19,0.5911070603623411,0.4581187791013025,0.250775825984036,0.254891273165414,0.27732335857657525,-0.4144542311362819,0.36213114118422585
2011-04-26,0.5636587949926116,0.4251002238392388,0.24905423326586165,0.2742128514056225,0.28343432979423727,-0.32415406452065115,0.42090374724467305
2011-05-03,0.515857737058063,0.3862306048499489,0.2525625875951524,0.3764739707267617,0.2484375378015048,-0.1799311597667081,0.40480708412397215
2011-05-10,0.4701045871845629,0.3062529840794218,0.22590994579046356,0.2529443001395481,0.16757771673279873,0.12761880554116278,0.4495803829006032
2011-05-17,0.44242766530541316,0.21307927965895646,0.22928379011478098,0.1662256070058635,-0.008944319682322439,0.14859888065111693,0.42596841679039005
2011-05-24,0.4780026674356571,0.17694706640608757,0.22051335809272793,0.07395336789567894,-0.12818119199535963,0.08065361057382334,0.4486259295182671
2011-05-31,0.5107572637061497,0.21011666958473268,0.3118898882046284,0.08133994320643019,-0.016921867049081742,-0.0171793722440555,0.5086204108038169
2011-06-07,0.4486191570459455,0.10473239872976532,0.2268661133456194,0.1750471083255101,-0.01539937170563441,0.16601851241537113,0.4299030273726059
2011-06-14,0.5878265099592596,0.13262105055847848,0.24583703374777977,0.2620854848113966,0.12374475027282046,0.2621423959865796,0.6114151183507254
2011-06-21,0.545279229408767,0.025072521472043682,0.23025495088102294,0.15736032559860458,-0.12238214254934068,0.32899637633616297,0.6228809358580351
2011-06-28,0.5000533139981234,-0.020171069727154614,0.19419446776114158,0.18005414669825223,-0.17916495791590994,0.14448592580022485,0.6193174153514097
2011-07-05,0.5207439198855508,0.064369096039333,0.11123491569608544,0.22227253780959094,-0.2675673163848968,0.15096785070757948,0.622083879423329
2011-07-12,0.56024291028392,0.13737189134953057,0.16617314414970183,0.06691782409278811,-0.20474020506216256,0.2441862472592925,0.6583963691376702
2011-07-19,0.6044113990925477,0.22261243274881934,0.22047455546390962,0.05127721641137128,-0.06830737300464947,0.32513709671199276,0.6899459320288363
2011-07-26,0.5998497392534103,0.28058257703385686,0.1471978771513464,0.09275409657575262,0.01254426936303444,0.3692597817637405,0.710243039673101
2011-08-02,0.5644590457701785,0.3082012767555389,0.21684735815571682,0.009243820849194114,0.049810025976040014,0.3951493740261136,0.7140404877471291
2011-08-09,0.2775933490868388,0.1992384826809444,0.08773913862972386,-0.04506703128489794,0.0023213067535814446,0.3515228849746464,0.7057665065819023
2011-08-16,0.288119656462651,0.039812963123979556,0.1857396181285826,0.039815072426020094,-0.030786977188202305,0.3749980199901792,0.6896461336828309
2011-08-23,0.38881750365849305,0.08411036380311832,0.19681807041908342,0.014532321393820758,0.10727463127709759,0.35924461007338987,0.6367340778750378
2011-08-30,0.395111052045783,0.12998312149724442,0.20502128780230874,-0.0021433116397450353,0.004617112432927083,0.3265333629328936,0.6168081620494489
2011-09-06,0.36505873949452117,0.019058521842659583,0.16487932729059734,-0.17393981337851705,-0.11977675497408763,0.26567108546980844,0.6324492644690218
2011-09-13,0.2945623913355558,-0.05368687341890752,0.1253308387332299,-0.20589413988657845,-0.18430199831128624,0.2306727818655756,0.5095776598199862
2011-09-20,0.2937697160883281,-0.044353429711434536,0.19632558139534884,-0.3942328682847447,-0.4158952658026977,0.3568623462778108,0.6081050791231452
2011-09-27,0.06256962945023008,-0.23854851066793584,0.10483068805950785,-0.38328871786291896,-0.41381673368588456,0.3366048420449846,0.4029154763905226
2011-10-04,0.12908934570468725,-0.15117657833090722,-0.044423970517545264,-0.37446737215799747,-0.3915897435897436,0.32260027908910066,0.21235359200335738
2011-10-11,0.09098678309725677,-0.2026353247387043,0.0005346054200764897,-0.3306716494822263,-0.3355115343594519,0.22826927701837516,0.27287601261023986
2011-10-18,0.1672514812106072,-0.20146415977379462,-0.08594857646472774,-0.33720491316062357,-0.30271801259192277,0.17672326031985813,0.3419247557680316
2011-10-25,0.18192499369164775,-0.14912594540174895,-0.04343430696465321,-0.324514153384173,-0.2923000699463744,0.3277400734228577,0.37361702127659574
2011-11-01,0.18601005343132673,-0.12366385460735474,-0.07396111322912695,-0.2597425063465223,-0.2778846494282039,0.18764895505088922,0.4435702094001082
2011-11-08,0.18293112320901384,-0.12753442725016179,0.08465484161478523,-0.2344271857244702,-0.19679952425360528,0.2020204200574179,0.4666666666666667
2011-11-15,0.17828747297841938,-0.1388676018617858,-0.06303383433754883,-0.3113734502273545,-0.21807275284999536,0.23679455541259764,0.40876530848032044
2011-11-22,0.14010234648027958,-0.17145821557711516,-0.1892205531558249,-0.3271040974529347,-0.22855253389233063,0.28869232672108897,0.2946036471901749
2011-11-29,0.10052901571016351,-0.1875920715487569,-0.25056415215989686,-0.37584816457726,-0.24464158382618179,0.2438491932234377,0.13148495243484104
2011-12-06,0.2088413032974574,-0.134181711746471,-0.2622449938892545,-0.33819610390068794,-0.20790973395572612,0.21425332400279917,0.13976156828640796
2011-12-13,0.22459163970358,-0.07717855721938084,-0.18682043420911912,-0.35533349606395315,-0.1810653382400792,0.17381284848011405,0.18765251342118106
2011-12-20,0.2455899329307269,-0.15418871302810838,-0.09497274379164143,-0.42647516663728396,-0.14099428173852543,0.1854158144326773,0.06481677610675704
2011-12-27,0.2934718100890208,-0.18370320461531983,-0.30211801572423824,-0.4632927810102093,-0.15930624348101508,0.1703795348416153,0.1380021608879285
2012-01-03,0.39691420676008765,-0.19514374222422617,-0.32514013526671753,-0.4912090243643693,-0.16477181745396316,0.355855316628759,0.2253052164261931
2012-01-10,0.4250996712041552,-0.23677446548261527,-0.28892498029568414,-0.5274023577547976,-0.17939506141952916,0.36480098817975576,0.35482960558809
2012-01-17,0.4013124348770701,-0.23338559394318487,-0.3083916588498449,-0.5317282580525116,-0.1969274139382645,0.35022312131849825,0.4512049630159866
2012-01-24,0.4973089805616787,-0.16138916390700214,-0.31830899933865797,-0.5433550023783098,-0.16502315302041676,0.2917710655592164,0.5057687042903516
2012-01-31,0.519894747360357,-0.1627316173388111,-0.27480654324615533,-0.5159893622596028,-0.13735466258665227,0.32762896968785954,0.46785974009548803
2012-02-07,0.5044029043720067,0.017762596071733562,-0.22871620043898566,-0.4870590354642361,-0.16922031542969249,0.30906045531953036,0.6663335237007424
2012-02-14,0.48550548112058467,0.07783817211300612,-0.32984695999334607,-0.5106885178313749,-0.21137496030113864,0.19168678383425622,0.6503378378378378
2012-02-21,0.4985317672183663,0.10918459717289883,-0.3876399007754361,-0.494423093644031,-0.16794522896265027,0.11462560859775092,0.656320312288216
2012-02-28,0.4850606938388155,0.16462472446595827,-0.3703399541634836,-0.4042804166881695,-0.13135653107951495,-0.008111388308273211,0.6289712449159532
2012-03-06,0.37632540074509013,0.1773647382657337,-0.36306361721560515,-0.40905179831354327,-0.2015111024203711,-0.1308397318049097,0.560534223706177
2012-03-13,0.33258435922857327,0.1545853195723608,-0.26281857739099546,-0.31934982977396426,-0.2062697160883281,-0.21578850893093546,0.4017805596912886
2012-03-20,0.2817622375878344,0.22286301153420762,-0.2565801540719002,-0.3208617788693987,-0.11209877590852196,-0.18474053617039543,0.20751182965299683
2012-03-27,0.4042395825558277,0.193580218722731,-0.35228227387286476,-0.3722300643986536,-0.08220678224451893,-0.46476559654150945,0.19676989183582752
2012-04-03,0.324841099950601,0.23340694830329367,-0.3364203190904089,-0.3297843207223057,-0.06173419318659751,-0.43295075208469097,0.2816942128848841
2012-04-10,0.25591614201337054,0.2456844675972697,-0.24800600075009377,-0.3688243641523851,-0.1290801390854991,-0.4380049710024855,0.32886891110907257
2012-04-17,0.32541869405091534,0.29515449274687405,-0.33275303447942356,-0.39928137802355296,-0.08311944718657453,-0.4009419566061817,0.4984552438209753
2012-04-24,0.3137611677877047,0.327830450929955,-0.41441912588718716,-0.39471127900701564,0.04346822943103687,-0.4061655380859659,0.49597406671546584
2012-05-01,0.35384334242532944,0.4307208223950538,-0.34354370213889623,-0.38264694837359847,0.08759453602991163,-0.3574874063940605,0.40499621498864496
2012-05-08,0.16504062902674416,0.4049119024357376,-0.3607848284008137,-0.4484965907356473,0.12682118708114573,-0.28970967696450983,0.34637431131392954
2012-05-15,0.03287477170297429,0.3638717870060568,-0.42009348000566543,-0.48747315475756575,0.12556330606714508,-0.24638305510680308,0.15043735156114232
2012-05-22,-0.12073190771846845,0.2943309515084891,-0.48517373872368863,-0.5186006137379615,0.061464414055513096,-0.12671627933149512,-0.07038574560380614
2012-05-29,-0.24910949683065015,0.26917852573721035,-0.42556506015717366,-0.5160721534402273,0.008129633201973158,-0.08053509994029172,-0.24276324989511958
2012-06-05,-0.32217486290632297,0.10849327830789499,-0.4675476259952478,-0.533627666669985,-0.015532307959021144,0.07115870873437344,-0.25685090571295865
2012-06-12,-0.23255659291469497,0.07123973429504506,-0.3618769220738294,-0.4623848994743338,-0.1293717254041467,0.07061706009938144,-0.14134982717846098
2012-06-19,-0.026552206029147533,0.0622840260953437,-0.12567257335533397,-0.4522317292495504,-0.14103301979872393,0.12220266735557206,-0.17546780843640977
2012-06-26,-0.017641194927441494,0.09681593805115789,-0.45447785383339373,-0.5062938391627215,-0.006616562355426367,0.03685282400382971,0.034696705017770016
2012-07-03,0.07436399217221135,0.09336625161013311,-0.3574509583286448,-0.4835670500745975,-0.04946954014490611,0.0355612718584704,0.21090660547771323
2012-07-10,0.15725656782282343,0.04311870067391607,-0.3025620730595179,-0.5077150753430114,-0.06480410828458713,0.07749173317636468,0.25008946144211847
2012-07-17,0.11332096897522248,-0.011619518482537056,-0.367464510789993,-0.5174335144232554,-0.0637139242237724,0.09130092113688981,0.2974537037037037
2012-07-24,0.2014014242735824,-0.021897678774018117,-0.4030291262135922,-0.47794527852350027,-0.025261961547402772,0.18025217034804686,0.33521503059553565
2012-07-31,0.2576852274771969,0.1231574365366732,-0.31590970169309324,-0.4463003634775684,-0.016340164304414553,0.2238384399181096,0.41442704369768096
2012-08-07,0.32562978650052943,0.1750169323985429,-0.3177601589244222,-0.40873191970035033,-0.07187839305103148,0.1848279842682452,0.5039903264812575
2012-08-14,0.378241163557154,0.23122644713645701,-0.332094481531714,-0.42855632401233956,-0.002525385384332088,0.20328928202547736,0.5065448504983389
2012-08-21,0.4448802568448434,0.33818895020277906,-0.28675003204013255,-0.38588144448665174,0.06607338675664276,0.07897043645463671,0.5118809404702351
2012-08-28,0.4095451421856886,0.37191928809462776,-0.20678021145310865,-0.3255942935000401,0.016815626228275544,0.1442413211637804,0.4535283993115318
2012-09-04,0.32994435666689564,0.3885788017141723,-0.23435628876298056,-0.3254390624850889,-0.051347613173339315,0.15747251593944323,0.44898200291418894
2012-09-11,0.3118130738659723,0.4000816974210324,-0.15452085954059036,-0.28156218340112493,-0.024030999218414593,0.18555866332989843,0.36947554507955216
2012-09-18,0.3969207488335301,0.37670497207061304,-0.11774038336497698,-0.3134977857794995,0.09525131357192426,0.12009746860983067,0.5661245780914391
2012-09-25,0.500665228134119,0.5014900079022784,-0.024217745392198887,-0.23006644898632095,0.15767883186231502,0.153320454347384,0.6089303687437094
2012-10-02,0.39178482965476125,0.513857639858808,-0.02637150590946855,-0.2310864488129609,0.16930901398625003,0.20703210462055288,0.6257060080184952
2012-10-09,0.24455473519981327,0.4965289496502988,-0.008677404718693285,-0.31893153321818923,0.13980192868689495,0.10133237080397357,0.5479227464996557
2012-10-16,0.237064260916216,0.49481173403143575,-0.03266916984131334,-0.24337038064865407,0.11917618300558211,0.07679130216303875,0.5522620904836193
2012-10-23,0.2706639867665107,0.5002077461230081,0.06421170007343142,-0.25465085177225816,0.11808769441110205,-0.13268676851277938,0.5611271279516749
2012-10-30,0.2977302994450065,0.4716543919525777,0.06294059748344019,-0.2627435402033188,0.14277347682058603,-0.25160566826383934,0.5398130238555771
2012-11-06,0.3380599817286082,0.4492314718006033,-0.00751655875567463,-0.29483368097486,0.1172111064499851,-0.2482420520946816,0.5488775019109362
2012-11-13,0.37149134044559773,0.3927729165552843,-0.18934810396250532,-0.3610722610722611,0.05515743465640565,-0.19525944167612597,0.5772284373872248
2012-11-20,0.3587800226209221,0.36247691971896623,-0.2702445358147587,-0.3934093178609552,0.004843353989464046,-0.2839500715552633,0.6001277010451322
2012-11-27,0.3908304498269896,0.3658656750558661,-0.07872892650875675,-0.31723222694711606,0.06517396845929956,-0.3818094460193148,0.5865019905332122
2012-12-04,0.43489475272548944,0.34104205135559895,0.014197062368855753,-0.15074972649462642,0.15256029404360305,-0.40874822383723564,0.6555786986663351
2012-12-11,0.45064822968342677,0.35113736544497914,0.06571106788164227,-0.13071028222806408,0.15223168579955126,-0.35279278875260667,0.5944757255745391
2012-12-18,0.47719174595716357,0.3377470193977865,0.09859025154335208,-0.0502682245548092,0.1487541916040579,-0.4533819446563139,0.33524949347406113
2012-12-24,0.43573169745491513,0.44941652183166036,0.23512357609902537,-0.01258200018757003,0.20594418907509698,-0.4374338928489308,0.3672355799177775
2012-12-31,0.4673448638610225,0.48034565418551955,0.23177633414371687,0.024690763361720165,0.20785912203164716,-0.41368839656377165,0.49468593437780545
2013-01-08,0.4362977569900534,0.466121444280991,0.21964637383337615,-0.04136400842209306,0.15671200115953232,-0.3833311777335161,0.5261284936081684
2013-01-15,0.4377878825119823,0.4745017828021781,0.2957661663887345,0.03460706902016814,0.17353868765118344,-0.33447323023372977,0.575930046049568
2013-01-22,0.4646654787906656,0.40894785124550137,0.1616898411974774,0.0989590806214969,0.11154085312772043,-0.31681542835950055,0.6329379488420883
2013-01-29,0.4648106066798542,0.24189419500852152,0.10741105184111037,0.11549845284541908,0.06396483198843791,-0.3243836364878093,0.6148816234498309
2013-02-05,0.4477240417964277,0.1957660764278209,0.08892967764139038,0.15106115365632314,0.0070992749547980575,-0.3142405688327079,0.6125532948351233
2013-02-12,0.3304772664814193,0.18960238100336166,0.10876941457586618,0.10093669385472062,-0.10039497307001795,-0.2850964489666846,0.6077990144415644
2013-02-19,0.27600943858019655,0.12407959944167701,-0.015758877500992224,0.08162314827870569,-0.12492848626134194,-0.3019185212677728,0.6575156437225402
2013-02-26,0.16328488907811875,-0.10941177071156193,-0.17207260199151297,-0.04074303781547229,-0.17608671283683347,-0.30206681675087715,0.6176058909444986
2013-03-05,0.04536311431200228,-0.2110855778017027,-0.20701126358228925,-0.11954098750852524,-0.1856584568614749,-0.3031809802511387,0.6036707135385299
2013-03-12,0.12707064638575602,-0.21431667670078267,-0.19432918395573998,-0.1163091880833173,-0.16760340591660217,-0.32503102532637257,0.5897052997287661
2013-03-19,0.3403817212087628,-0.2114477133702301,-0.21739818109924872,-0.23008822338304122,-0.28929450349854363,-0.369185966013458,0.43123768707012755
2013-03-26,0.4230274548602523,-0.38946949585631063,-0.24605143721633888,-0.24035895954606207,-0.31008311746398554,-0.40357905982905984,0.48439379187904474
2013-04-02,0.42567827885473275,-0.39561140055163957,-0.23342334816311464,-0.2785463240500104,-0.3119587381552117,-0.3652901676191722,0.46870937316780953
2013-04-09,0.41666354575172143,-0.4394696684191992,-0.23424013473369043,-0.23080239433999084,-0.34160047259394516,-0.35216610916211144,0.5910832216973372
2013-04-16,0.3138186432175632,-0.4436476906803186,-0.060499544347114506,-0.13801545973467125,-0.3085113797017184,-0.43532624652222746,0.660548885077187
2013-04-23,0.19324026905386024,-0.4172138017741147,0.02353246442186783,-0.15575934669690208,-0.30136615446318904,-0.3905461670340436,0.6139340084649988
2013-04-30,0.1902059715389358,-0.42018170220408363,-0.16244692561723542,-0.1354293004159592,-0.30995219056080897,-0.3590350620374951,0.6237787464301818
2013-05-07,0.04218362282878412,-0.3483967949320198,-0.1266118387653569,-0.15626033914733198,-0.330672341585378,-0.375220900797631,0.62028040430388
2013-05-14,-0.07046164162528028,-0.31173762299799274,-0.2653054197369327,-0.2018828226850876,-0.32996243714279944,-0.38480321746624535,0.6220793140407288
2013-05-21,-0.15786089692695116,-0.23918434830531826,-0.3059282227611826,-0.30524446254440146,-0.36464580431837346,-0.4178013045043147,0.5415892547132458
2013-05-28,-0.20239968999220195,-0.23049922266367248,-0.4137970434906806,-0.32036395016123415,-0.33628594119452015,-0.4318779976797742,0.47693774040916365
2013-06-04,-0.27589034124643064,-0.28043260621272154,-0.39972425331515676,-0.21443258714010957,-0.3693034171183711,-0.377593720765738,0.23552683117900508
2013-06-11,-0.2635805837537021,-0.24639570710016537,-0.3178529826497456,-0.028926571895951894,-0.2449492645180129,-0.2992316658731592,0.10090138059559578
2013-06-18,-0.3511484562867962,-0.17931181435759258,0.1710985049932045,0.09389165193994309,-0.14518676627534685,-0.3775599221576247,0.18105944472832566
2013-06-25,-0.35425143093579753,-0.0968684835957348,0.07827937859389396,0.08200764466031345,-0.15719001310658404,-0.3813725490196078,-0.06112448418156809
2013-07-02,-0.3854858548585486,-0.12820108241160041,-0.0036483723855952194,-0.08206503998694303,-0.23763247532564086,-0.3953366196081061,-0.09479974160206718
2013-07-09,-0.3541812480752541,-0.17007836923472228,-0.0450338514592895,-0.18173658415203664,-0.2362152061944523,-0.43349761672127785,-0.08056265984654731
2013-07-16,-0.3794936219559335,-0.14971987749309032,-0.12342888370013413,-0.16882668520057964,-0.24777835859905906,-0.47011165987863773,-0.21264724116553008
2013-07-23,-0.3451974383460391,-0.1401205715862438,-0.15564659370881798,-0.12714818916369303,-0.3353459629216898,-0.46726835781041387,-0.14635693332276223
2013-07-30,-0.36602747740477726,-0.1030043691725598,-0.036980556614563474,-0.03814188386101356,-0.3380120955342194,-0.4696863991948397,-0.04278778902328643
2013-08-06,-0.38031057285088044,-0.09772725144446422,-0.009301127582851582,0.02649895508162605,-0.3166239072269185,-0.466194735526767,-0.13299343242309022
2013-08-13,-0.3393589507742585,-0.0862368593487365,0.05683269476372925,0.07115414441761017,-0.3205559307084878,-0.46685810302452724,0.016449565798263194
2013-08-20,-0.3430540021066577,-0.08814022644576198,0.007073751762360834,0.1471841704718417,-0.28534709938269376,-0.4422635785111736,0.17703703703703705
2013-08-27,-0.38098937127673255,-0.18711017152452922,0.00964445084209011,0.16118018916484364,-0.2559868209578913,-0.44623208875321774,0.02066759616173214
2013-09-03,-0.37767120538307963,-0.24182322100515913,0.026414906088648327,0.0929739985198088,-0.2744055587429081,-0.4471910742318906,-0.060816482258679895
2013-09-10,-0.326960992560156,-0.22424014030408881,0.010835913312693499,0.04921521578174122,-0.2058209703774409,-0.4823261406704245,-0.03980923362257402
2013-09-17,-0.21077608122891084,-0.13128563932132237,0.0211727503952705,0.14618535351684198,-0.044519702261262215,-0.5015335084300602,0.35708875142027524
2013-09-24,-0.27533172020053454,-0.04744031298067278,0.14539886616724032,0.2587556589537223,0.007170823178739181,-0.5307160990782883,0.41052953468222825
2013-10-01,-0.25338681867764523,-0.00778118176188769,0.14649653406331406,0.26767868834463104,0.00867638700397861,-0.4827679225919953,0.48239358639323204
2013-10-08,-0.22553064275037368,-0.07320927559747152,0.20414763706215575,0.26030190366824707,0.04750247775436924,-0.3440469519212808,0.4634524321997417
2013-10-15,-0.259398435739805,-0.09608686380437874,0.2141110028436773,0.23473652696938946,0.06648041352545671,-0.37071138605500686,0.5147919375812744
2013-10-22,-0.17605420727434867,-0.04906875480259065,0.2085989084386092,0.26042374496205134,0.07858327501942267,-0.46948436621375983,0.47973368451858356
2013-10-29,-0.17975560428661091,-0.13117590846871044,0.20932273101179052,0.24959794714462946,0.0572742592728277,-0.4105285320455039,0.4508996774741131
2013-11-05,-0.1935720518622053,-0.1535312529316947,0.15345389748255991,0.13123134062418335,-0.013877285807110368,-0.4366287188468912,0.43403227969776903
2013-11-12,-0.260920570383486,-0.1352814580671195,0.0718259420257213,0.07342275904802632,-0.054402872481023615,-0.4860084828044356,0.4712675031823968
2013-11-19,-0.2616112773319483,-0.13409898779276433,0.08783816135982762,0.038355586546490704,-0.009076091992869953,-0.5238573182516304,0.5102658486707566
2013-11-26,-0.30008148791561073,-0.22228916127935985,0.10966266707526932,-0.001773304971425515,0.0018233283436624185,-0.5204699361674264,0.48993737750370475
2013-12-03,-0.3659706965757611,-0.28527032867521457,0.14275435000654135,0.03671157053139525,0.07673861913097242,-0.54404956621405,0.4170215088983513
2013-12-10,-0.3621070920865582,-0.35776535061800585,0.18599820171766968,0.05273088381330685,0.07209981064459085,-0.4946478078320857,0.42865734476018647
2013-12-17,-0.45662936049081493,-0.3500128248974008,0.25239090506048517,0.12090234028273907,0.09300905827350142,-0.5595141422083586,0.31623836334243827
2013-12-24,-0.4601048488344474,-0.39121847361056244,0.23312667462009348,0.1339350390914465,0.0728051175636035,-0.6013631041980264,0.3458324405399614
2013-12-31,-0.47816708447501893,-0.38886987794977085,0.21292946674749214,0.12636375278327433,0.11011378246957261,-0.5823145656152439,0.3577448261147856
2014-01-07,-0.46553827760991146,-0.3857406817457789,0.11231496661677003,0.060770423774992664,0.09337949740070274,-0.5599158831401311,0.3925345576126553
2014-01-14,-0.46276960326149846,-0.39298010153469104,-0.06872940571615527,0.03798154735985935,0.055419820034562896,-0.5407834228028069,0.4203760384783559
2014-01-21,-0.4702006501676327,-0.41501628741384194,-0.04561861790548563,-0.014774774774774775,0.041900515107249944,-0.5284397006637616,0.37498356488583073
2014-01-28,-0.4817483470892645,-0.39938555090513567,-0.010790574763268003,0.055011714001970864,0.10136327478535966,-0.4245618528771415,0.4443475867131584
2014-02-04,-0.4427883311801203,-0.37540856031128406,0.05296054201059211,-0.049645079629102744,0.054028319107997436,-0.38537627720567214,0.3996417553985471
2014-02-11,-0.4288971526288646,-0.3741579097749135,0.01307944288643273,-0.024655116586072296,0.052063107980212894,-0.40107923740677576,0.4003667801938695
2014-02-18,-0.4308435792681152,-0.41972853249990316,-0.05544771876164147,0.029513316858868755,0.09244588377072195,-0.398806340193045,0.4139245212864845
2014-02-25,-0.3952738663665947,-0.41401507924730957,0.006490563301122251,0.04681332596893481,0.1120539066360096,-0.41763398006311875,0.4959804895673381
2014-03-04,-0.3885738052026618,-0.4155257663245666,0.03581576686711161,0.0770666561510049,0.11654915299610649,-0.38715114189405786,0.5243597751405371
2014-03-11,-0.3341759311523957,-0.33969890457501023,0.13390841543452586,0.11298987640519223,0.08769188454440002,-0.4102737746211339,0.4528757248080238
2014-03-18,-0.29928918360106194,-0.3737244488226917,0.3060476605049503,0.20038722900587272,0.12220462191509421,-0.38935904462089443,0.500619775609446
2014-03-25,-0.24369598252445626,-0.24927577563303965,0.312947437332376,0.1511715278492938,0.14706478984736412,-0.4352223907000253,0.5561561011359473
2014-04-01,-0.05191544590899903,-0.31359883356221285,0.30132548488184974,0.12780159569354993,0.15878015673699494,-0.4703179387044741,0.571906044007056
2014-04-08,0.034163510068430235,-0.28509340513229625,0.2532847693957812,0.08912212791511595,0.2050452866981078,-0.48105206419747654,0.6008267979816402
2014-04-15,0.08184326766599619,-0.2963898765948546,0.2872018948056191,0.10227465813639083,0.22320546301524563,-0.41685725205195245,0.599607250755287
2014-04-22,0.1520019313623533,-0.29867657341184595,0.2990743900358301,0.09680048373951679,0.201640969395288,-0.4058753938457453,0.6192639430307867
2014-04-29,0.09738570414976258,-0.245126993502658,0.28894652496626183,0.09477929396165957,0.18740838029064102,-0.4167278758440943,0.6189296001071739
2014-05-06,0.0823073111229702,-0.2584084980414926,0.2373870142965177,0.11750712060444816,0.16847105245705948,-0.3634383247652505,0.6265859197577592
2014-05-13,0.15961491864084545,-0.21406373322809788,0.15030254847400734,-0.008111373824316967,0.13786561196181182,-0.3928612627271458,0.6252424673477305
2014-05-20,0.18085175582875676,-0.218804631065079,0.10284203839927873,-0.034377458528928144,0.13924599283781566,-0.3263398030566864,0.5757952611598377
2014-05-27,0.14520932022466762,-0.16778342782850855,-0.08019219617264518,-0.060693082674392725,0.14806240563663814,-0.362584449084879,0.5854677150967406
2014-06-03,0.19409256070182399,-0.17448474381116869,-0.041114925617132585,-0.1176326015950304,0.14596584364200932,-0.43199227026146075,0.5830838821259895
2014-06-10,0.21899615456180613,-0.19158878504672897,-0.0577748117075031,-0.17243302898358442,0.1319651548957666,-0.4085750942345371,0.5115947307715656
2014-06-17,0.2719215291750503,-0.16287090893963346,0.10911683561176726,-0.21659328380427967,0.21018978463899357,-0.44467246596560944,0.13113429585133662
2014-06-24,0.3280750602952999,-0.051553884468907775,-0.15988571088425252,-0.19743926055129032,0.1955859401106267,-0.4804022744288634,0.19583001750756007
2014-07-01,0.3383194973807411,0.02418385111003428,-0.20612702648987818,-0.20850257986606652,0.22043601095693424,-0.3750383435582822,0.26856972052010164
2014-07-08,0.35934616139799724,0.0800824549803586,-0.19436282201238125,-0.20132073741172155,0.16342606402185347,-0.42086741487540424,0.3990809179746976
2014-07-15,0.37775285384330237,0.1203587416305177,-0.17887851001228325,-0.2022976813954761,0.1519706798894616,-0.4057836482366061,0.4699960461084583
2014-07-22,0.3547891458830631,0.15931046227203766,-0.19239291952344953,-0.2614702124778485,0.11402210196761418,-0.3327552475174197,0.462356392080176
2014-07-29,0.37071773559474336,0.18505288739917958,-0.26723002135295987,-0.30284561388760456,0.1049235292383251,-0.4243017246385227,0.5007697094756149
2014-08-05,0.33911768300134426,0.18614275427074206,-0.3293790838254307,-0.33969826175977036,0.05251710347875443,-0.4945361989777404,0.5663398820450728
2014-08-12,0.3142188663192598,0.16515108415382782,-0.3339489428829765,-0.3347740845429622,0.08402951917360618,-0.42207244717393566,0.5326009359879432
2014-08-19,0.3536043004099312,0.06426245134641353,-0.30729559249414845,-0.3501614286434949,0.05599453835164418,-0.4295255438527414,0.5003326679973387
2014-08-26,0.388966694181916,0.05222194557409098,-0.24253641115306634,-0.3741088478280843,0.06625827318097115,-0.47195757973294683,0.5013336720436936
2014-09-02,0.4296865417973473,0.08672063707729469,-0.21786683433715004,-0.3844777896867929,0.03953584714591188,-0.5079653758384322,0.43621081521506067
2014-09-09,0.325070369231497,0.11296636263853678,-0.1788093174851585,-0.3252179407234269,0.10416187629340078,-0.3938323475104059,0.38210272873194223
2014-09-16,0.22629012970287923,0.06841079120380866,-0.2074678220976169,-0.34489704565801255,-0.04890755053507729,-0.39946214613297476,0.06978193146417445
2014-09-23,0.0789269639547638,0.04003658695936234,-0.2565996469956258,-0.3558581931482916,-0.007832255465795421,-0.47441655341247624,0.1140220488046575
2014-09-30,-0.017022820876375667,-0.0510875402792696,-0.21943973577058176,-0.3354382832584527,0.02711359910553075,-0.504758285764395,0.0035147454555439616
2014-10-07,-0.20442880187710807,-0.07385530227948464,-0.20521845462357063,-0.34349803597271034,-0.008290531056714944,-0.5041365254977492,-0.005204538357447695
2014-10-14,-0.261089692171018,-0.15536229098596963,-0.28790513056029393,-0.357212335555438,-0.020488044428075194,-0.47616514452499764,-0.11183562414973965
2014-10-21,-0.27166443936715956,-0.21076636977586374,-0.32154815481548155,-0.3623196313397581,-0.033034780431035755,-0.38691131102625503,-0.1094270564497208
2014-10-28,-0.2819248611238351,-0.2155393770957315,-0.3558046521418798,-0.37543869188819334,-0.04505232184969097,-0.3660601781446882,-0.17699677609771602
2014-11-04,-0.3102592790776864,-0.18539915966386555,-0.3387158913884655,-0.38471671838601257,-0.051742190479492425,-0.34451902641676363,-0.173258559622196
2014-11-11,-0.3073484958699061,-0.2014477384849463,-0.3700228459530026,-0.3532359432384434,-0.08499934063035738,-0.36279308890216894,-0.04992680094906356
2014-11-18,-0.31904224539492104,-0.18254859045588043,-0.3642412464178662,-0.36272916451690573,-0.13672843572942994,-0.38700198411037345,-0.0626412819611192
2014-11-25,-0.34712773998488283,-0.15959098766517243,-0.3837672231597228,-0.35475212694401287,-0.17857101263611483,-0.4109837149966926,-0.10874099355328025
2014-12-02,-0.3075369365999626,-0.18072372041827187,-0.3600747734020327,-0.3447164641668362,-0.17734953538241602,-0.4311401399382534,-0.08215962441314555
2014-12-09,-0.28259054411219997,-0.13098039215686275,-0.28150479005299633,-0.28651009393945104,-0.12286053387748302,-0.37210166548154605,-0.09745222929936306
2014-12-16,-0.29329463039550635,-0.12121258930295424,-0.07114078284057068,-0.3440113425554973,-0.10577041888051403,-0.3817862397610734,-0.034639778825825335
2014-12-23,-0.3303444385508491,-0.12375478538135809,-0.30617400628850805,-0.38902584324225353,-0.10768795730090841,-0.41459132180781666,-0.07297227260948433
2014-12-30,-0.3382509391934572,-0.14421219221441198,-0.285499818812445,-0.39404858980830715,-0.13435890296533481,-0.4250073909340817,-0.10215262022024238
2015-01-06,-0.3981179166155231,-0.16465430016863405,-0.37516879569124745,-0.39604155190052726,-0.15796041414415973,-0.39345458039606207,-0.04666357977054072
2015-01-13,-0.37861274088416697,-0.20169899907621688,-0.3990222114920328,-0.3973500684143495,-0.20799381730817695,-0.40923697037059464,-0.0843144701860995
2015-01-20,-0.42000288537834524,-0.2605011152815974,-0.2076594123126429,-0.40138852490327853,-0.2499617193481352,-0.36156592220525224,-0.07963011657463406
2015-01-27,-0.3896115268269384,-0.21259248744654802,-0.1716407486730608,-0.4107945726953745,-0.24461828972214728,-0.3191868530046255,-0.14296319449871064
2015-02-03,-0.4220101446552696,-0.2403705723988668,-0.1392467660914604,-0.42936381392317297,-0.23180592991913745,-0.2920676789417688,-0.1750691011017246
2015-02-10,-0.4242375896425466,-0.28798901022947193,-0.15920369134333556,-0.43824343279919126,-0.2193776070377232,-0.26996028267374494,-0.2331440604670402
2015-02-17,-0.4086712925707171,-0.29424624151092155,-0.17670447900830313,-0.4233059845669931,-0.16877750883506126,-0.24116823462946133,-0.20768953068592058
2015-02-24,-0.4517291942348271,-0.30712457843984614,-0.14626779807277435,-0.4121729894693391,-0.12881072421429582,-0.23469901895889111,-0.15844555035128804
2015-03-03,-0.44975555571795,-0.32027129483122363,-0.1483566236753873,-0.39114157551170436,-0.16235360842781033,-0.24937443913185922,-0.0495110467222021
2015-03-10,-0.3910315772334558,-0.26616384454340253,-0.15997251069028712,-0.3647246029428056,-0.1588518565454315,-0.2526149670975673,-0.08342864832133486
2015-03-17,-0.18859413667133673,-0.20697961860558975,0.05747126436781609,-0.43108020324443613,-0.20108054696713734,-0.2452823447142354,-0.04893425397778445
2015-03-24,-0.20906015785633747,-0.30596546457917567,-0.10896517522592021,-0.4793643562208483,-0.21644212417199954,-0.25358235833526677,-0.04132073671151827
2015-03-31,-0.17616085635758716,-0.26816482113592943,0.020674104658994406,-0.49279384703727713,-0.20069693283802886,-0.13479980617315948,0.16761611709426588
2015-04-07,-0.25249479728205,-0.2613051766610667,0.0036095653481726577,-0.4874236907414452,-0.18519158401675853,-0.12905660775743755,0.23186195826645264
2015-04-14,-0.26197899624006765,-0.2576378005830511,0.005009577132753794,-0.4682217684854846,-0.1901980339079641,-0.11816831429595862,0.238441372735939
2015-04-21,-0.22601931365453207,-0.21333427969810964,0.010558830018596149,-0.4690566202661655,-0.16725692024722105,-0.07631039655208839,0.31889393996318144
2015-04-28,-0.1953342171663174,-0.1621632102250694,0.04226689884438816,-0.4328250740284383,-0.19876760358303533,-0.029205812451150847,0.3626518471019914
2015-05-05,0.004569309713067788,-0.08254987388213712,0.15475050074022467,-0.4232060259897519,-0.14272373002513433,-0.1567883108916666,0.319391099052116
2015-05-12,0.03293235179707741,-0.032136746618458854,0.3152547437621395,-0.4075769376164255,-0.16759992592027714,-0.12205632811853323,0.0693437806072478
2015-05-19,0.05135739783573768,0.036906570693738275,0.2957919235123915,-0.39278314433711325,-0.1279359498814394,-0.0949891650622901,-0.08472902662261213
2015-05-26,0.044444444444444446,0.060151917839682385,0.2737250262881178,-0.39761348561215204,-0.14445380860534965,-0.2471717300114402,-0.1784035912183489
2015-06-02,-0.08471694978079425,-0.008324737872278217,0.2576042405004777,-0.38634650084149735,-0.14637374423102156,-0.32945667886691477,-0.3193152552643539
2015-06-09,-0.08466269517929033,-0.11569962710123823,0.2995593410818324,-0.31606267466898796,-0.15618423741639004,-0.37946281436715407,-0.31955243694291674
2015-06-16,-0.033913640857224245,-0.10353228797841849,0.269897239572839,-0.25519998857616133,-0.17345108602993828,-0.3074917374746978,-0.24665716053700665
2015-06-23,-0.07791089995180059,-0.21601130498894078,0.3233801271205817,-0.2874876602002739,-0.12423799687641694,-0.3539273479960781,-0.3160728018456806
2015-06-30,-0.10157628563950592,-0.2554549712953582,0.31925298062593144,-0.2890224347398986,-0.07033123315308164,-0.3103057311801712,-0.37141668207878675
2015-07-07,-0.16363676574663835,-0.2686872892293601,0.25783487784330245,-0.27971314651225043,-0.13635446343779678,-0.2536758256653962,-0.42796165418795046
2015-07-14,-0.22600838241041468,-0.29419710902904694,0.13760607414024117,-0.3021106626303397,-0.15406212398056954,-0.1912403513871395,-0.4645127744558153
2015-07-21,-0.25563843900973743,-0.28334699080396974,0.12021531100478469,-0.30792712841926234,-0.13028359196256806,-0.24812850407747197,-0.4139165628891656
2015-07-28,-0.30522250472965645,-0.3458406839462614,0.0038312992430094236,-0.29057383919092583,-0.05648172191927061,-0.2580024282390394,-0.34051804625603543
2015-08-04,-0.2934134581126339,-0.37733630436188537,-0.03919890906173962,-0.30823219212525654,-0.03874745898926866,-0.3155132492925135,-0.3088242927588892
2015-08-11,-0.3111968971356775,-0.39131621113252674,-0.16054216177851044,-0.3188462751913742,-0.0655367874272498,-0.39766749304631754,-0.28680719459591436
2015-08-18,-0.3091717076556922,-0.41296377586665267,-0.22639258511516933,-0.259788430937493,-0.023076073755106546,-0.3584866636438123,-0.27262273088191
2015-08-25,-0.36545321084081706,-0.35370426314573594,-0.33236590063586713,-0.176218808086896,0.018642420406640974,-0.14996275791106436,-0.18152694610778444
2015-09-01,-0.3203964425945834,-0.3404656161785871,-0.23487003839460818,-0.18643057310841255,-0.06609932248047426,-0.05693526838820666,-0.24109612976499026
2015-09-08,-0.2794910909462626,-0.3049682742708098,-0.16845396584996458,-0.21201397750967543,-0.09432388204969143,-0.023817354993707813,-0.30841487279843444
2015-09-15,-0.25962047182860676,-0.25038422063038773,0.09993130053374201,-0.270427728139874,-0.024838027782353264,-0.16145134000879088,-0.06278484048932598
2015-09-22,-0.3587205236320181,-0.28186736948749386,-0.05072875260268787,-0.25688064669519733,0.008644156836525144,-0.13344304239766905,-0.09824610244988864
2015-09-29,-0.34202661179122135,-0.3029096829256048,-0.0710193831907714,-0.27162781473780756,-0.013136868586390795,-0.1262299867771055,-0.089781556956458
2015-10-06,-0.2918426412262836,-0.28773135211545414,-0.10225106887137485,-0.26305812100495846,-0.02826535638792066,-0.1030507085138775,-0.03041027247103038
2015-10-13,-0.23731904466850673,-0.2906592465753425,-0.06732695940917158,-0.23040146402836556,-0.0494663652375069,-0.08142553554714405,0.023830842344514085
2015-10-20,-0.27365406398939923,-0.22379238617228514,0.017542382395868417,-0.17518963523393247,0.04768955284321356,-0.019747016784150292,0.12470970738504412
2015-10-27,-0.2578009758311585,-0.1537616470683973,0.03898265414922113,-0.27836053856907117,0.026939844773318216,-0.1789763131227833,0.1760703147150553
2015-11-03,-0.2648069052042698,-0.16292872129667554,-0.1354108521163359,-0.3313109489915208,0.0012434355860682302,-0.21435739777060867,0.20338670518454777
2015-11-10,-0.3439677062308744,-0.1332762727002084,-0.15508653862171212,-0.33874449897740816,-0.09150197857797686,-0.2855996105925654,0.16501082475755507
2015-11-17,-0.41006151169462557,-0.19996473533871706,-0.22838540502689253,-0.3758622347476311,-0.1441336574343524,-0.3140094109752103,0.1503768016275538
2015-11-24,-0.3745125667660648,-0.26865495123206856,-0.3044622660908904,-0.3946777741292682,-0.18711062126573466,-0.31245227523402813,0.11424826918145817
2015-12-01,-0.301343669250646,-0.2678172686486152,-0.3155985027881751,-0.3953858496216864,-0.15060651928283625,-0.2954616279757796,0.12989105207110285
2015-12-08,-0.20710008079487355,-0.24646161970317518,-0.33058065184188046,-0.3628624550188347,-0.11936377937027141,-0.2765641828046575,0.23112556929082628
2015-12-15,-0.0945557183954839,-0.2687867211171124,0.037184569642448734,-0.39512445749770897,-0.10202297325816274,-0.13687202620033367,0.0473630745788538
2015-12-22,-0.19617877536429573,-0.34250310243854726,0.054749825922610164,-0.3961474222264859,-0.13720646585663338,-0.15385433818872704,-0.009186515359354866
2015-12-29,-0.178713304948357,-0.3531315173379343,0.0725658671661848,-0.4008769104387798,-0.1520403062174693,-0.08751936999872983,-0.005938097368528084
2016-01-05,-0.13899859597377803,-0.3609027069203529,0.072002545946376,-0.3945984451185812,-0.1373737009725532,0.018590257671936096,0.06334242618741977
2016-01-12,-0.18951394029114235,-0.3561251676459798,0.07159472731972086,-0.36744110193943347,-0.1277734983338078,0.10467920088164862,0.060588189038295194
2016-01-19,-0.2730660924300149,-0.4015023224308109,0.018381010346926355,-0.34222778385561065,-0.14861569635076988,0.15206329205941505,-0.10507220601835385
2016-01-26,-0.2614407218754733,-0.4043754538852578,-0.08085251553129601,-0.31627662986323646,-0.17425714264767336,0.199536518142403,-0.17741564543154714
2016-02-02,-0.2143933931965655,-0.3331172710057066,-0.07908034360788277,-0.21555977511455937,-0.16631446726762228,0.15696049964389416,-0.2723135026953743
2016-02-09,-0.04963212590645235,-0.3304804327076042,-0.13791009658260753,-0.14349497312047285,-0.1418711356725786,0.18235117955466698,-0.2724481278321011
2016-02-16,0.025186860121851642,-0.28425426208009685,-0.08990198500947204,-0.11210543329372065,-0.13909510491120242,0.19238508343876137,-0.24755923324205262
2016-02-23,0.08010809363653096,-0.23391442556721398,-0.04851791462853798,-0.11087160218066178,-0.12856220889998213,0.2051395761366819,-0.20280213379115825
2016-03-01,0.13718056154453223,-0.1915566254156008,-0.03163706596128815,-0.16412131486696166,-0.14276443397081484,0.22785550235211843,-0.13208146665395737
2016-03-08,0.20582325778138108,-0.14787177295852524,-0.002593277581215825,-0.16598225847777462,-0.1638700141783259,0.22193052963477866,-0.05721314758131418
2016-03-15,0.12783022641811345,-0.09942799063984684,0.13073291925465838,-0.240551480281013,-0.05379240610324003,0.32472659261585907,0.045341112790411586
2016-03-22,0.16144774662643158,-0.15161065486832934,0.11116422349691948,-0.20367241219820542,-0.15320726823760672,0.3643329850226402,0.03744063615948165
2016-03-29,0.19609743868299,-0.061128201070238086,0.13053004129097498,-0.19331394468175347,-0.15982814521409977,0.3667561297979662,0.06634097989238176
2016-04-05,0.22174954567982819,0.0009208715051977025,0.15514542308642992,-0.15799641393896607,-0.18783776142431316,0.3600829582032116,0.10254689321417217
2016-04-12,0.2648298534922825,0.022133543687067884,0.20720879342002665,-0.15605858455634342,-0.21725967421634507,0.38146557934472525,0.14512256973795434
2016-04-19,0.30860189473978816,0.06399411548363369,0.21776358418957698,-0.1357697438672543,-0.23154138416003694,0.3995263719647781,0.17088749081850987
2016-04-26,0.38239468732137466,0.09909976874793525,0.21616892207186186,-0.11659905937683715,-0.19960300046343954,0.3940225281008728,0.21853265855751872
2016-05-03,0.3671817512877116,0.15293386294645742,0.16393796811983868,-0.06552442566602212,-0.1628173100169232,0.3808665936147689,0.25151730548417084
2016-05-10,0.3010065631705162,0.20738187793050936,0.16198683871572095,-0.06340114442080365,-0.14646631924500775,0.35667385487076336,0.20590501772386005
2016-05-17,0.2181319499820363,0.18256814344295247,0.0926621084148903,-0.06461570149817342,-0.1606552990073508,0.37077195124253504,0.15204837902969126
2016-05-24,0.0010817129447890223,0.16194492240829153,0.07583138352959226,-0.1081966183381776,-0.1343620717170601,0.13801280086089857,0.10846429164000095
2016-05-31,-0.041501304002721395,0.20755149464898276,0.002256230870135549,-0.10571680451908877,-0.13480928247532675,0.09480571760841923,0.12339700475293695
2016-06-07,-0.13242192735558236,0.15914431389935713,-0.15400951681410277,-0.17386078080878734,-0.2557456854319197,0.23689564054086923,0.1478095238095238
2016-06-14,-0.08565110254628167,0.10376397634361408,0.16539086058919045,-0.17359758083847057,-0.17763059077760926,0.4004976555533182,-0.09108041699468021
2016-06-21,-0.08923661704149509,0.02196230439161455,0.16558972362787078,-0.19327662255828607,-0.26079251364282163,0.36138483864280285,-0.0699003718837519
2016-06-28,-0.027776196710114408,0.06946908455320079,0.306052327710029,-0.18363165744070828,-0.20678186017012748,0.4174905846265643,-0.0650223183470618
2016-07-05,0.0671745057474414,0.09886346077909591,0.2493964823542936,-0.20771324338409866,-0.2151057958488894,0.4226118058464136,-0.031717683230094496
2016-07-12,0.18069375884470099,0.150354547842073,0.1722122532683927,-0.23668095860378213,-0.2538639370105363,0.294830772283613,0.02259217877094972
2016-07-19,0.3359291786410499,0.1876482742787174,0.11222046640808313,-0.25685193042002546,-0.32974125511438945,0.2484939949231527,0.05274399864074371
2016-07-26,0.3298785594639866,0.19630925058647178,0.018366435630108528,-0.2814753709050458,-0.3478268377337639,0.21866653322407723,0.005398618957940992
2016-08-02,0.3164399870853176,0.1533175048564645,-0.038236015428176486,-0.27504095112285337,-0.3537393093691724,0.2661203859702864,0.005372350960586254
2016-08-09,0.34180229083177377,0.13269888424470622,0.0024651537841262525,-0.26688600000542456,-0.3700529926467568,0.2923819389142033,-0.014779987944544907
2016-08-16,0.36663842689615195,0.10009630045742718,-0.03610994250455757,-0.252728549299661,-0.3791236200959094,0.3375787348181188,-0.016062679116205972
2016-08-23,0.3735801908223535,0.12714066465073165,0.04765636850887395,-0.2105734471657272,-0.38342261748569906,0.36609288887809854,-0.019777892911044533
2016-08-30,0.38682297346419486,0.17817938846288459,0.1940700808625337,-0.2245486414704407,-0.3723078781047462,0.3873996677397173,0.04071317962835513
2016-09-06,0.3579079851541543,0.1703096613359186,0.03168468173381374,-0.24636621141800868,-0.3515059405437717,0.34196257107353994,0.11798455880937253
2016-09-13,0.3245347833438643,0.13681863389906637,0.030124251363189417,-0.2146202558320865,-0.3279533062220093,0.3397035974662364,0.08280460438158893
2016-09-20,0.07906343085413443,0.11882306638290428,0.20600910916303442,-0.2619983052153147,-0.2468297730054383,0.41769102872003294,-0.15983523805677827
2016-09-27,0.15259631320474626,-0.1104822600589746,-0.15283943647514692,-0.2314530122682578,-0.36696579855663636,0.44397757298446866,-0.13746559818682208
2016-10-04,0.2175628021958047,-0.13507134015870426,-0.06337146557306281,-0.23604387259343637,-0.3717340119933861,0.43595390102428067,-0.15901060070671377
2016-10-11,0.23301317527760917,-0.11253629737889656,-0.16876244461585377,-0.24677512184046424,-0.3735279158026527,0.30525818849156217,-0.16416263475087003
2016-10-18,0.24486262210460977,-0.14925934045285147,-0.2590231866637143,-0.2644542490857562,-0.35877802769657596,0.23620272401616785,-0.0032269630692004303
2016-10-25,0.25623675592371414,-0.1173910362023242,-0.27822826620642455,-0.2761739332086133,-0.3138766355140187,0.27352183513248285,-0.008887572211524218
2016-11-01,0.3259269302240264,-0.1317309914490409,-0.334517069248551,-0.30907622462891055,-0.31006039676488617,0.2613793270511858,-0.02062494656749594
2016-11-08,0.29883687118348357,-0.17614242146239864,-0.4342743138424821,-0.30935845571964105,-0.3541345589133751,0.19446472907842852,0.04806862011398307
2016-11-15,0.3670131890668647,-0.1481614249753051,-0.40698292776850714,-0.28666608939944965,-0.3237082985695457,0.1209356191545737,0.04206906492597245
2016-11-22,0.30404301458574695,-0.14715127204698863,-0.38045554983303154,-0.2745096235233504,-0.3059411483805101,0.058076341083949615,-0.010658507808906753
2016-11-29,0.2260757936978824,-0.16235491539644806,-0.3628582505740956,-0.2666428140164136,-0.3198884781193579,-0.0013305568058722566,-0.03752631051418262
2016-12-06,0.2458303886925795,-0.16924381809877992,-0.3880070277289741,-0.26441878232930244,-0.3169765790758851,-0.14385265879660047,-0.08108329913828477
2016-12-13,0.15350347499145495,-0.19138843915459677,-0.39125524113069177,-0.19548158390275175,-0.3042216680614137,-0.22234413230788647,-0.06826983365913031
2016-12-20,0.05123771386967601,-0.11080316742081447,0.12883935852133732,-0.19531318429686503,-0.2888274626981887,-0.34227323247215735,-0.1663158398316031
2016-12-27,-0.01598712559951721,-0.017143715401450457,-0.18479992674663492,-0.17109009295480931,-0.2687112926604296,-0.39668008552814543,-0.25426431840244074
2017-01-03,-0.031304983222605734,-0.03919960304199451,-0.25140772612477785,-0.16830715045923136,-0.2872366856554686,-0.3941668180992186,-0.258055034255093
2017-01-10,-0.03971719048356299,-0.08755185806337717,-0.2834855630509621,-0.158528655241178,-0.2886691515018636,-0.38111490872985565,-0.3177348871085215
2017-01-17,0.05528865355867216,-0.05439301344871245,-0.2993240434887231,-0.16020622033775808,-0.2895420094238183,-0.3675526087120783,-0.2671652824281428
2017-01-24,0.10907087381726867,0.02529776849378352,-0.29991427252544345,-0.12630806834166974,-0.28242005355841576,-0.33969455949991106,-0.21991544281263908
2017-01-31,0.11887201735357918,0.030383114269212596,-0.34585737923241455,-0.11272103190552867,-0.2915011089613515,-0.2852455328762702,-0.01981119274235757
2017-02-07,0.1467770912755795,0.0721982030669459,-0.29910193727880857,-0.10985683492269868,-0.30585319387905013,-0.2730717346452944,0.034120540750466964
2017-02-14,0.18939696095222455,0.1546507164790174,-0.2418600732909313,-0.11508305647840532,-0.30903020127897984,-0.25105126862054955,0.0510707816883901
2017-02-21,0.24390989260455775,0.18691929867246546,-0.18463572874912187,-0.1396474471925951,-0.310472456050872,-0.24442679426769903,0.05733270396862859
2017-02-28,0.36582014459461365,0.2221615156303067,-0.25351387309285206,-0.11853533656909195,-0.3114879100148976,-0.24445997595331423,0.051434275506987495
2017-03-07,0.3323965702735305,0.19796613844079647,-0.1772492390457988,-0.13668681327516777,-0.3102220088986408,-0.25093815085649274,-0.08608112051356871
2017-03-14,0.3794909129183917,0.12165847408138157,-0.19720316507024965,-0.10754861406019807,-0.4120756313835619,-0.35182854915197365,-0.16020693991882468
2017-03-21,0.3354750604459568,-0.20485548550657723,-0.2811113979302091,-0.04834319686661733,-0.42713878326996196,-0.3495715612703913,-0.33273523668795185
2017-03-28,0.39530731576676437,-0.23185893064035037,-0.38913683410882155,-0.019378603067606207,-0.4213818652954633,-0.26921363558129413,-0.33278874278637116
2017-04-04,0.3615387980054238,-0.2260861109448866,-0.35439630863881055,-0.0286850405187201,-0.4122569010729028,-0.23563549555482383,-0.35996479561901035
2017-04-11,0.36665204963295006,-0.25578267885960193,-0.21655833048238113,-0.04509768468734238,-0.43368634003308926,-0.1752385561117244,-0.3493487031700288
2017-04-18,0.3779892182817401,-0.24340111555184682,-0.2849592237018685,-0.05027764294954121,-0.3806772527262292,-0.1496093155286641,-0.3484823854531943
2017-04-25,0.3933529232951667,-0.25764936194895594,-0.36937417345676377,-0.05083867388797244,-0.34840721253596524,-0.13159531587479614,-0.35051311807404373
2017-05-02,0.39559308836071044,-0.24756606397774686,-0.408555014650578,-0.00403233675500566,-0.304471803315496,-0.1548578831059971,-0.2760099612617598
2017-05-09,0.2147968576879181,-0.4011007415816065,-0.3139020863457963,0.05354756503092271,-0.181934104383322,-0.1787289554002166,-0.2448192114760424
2017-05-16,0.045720874923426184,-0.44650382945376177,-0.43251308044473513,0.08711506073080835,-0.12886909992774426,-0.2696867556514314,-0.2645451125323655
2017-05-23,0.0205458089668616,-0.47579019125892924,-0.3865918949548634,0.14430523411073526,-0.09313696796575313,-0.24446989559768667,-0.2086946677233103
2017-05-30,0.023703898352242868,-0.49026578720047137,-0.3402753524621804,0.16075935404165195,-0.11671829915879058,-0.244587721719764,-0.12530823699748886
2017-06-06,-0.0008534722846105471,-0.44801429837910617,-0.3200394370553665,0.1655023279320539,-0.1479451834002893,-0.24396915969478916,-0.04074040261103757
2017-06-13,-0.01119599285708993,-0.43404453371873697,-0.26225107911059525,0.16667299177735612,-0.14629830893235357,-0.24002335993770682,0.029770792892339852
2017-06-20,0.18338517840805124,-0.3775968582570981,-0.0850760320675587,0.11825907205703604,-0.1931381612737545,-0.29072974860335193,0.42828625611338456
2017-06-27,0.21954798617055574,-0.34419811123937744,-0.12495985440530992,0.14653235470341522,-0.20837704141129612,-0.333959336980485,0.43941557536918363
2017-07-03,0.3217749540874572,-0.2713831774412561,-0.0029357512145696397,0.18334848140574111,-0.1378842878353751,-0.3614503099755777,0.5061327310632383
2017-07-11,0.3750738815856517,-0.05341942693943439,0.0054819070711330155,0.19177887795577467,-0.12464884739320829,-0.4676044472988415,0.5453939383579206
2017-07-18,0.436262933451129,0.04744516935854933,-0.08491767593729013,0.20463676923042448,-0.08228888278342533,-0.5075318609514897,0.6258000556560457
2017-07-25,0.42461492110119387,0.15007612925054983,-0.03444061770914343,0.20228196826443043,-0.1305281514698555,-0.5166666666666667,0.6374191894218266
2017-08-01,0.4360688941879507,0.21318630588284668,0.036169998995277806,0.18072449885621558,-0.13545508899415903,-0.4619476605345938,0.6356061708630476
2017-08-08,0.3869629313392613,0.3050110942256619,-0.03251240666017346,0.20315427451252516,-0.12090864093113109,-0.41152014156433747,0.62999755413821
2017-08-15,0.39792001815645256,0.2674064970368596,-0.029989842559674962,0.1715186477059297,-0.14939580510083983,-0.3602770933097773,0.513064672711875
2017-08-22,0.4043264345686935,0.27331514762516046,-0.0491588322612568,0.18942178298829787,-0.21201511358282446,-0.3438551543927559,0.4963030165570424
2017-08-29,0.4171573330323495,0.27720309909383833,-0.04226590914493546,0.1843548039982357,-0.2301244024264499,-0.3264757730239649,0.4299826214213848
2017-09-05,0.38594050103763433,0.26379743598569977,-0.051667102977224585,0.2071214741025575,-0.2416228406559293,-0.3421435272045028,0.31941250488132944
2017-09-12,0.33643617731045344,0.221553891309212,-0.029812142662673565,0.1765563932912756,-0.16836548297530324,-0.2858504120851709,0.250730875426344
2017-09-19,0.4568174229681289,0.1966981873121881,-0.04425827198104426,0.14556213292260872,-0.05015746709974233,-0.27688937804825414,0.17991530224152347
2017-09-26,0.5008954526578073,0.4101136257441744,-0.046825097447504085,0.20546432042059048,0.0258504723567713,-0.3445100605030493,0.22423010525143397
2017-10-03,0.4881915457722063,0.4238222302454545,-0.07388212066141661,0.2070678402327071,0.11408098726460682,-0.34283827955072926,0.237542062911485
2017-10-10,0.49116106038877133,0.4344972329183185,-0.08691041823854483,0.2175916476612209,0.08541058544913807,-0.39909256898207174,0.15713110257816784
2017-10-17,0.46069551604606956,0.4306698710043763,-0.08938152552204176,0.20265359436122402,0.027065580539810053,-0.3939755802510434,0.20668305832864295
2017-10-24,0.42546708482587436,0.41889583200616193,-0.18150942214987792,0.18764184819490448,-0.00789624808575804,-0.4140488254260709,0.014835498361053781
2017-10-31,0.3909726588837794,0.3671338436734331,-0.27665725336938046,0.16371394056096497,0.00672525834175116,-0.4280390052789641,-0.11503729086877645
2017-11-07,0.36292693057286174,0.3445289967909225,-0.3173820718944335,0.19138772054772432,-0.051683448709880425,-0.4440153367414981,-0.21483714856352742
2017-11-14,0.3491914954360532,0.3290786354377403,-0.3426727568851716,0.18080035567563407,-0.02564973094094281,-0.4794977928836363,-0.22147513503445707
2017-11-21,0.2994322241022749,0.3142497005487618,-0.3587195136660797,0.2051054465116579,-0.0017061061539248971,-0.46970527049755,-0.2242161474463063
2017-11-28,0.28843143800304144,0.31432564351459824,-0.37946293875088,0.18096863958221088,0.025657857824159795,-0.4524487192069879,-0.22889324191968657
2017-12-05,0.2892409648059558,0.2886899299111483,-0.3660278788779123,0.18653881600564187,0.03160444613282156,-0.4799581647954233,-0.21003160329716875
2017-12-12,0.25931515834654745,0.2810919443979233,-0.3024233822215213,0.22519100572621722,0.05472316460197403,-0.455433572377794,-0.18098986413629503
2017-12-19,-0.12026218295810773,0.2960934577027777,-0.22054721574196165,0.17755373520968984,0.11093517898826333,-0.5119100902320252,-0.34347421721607935
2017-12-26,-0.12340194526125312,0.14881733714256298,-0.17025289327046722,0.18513131248191841,0.06657807797555583,-0.49944929182370457,-0.372434824964527
2018-01-02,-0.1625803727998961,0.11621159198605997,-0.21453305490206445,0.23564838874944252,0.07671516394410921,-0.5281223434707933,-0.37626547927604614
2018-01-09,0.044207576358909144,0.11810821231204216,-0.2844427144154665,0.2568175363862265,0.12527766310864735,-0.5384483409395052,-0.24203080032513896
2018-01-16,0.08129307144816901,0.10917231515453019,-0.3005953228700829,0.23481662789249172,0.12008670586456104,-0.5050676033092825,-0.1708208636169303
2018-01-23,0.11814331047770159,0.13359273670557717,-0.30814998536932015,0.2377542990357871,0.13976534479258307,-0.5095464799946918,-0.02746655675047776
2018-01-30,0.09379903569085048,0.18920569228420714,-0.28003637014892474,0.24648195406489246,0.1350221201293177,-0.4407367130730834,0.06220533137335747
2018-02-06,0.09833345254273657,0.23922806599559235,-0.27364536015574303,0.23590931706360974,0.1287742257465273,-0.45244871291256145,0.05996796429278477
2018-02-13,0.07968096027797521,0.2095103760095838,-0.2669086817323278,0.22559651775064557,0.07727879333354024,-0.4439750932082869,0.04131077988053369
2018-02-20,0.10682895671965383,0.15968156208572692,-0.22835818736711166,0.22223514362135133,0.041479284279016364,-0.3993718458663108,0.017326505515481892
2018-02-27,0.08601512946292203,0.15287132527467992,-0.23180909328001392,0.24314713029748194,0.0644294688517264,-0.3674020968122068,-0.01695669284602091
2018-03-06,0.029561248833108598,0.14043411475904047,-0.1359604805209386,0.23850196401987336,0.026661399216973344,-0.31315018011228624,0.0005054419247228493
2018-03-13,-0.007316408854827045,0.12571369385931977,-0.1039528004935069,0.2503253477073461,0.0389374778681646,-0.284402029527552,-0.04211030027515253
2018-03-20,0.18430929001079635,0.13626276076342655,-0.18611894819997743,0.26709983016878486,0.14955742761475785,-0.1372792511700468,0.44121217571152377
2018-03-27,0.07704419019628425,-0.21204377273297378,-0.21153889224842662,0.27441741935107355,0.19314257941643542,-0.0226366654735309,0.3903227187125492
2018-04-03,-0.0006891482128089681,-0.24995882643578102,-0.20336931095333854,0.2722042955211606,0.2345000784806153,0.024002472819148222,0.390343890057138
2018-04-10,-0.026830696005143508,-0.2541465724075397,-0.2100735179102143,0.2901649731210301,0.23533788515406162,0.018260340471686884,0.4080767993135257
2018-04-17,-0.10183513838748495,-0.23658464275126,-0.17828577238527757,0.2975765767181631,0.2321005434914827,0.01758768386969773,0.44928951608965284
2018-04-24,-0.02768967344775572,-0.20882680265103068,-0.14400597149456368,0.26427793764696833,0.2032628681470521,0.0037555479685899623,0.4411663807890223
2018-05-01,-0.038926367947512544,-0.22629770866892404,-0.2309920691456523,0.2365660176706386,0.13533888606633515,-0.008762793366471868,0.3481357000315093
2018-05-08,-0.10464100259636509,-0.18514552635458614,-0.3330132788559755,0.23393033241965167,0.047605427908602664,-0.03466263898055542,0.2523076923076923
2018-05-15,-0.13316427974526698,-0.18379587904403766,-0.350975494498076,0.2278970687805129,0.029483655742520248,0.02251990380084572,0.03261849884757992
2018-05-22,-0.14044704630122407,-0.19256821287412393,-0.3578718179899864,0.21078348519537193,0.03056557847273975,-0.01578292911086267,-0.0225453222178113
2018-05-29,-0.14896809063107075,-0.10637648733855384,-0.40517772180240696,0.1684686854347027,0.046054485902283046,-0.04690117252931323,0.02240775394654767
2018-06-05,-0.14045818505338079,-0.10130939823265979,-0.3887891976563197,0.15484645671340844,0.030679715466001695,-0.023469081175570852,0.07061951180214292
2018-06-12,-0.11061979030524818,-0.09547408988119883,-0.36787001827250726,0.14714933092712834,0.040684843606852886,0.03027379447137712,0.10828606315399002
2018-06-19,-0.31724498358531955,-0.0736091268173796,-0.34141729255029324,0.07552906733584275,-0.11127978121813294,-0.22996488641434032,-0.3680613281610788
2018-06-26,-0.2973837947675895,-0.20598117224444681,-0.4092303057041094,0.0704304057268329,-0.12722920830311926,-0.22284229582068948,-0.3900413094656421
2018-07-03,-0.2781302951456586,-0.31228803657928145,-0.4440326330102197,0.07543556045499054,-0.1560774828906411,-0.23004276550249467,-0.4919144496609285
2018-07-10,-0.3031197520178145,-0.3315716220282877,-0.4462351240129018,0.05099917084732703,-0.22617881354508965,-0.2187778058506256,-0.5034194025044045
2018-07-17,-0.30638552030725497,-0.30067056298163075,-0.4583152079345746,0.04368204969146887,-0.20706274612478695,-0.27226769043651033,-0.47070642580839
2018-07-24,-0.3405736876389856,-0.29391644270706085,-0.4987913499858446,0.0596780526109148,-0.2439741113836839,-0.3680591936216178,-0.4695749354503064
2018-07-31,-0.37484798834880756,-0.22508609441509272,-0.48762335481179814,0.04567548692170231,-0.24901206541388154,-0.3465019284694735,-0.4570016983171221
2018-08-07,-0.38615943414261134,-0.1717885382311949,-0.5070713735840756,0.020830622296356762,-0.2678182993092024,-0.33425402603484794,-0.47793214988600713
2018-08-14,-0.34698267197362603,-0.1810441933589026,-0.5051229508196722,-0.003397452575246263,-0.24742759379200782,-0.31408676560801574,-0.4755736887115165
2018-08-21,-0.3455426396602867,-0.18548569781091043,-0.5194213739618283,-0.009097281339204002,-0.27070679854351676,-0.24990247656801864,-0.4532475258233735
2018-08-28,-0.3157756961738737,-0.16785731214322958,-0.5241431014689689,-0.013643304782999827,-0.29561768910340164,-0.24876000907705773,-0.4385125723920534
2018-09-04,-0.281827259111333,-0.1739443790581732,-0.5003406289869075,0.015093474152686139,-0.26600305693542226,-0.2801879717502846,-0.4462809917355372
2018-09-11,-0.25068878315918103,-0.1694742536515405,-0.44254434832684436,0.020290939741176982,-0.21888494935653643,-0.27858427942180036,-0.37954381672225107
2018-09-18,-0.417554955176225,-0.20002258565943482,-0.33986470295478427,0.0035817943370670567,-0.34514472841920074,-0.3184231424276175,-0.5570182312072298
2018-09-25,-0.45389610798621827,-0.1687765171481158,-0.2982365049047787,0.0077341430188687145,-0.2980158342293031,-0.393353948443652,-0.5585675685159841
2018-10-02,-0.4636809744554571,-0.1451626836719468,-0.24523330283623057,-0.014804730174879703,-0.28190693365638136,-0.45206657761111796,-0.5420209750566893
2018-10-09,-0.4291687651530236,-0.09996789832824371,-0.20696065435970384,-0.03336488894217056,-0.28737728509753074,-0.45466780332630813,-0.5226394683974657
2018-10-16,-0.4583108957099264,-0.09549685403775154,-0.25565096310048735,-0.06252730135798286,-0.23965294039256002,-0.476402632451115,-0.5666826692270763
2018-10-23,-0.446670348294708,-0.0612267371434864,-0.24546172059984214,-0.06186648810094952,-0.21236494760577126,-0.4512869390156728,-0.5631613925668422
2018-10-30,-0.4271536034942975,-0.0814712930772606,-0.19149469242434233,-0.0647467182599939,-0.22491739486326762,-0.4510789560490958,-0.5866070531498041
2018-11-06,-0.44130442001793246,-0.022634240308210932,-0.25837704811864515,-0.09181427420603576,-0.24965057095387536,-0.4254987992532931,-0.5015988145375136
2018-11-13,-0.40862640555042895,-0.022877236698661464,-0.2396269435391413,-0.07115754267261264,-0.20566072332920035,-0.44143615414491,-0.41723482955113467
2018-11-20,-0.41713657381301456,-0.044713510746457547,-0.24198520345252775,-0.08816199900318644,-0.1910650565135615,-0.4484324023948661,-0.3605411751551406
2018-11-27,-0.39403929939471916,-0.059467206901779195,-0.26677472047408607,-0.10227614615176041,-0.1717896399657737,-0.4502332647133714,-0.3790786948176583
2018-12-04,-0.34119861517259925,-0.08252631578947368,-0.2505442486836776,-0.11140582581933031,-0.16864372263516952,-0.48390239601472435,-0.37795485199119755
2018-12-11,-0.3067837266026116,-0.07224045069027425,-0.22408547805392673,-0.0917107267676315,-0.165891679018236,-0.45812583605172374,-0.24351702430217137
2018-12-18,-0.3123853129286847,-0.03894482859470639,-0.3231608474409033,-0.10504814014328341,-0.2962849112945723,-0.47829830407506,0.11494524010109519
2018-12-24,-0.2656147774294138,-0.28073746034737274,-0.32992038013887515,-0.11501161822950381,-0.26638147748121666,-0.44145898119024496,0.06801290141635115
2018-12-31,-0.21474662658868887,-0.297641154623666,-0.37693784142920417,-0.09219227409454017,-0.2678684049512872,-0.40986661980168715,0.06619433198380567
2019-01-08,-0.2963302896231447,-0.3952097242597527,-0.34554396423248884,-0.07877445121417952,-0.2850664136622391,-0.26597664451423714,-0.05160381156891693
2019-01-15,-0.30291836864947663,-0.3823213930156528,-0.2446139820546039,-0.06220526728781149,-0.2757356628945041,-0.20245099108135808,-0.09686985172981878
2019-01-22,-0.29923827541571246,-0.37147208794119596,-0.2599572073856882,-0.07778426939010881,-0.2473877851361295,-0.18661291005490138,-0.13868657257698933
2019-01-29,-0.26352632226826966,-0.37308297937093937,-0.2781367300473817,-0.08809886241495599,-0.17027905716607966,-0.16280466369814858,-0.08887766696124227
2019-02-05,-0.295356165519529,-0.297001511961452,-0.2648168182216894,-0.09919292646239129,-0.17162387598160883,-0.16292423322907426,0.01606272390908557
2019-02-12,-0.27088257697714047,-0.2658955033576063,-0.28716638431416114,-0.11863497373878398,-0.22022789977333102,-0.1655242966751918,-0.03141786034019695
2019-02-19,-0.2868529596124529,-0.25548310194923574,-0.31295234010614914,-0.13943907286247012,-0.23539900150566606,-0.2035669454361683,-0.020131672016975896
2019-02-26,-0.2738885227812601,-0.26538907066067835,-0.33674296265791676,-0.13712772722455221,-0.1943087620320194,-0.21301260219813276,0.02581410455559635
2019-03-05,-0.28736783449599007,-0.27597030405589823,-0.30273420328807726,-0.1442834649738903,-0.18051442658025707,-0.24775573079393287,0.036144884773871906
2019-03-12,-0.2679720125342638,-0.256679108910272,-0.27234375730379096,-0.14112467487945388,-0.1911867373839469,-0.2987355539066709,0.10860936540188064
2019-03-19,-0.36452641485581044,-0.28558960318504084,-0.35824022346368717,-0.1608205773513366,-0.0981872358019147,-0.3746409909282994,-0.031096110219664692
2019-03-26,-0.3797710193741951,-0.27420640145241876,-0.3762803457450475,-0.16490825876533471,-0.06003203760571361,-0.39531006395367335,-0.00473733583489681
2019-04-02,-0.37204661345008944,-0.2932579065766839,-0.3567925886683782,-0.19927790290466268,-0.06736032449077874,-0.4000369808337265,-0.010341129608824431
2019-04-09,-0.37124768038423756,-0.28889156368694163,-0.3795460981431288,-0.20654238850130557,-0.0457182950359586,-0.43152966163054496,-0.03944253836538206
2019-04-16,-0.33325276881300026,-0.3389524341393123,-0.39765682206492553,-0.19632871334722,0.006221238579776251,-0.4354908058274755,-0.08527932221339687
2019-04-23,-0.35429161341067744,-0.31041582242905136,-0.39883121712798175,-0.20762937197915396,-0.011624886760299269,-0.4554110633043277,-0.12075153985908628
2019-04-30,-0.36911114308413145,-0.30242939863487855,-0.3869278246140067,-0.20377846640987768,-0.02885685319354121,-0.4898560418644226,-0.23261478504445257
2019-05-07,-0.35090017775973525,-0.3048764362876674,-0.38957625867414736,-0.2055175272428634,-0.04438322225161461,-0.45525707081236166,-0.2633079847908745
2019-05-14,-0.38679325047408536,-0.3214145807724,-0.4266277110746199,-0.18891686159457638,-0.021148171046509404,-0.34102551322733743,-0.22756754605865265
2019-05-21,-0.36077534693610264,-0.30022319841912964,-0.4247137047902767,-0.19588779397119285,-0.13750387768085767,-0.3230738611751759,-0.18555714968914394
2019-05-28,-0.3688704928051558,-0.2806926357610236,-0.40479803875788,-0.18571417926296296,-0.14956294114897398,-0.3273278756110489,-0.2606155484901793
2019-06-04,-0.37175112040457914,-0.2747844969401856,-0.4353415496783072,-0.16920421778488987,-0.21638396578594468,-0.2645193969370121,-0.2966259453170448
2019-06-11,-0.3191427071555484,-0.20626585935733488,-0.3434335037477313,-0.1598938855216374,-0.20255356472753083,-0.2666379356148937,-0.25796438229034996
2019-06-18,-0.36357980056165606,-0.23676731241643087,-0.26261427044995844,-0.10386542946459584,-0.2498039644332077,-0.13398959790987552,-0.38088418430884186
2019-06-25,-0.402571308903066,-0.10753000879724886,-0.29567635450304985,-0.10786404474360374,-0.2839748871318233,-0.0727701719031261,-0.38903085980461927
2019-07-02,-0.3621459312147781,0.0398296180964316,-0.21159831383209235,-0.060911376854713324,-0.2860488621538708,-0.008804850920311434,-0.43681044040932804
2019-07-09,-0.34010730884038437,0.05596874582933961,-0.20114188720006174,-0.06878873142186394,-0.2954162753796833,-0.026897603453737744,-0.4095201209841024
2019-07-16,-0.33332065375885983,0.11459119084319963,-0.22473804187498803,-0.05850726325375853,-0.3012538269734558,-0.08733423379174853,-0.34620689655172415
2019-07-23,-0.31875103803354926,0.16409014018367424,-0.24720343270437894,-0.07208252787829282,-0.3167864615037309,-0.06882454401996403,-0.22611252913106203
2019-07-30,-0.32788916975482857,0.11903900744199301,-0.25063575815240896,-0.09588045980277927,-0.3266493709780277,-0.030379856239466443,-0.23168208831715942
2019-08-06,-0.3118192593091904,0.13996536485633365,-0.2897066083644827,-0.08068522860814772,-0.3459097890227144,0.0688739907915846,-0.2024120004901017
2019-08-13,-0.35827491358052815,0.08827497031598709,-0.2386717526305121,-0.08472286040678742,-0.34979611654029663,0.15437602560662878,-0.22450955839385592
2019-08-20,-0.37110093098862124,0.08365792462637242,-0.20234433301177626,-0.06996422294521432,-0.337932068406946,0.20143280185178,-0.2909496494582537
2019-08-27,-0.36821275158067474,0.06861899937704898,-0.0687770357097609,-0.07390323102853932,-0.3253352822949023,0.21288847220990487,-0.4027554428500742
2019-09-03,-0.34086690686756194,0.03195416855838849,-0.09593047135557856,-0.08983570830453749,-0.3118951820144202,0.17543792937358987,-0.45226827074763737
2019-09-10,-0.2907186531764964,0.06294726261622,-0.045071300553261126,-0.08518296340731854,-0.3257263535585762,0.21526846635005978,-0.40725652102586535
2019-09-17,-0.29033987193231536,0.10555659096355068,-0.08680244632004115,-0.13622653356435485,-0.37346330802353767,0.1822361386894761,-0.5268828207227225
2019-09-24,-0.2931212392461087,0.037328174154791616,-0.18533740822706993,-0.12081287354858221,-0.3422342331657355,0.09000464703645811,-0.527452913125716
2019-10-01,-0.3041875072699779,0.04832094824228446,-0.17614989921202126,-0.1288798946739228,-0.323383335011242,0.09164361912287633,-0.5650918670090337
2019-10-08,-0.2780400262972417,0.039036038352742365,-0.1703811095516449,-0.1465360117208601,-0.2965580649342233,0.07340403548883807,-0.517894651254184
2019-10-15,-0.2904798516023529,0.08694048122136586,-0.19711872519802973,-0.14862466211121036,-0.29983272299832725,-0.04210973514175021,-0.535001871757848
2019-10-22,-0.27980916030534353,0.19607762543671647,-0.18395300150927474,-0.09658591037659991,-0.22777816387518243,-0.11406593406593407,-0.5461570905726608
2019-10-29,-0.2625518104324705,0.22945081091324465,-0.18998052106160215,-0.0990169751339434,-0.1511851347443635,-0.12048738118248657,-0.5574519164436105
2019-11-05,-0.16599859984759402,0.27997428479588554,-0.20857711296146195,-0.10783262564437565,-0.1407300416349598,-0.15022077174121712,-0.5172848684385206
2019-11-12,-0.2548507765613974,0.23180865788077223,-0.22213733729027707,-0.10125771034560258,-0.1344070096315548,-0.1907401351645956,-0.456394689775046
2019-11-19,-0.27397419167754095,0.16708246748360434,-0.23733931372117908,-0.10819489379233463,-0.1463158474055457,-0.19200855052207513,-0.48032789128679537
2019-11-26,-0.24586520374476206,0.12156558111741858,-0.2712822369952663,-0.10617339441611202,-0.16388491851904957,-0.20107773725964223,-0.5057312252964427
2019-12-03,-0.19605764470370451,0.11665217863740085,-0.2814619299597136,-0.11700761195952038,-0.126946441697576,-0.22323933471195903,-0.3754364003060018
2019-12-10,-0.2028033675673293,0.12256897866078868,-0.27580964970257765,-0.10464297813949819,-0.08824297513574193,-0.2198389531957725,-0.33699497300316517
2019-12-17,-0.303431832395247,0.059068500670333264,-0.17968521823787117,-0.12100058387653498,-0.028672626075223476,-0.23560317931540534,-0.18531799729364004
2019-12-24,-0.2962839355625441,0.05355274601994126,-0.16011579818031432,-0.1349808936056033,0.04216052704294586,-0.1937253814787862,-0.16718850525412823
2019-12-31,-0.23334043394905815,0.06781619664590757,-0.10312713910004684,-0.13333393114951084,0.05993210306406685,-0.1446109529851514,-0.10376661742983752
2020-01-07,-0.17274738650555665,0.1387766058232805,-0.09052972753975488,-0.11091844443644998,0.0835991695782065,-0.0755610941799203,-0.029290185425770637
2020-01-14,-0.14214072270488629,0.17269711768447502,-0.003908953947636304,-0.08434648194538538,0.160438800016282,-0.17094249522742477,-0.007420196912704775
2020-01-21,-0.13838024634709417,0.20304778468260196,0.030495552731893267,-0.08076590101758267,0.12805138086062942,-0.21957569297422622,0.03795031055900621
2020-01-28,-0.17559867535301588,0.18647000792457102,0.06798211508553655,-0.09830108234398198,0.08706544797680749,-0.19481502711998228,0.04430107526881721
2020-02-04,-0.23940040695359843,0.10668390804597701,0.09866613178216829,-0.12624895325022112,0.062388009511685445,-0.1152047306646184,-0.0501693673899112
2020-02-11,-0.1840160425397684,0.05814371472734462,0.0731953754979112,-0.13988054418036588,0.09934598639199352,-0.13511366098791674,-0.08327544641032975
2020-02-18,-0.1999253154090315,0.04746262856865293,0.02934120335110434,-0.14819259352828482,0.13487113532749742,-0.13367807455642805,-0.23175810592374252
2020-02-25,-0.20556524347940222,0.08662532060964702,0.010770737166037207,-0.1822694117139281,0.14006180171398017,-0.2518445405173646,-0.26289491758241756
2020-03-03,-0.23288537053307273,0.06590825550896823,-0.059556176059960324,-0.13539791085285238,0.1637940672281434,-0.21332231205016028,-0.2698139927124604
2020-03-10,-0.2556913128482364,-0.011356762124342277,0.011788247414510442,-0.01921714447827584,0.12292177323341971,0.05126062038107687,-0.21645972351268405
2020-03-17,-0.19170925686224796,-0.052545362215172246,0.20916775401372895,0.05525270524862442,0.10235628112833522,0.261868982022597,-0.4537012173290369
2020-03-24,-0.18658445413295632,-0.23541770643826573,0.15896902525433093,0.10732183944274593,0.060617536980930316,0.19000111470293166,-0.4257083621285418
2020-03-31,-0.24174314027881694,-0.1784426849809994,0.16680716188420946,0.1345658919224579,0.030219214893539757,0.15200798204040908,-0.41145513999591254
2020-04-07,-0.2721750630497632,-0.20789973026556505,0.18439669639037873,0.1435450344963106,0.02456791601804175,0.18896243517854885,-0.3635438892472585
2020-04-14,-0.27720687988273635,-0.1983338620010351,0.14233755119506084,0.15940967423131214,0.021112040133779264,0.18419575527336918,-0.36617100371747213
2020-04-21,-0.27595498494214615,-0.19709932102992253,0.14058128247587506,0.15954677578974905,-0.008690833060432779,0.20289696894100037,-0.36418665236380354
2020-04-28,-0.29219894396184637,-0.24684684684684685,0.15349887133182843,0.1461816754176436,-0.041020949480560946,0.22474362985365176,-0.33389875687595416
2020-05-05,-0.25875337411924854,-0.2686672254819782,0.21488264335162865,0.1408707885913475,-0.07452679674453543,0.17899001591665462,-0.3369917966285045
2020-05-12,-0.2740515534100755,-0.2677060762289026,0.1642738886555141,0.1427660511319517,-0.08217664857595697,0.18215426745778182,-0.3499823664256745
2020-05-19,-0.29788323531405075,-0.26945633709713374,0.2252619625251639,0.13260454015489595,-0.10565057251271323,0.1856394661260348,-0.3594454386879007
2020-05-26,-0.29607069821793747,-0.2614883441535938,0.22366400491400493,0.13510935807697905,-0.1179803869599788,0.22066991015577675,-0.3293991416309013
2020-06-02,-0.3013118822851571,-0.25793144244839505,0.2227646708961142,0.13925647600894095,-0.18956757723337786,0.20523109680426854,-0.2776930184584309
2020-06-09,-0.26325070536074163,-0.20611992462165551,0.042472342472342474,0.1613199193813616,-0.1295647770007435,0.1125426175729413,-0.24064995397229774
2020-06-16,-0.07193594925277799,-0.20282681012940296,0.04494444910866706,0.20372943912310698,-0.09590667114287084,0.17370194913856088,-0.07071483474250577
2020-06-23,-0.051289159966731356,-0.1976435320456874,0.03423248776566822,0.20232960553174553,-0.10862691032823912,0.18995634698268407,-0.0005110558413682669
2020-06-30,-0.028889904428858113,-0.1736000067683613,0.10478260869565217,0.17068917338521883,-0.11276216262678357,0.1737088860092311,0.011541578862052197
2020-07-07,-0.006602292727013271,-0.13873261511556928,0.08374154937382246,0.17459942933321648,-0.0908044450347545,0.12155039656431427,-0.01015082135194851
2020-07-14,0.039631843486856215,-0.133612156510341,0.14571546562048318,0.18333107431295476,-0.0757555481208877,0.1354842048453753,0.033642551653514846
2020-07-21,-0.0018815625229458843,-0.11627647869866162,0.14466925459749833,0.1965492634530628,-0.08362122027093719,0.13531110270103583,0.06855006231823847
2020-07-28,-0.04408789430164846,-0.0896432491373559,0.16297611923010097,0.23205761710839293,-0.14201954033267752,0.16742331252312517,-0.023380001106745613
2020-08-04,-0.008713437650697573,-0.16918184404198364,0.20538293524977103,0.256283738251463,-0.08333144719569055,0.19895801681353187,-0.03761136652900075
2020-08-11,-0.028541035921773997,-0.2158527230887241,0.30331142210913203,0.28275000070775613,-0.015753527930262298,0.17992793824800699,-0.004769771903645278
2020-08-18,-0.026414580848628442,-0.23719632768361582,0.25852728374380723,0.2797287124493999,0.034772752789465525,0.1399548532731377,0.09755971058841835
2020-08-25,-0.030579192972824597,-0.22629421798899327,0.2235283036639352,0.3007511962470014,0.03193376025729487,0.1600509647380941,0.11418288892524128
2020-09-01,-0.0012032290291764808,-0.1921861656703672,0.21461221015230306,0.2817873107126642,0.033828542028426264,0.20287550883348637,0.17309412583242223
2020-09-08,-0.014185480009160877,-0.12610995654638202,0.21930291845820174,0.284914777744643,0.06444786456329357,0.14346798991725285,0.11124480668376961
2020-09-15,0.12304459313881681,-0.11504484868237898,0.23021884718856728,0.27132034993785836,0.015287787771103215,0.15370823036424197,0.09047273539096946
2020-09-22,0.12265227378503761,-0.16061039093600082,0.3068144578313253,0.2863423827902259,0.019421674431404926,0.1747759245144785,0.13800545206724216
2020-09-29,0.06957679372197309,-0.16641197238762712,0.26729744471950656,0.28680066838234397,-0.08013253777137863,0.15659705113141037,0.09267043398379868
2020-10-06,0.08210022782491541,-0.15856015744434096,0.2907766774723567,0.26728821486348686,-0.07220691903084996,0.129441063892433,0.14705882352941177
2020-10-13,0.02807380482368281,-0.11122044015874577,0.2550445259298062,0.2609813282984996,-0.06610511265924372,0.1206163655685441,0.16985526970085582
2020-10-20,0.05032781999701982,-0.154746645465903,0.2729409534641266,0.25740886380100114,-0.013665309245948236,0.08539294723976615,0.17702104839790855
2020-10-27,0.06819524244214144,-0.14761893090855616,0.2939793306153409,0.24428450731652163,-0.04757686592753457,0.10073639526635214,0.1731950084183421
2020-11-03,-0.009780278670953912,-0.16563110527495756,0.2915329210052454,0.22357324684510174,-0.07994331978039976,0.15208578032053954,0.17452970297029702
2020-11-10,-0.06676109175822073,-0.1564533622559653,0.30201035638135854,0.21171906421510095,-0.12518925190666874,0.2282827842500463,0.16752415065668078
2020-11-17,-0.047195480086636814,-0.1490257221075439,0.29392417528311177,0.20998642518332272,-0.14204733472412057,0.1797204872995584,0.17495610314281768
2020-11-24,-0.040119819662284936,-0.11962534529160719,0.2974120822418036,0.21448540568382446,-0.1198254032652947,0.22418566820610242,0.15212298682284042
2020-12-01,-0.08261491505197856,-0.14372509353666704,0.2834781262697599,0.21382117424804015,-0.053747125185417036,0.2555669731483325,0.16366428765019422
2020-12-08,-0.06305839780384327,-0.12676891478033364,0.1897782309457048,0.22891456952576347,0.034778053890756715,0.2491439330457362,0.1722139697360474
2020-12-15,-0.07341594759715311,-0.08008969066911277,0.18994950217733528,0.2158646426582005,0.028599147930990845,0.227414040151668,0.299417746086663
2020-12-21,-0.03248954144089168,0.06440097830737498,0.21093706031329143,0.21819896618493737,0.04171334522772222,0.2341588559526531,0.28263884576372933
2020-12-29,-0.047039599736821175,0.09949243836751606,0.2249255782001374,0.21302388322367685,0.03454636448130407,0.24350231931459368,0.2615882291557967
2021-01-05,-0.026743238895771872,0.0930286182777792,0.19115607408011748,0.21230023220871466,0.02559196698531517,0.24250711479829729,0.2541848540068653
2021-01-12,0.03772802080019915,0.07705760331897239,0.23871700821306116,0.22994253280468233,0.08463027386152598,0.2647646100067606,0.3285966441003642
2021-01-19,0.033683801972512355,0.06695152077079186,0.19410673810014423,0.24162952780056612,0.09317044651112198,0.2611151717656886,0.3456232159847764
2021-01-26,0.005388857436413579,0.08152946191739295,0.208784161201564,0.24407468203450677,0.05153405194166591,0.2321305115002425,0.31531493034783353
2021-02-02,-0.01028434424160848,0.10177357655464576,0.28802722694365757,0.20281116769303648,0.059689633767846056,0.23372331734294152,0.22979185163263294
2021-02-09,-0.0015373993750756245,0.06013101594153508,0.2344623479118711,0.20831773423897218,0.12410599373534476,0.18824258704411612,0.23726235741444868
2021-02-16,-0.020013621465158848,0.051260155965491695,0.17405859480589692,0.20718271696650148,0.12946652805195716,0.19765148655903975,0.28503419745130243
2021-02-23,-0.011262486145627526,0.05472589112352278,0.2174068903060262,0.19853899178667156,0.17529325886566963,0.15619355296403215,0.30386442365533406
2021-03-02,0.04029912477318817,0.09085951069720018,0.23262564744720815,0.18043936874578398,0.213045352290642,0.10181222592064247,0.3377035009364645
2021-03-09,0.05371515998137431,0.06344538300650573,0.2509764943851573,0.14120032182882972,0.18696829186262565,0.03082135066975164,0.3333203581159984
2021-03-16,0.0588776164610071,0.05490231742023838,0.12296959326049757,0.14081258010851722,0.19319755463235047,-0.269734362902618,0.17442499638362505
2021-03-23,0.044584171193613256,0.03146697909601036,0.07498302960680904,0.1454909982102434,0.14933065045992117,-0.33332087855972997,0.12349358220270305
2021-03-30,0.08929260567226126,0.039695735053197644,0.09981295300444237,0.11430258819663287,0.17856044184033368,-0.3581229566924156,0.10993071593533488
2021-04-06,0.029631680974799224,0.01619330837115785,0.07429539574604482,0.10506464427366413,0.14194342468482313,-0.35292435031343194,0.08395537362549162
2021-04-13,0.026920570352280623,0.014477753842080561,0.0194234259717606,0.1030568183745169,0.1719931444702087,-0.3524853262085099,0.06556524001561077
2021-04-20,-0.01326312542686554,0.07650235351872708,-0.03979062666602045,0.12213288192975032,0.15329444857104588,-0.36777969738516686,0.10636936404804095
2021-04-27,-0.010018758526603002,0.08697191474296209,-0.01682073412941667,0.1204736992465093,0.18119577553007424,-0.3131754619288029,0.15824679152872886
2021-05-04,0.01072292570232984,0.1318331241711844,0.0014167889490461975,0.12522789442527793,0.1299454632351497,-0.2717650449317509,0.19319281038400107
2021-05-11,0.017146060877032368,0.19127528409794262,-0.06855837441385115,0.1346894985879454,0.16196826856748678,-0.2737985879635705,0.20575153036508564
2021-05-18,0.02184289414709392,0.22173175035943893,-0.09657624201802455,0.13723714355215763,0.14380927078881406,-0.3292767261046876,0.19580581624377244
2021-05-25,-0.006001928926478225,0.21020658986002178,-0.027641828082994417,0.14089506298280266,0.18101575230852798,-0.3273975821823024,0.19403322409311788
2021-06-01,-0.01424006154665562,0.2130181649829444,0.007042865837753239,0.14731854694715793,0.13825056446344455,-0.29067005570944715,0.1281430393704192
2021-06-08,-0.06348896663078579,0.20577315464910725,0.02186902971423926,0.14426657014178662,0.1615016142003007,-0.23091489677706817,0.12021046656332554
2021-06-15,-0.14403441359143526,0.174961255021033,0.2533124645815905,0.17011984649975098,0.20613998551829757,-0.30155961354025196,0.08611821802547939
2021-06-22,-0.11889942765908507,0.21315468940316687,0.3235216882713839,0.12817571574141773,0.10466487622606259,-0.2826733842399433,0.08364515718467609
2021-06-29,-0.12670662433621388,0.23257738869028274,0.25923062505857,0.1249539376993942,0.1047272942149737,-0.35715745689787326,0.075546527374734
2021-07-06,-0.16877952114664205,0.20371433094550204,0.22713963208833457,0.11036871070643696,0.12251164819921358,-0.33668872753127727,0.04217357984481272
2021-07-13,-0.18454437642232122,0.1327334762523023,0.15615701032732365,0.08667222099652806,0.046238649221039194,-0.2761047872888719,0.07606622235828839
2021-07-20,-0.21818870969714013,0.06822215648572696,0.17976975522521516,0.06708194561358563,-0.018523521217032952,-0.28981128543273305,0.06988963586719593
2021-07-27,-0.23443160152526216,0.030761129014716573,0.18955430510896748,0.05623237483923493,-0.030662502090379937,-0.3056266636750263,0.032329988851727984
2021-08-03,-0.24299984107270042,0.04372571200815901,0.17766628980591673,0.05634915810589022,-0.0004754717398395559,-0.29163716299764325,-0.00760358421261961
2021-08-10,-0.2871341896565779,0.037674386079416325,0.21430943997874177,0.04822261279764364,0.03952480782669462,-0.2942643270541549,-0.022103234097237096
2021-08-17,-0.26941716413120226,0.014989293361884369,0.12605385751619133,0.082960080139092,0.026072820024105166,-0.32167739637140896,-0.005314097055764099
2021-08-24,-0.28638507154566983,0.034270819362400645,0.09367777955746745,0.03525890169165425,-0.08527443651141237,-0.3428220303686297,-0.00779433296012402
2021-08-31,-0.32994661804441905,-0.016709790599569348,0.09231305155596842,0.014857256314617578,-0.07680016493995155,-0.32541404852602335,-0.04433079344045056
2021-09-07,-0.406308362730857,-0.03524802646241188,0.004935723420007628,0.03775902998848915,-0.12177427764177785,-0.3048646268985252,0.06651743435213087
2021-09-14,-0.5061890279067791,-0.05283197122498691,-0.12914991321160987,0.04257374805160603,0.033588814013337354,-0.31389259089583943,0.1739983738469734
2021-09-21,-0.4613891704224441,-0.23519337203023757,-0.16216263767198003,0.01822856617519619,-0.0013632838882357355,-0.2932384304414449,0.22081709411027228
2021-09-28,-0.47759980980709793,-0.1713871902156421,-0.19804806344648412,0.0013052583049304935,0.011433694468862976,-0.2948487966563163,0.30427939298547796
2021-10-05,-0.47685899168481805,-0.223570334864523,-0.2801322136859032,-0.03220053316724121,-0.10978512432954184,-0.28136002014321115,0.22464515769220045
2021-10-12,-0.4923678708720185,-0.2179508241607798,-0.22622556286078024,-0.026459417052934656,-0.06931128456451174,-0.31456753839017804,0.23427959292983397
2021-10-19,-0.479767364111751,-0.07097562243359842,-0.3162589928057554,-0.017819663300059758,0.010159724712350828,-0.38513214620431113,0.17068645640074212
2021-10-26,-0.47025516995706546,0.020818310079949835,-0.3568548015836479,-0.016543842063335753,0.09554937857439535,-0.40352266129822734,0.20682287917140801
2021-11-02,-0.46348411178232896,0.026646350051858586,-0.4000542498982814,-0.00905277689285335,0.09022064995802855,-0.4286818185439221,0.3050664671185844
2021-11-09,-0.4032835460262353,0.032988624612202685,-0.3306367128390176,0.005561877918769754,-0.06470374214812358,-0.4333880462550445,0.2964036722578864
2021-11-16,-0.3668710405068151,0.058467322345674866,-0.18023114355231143,-0.0054215826033232346,-0.15257920125157534,-0.3682368711372614,0.3251833740831296
2021-11-23,-0.3364568985231316,-0.02086175345200466,-0.21704953064183774,-0.023116968883705572,-0.16210451308640356,-0.3862296019475697,0.31306710987332675
2021-11-30,-0.3969927864502107,-0.09486099410278012,-0.2805927625981837,-0.03294542598690972,-0.16881561302474146,-0.3639543684123087,0.21482125174302286
2021-12-07,-0.3855385340560924,-0.060343826977392025,-0.23527689394678794,-0.01158733505256118,-0.16061852209307204,-0.30626304801670146,0.19129968736042877
2021-12-14,-0.3997011220587118,-0.0703393735466518,-0.2167052278576442,-0.017951945789022702,-0.23801885465034472,-0.30310220631540796,-0.1421779103898309
2021-12-21,-0.42002205855448516,-0.06785424767453044,-0.2254887585532747,-0.01511664750185574,-0.27767428651195925,-0.28456050026395563,-0.14837742419113023
2021-12-28,-0.4463014326897877,-0.07451042597986907,-0.2671352375255471,-0.009853358147437964,-0.24695439628392524,-0.2605414740891205,-0.20116095743156084
2022-01-04,-0.4961828246542333,-0.08128552785826458,-0.22553312347636742,-0.002291298667979912,-0.19584814531491399,-0.265999624040877,-0.21946801647560915
2022-01-11,-0.49331097366987864,-0.05322903060524929,-0.17933650176761173,0.00880120417474604,-0.14547141296703625,-0.3740304694344138,-0.20453572956782198
2022-01-18,-0.488329211200424,0.05225603504195409,-0.2711243761129643,0.035532070497570394,-0.0013480030998613795,-0.4007481914577346,-0.18626333087396874
2022-01-25,-0.4382328175981476,0.08410493827160494,-0.22132756277993054,0.04621115393175509,-0.04264447374203472,-0.34510943739574385,-0.20205941931127616
2022-02-01,-0.40540238582521215,0.1258874291779821,-0.2006869001802504,0.04335374384876085,-0.1282831631405327,-0.31187800550312444,-0.2000786768604512
2022-02-08,-0.4365564680783898,0.10251501294694507,-0.22658566572647718,0.05548080411599519,-0.04316790268151231,-0.30104133796150206,-0.18889516555205277
2022-02-15,-0.45017603256862154,0.08403825570555537,-0.21341329467070866,0.06777466465920373,0.011454055770038198,-0.33176382098533286,-0.1455892676078309
2022-02-22,-0.4366000446569979,0.06594918213891166,-0.23209193265594963,0.08512635607063194,-0.03082629760723402,-0.32542269878301894,-0.20395155025072392
2022-03-01,-0.4130186062941893,0.0985317789376128,-0.322551985277008,0.09019618736761693,-0.0015906055156724203,-0.32944605016560496,-0.2812518605251146
2022-03-08,-0.39673962677707086,0.051169483018236574,-0.1873793901968352,0.07962759983220341,-0.05085420117574459,-0.2676595601941701,-0.23246948356807512
2022-03-15,-0.3602283952104464,0.12331176188457074,-0.1206061444782729,0.028218795513580877,-0.15431466151240156,-0.2893022219747174,0.09318877551020407
2022-03-22,-0.4006433586137266,-0.03980981545652349,-0.18757097370354703,0.03619062653210224,-0.19030003270111184,-0.31617792209361817,0.07147719537100068
2022-03-29,-0.34687812484703545,-0.010412356448538539,-0.2612177679518127,0.03226678139836809,-0.17859291779020792,-0.42608198649967877,-0.02485593876322353
2022-04-05,-0.2519375679995702,0.043938259224940025,-0.3097862767154106,0.04124540943264581,-0.1752579050305121,-0.4286610766378908,-0.04384151112104616
2022-04-12,-0.19024241581036047,0.07824184310444687,-0.33814362979311685,0.05755908795517877,-0.21553349150118625,-0.45568717578839707,-0.007689237727816948
2022-04-19,-0.1957585755113401,0.1384587285227851,-0.25864600510515257,0.04630743306718506,-0.23610081393345062,-0.42654531996768685,0.008881210764514088
2022-04-26,-0.18798694676728533,0.1344022347807057,-0.2720891388460156,0.032247849877042455,-0.2552164286342708,-0.40141599613437257,0.001419049666738336
2022-05-03,-0.1872885975685847,0.05909843630341866,-0.28160372582768045,-0.009177955638442079,-0.27491284786365533,-0.3955606660570693,-0.13000550704114547
2022-05-10,-0.2722686004085922,-0.03580581289856896,-0.3073788073788074,0.023443860400597975,-0.3008307066675737,-0.446679445805935,-0.23110162710056015
2022-05-17,-0.2725247086545916,-0.0956295147936801,-0.31134713178585505,0.02877975752498896,-0.3122047507791231,-0.4239768262966831,-0.2922011709755937
2022-05-24,-0.2865176685685465,-0.09159759725070032,-0.394106334388397,0.05491312357357061,-0.3165947121293291,-0.4191421923997707,-0.3259332984699472
2022-05-31,-0.31681428599319283,-0.051548970418380184,-0.412634381492164,0.07400643054039475,-0.2930429727816641,-0.3950100384808432,-0.3396089527333406
2022-06-07,-0.2877984881806492,-0.006345109426251546,-0.3239747760774391,0.0691737823112307,-0.27379622075376125,-0.3444639058236298,-0.31115832546427447
2022-06-14,-0.30277830277830275,0.13241714654232703,-0.17295869112341852,-0.009006770792799372,-0.27524106041406166,-0.30000473091827123,-0.15058357190046245
2022-06-21,-0.29635738630972797,0.029311588252515227,-0.18999707982691338,-0.023231475113068282,-0.2770758676281181,-0.2680441680881894,-0.1264426776096435
2022-06-28,-0.3072392076688279,0.06380098748807721,-0.21411659148119533,-0.01578025591536207,-0.23222404868494684,-0.24592196176210546,-0.13166571633983687
2022-07-05,-0.3240626063286832,0.029531133918498747,-0.26321940577602326,-0.025011428198262915,-0.233299851406656,-0.2501240398397589,-0.15540823293614958
2022-07-12,-0.2628536044432369,0.02516206379175431,-0.21146527693612896,-0.03701298034840059,-0.2547543598697967,-0.2684005922903833,-0.11525623404673081
2022-07-19,-0.2779330868428172,0.04687939472351915,-0.2607095926412615,-0.06158281299974355,-0.2510403374683733,-0.25811836181460807,-0.08073987727362703
2022-07-26,-0.30283179845724184,0.10936871454134357,-0.2563235861255416,-0.059910762009453986,-0.2390111957642913,-0.2682194756979133,-0.0900776828559747
2022-08-02,-0.33317255301284454,0.13896541798593692,-0.2900989667349697,-0.05675093546703164,-0.24851202932326522,-0.1805928097424568,-0.034744003180633476
2022-08-09,-0.3642504743833017,0.1477451512746613,-0.22642470256006667,-0.04987882691746654,-0.15347691924071938,-0.11084247721777943,-0.006085997794928335
2022-08-16,-0.3701958824080727,0.18203067833816636,-0.12931712639886314,-0.061245115020685116,-0.1453730373388598,-0.12632872315771523,0.04239258069927389
2022-08-23,-0.3547502541190932,0.15212365327307856,-0.05662687480869299,-0.06143990773358071,-0.11276294620716351,-0.16027208299605175,-0.0348372763583938
2022-08-30,-0.3390678631983789,0.15287200075870136,-0.047956241519674356,-0.06620921812962709,-0.11133417810415108,-0.1681212808160952,-0.07039841355687759
2022-09-06,-0.3170025584631267,0.11154222224990192,-0.08371003193298221,-0.05036733834203066,-0.17951355642012265,-0.2068824529093456,-0.058680229079408494
2022-09-13,-0.3173566957599829,0.08307924790713846,-0.16286536017657682,-0.015947585969034443,-0.22399289391870775,-0.2864303056979369,-0.10378041856731729
2022-09-20,-0.26939632266978425,0.012824831268635303,-0.16464323228375308,0.050838055055687954,-0.20594829042978652,-0.323964096105097,-0.2629061899590677
2022-09-27,-0.22752969448657592,-0.12538949101775157,-0.12878719769846264,0.051666151997578506,-0.16473802806905485,-0.3374384337127792,-0.25355879752431476
2022-10-04,-0.19903935766004732,-0.15096721415524791,-0.15890169522970246,0.06820431628615772,-0.19282928386258008,-0.33549811129972995,-0.2882834574215769
2022-10-11,-0.2260772122614228,-0.17827777777777779,-0.13463472615891012,0.05865193916302233,-0.15321788858943317,-0.3158807707534887,-0.376644183792551
2022-10-18,-0.23494976610674037,-0.14050196346252347,-0.15777871790875286,0.07517928268190967,-0.19785879316606522,-0.3569750061491306,-0.36562400888043134
2022-10-25,-0.3081318391720222,-0.12658889810831353,-0.24252049620122762,0.11235468015760763,-0.18459738424290165,-0.37644581561792684,-0.2545239035954168
2022-11-01,-0.305493588697245,-0.119922538560848,-0.29504859600455025,0.1574891064700199,-0.18409437115323815,-0.2997999273867736,-0.08147144158071963
2022-11-08,-0.2872393445850741,-0.12513300125376978,-0.3437193179313523,0.16109998173384718,-0.16742228252167832,-0.29938180747718574,-0.1389931889626266
2022-11-15,-0.2754801772962325,-0.09244882041888189,-0.40096744984034693,0.16506024978940043,-0.14269324038904485,-0.2821646824886649,-0.15562703984596962
2022-11-22,-0.27285771681111176,-0.08652270924603969,-0.3493243243243243,0.18081492436915547,-0.16167004772464544,-0.2851364126014026,-0.10058935405855972
2022-11-29,-0.28002610146946255,-0.11793288158414682,-0.34446324951644103,0.1756987881157154,-0.16224942345219087,-0.29516309870011564,-0.10944131658726722
2022-12-06,-0.2555069131680892,-0.14836356797926,-0.3044484827363023,0.17551160375356448,-0.1224127375592134,-0.2953845602979089,-0.15127811146808212
2022-12-13,-0.21963905287660576,-0.16081873070771338,-0.239379813538711,0.16138069358178053,-0.10712799254153764,-0.23434553497470964,-0.13574709733424964
2022-12-20,-0.2639335891564028,-0.14907357746728078,-0.13528628495339548,0.19597558019086242,-0.029840333180661035,-0.22457892481624311,0.21808290869026306
2022-12-27,-0.2847710824722319,-0.21369108606557377,-0.13838732370774848,0.20066530566855256,-0.055705075726565696,-0.21792117179558265,0.20585956127801622
2023-01-03,-0.2727662454873646,-0.19256807798841685,-0.08583458646616542,0.18245719983708553,-0.09868171610231283,-0.27153369256619736,0.25123433983810833
2023-01-10,-0.26732154759259846,-0.2312007050669216,-0.2215475260025251,0.18090149203324207,-0.14530888497530992,-0.20129733420580956,0.26663280853224985
2023-01-17,-0.2622198996981585,-0.2059676907500038,-0.23151603498542275,0.16843278088378663,-0.12228901344847393,-0.1298243828521672,0.19183634693942178
2023-01-24,-0.25616649934357866,-0.22339899327882684,-0.2688305813164442,0.17278080787685723,-0.12333870992677183,-0.12482618955579532,0.0664628553959034
2023-01-31,-0.2244394882028407,-0.21534312641349249,-0.2168209675316208,0.188906516320296,-0.09340023353882711,-0.11902219057790435,0.24246104027524792
2023-02-07,-0.22664225924552037,-0.2211654781080196,-0.16394624375675815,0.21123863573821144,-0.0693157274690752,-0.1772973565999671,0.3452403693091372
2023-02-14,-0.22936056429665247,-0.23812047578475637,-0.198664573967173,0.20783558385205791,-0.09641235948489159,-0.1591437798290989,0.30110367892976586
2023-02-21,-0.20078408501814413,-0.24689919418549533,-0.16680737841225984,0.20897381687255823,-0.1003081938342498,-0.18285330467490596,0.29403104925053536
2023-02-28,-0.19075473038577215,-0.21850185042732453,-0.1170965206830035,0.20174933423553074,-0.11187188773200543,-0.29332106954865605,0.1777233414987752
2023-03-07,-0.15712386859927843,-0.14327628841700357,-0.08450101615146005,0.18080108932753755,-0.07819085362017991,-0.35638461502056346,0.1153617483650081
2023-03-14,-0.2671700275893321,-0.12975562656236575,-0.2554735168948367,0.18775883649515765,-0.08953494986477192,-0.41602607602540853,-0.13402499010572738
2023-03-21,-0.2532930266866883,-0.318887672924208,-0.20361637413846026,0.19641271050950793,-0.10743411811568376,-0.39213774026526704,-0.2729419807949284
2023-03-28,-0.23375738901598805,-0.32184708794227423,-0.1742598117971081,0.19798472640497142,-0.12049952968959514,-0.31848731066305547,-0.20668521934898845
2023-04-04,-0.18006241652451038,-0.34592462959240383,-0.21526750410199855,0.19193409138061424,-0.06583737594018425,-0.3189433422059185,-0.1117239467849224
2023-04-11,-0.237937544295382,-0.34316300227445035,-0.17595108695652173,0.21507718197248232,-0.010643964277471015,-0.3235287464229564,-0.12514662347092667
2023-04-18,-0.26520900643674705,-0.3110442820812982,-0.11548813310496697,0.21446578302499825,0.005798624719421385,-0.3203760978440287,-0.11696677352668004
2023-04-25,-0.22075778850618438,-0.28850486869671776,-0.08759823653440675,0.21917964191170192,0.02520438907737864,-0.37352546443455537,-0.08884517662486681
2023-05-02,-0.24835980996418897,-0.2928665801442819,-0.06933943723844535,0.22257645697394857,0.004598405885959534,-0.3365780606514414,-0.049267540478026214
2023-05-09,-0.2971812096754706,-0.26519791169900353,-0.10295236119753855,0.22576728185111505,0.01866631488688081,-0.3168392410190368,-0.11016521174518433
2023-05-16,-0.3208837264998204,-0.26669561710971185,-0.04255854948375724,0.23684250503209145,0.050949770396293975,-0.3231229583821659,-0.057341034073009646
2023-05-23,-0.2724633336664113,-0.304813472446435,-0.020152651312265665,0.2224182363084943,0.0487723787318929,-0.3562720848056537,-0.009305067801389351
2023-05-30,-0.21528763728087508,-0.1663080763436018,-0.010518934081346423,0.2137995360850012,0.055076757899467754,-0.39547026151449,-0.003290556103981573
2023-06-06,-0.2693056085463564,-0.22811486385954471,-0.02980470433461111,0.20259294829577207,0.05156184819735913,-0.4272455285083071,-0.01687267490699628
2023-06-13,-0.3382138670698174,-0.21926425564485266,-0.10470693270768017,0.18553478334192844,0.023196142586533495,-0.41167853155214873,-0.01787250516173434
2023-06-20,-0.33099841225366583,-0.1821939534833194,-0.13427258635961029,0.19734398939123768,0.2057702920465332,-0.4512818793071648,-0.08206536835282861
2023-06-27,-0.28917005904573295,-0.01696682916363723,-0.13232028679204902,0.19809239704257345,0.22609035961212332,-0.44874445380957684,-0.024183691286886678
2023-07-03,-0.28997554376105733,0.028966496890276677,-0.0837619035901474,0.19676496397020637,0.22742182869501087,-0.444870334180921,0.024370907596088908
2023-07-11,-0.29564248008131416,0.03165354891555967,-0.18150724238459243,0.19042301129261904,0.2428144276006273,-0.4643648280754035,-0.03579706412567602
2023-07-18,-0.33919053515667064,0.003564318503670359,-0.23629463355934557,0.2283548622709837,0.23979365306322104,-0.3907600505776592,-0.09202578549312218
2023-07-25,-0.3496786707006413,0.03535918667476582,-0.19083295608872794,0.22945127445598698,0.2485674559703379,-0.34747944225956384,-0.025774035850081478
2023-08-01,-0.32109511587248446,0.04170871394309529,-0.1988722915671964,0.22784960988193168,0.22435787167392465,-0.3458987402571884,0.043944473691502034
2023-08-08,-0.23622581245009353,-0.004419693530079455,-0.12643198367422662,0.19686898792064844,0.2272002473979725,-0.3618897624092339,-0.008978675645342313
2023-08-15,-0.26116366197458646,-0.07230068365995679,-0.09363462167593588,0.21028158472468308,0.23677904708832545,-0.32651620865160474,-0.05207242256471645
2023-08-22,-0.28105130973100395,-0.07264651182386682,-0.08721743446284348,0.21154292018771836,0.25903786062696393,-0.38604342244343376,-0.12761830116586656
2023-08-29,-0.314042301858257,-0.08902105643667255,-0.1044817538504232,0.1960616312471011,0.2117130909472653,-0.40119045678992227,-0.18326651005881625
2023-09-05,-0.3463377017508219,-0.13161974058842138,-0.11409899292907649,0.1806147192690083,0.20578161878227538,-0.3619831261366008,-0.24795437639474338
2023-09-12,-0.3104102349942822,-0.19293808734107243,-0.1869656622284513,0.15203849634088462,0.20301885796945968,-0.3644509588191424,-0.21663431475691614
2023-09-19,-0.4382156046449607,-0.19456181359303537,-0.17014022899781295,0.1466628699792764,0.17624282507573893,-0.38222748815165875,-0.4045029284247357
2023-09-26,-0.4097327757902984,-0.18593330603703198,-0.1691094619666048,0.14071654623171845,0.06877103970716678,-0.38294390399127193,-0.29909175089150264
2023-10-03,-0.39458182133197295,-0.21194237844628727,-0.2853441957970446,0.11238509580273136,-0.02771266775913211,-0.40323756022668583,-0.14629668585416228
2023-10-10,-0.40275491366569716,-0.25919813556203547,-0.2603576171811733,0.1098835872920734,-0.043402012872014166,-0.38269272939212196,-0.07476139978791092
2023-10-17,-0.41184121931811224,-0.26388783176940056,-0.27838815896716984,0.11846031773411761,-0.05027697414160443,-0.38373809906512013,-0.10896831994088851
2023-10-24,-0.42678742050486473,-0.2632735578926857,-0.2546991529713495,0.12132756863838969,-0.07989402338173447,-0.3818534431545098,-0.2244990653879077
2023-10-31,-0.3815285524163644,-0.24848887814313347,-0.26458218728372934,0.12286858849836393,-0.088573031118609,-0.37453475287804033,-0.22222414869269713
2023-11-07,-0.34059409026681076,-0.33798985845760715,-0.30942984001691454,0.12765615861839616,-0.07639731114558361,-0.4006191807407065,-0.2929354326385757
2023-11-14,-0.35932728681463927,-0.3416858371431622,-0.3388773039149738,0.15503592360024657,-0.12813581564707893,-0.4757728400112506,-0.34132168476736263
2023-11-21,-0.3965960996551338,-0.3219711879083681,-0.322944826999915,0.1820052669702568,-0.1250760817993166,-0.3980853368969019,-0.35012568294658997
2023-11-28,-0.3614205315321259,-0.3148498486538155,-0.3354718166636353,0.19688834856657195,-0.03632022523600096,-0.4188840444664297,-0.3810532452390206
2023-12-05,-0.29493938200839603,-0.29247033484840057,-0.29577838160249187,0.2013705781672317,0.053295746848629116,-0.3923852820002841,-0.3005554337499086
2023-12-12,-0.2505181235551173,-0.2583075002454728,-0.2220415426625349,0.1859839499892066,0.08856395966792106,-0.3149727658484127,-0.23132331755505248
2023-12-19,-0.34318897504486506,-0.2536069193104961,-0.13444932753251915,0.1636458148873821,0.11194507803458466,-0.3490480800258148,-0.10079638654463331
2023-12-26,-0.3358955052869349,-0.19677306009566342,-0.07295328448604464,0.1663640988794363,0.08046226404321163,-0.2947279091969874,-0.10503852653891324
2024-01-02,-0.2731986013006121,-0.11454606561287105,-0.10178390194394567,0.1661962622672611,0.08553186701918208,-0.3107714543419437,-0.013923243656763994
2024-01-09,-0.2063884892086331,-0.0430177725187547,-0.08754410093882677,0.16647597814807605,0.12010589059902335,-0.27932740552873453,-0.045849658787202575
2024-01-16,-0.2928072343706024,-0.08065157411535079,-0.07404912836767036,0.14199055778886932,0.17207022775064254,-0.26515524427004955,-0.07492330889616805
2024-01-23,-0.33407613627244614,-0.054474081140661865,-0.10684325798586719,0.1217551690530904,0.1693074105988798,-0.2906818855130189,-0.04758005077389239
2024-01-30,-0.35216968422833184,-0.014983435398052405,-0.08170269761212147,0.12207065359387247,0.17766830186912486,-0.3324188423701292,-0.028124070418345547
2024-02-06,-0.3972111752114296,-0.0483143681534868,-0.11152066347482922,0.08490951391478857,0.1730273129698965,-0.32453321620392844,0.021116906246024678
2024-02-13,-0.3958994410607314,-0.03394027947176493,-0.10920844758394015,0.07139257267549874,0.25353895614607924,-0.3661816462677943,0.08145456284218328
2024-02-20,-0.3981162718325748,-0.0054735960828587015,-0.16530068299183742,0.09416598943096972,0.23240245891356165,-0.39542558555255075,0.1618070818070818
2024-02-27,-0.38623946300343426,-0.008277071670550924,-0.18373794224546444,0.087840736781055,0.2198854042157588,-0.4285880380967145,0.2075191383117017
2024-03-05,-0.36184648755743054,-0.10798761003173704,-0.23043090092692278,0.09377775389332323,0.263320494664586,-0.37777587050917716,0.1442052550725216
2024-03-12,-0.3954327603243907,-0.15978429069003172,-0.21675844836369812,0.10367134815805606,0.25369280739785816,-0.31418438627466033,0.046764432471400656
2024-03-19,-0.48677128928440483,-0.1610983902303636,-0.28653295128939826,0.07367163378452929,0.26950627665933796,-0.3835107438016529,-0.003757380568974772
2024-03-26,-0.48155556164433605,-0.26330532212885155,-0.27303007705692267,0.04745778183477864,0.17315825492715733,-0.42232769928786623,-0.11277519844241425
2024-04-02,-0.4565928837585707,-0.25978972566959646,-0.25680764108922255,0.024596934829986174,0.19807825674343907,-0.45210205518151314,-0.12194647832566578
2024-04-09,-0.4419540724999761,-0.2766578221844489,-0.3496966961346647,0.050851908947374964,0.13371449125829443,-0.4997272550765997,-0.24079274795591896
2024-04-16,-0.43028873782026994,-0.3486565681230686,-0.3876631231867767,0.01855311786177745,0.03756865138174527,-0.5001932892392257,-0.18655042397823632
2024-04-23,-0.40220580245572096,-0.3371599183230649,-0.4432202772079268,-0.015003657413735353,-0.10803431334192677,-0.535207203562515,-0.2056855045245006
2024-04-30,-0.37063671946315896,-0.2987450072085273,-0.422396538827002,-0.01038943916651464,-0.12304231569118458,-0.5028789181957186,-0.1453979697675605
2024-05-07,-0.30770258024514713,-0.31942060283884305,-0.44151302234666384,0.007009731156193304,-0.09749698297054485,-0.4499514771942813,-0.20047651463580668
2024-05-14,-0.3824170705358824,-0.36362524904908533,-0.4532144077794071,0.026118982585314903,-0.08992483493249478,-0.42399010772632273,-0.201294033069734
2024-05-21,-0.28601437370618843,-0.3873240337582253,-0.43115519253208867,0.06350667068862821,0.004701396578204808,-0.4791231767419478,-0.027899399246512576
2024-05-28,-0.2577267423248898,-0.3274760685473958,-0.4419760711688467,0.08659214516051403,0.09451942146761476,-0.47977898785786105,0.03556714471968709
2024-06-04,-0.2567769124506997,-0.34481733587697216,-0.4631179476800081,0.10103671680541165,0.16138188608776843,-0.43596394826556306,0.13157894736842105
2024-06-11,-0.3044465121524841,-0.4212702554109315,-0.4220627043207688,0.061220882767985145,0.1891958604217259,-0.4340441125804168,0.16687694763243902
2024-06-18,-0.238449869773033,-0.42090662326650696,-0.4234907690565183,0.012225010301543078,0.229716887840504,-0.4972889467785418,0.34788486549387365
2024-06-25,-0.1307553390658913,-0.4396398467157741,-0.4163341408959194,-0.012969033375532813,0.21207817156723496,-0.5111143114946346,0.4404000330605835
2024-07-02,-0.08006107209844338,-0.45680450913783616,-0.4707431246342891,-0.014945948704260513,0.31315017741862217,-0.5266267791445242,0.4919588420732586
2024-07-09,0.010723634214303808,-0.4322471316190417,-0.4932732546316612,0.005685224066559334,0.3777784716677298,-0.5216532838139124,0.43540066876144706
2024-07-16,0.04840304364680108,-0.47153316888599384,-0.5046366206889562,0.03811930978928026,0.473596248347427,-0.4917628293810322,0.2060768132823651
2024-07-23,-0.03895552864429103,-0.511913812546724,-0.4559606187859618,0.05342979842921809,0.49157277149505085,-0.3486781495069714,0.07098712041390806
2024-07-30,-0.15239103822163497,-0.5577935291710245,-0.4038607780052647,0.026673200469354817,0.41507853169195025,-0.24232148335318043,-0.1494700155916303
2024-08-06,-0.2086807105703043,-0.5419909286225829,-0.32221946484095587,0.05003695403395003,0.33207612858303354,-0.03798124688479512,-0.22593436829824254
2024-08-13,-0.2263221064482894,-0.555783851692778,-0.32948548311052306,0.040433056117479584,0.23258370668729234,0.07326741464714052,-0.2346086852063187
2024-08-20,-0.20754163108454313,-0.5234770260417164,-0.3831962327134001,0.08094743337230155,0.2917716513313424,0.07458957548616843,-0.2059809113484726
2024-08-27,-0.09352697095435684,-0.37157690995504,-0.3578990228013029,0.1277846828506894,0.32795798916908264,0.08127971243546922,-0.12772623947901948
2024-09-03,-0.03682716893480317,-0.26785777090001056,-0.32600825375068904,0.1351026798196974,0.37860863655630717,0.12581587845591272,-0.003744139949029355
2024-09-10,-0.061048723333029,-0.27448459251061863,-0.26484665398625046,0.10976454667011733,0.33153163738910757,0.1481219821839294,-0.052024482109227874
2024-09-17,-0.23645128591970957,-0.28514294178640204,-0.29217474468012433,0.10272256235610272,0.29623932830028926,0.28496513137774926,-0.03833593639074258
2024-09-24,-0.06374899400369527,-0.30769266855566607,-0.3178552596889006,0.10551364651795253,0.34569883286109976,0.3178159093316386,-0.026444182461231522
2024-10-01,0.07226710175494448,-0.32402195848993726,-0.3677824267782427,0.0819982393061562,0.36440197114786715,0.2893577981651376,0.03217587299513279
2024-10-08,0.16247459967137565,-0.3968528122148278,-0.3519005985396885,0.05843100977237641,0.3639393844662926,0.1857182804992755,0.022459105492925645
2024-10-15,0.099690101350827,-0.4127410744696277,-0.39545605707893705,0.02604479096587449,0.3430021986807915,0.1723850387373592,-0.005319342733267752
2024-10-22,0.14805562984755283,-0.45618092701740953,-0.44904357870707795,-0.043831894756737905,0.3240603137357146,0.06159507663814641,-0.005808830141174354
2024-10-29,0.14956217353256113,-0.5076573368288654,-0.4305015638256113,-0.07602523897683908,0.29952829124066177,-0.1098612623619928,-0.037349189934505346
2024-11-05,0.1745953014384272,-0.5207910434009874,-0.3949493485792573,-0.0335394990992833,0.20506056209263293,-0.18733722991830745,-0.13710702341137124
2024-11-12,0.17334768443099838,-0.5324340182801695,-0.41712171472314363,-0.01167311510661508,0.26395723939814925,-0.2518627177051318,-0.1815746854366513
2024-11-19,0.17391352208181057,-0.5269524678918571,-0.44831297617607935,-0.06460030298706385,0.18250669998551355,-0.18445650505535505,-0.25310929906926943
2024-11-26,0.17126872308430305,-0.4776440667452391,-0.4586820809248555,-0.08415407938962036,0.09049535267001865,-0.08925881230133377,-0.30861634662852366
2024-12-03,0.11249060431964762,-0.4913158097587297,-0.4820580196370547,-0.08516144514775746,0.07936625271042776,0.00908705114678274,-0.2905509847918225
2024-12-10,0.03549823031804072,-0.44478797396253134,-0.31991515738852977,-0.10391240739416673,0.08701579918197129,0.0937001972099522,-0.2875448540205513
2024-12-17,-0.35636883835956007,-0.37491350763604014,-0.2545807009143885,-0.11283390410958904,0.11567584898602613,0.032811700142563835,-0.5247907355737179
2024-12-24,-0.3834320458521056,-0.5108370767354065,-0.33019987435139725,-0.11464014203884648,0.10232255194763933,0.011513551215623755,-0.5428133294013565
2024-12-31,-0.39049717835425873,-0.4967909388553689,-0.36815178000426346,-0.11419678606078217,0.11030871616219907,-0.04079315459653768,-0.5482553191489362
2025-01-07,-0.3713163164175482,-0.49995520842081687,-0.41523826224190086,-0.10630865718259844,0.07684483763309848,-0.09502673494747148,-0.5929206421570223
2025-01-14,-0.4042860118737632,-0.4770851944982775,-0.4115157637301292,-0.09995779717820348,0.0021809925009709896,-0.13132724869614917,-0.565858798735511
2025-01-21,-0.3748258512914605,-0.4546775822817254,-0.4341919548341567,-0.10252144408786333,-0.03882212442638983,-0.06933654664020414,-0.5653752759381898
2025-01-28,-0.37409835894818527,-0.4457776744214141,-0.4420957394308274,-0.10761534832317565,-0.10478626445090199,-0.004423676587264978,-0.5600995605521085
2025-02-04,-0.3675958783417696,-0.4623959606206626,-0.4315078984182741,-0.09505646075478859,-0.055330232012665896,0.08092759722479745,-0.584418676635158
2025-02-11,-0.33411447056725846,-0.46147915398242,-0.3947167350930633,-0.10343199978165693,-0.015220670901036812,0.1998251095809216,-0.5663123579512844
2025-02-18,-0.2990363020992588,-0.4475409582450224,-0.39190625063855006,-0.08059257958948253,-0.002847027585189556,0.21542308198447163,-0.583700736297921
2025-02-25,-0.24509197670604557,-0.4316401298307005,-0.4060589845438268,-0.03859969272063691,0.022262904802761538,0.2915676851384931,-0.5946391798232988
2025-03-04,-0.23845613826926118,-0.4225819915465966,-0.38934869770462066,-0.01477876455611792,0.09257653239231636,0.37710311358153575,-0.560829905564551
2025-03-11,-0.18638932047090107,-0.4189490530180453,-0.3677569581960933,0.017937404078053058,0.11749719267317886,0.3001089251375012,-0.4499902233330783
2025-03-18,-0.3901997274932704,-0.39255371739305384,-0.42938156563448543,0.09105605099445313,0.16258481207248357,0.41462468851895184,-0.47838378103450313
2025-03-25,-0.43004769916762453,-0.46076848103697277,-0.4384994925989432,0.09738064276425785,0.23159111352843964,0.4127224486302497,-0.5052510027956728
2025-04-01,-0.415082674020332,-0.4671289476520677,-0.4791591968447472,0.07727029472576387,0.18500748023081856,0.39135241449791425,-0.5507292443488148
2025-04-08,-0.3254900347600732,-0.4617037670901368,-0.3961247105307917,0.08595881772947192,0.09784636255723249,0.458498307134974,-0.5429558030204275
2025-04-15,-0.3292251058759028,-0.33613378012217215,-0.38900910464214267,0.09783624855603978,0.036772764765036214,0.5071728114883031,-0.49590716920032385
2025-04-22,-0.28607218105011584,-0.26905220655095474,-0.3494807315032034,0.09041310731446876,0.1141154520898889,0.5062666203527074,-0.4290226355500965
2025-04-29,-0.27024847947014136,-0.2696213145468332,-0.3379338142295237,0.10380136179630026,0.12458400931819127,0.4893213850799736,-0.34122869599682915
2025-05-06,-0.26424556285747064,-0.27692952987248187,-0.3340134319476324,0.10273767219845512,0.14601875992687824,0.4709383138150852,-0.38233981721727345
2025-05-13,-0.273445638922753,-0.31261439176873934,-0.3156332092819615,0.11289562208851707,0.13966878954742099,0.47915977091741513,-0.3721711078558849
2025-05-20,-0.3321675765941536,-0.3893599952014635,-0.32498324969575976,0.09806137380490458,0.12283566959851736,0.4561078325814673,-0.3873820754716981
2025-05-27,-0.3412310644088972,-0.3947012521274009,-0.3453870237595045,0.10450628623576705,0.17428937386078133,0.435032399585158,-0.4114947183692754
2025-06-03,-0.31173029936572966,-0.40159086953462625,-0.3205282703327513,0.10593330978235828,0.15074849850813996,0.4129663832484536,-0.34853146853146855
2025-06-10,-0.3118712991367625,-0.3228784270496435,-0.24466224921774343,0.11477242303369331,0.24134804150696457,0.37241508977162385,-0.26925076394436204
2025-06-17,-0.4705331895762557,-0.22500941312953485,-0.2976418384458988,0.13435406774526004,0.24209438161625976,0.4121811648290045,-0.026613425877532248
2025-06-24,-0.48044123099740454,-0.26425738342097677,-0.30140455906055724,0.1457303696399325,0.19119167528266018,0.4202378267099156,0.06264558880068752
2025-07-01,-0.46313549802429,-0.3118264245521783,-0.3287982797121826,0.1380394361713462,0.16640609680479518,0.40521112104655194,0.0981017894711959
2025-07-08,-0.48447747571549643,-0.35568182947060983,-0.30505353142480174,0.14965123652504755,0.17328523624821854,0.37636777795418974,0.11434347189627529
2025-07-15,-0.4978436675593241,-0.36549921073401737,-0.3048548919264696,0.1562832138852323,0.15587238018956082,0.3223339038431617,0.08663218856502776
2025-07-22,-0.5034573775976802,-0.3501480873092909,-0.34440612571186957,0.1488119585462987,0.002916093253592678,0.340675313059034,-0.07170068027210884
2025-07-29,-0.48906563126252506,-0.3786586211679845,-0.31251544112866525,0.14888055063078023,-0.05786058235800634,0.27116053659055345,-0.04488376585742804
2025-08-05,-0.5098230628431971,-0.36965496697680694,-0.3429111815323722,0.14169680825064765,-0.1614659594480592,0.2430686055403731,-0.10049906425452276
2025-08-12,-0.5131820145480869,-0.4073873067129787,-0.34872847105639493,0.13992111247412034,-0.18091742949435863,0.21139470844024,-0.09716003316749586
2025-08-19,-0.510416834766892,-0.4214408287640531,-0.34080885568285463,0.14389513571548887,-0.11456527969212714,0.2223065946094641,-0.085693230866407
2025-08-26,-0.526079066142976,-0.4622545998767497,-0.3417835379372379,0.14608977517617236,-0.14257455458241247,0.23640749259862437,-0.11498474403887445
2025-09-02,-0.4468192036660758,-0.4836456271469275,-0.3199762687563345,0.14139178548627368,-0.14635417356704072,0.17684532732728384,-0.11763423276097029
2025-09-09,-0.3807498606385637,-0.43688428585181144,-0.27439581351094194,0.14312313803376364,-0.10407923711359364,0.22308476895026522,-0.12210552777855367
2025-09-16,-0.330512306996576,-0.40164213950316097,-0.3630280217482225,0.13765769514920836,-0.02805599259799344,0.2049629530738936,-0.36633703658486955
2025-09-23,-0.3704601688487697,-0.5410630296061003,-0.31956129390531723,0.13308077722106806,-0.008423183483012103,0.25654016063609053,-0.37482696198487914
2025-09-30,-0.3846144687336286,-0.499206881190386,-0.36222376650451704,0.1387709497206704,-0.039279941349491664,0.20105589919891662,-0.300432622977087
2025-10-07,-0.33810025150611217,-0.5225504135516519,-0.38128417955195293,0.13839230386093074,-0.01808119571803676,0.15175955481853873,-0.33759071117561684
2025-10-14,-0.3504547005329349,-0.5097471880973904,-0.3854753184278139,0.12879289579219075,-0.04896008757157292,0.12185453913568063,-0.36045764704456484
2025-10-21,-0.37821921117105095,-0.5326647553951817,-0.37609746873058325,0.13369271205318423,-0.07184646485412277,0.22893724660157558,-0.4045569112038008
2025-10-28,-0.4262898129569409,-0.5382744394618834,-0.37182669976775845,0.12721445698024336,-0.08166275723647619,0.21161021345867675,-0.3971197855739418
2025-11-04,-0.39588276613514306,-0.5444764544449148,-0.3918380889183809,0.10991096487446957,-0.2030843394840486,0.1631656004328591,-0.408570679713437
2025-11-10,-0.4381139708135758,-0.5443103537577044,-0.435164171897634,0.08852545788096598,-0.29714025794902643,0.15495213284533874,-0.4283409309604113
2025-11-18,-0.4229707651903357,-0.5355567528735632,-0.4216614917004022,0.11971608737447326,-0.28372848955219604,0.09457105045893838,-0.4759038472686518
2025-11-25,-0.4368739555112675,-0.5369780659164906,-0.4562050858609968,0.11325818184445015,-0.2954238630961813,0.07699030253759945,-0.4858275797723456
2025-12-02,-0.4116668476704809,-0.5456314068880751,-0.46308637981235845,0.12741428410308464,-0.2674735128499373,0.09223039110163375,-0.5095011079030417
2025-12-09,-0.21218423660596908,-0.5185255768894818,-0.417803993722604,0.1472092524984249,-0.2271776898662776,0.0374890420612957,-0.49619861577181207
2025-12-16,-0.07452449999319255,-0.35446165930932344,-0.37614563594879924,0.14681363261484964,-0.17195982001978505,-0.007748650833993979,-0.4620674399369073
2025-12-23,-0.099455247901346,-0.2830149438464426,-0.49814846271445556,0.18442910845018923,-0.20793713282054388,0.004289963659833593,-0.5359607590160542
2025-12-30,-0.09479723329341745,-0.1918397886073372,-0.4959158027018536,0.18116729887973454,-0.1694208762110784,0.04916611913382635,-0.5450902308700474
2026-01-06,-0.08210422386392177,-0.1855399103959038,-0.4455287791276638,0.18463283114939075,-0.14801710014831762,0.030637957701197364,-0.5128317328161218
2026-01-13,-0.08213339376612509,-0.1926909692925847,-0.45096653502390355,0.15011904869680154,-0.1215681180755002,-0.15349270328505107,-0.5732945277018225
2026-01-20,-0.06074387510459253,-0.1956254067238772,-0.4405056838456441,0.12678954943992155,-0.10587056624857907,-0.1532054940585837,-0.5353924520564207
2026-01-27,0.02835095514867787,-0.0706237566240031,-0.4462860650705955,0.14373577697425388,-0.07200424130910323,-0.1128369346182239,-0.5580816345614363
2026-02-03,0.10272970421648836,0.009849619887908551,-0.435219924108813,0.17942609482637425,-0.061043144000561676,-0.0632983505283644,-0.4809547851452934
2026-02-10,0.13434387566041248,0.06173821249366388,-0.4411215148383595,0.19465643498191137,-0.11341365885382337,-0.05704169005338142,-0.48601213673310323
2026-02-17,0.1792688114966844,0.11824279467985258,-0.426986829324337,0.19031143755596833,-0.1775377336766522,0.036562168386353885,-0.4796038573228864
2026-02-24,0.21167927236757983,0.12391153925647684,-0.42532142303919035,0.17212579571529057,-0.2321028423163109,0.031210020528993486,-0.4135071255751507
2026-03-03,0.2535243938940437,0.09056373234437451,-0.3916310132526349,0.1494576196581805,-0.2695108566682487,-0.03975039390661835,-0.4320807429966525
2026-03-10,0.17156487220558533,0.1253814252822547,-0.37054203450048245,0.1084658759157972,-0.21446492660300415,-0.09676235276513964,-0.4406697144214214
2026-03-17,0.2599454220382046,0.0035761423675999887,-0.34025181846398833,0.027960184654711832,-0.26912838798195815,-0.20747624644921148,-0.35979339616753014
2026-03-24,0.27502386551491304,-0.008763772032516767,-0.3541258266028908,0.012134313075477545,-0.24458473930554045,-0.19135919076201213,-0.41540662349448554
2026-03-31,0.30877929398928633,-0.15055853697860286,-0.37460496613995486,0.0006548382472033758,-0.21631801397349062,-0.21105434492985323,-0.4037567968363816
2026-04-07,0.26756417716449155,-0.2311587430161796,-0.3542460125106756,-0.00972978273463537,-0.2307783661150493,-0.2683149527868496,-0.4687987316768895
2026-04-14,0.24657279912700156,-0.30190775212336746,-0.36515807059629884,0.03298310911884467,-0.2188496038839766,-0.23482265820784323,-0.5236909584154
2026-04-21,0.23534302779441932,-0.2306058135524129,-0.3635122143075646,0.052267708209485696,-0.19747422426125993,-0.2685185711605483,-0.5872642652833665
2026-04-28,0.25910877167682156,-0.15227225056296725,-0.37424955637491897,0.04456034837727562,-0.23001118971305023,-0.2737780996834594,-0.5545618886853667
2026-05-05,0.2814489933174019,-0.060128879828378994,-0.3654253292120083,0.03946604047836733,-0.2314308166421021,-0.1743986666854988,-0.5653972345910476
2026-05-12,0.29383496286871985,-0.06458899179614025,-0.3820546108947363,0.04847011672616916,-0.15180702502794005,-0.20744002077107077,-0.45403411924339243
2026-05-19,0.2842775061489898,-0.1066352086370729,-0.35439673782681697,0.04057170597770753,-0.2251275175303784,-0.23679120868036907,-0.43884596682694904
2026-05-26,0.19866117132647737,-0.23119109631340118,-0.3327840597003618,0.035701459797336646,-0.21767323134738448,-0.2683562137544641,-0.3738924016015052
2026-06-02,0.1369130066046478,-0.30768400851344857,-0.2953280924689497,0.05800641957019268,-0.1925818836277001,-0.2562866552600607,-0.2067062818336163
2026-06-09,0.05780181235418252,-0.31268223663467726,-0.31768793539666584,0.015986102234405462,-0.22038226178995166,-0.2887056377765678,-0.21162315246170862
2026-06-16,-0.013957265391057199,-0.2698672807167166,-0.27484613748481956,0.03839735500535951,-0.2214094613612112,-0.28825805212883404,-0.3341027291356874
2026-06-23,-0.060704738533886325,-0.42813976550195415,-0.3783072192661057,0.03839450423118691,-0.3556855725945913,-0.33896480523397443,-0.530935070718414
2026-06-30,-0.08200632885001181,-0.43522655122655124,-0.36783367323815996,0.0013910054222631746,-0.34618825873884135,-0.35342562524924515,-0.5735468725924717
2026-07-07,-0.12034446901682802,-0.47582088075482276,-0.3474812393194145,-0.02041560931667407,-0.3106453357081518,-0.310919535899001,-0.5741753644250671
2026-07-14,-0.1473205505212106,-0.4779903034772989,-0.3408847729033686,-0.01576620241527464,-0.2687240951450672,-0.30935351589098997,-0.5310601573737203
2026-07-21,-0.16737507383867858,-0.47715666618344144,-0.31744942799399256,-0.051668560272279236,-0.2118376855357422,-0.3589580836062634,-0.45927389705882354
2026-07-28,-0.173919855168332,-0.47338279003455525,-0.2989306675957441,-0.08837090726342574,-0.2423623731424768,-0.37794831230947856,-0.4534282018111255
2026-08-04,-0.13801448757079532,-0.4905596809492636,-0.2995445958402161,-0.07262201075372324,-0.23446631275423094,-0.108425748641489,-0.4043156572594889
2026-08-11,-0.1467805794433093,-0.4761331927141696,-0.29544751260534796,-0.07483626060627223,-0.21923048427160388,-0.10739421344615871,-0.4087773647253201
2026-08-18,-0.15305033168587925,-0.43985705744121695,-0.23980870161495926,-0.07340671354386662,-0.19056748064573578,-0.13889567265651465,-0.36588785570872545
2026-08-25,-0.13313627188490174,-0.3687580414148035,-0.18312018581934028,-0.04441164828398434,-0.13980682517552784,-0.16474587211360275,-0.16005350478845376
2026-09-01,-0.10060815261515837,-0.32300776583034646,-0.16702443013390575,-0.028801310820742027,-0.1559153481087303,-0.22391607305004832,-0.07477114678300427
2026-09-08,-0.07655861663168434,-0.21053213124251555,-0.1951094135330518,-0.045217642265380956,-0.18466579621352885,0.02160777367478259,0.049468954896886755
2026-09-15,-0.0788942716180565,-0.10490918126336596,-0.16921074290917792,-0.029339101229844518,-0.186816123808039,0.2217364711257512,0.0778407661224671
2026-09-22,-0.15274333742267235,-0.17104649854541362,-0.2003970186149294,-0.06369076378045709,-0.3371154435031132,0.19007607584875666,-0.11225425885555895
