date,BTC,ETH,BNB,XRP,ADA,DOGE,SOL,LTC,LINK,AVAX,LUNA,FTT,USDC
2020-01-01,409678760.56957,61037558.40428,,,,,,,,,,,
2020-01-02,815627831.08338,67377970.84502,,,,,,,,,,,
2020-01-03,1507313613.42952,125018928.04077,,,,,,,,,,,
2020-01-04,678402363.73751,68153930.41227,,,,,,,,,,,
2020-01-05,874488521.38096,91098597.42478,,,,,,,,,,,
2020-01-06,1272203777.30362,153993462.03959,,20007750.08313,,,,,,,,,
2020-01-07,2233372067.10005,137384193.55172,,26854476.37811,,,,,,,,,
2020-01-08,2644782835.79284,171733898.79286,,16896601.32776,,,,,,,,,
2020-01-09,1478591346.02358,132349219.83971,,9228119.25305,,,,9529891.5188,,,,,
2020-01-10,2013738849.92087,127143267.90469,,12896953.63956,,,,17930008.74843,,,,,
2020-01-11,1338581053.9655,119977193.63432,,15791363.06657,,,,27169067.91927,,,,,
2020-01-12,881428055.68761,90941158.24868,,14266026.27999,,,,26733093.38712,,,,,
2020-01-13,604921759.06788,80266745.59378,,8043847.97629,,,,24029706.71888,,,,,
2020-01-14,2496741836.26976,342187335.94531,,48238035.67924,,,,77679527.95806,,,,,
2020-01-15,2084078908.15777,230286716.67757,,41675728.37597,,,,39457945.8873,,,,,
2020-01-16,1460649456.34463,127461014.43638,,17164830.32218,,,,22054995.48173,,,,,
2020-01-17,1827760141.13558,160259747.79844,,25725967.23632,,,,41891761.61121,22425934.89725,,,,
2020-01-18,1021654832.44937,142262348.68168,,37446983.70026,,,,24112622.61078,21440910.5591,,,,
2020-01-19,1990403744.33708,125956521.7234,,31766959.73889,,,,26030615.56244,25247536.95095,,,,
2020-01-20,1083263125.12439,64624702.00634,,17929035.24338,,,,12654234.17572,19123342.09899,,,,
2020-01-21,931932876.50871,58986902.98569,,24154808.77918,,,,10155766.7803,15706662.17502,,,,
2020-01-22,819676430.85578,56350595.56504,,20720426.10538,,,,13997156.13485,8813676.45578,,,,
2020-01-23,1383035382.70483,78583548.01533,,15372642.60424,,,,21559798.16955,13164039.29156,,,,
2020-01-24,1217077351.53608,75924771.97144,,18085740.04619,,,,20295409.2619,9314780.46289,,,,
2020-01-25,809079683.34699,45339862.12769,,11471527.5717,,,,11443331.98593,4994751.19487,,,,
2020-01-26,999306483.13926,53409274.40732,,15094099.83551,,,,15257973.73832,4519267.92872,,,,
2020-01-27,1511064610.55725,70720869.02324,,17233572.16083,,,,21004215.31024,10004663.89104,,,,
2020-01-28,2222778105.27098,90758791.20274,,25475393.30773,,,,29225260.6802,8507284.78084,,,,
2020-01-29,1584974428.29945,70901067.68041,,20195450.76688,,,,31365111.88668,13801884.94774,,,,
2020-01-30,1789181440.43438,116665433.71156,,32502473.32394,,,,74318743.34392,19451691.89007,,,,
2020-01-31,1373298967.87264,121744510.77084,,27520811.15219,13130602.88191,,,89230315.95695,11247269.86853,,,,
2020-02-01,1024210862.88076,96080885.54872,,18864670.2056,20474420.05379,,,86100071.04769,8196149.8842,,,,
2020-02-02,1391948766.66181,170846713.44708,,47315039.92816,27595953.21127,,,75589248.93731,10810858.43364,,,,
2020-02-03,1491076833.73277,124122130.70399,,34507874.97527,19156619.269,,,63906598.95093,10037299.89042,,,,
2020-02-04,1363688333.14538,115364577.74246,,77011349.35695,14916754.58812,,,59009231.84148,13644207.64028,,,,
2020-02-05,2014987376.43659,178375200.47346,,90276197.19082,17206732.18324,,,67027731.05392,18900536.46915,,,,
2020-02-06,1950865328.54665,264288535.88063,,86750123.92769,17159678.09243,,,64835198.61863,19712674.37223,,,,
2020-02-07,1272175090.89561,232249153.37736,,50621466.87332,18434074.2685,,,55798590.38733,68850706.69227,,,,
2020-02-08,1270369231.27298,243043392.21839,,58800004.82599,15519056.22823,,,68507565.56953,46362591.52324,,,,
2020-02-09,1446593331.85639,220695663.91218,,52610442.05434,13486362.3734,,,66873579.73076,35813340.69914,,,,
2020-02-10,1831546625.42966,262203105.9402,35276132.05283,42467031.18272,14792205.30825,,,86506235.27036,43418524.12255,,,,
2020-02-11,1906183204.95577,272327898.64944,44622788.1933,47041304.64147,19394070.62141,,,70534998.94371,74548717.47831,,,,
2020-02-12,1650500848.23864,574225360.14547,33885164.31231,105193798.92367,37060478.50695,,,109212351.1559,86826634.52592,,,,
2020-02-13,2192034973.13267,639755030.53358,37507469.18219,247834557.56503,47792725.89754,,,131963451.73619,60731868.18432,,,,
2020-02-14,1345001966.03801,395789382.38502,32817983.42742,114634793.47442,34187175.37611,,,73108721.48189,68503920.94191,,,,
2020-02-15,1533600988.37217,529235758.42768,40571935.40173,146396518.05497,33338937.34961,,,73301085.23549,110588683.66441,,,,
2020-02-16,1398906974.55862,594576100.72784,42055798.35577,125536106.52815,32452121.60021,,,88730547.26333,163125205.46949,,,,
2020-02-17,1795989784.48734,538264137.1458,45872599.54061,90398177.92294,28204527.04717,,,73611911.72694,123703898.05274,,,,
2020-02-18,1642320613.87592,515176525.90584,30546919.66474,97745466.6576,24971587.75296,,,56579947.69976,98623863.46759,,,,
2020-02-19,1861820032.84195,459670219.19239,33379978.3509,97914297.75735,22143423.63839,,,81866004.04507,106394232.85321,,,,
2020-02-20,1370467343.1851,415072958.53042,27328018.75877,90776837.9215,18537428.85058,,,55038408.62518,76620260.75259,,,,
2020-02-21,957995037.551,258780144.08535,21692224.8129,66563181.49603,19112959.63366,,,83350857.82165,62753120.25094,,,,
2020-02-22,563688224.30407,196960689.6889,16187652.61082,45467076.22304,16005836.86394,,,86429088.62744,55927552.89178,,,,
2020-02-23,959596142.38798,254128741.02017,22824378.55776,60597768.62814,20968670.41642,,,102434828.43258,53348404.71812,,,,
2020-02-24,1535789024.65726,396190156.06157,28491561.8528,77092441.30612,23046850.1864,,,141902408.82825,70972065.43254,,,,
2020-02-25,1596316068.55609,399165818.02308,30267705.10421,72668581.1692,20925103.36931,,,119550469.91477,80529163.54203,,,,
2020-02-26,2409004404.57587,633303689.86963,43683100.68405,120738692.06483,29369574.95242,,,144219079.27009,120328941.26179,,,,
2020-02-27,1763578868.15436,536493997.29536,31740165.79434,74459158.16175,16914906.825,,,100501302.76086,110000390.49091,,,,
2020-02-28,1698656157.08208,454376453.34299,32323414.26489,62066748.4037,15277476.16276,,,100342198.94252,117100937.67557,,,,
2020-02-29,898160923.81681,295997709.3792,33787883.5182,42311244.57965,12353566.9639,,,57653962.4915,104867244.03232,,,,
2020-03-01,1494294629.10932,390456164.9947,41112605.97457,46475870.00457,15006546.32898,,,59149552.32221,110010817.57406,,,,
2020-03-02,1405207928.76918,362061880.36415,34843412.66647,44876005.80779,15283427.69986,,,56494737.67011,104164011.44294,,,,
2020-03-03,1406716868.87184,350368765.18825,31699204.00933,40049011.75319,14771268.71743,,,55435129.24898,138112155.38221,,,,
2020-03-04,923600039.89969,230726528.92651,27811026.36718,36238775.40316,12599867.23722,,,40013005.6527,197884503.97712,,,,
2020-03-05,1458350448.94803,262593712.18975,40873522.86982,41058944.75137,18327292.19957,,,47583657.35252,129411630.56484,,,,
2020-03-06,1045435230.09336,309193535.18403,35201703.50768,40507452.98025,14348667.43819,,,48973917.59174,105646272.83346,,,,
2020-03-07,1135455550.23333,398551973.39385,28857996.7731,34375186.79395,15540629.69318,,,50697525.45311,108044913.49841,,,,
2020-03-08,2003492668.69928,684775390.09688,42527247.2372,58155650.71394,11860704.0919,,,79349235.15124,203716934.70302,,,,
2020-03-09,2627368283.37935,778277652.87276,57190727.58453,52898384.5169,19464347.83394,,,104988079.64108,250653883.92342,,,,
2020-03-10,2044527824.74198,405031566.29724,40766807.88556,37518026.49566,16767076.31285,,,54806165.85142,148060112.80248,,,,
2020-03-11,1724800753.69309,410229505.12859,35400178.71604,36111977.21787,14005161.19511,,,55765145.00753,137670747.46881,,,,
2020-03-12,4935684191.16036,1042747529.1893,103182679.1723,135114976.96299,24058671.58419,,,135626808.36285,269038119.80196,,,,
2020-03-13,4777193239.09059,787562869.6648,112147222.21236,169699990.10805,18751484.04327,,,165555242.81226,161706740.97746,,,,
2020-03-14,1697439879.44057,237313127.06988,29727288.25,37123349.8495,10760755.15927,,,43520720.094,74404440.67226,,,,
2020-03-15,1916062699.25133,224638895.20642,21690406.84644,33488607.50127,10502468.34618,,,41676623.57943,62753612.41331,,,,
2020-03-16,3043134893.44952,400195138.40241,42760749.88319,58420485.92439,21922455.47806,,,50669232.61324,110470370.87871,,,,
2020-03-17,2271134947.39557,239015139.83578,27015207.48242,21758788.82715,8152791.83578,,,33459204.52442,75848449.39755,,,,
2020-03-18,2108477121.1638,181277993.24376,21568437.4919,14195438.26863,6967581.13766,,,37381702.678,54137374.23126,,,,
2020-03-19,2922169778.65964,270554423.25128,33507998.67024,27165589.34474,8616213.54686,,,41442743.82244,82991687.7443,,,,
2020-03-20,3643186059.94639,431165491.64371,37441881.80195,38454394.68304,9927522.41664,,,60055217.22899,110630675.87468,,,,
2020-03-21,2387762770.11733,254848453.29529,27346669.20401,17176356.95985,6580025.33654,,,31797046.08765,46927659.91466,,,,
2020-03-22,2379970465.43368,222080052.34143,29051868.2806,16520669.70174,4258591.63429,,,33167784.83593,43437832.28414,,,,
2020-03-23,3012248578.73576,250208240.74389,26327178.14176,22640855.85757,4079405.41449,,,39228273.05338,52055068.71133,,,,
2020-03-24,2903592538.87217,239985908.84741,21313506.46383,17107349.05264,3550803.26301,,,28140495.15371,44620540.13637,,,,
2020-03-25,2667204859.2776,198316846.12547,21495480.73864,15001283.67775,3832440.81307,,,28347997.62124,31912227.23233,,,,
2020-03-26,1870132448.53115,144970764.16497,13625239.21797,24650603.42778,2493586.70481,,,23055001.71938,19130952.11648,,,,
2020-03-27,1715677661.94467,139707188.15309,19357036.04925,54196218.44813,3163081.35443,,,28551678.15225,19097250.04196,,,,
2020-03-28,2120036125.18386,171695997.87213,16002677.22643,46535984.58675,3771685.38348,,,31221930.00908,29193531.98774,,,,
2020-03-29,1525085226.99231,108415730.52964,11280805.72999,27927633.86132,2425635.89598,,,19771950.4416,18668375.25736,,,,
2020-03-30,2435748934.7935,155662722.1298,14732997.93602,27755263.49628,2564678.9679,,,22239922.58946,23941001.56957,,,,
2020-03-31,1689175318.59372,118826469.17698,16573287.8825,25872572.54798,2169559.22377,,,16707864.35253,22258665.75565,,,,
2020-04-01,2470585503.92402,151016360.2243,17358637.97804,26004984.91408,3016094.80949,,,22910828.56038,41104981.15876,,,,
2020-04-02,3604597593.4311,238001714.23101,24245784.22024,30392633.48332,5434523.31378,,,28995768.48836,44676215.57723,,,,
2020-04-03,2809083862.31635,186309257.94885,18072583.66141,17749889.63525,3376773.99824,,,21661934.63001,22519226.89467,,,,
2020-04-04,2168134179.35285,139027717.81503,30979831.27916,15093814.05127,2783735.60519,,,18941659.22701,18104749.96016,,,,
2020-04-05,1622119002.66283,111570542.9069,16072572.59323,11709443.93796,2312813.47761,,,11520887.06699,11315481.38903,,,,
2020-04-06,3269655313.60241,449513671.57668,27936637.4641,32368318.45645,5354278.69947,,,24787094.52191,33384199.09563,,,,
2020-04-07,3065548691.90531,517045468.00622,33545982.63596,44850084.08314,5501867.08534,,,44970822.87308,118209706.92561,,,,
2020-04-08,2426530950.31658,317822104.24189,22397653.40256,23186494.50636,4587099.73886,,,34336700.73588,125996012.65421,,,,
2020-04-09,2136691783.39294,222508469.51894,18891449.78728,17908269.07411,4166030.38451,,,22767932.8543,203096671.43023,,,,
2020-04-10,3057722780.62013,356355836.18656,26776139.88945,26739536.20467,5575153.2791,,,40001567.26925,219723067.52029,,,,
2020-04-11,1535701119.55164,182597930.42972,16101132.66501,16758063.69936,3675155.03221,,,16298877.61536,209906886.22846,,,,
2020-04-12,2245397129.53634,224914825.57336,22778957.8927,26739308.75836,3821595.18581,,,21868400.49481,231011009.85371,,,,
2020-04-13,2840095791.57115,275149048.62074,57953460.48156,27881677.08802,5309050.31446,,,37858512.39672,196536608.91303,,,,
2020-04-14,1926255197.49405,212907622.9064,70685920.91092,15662698.77523,2877268.82539,,,21255309.38711,121486061.7291,,,,
2020-04-15,1902882417.25705,212884736.06398,43931002.14745,20480274.20496,3392089.67051,,,19512062.97142,125295262.57298,,,,
2020-04-16,3869854829.89996,509884815.63486,46939671.6967,35368005.99177,6119617.33574,,,37068293.05014,156815538.99696,,,,
2020-04-17,1958075004.68818,228893903.77257,34126606.20656,16159624.18063,2688045.62058,,,18947964.00652,78999474.0424,,,,
2020-04-18,1616702892.39814,389663555.13636,36848836.92032,19610676.89501,4572507.52717,,,26724537.05772,119041230.52793,,,,
2020-04-19,1550386464.89985,423672004.55212,29643710.95509,18410270.64511,5162157.6523,,,30967892.37368,126331632.08738,,,,
2020-04-20,3107676568.44843,611827298.66674,40625517.83062,32913380.33773,6872602.86527,,,36089408.39948,174031829.97055,,,,
2020-04-21,1972271576.59066,375960392.8183,36799224.32379,18059640.14488,4414874.19885,,,23718413.6478,116276887.00661,,,,
2020-04-22,2147460698.31218,432861105.37288,24765776.58051,12409996.62973,3690730.33457,,,22512543.27941,97841678.84038,,,,
2020-04-23,3475717726.54963,621753420.53678,32825762.38781,34276660.48652,21424203.21407,,,38264378.8729,115856737.18221,,,,
2020-04-24,2091451737.76575,349685296.23952,24871460.70848,22038343.26593,28234248.58853,,,51197945.15076,75389873.61881,,,,
2020-04-25,1836251609.0206,458631945.16971,20363758.84563,15329176.71167,13181691.14728,,,46830769.50267,60514411.1579,,,,
2020-04-26,2052434573.88043,402336362.15937,19709369.76134,19103106.27793,23394777.75643,,,33628705.82416,82925842.75833,,,,
2020-04-27,2236759632.39633,452448671.70133,21847468.91659,19922360.28584,32905803.83015,,,30090336.79697,97046036.68841,,,,
2020-04-28,1679915193.12297,372049036.21292,16581599.91329,75709624.56867,23654637.76414,,,33737239.36113,69914137.50324,,,,
2020-04-29,7297189826.77707,788440824.8162,34824416.46856,93930428.09705,29800028.12701,,,86749471.06026,137079782.90115,,,,
2020-04-30,8437341148.3913,936458258.32876,53689140.53733,99744724.38671,42635348.07172,,,86229652.10686,119800151.78799,,,,
2020-05-01,3680586288.10126,403173248.22679,34353980.33841,51507813.60006,29256413.08601,,,37598631.94684,71487384.60866,,,,
2020-05-02,2627710360.02383,265476896.91763,16595670.04502,35475980.34049,17861851.38952,,,35146503.94552,44624097.36277,,,,
2020-05-03,4049513026.35921,359428511.96159,20952409.99031,36667621.27876,21080667.73272,,,50322789.2459,44228207.04054,,,,
2020-05-04,3852426972.1002,469274368.7238,25582993.11111,51583431.67568,37484663.97469,,,52709603.20083,89039535.68409,,,,
2020-05-05,3661156607.2414,374058470.5859,19416037.17006,27009687.95145,21296830.57654,,,32459711.69271,46620199.33893,,,,
2020-05-06,4664860084.31144,386076250.9243,17842637.99182,32801435.06499,14420789.02474,,,29993792.09828,44765292.22317,,,,
2020-05-07,7079465730.29004,513526641.1967,21583026.78887,43032050.85115,16292825.63419,,,48122056.22245,67661226.20592,,,,
2020-05-08,4537481797.57234,360076385.66326,19994367.23245,30187514.23009,17763684.69304,,,41208498.97597,57400344.01135,,,,
2020-05-09,3999406853.4751,306213858.72979,18843001.62145,47357230.41577,17514310.44931,,,57248778.62724,142860630.02816,,,,
2020-05-10,7302630276.90636,577999455.74581,38225172.91294,74984223.2989,32285021.25334,,,81786464.64287,127252411.26424,,,,
2020-05-11,7000184961.90937,429270139.29081,27273093.98087,44207359.48966,33700677.62824,,,42953114.29573,80850797.67073,,,,
2020-05-12,3246499322.14054,238588953.57139,30851254.02452,27754654.46607,25590306.21489,,,31174489.0956,54356733.64243,,,,
2020-05-13,3445913924.84949,267245495.976,17737836.91274,22479418.45055,13850508.41199,,,23425462.80888,38468569.5577,,,,
2020-05-14,5798873580.6393,380305674.97201,18796855.06859,25447449.25368,12658091.1804,,,26746670.49097,44383202.73351,,,,
2020-05-15,4784027638.71762,273307743.27705,17723046.15571,27160505.21098,12156617.48395,,,26953334.25218,32041463.53968,,,,
2020-05-16,2705830761.58087,220055609.9461,11825638.75723,16706459.19447,9592819.63998,,,24207929.60904,24678924.01013,,,,
2020-05-17,2902728542.66065,218892160.12065,11491021.13548,16023648.21065,6717343.85697,,,19755597.02466,24602494.63955,,,,
2020-05-18,3533354104.77906,325316559.17037,13100507.64018,28593007.9262,17517502.21287,,,39907155.37515,39808362.9296,,,,
2020-05-19,3642878349.1972,257251108.96285,18264651.09554,19199003.9327,17755534.85187,,,23521912.33053,32292062.42758,,,,
2020-05-20,3218411345.98419,279696340.13428,17621214.91059,24743623.22048,21148508.77291,,,32241743.48539,83911205.24502,,,,
2020-05-21,4241795752.8548,366782519.68942,23113050.37646,26837425.70877,26478939.5775,,,32645994.031,93506611.54875,,,,
2020-05-22,2515865909.3341,287619795.23226,18280802.56697,26873673.61821,20861973.04408,,,24120122.44897,65851414.55893,,,,
2020-05-23,1852871137.72634,227019949.01277,10962711.52226,20588473.12254,15206109.09519,,,15933398.06432,48904470.37095,,,,
2020-05-24,3070856922.4242,316070681.24532,13724833.74536,23592131.04846,17132218.521,,,21312119.32667,51250185.75174,,,,
2020-05-25,2667337683.37678,201511206.07324,16816518.80161,19592019.61018,21837294.01578,,,19623227.5142,31064759.7424,,,,
2020-05-26,2439508067.10614,212361617.55361,14012882.65542,20311267.61,13827442.58621,,,15789716.14168,27559726.39367,,,,
2020-05-27,2466842797.45267,194678762.77842,11702866.99513,19276563.63729,19080205.71014,,,18170429.98616,25264255.62913,,,,
2020-05-28,3062477084.82549,275853034.40081,12623258.45483,20822560.47847,61031391.02444,,,17108662.96128,29598394.59962,,,,
2020-05-29,2255365978.23178,311884016.19261,16238398.61107,19610139.09983,63405479.34743,,,17245011.72252,37453291.66715,,,,
2020-05-30,2431044087.19118,585564863.55064,19992151.47925,38132609.94717,123875206.25359,,,34643423.93267,36127136.2411,,,,
2020-05-31,2096318341.55532,489701677.03937,27265292.77208,60679072.02608,247232818.67187,,,33553390.51481,53477362.85502,,,,
2020-06-01,3267274407.65878,522438717.22123,23044951.95614,44047221.51384,158100798.75177,,,43541208.98005,88206637.29526,,,,
2020-06-02,3459821278.61491,482361317.69117,27995999.89312,53973053.89899,118465999.20606,,,58379602.27966,83871389.2894,,,,
2020-06-03,1770390770.5907,281645740.99126,15094099.4868,24439984.56528,117015021.0785,,,33297364.06846,43273755.62724,,,,
2020-06-04,2564530031.26807,402459677.30633,16152792.99013,35152721.70518,159410597.87106,,,40116554.23434,45429150.7271,,,,
2020-06-05,2307020792.84172,312982105.00055,22247690.89508,32302660.01159,84102433.18957,,,29409491.70927,30163077.6176,,,,
2020-06-06,1469881938.14958,202429929.69899,12594954.00552,26138798.20104,55791291.27117,,,18951372.55068,16464056.24041,,,,
2020-06-07,2440468630.5443,322855661.22177,16863876.19842,31111603.53911,92750575.56183,,,29608936.93749,24706740.68802,,,,
2020-06-08,1575946981.01871,209012260.96756,8431853.93157,19900217.57104,33324611.91679,,,17868993.94965,24827034.46073,,,,
2020-06-09,1986584445.30502,272824173.15009,8522583.15338,26409486.81302,38415557.70813,,,22434247.44398,29293509.09423,,,,
2020-06-10,1900724588.13658,270438018.28235,10157678.46562,23485532.61222,75551683.57252,,,26895785.34876,23951888.2942,,,,
2020-06-11,3862130909.12521,463593288.19211,17779382.2075,41401912.04101,79349201.48133,,,34195245.89445,59719495.45651,,,,
2020-06-12,1992908459.95852,225982481.27438,11231908.55147,27496523.65198,55657412.74007,,,21005110.04264,32700583.33418,,,,
2020-06-13,1068817694.4318,133082474.15789,7313419.56273,21621445.37546,26982422.59376,,,14646946.53513,12396773.25559,,,,
2020-06-14,1350388889.47993,184729377.14818,8297051.49655,18463030.52346,27017880.6037,,,14031039.07505,15246954.06517,,,,
2020-06-15,3811857667.87459,443458580.66509,16932572.68462,33564435.80271,86917256.9258,,,22825571.82472,53595114.20405,,,,
2020-06-16,2143232282.69654,230773103.93013,10025985.16866,18453757.34181,55687680.01892,,,12578202.44635,49156290.89147,,,,
2020-06-17,2143290042.11355,255862428.97339,11993247.15786,44053677.22988,90703005.18328,,,23983237.44159,46003275.16978,,,,
2020-06-18,1488056320.7728,167276182.33834,10727103.61332,22794928.28165,66781981.3612,,,12648327.68895,40287087.03272,,,,
2020-06-19,2048059719.36743,200700324.69961,9810736.64498,23243712.56631,53024421.94404,,,15726981.77885,33393036.59352,,,,
2020-06-20,1436354409.44428,157633384.57489,8869725.00892,16473630.2295,36335385.99146,,,13135007.00123,35765848.07307,,,,
2020-06-21,1033976410.97488,110256923.45852,7146338.65582,12027049.17494,29642017.48422,,,8753115.1959,18987067.43618,,,,
2020-06-22,2482574353.64243,377318824.05754,9861333.43883,22778310.61069,40860390.46563,,,16916469.00986,52072024.9514,,,,
2020-06-23,1588083862.05429,213875470.03441,8997828.73984,14571561.54793,35903019.37793,,,11006012.68658,135173820.61651,,,,
2020-06-24,2825265494.90329,448953617.37941,14876948.13576,28639262.59257,90279814.72073,,,24691619.24303,121594680.50751,,,,
2020-06-25,2510788505.43618,244330169.1645,11389102.24071,22499229.51352,37919756.63735,,,12336910.02707,98253457.02789,,,,
2020-06-26,2285936800.87162,252514561.81677,8319398.07827,38988506.42222,31891856.18589,,,28855462.92111,69609800.82373,,,,
2020-06-27,2153509215.41693,294859175.09059,10417815.41433,31883996.47198,34513783.04672,,,30660510.6677,62223870.93585,,,,
2020-06-28,1395928886.65951,216318637.93915,7616667.36504,30710872.73089,43056426.40336,,,15628961.26003,49399599.70532,,,,
2020-06-29,1610778783.22314,247970501.55192,9141202.72656,29987043.38822,89765931.98236,,,21278506.54576,46686880.17892,,,,
2020-06-30,1311949155.72121,190512620.41264,6978897.98172,13604999.35108,54496588.49699,,,12701402.27549,33516243.05045,,,,
2020-07-01,1487427692.29113,224106226.5533,11254784.35865,17300054.17484,155513138.4981,,,13869771.44605,40570131.06912,,,,
2020-07-02,2105533922.19592,297251172.93531,15243632.53649,26758944.47059,194186226.20434,,,19199739.85269,85676377.05887,,,,
2020-07-03,881331916.25717,131241028.78854,6171608.74363,24534375.86768,172407381.7166,,,12311343.24136,45614979.4992,,,,
2020-07-04,913030839.30531,121465137.44154,6720151.65649,26930727.95664,143643446.40615,,,19250308.13729,26193892.26639,,,,
2020-07-05,1261953986.20306,154164268.13412,7776179.01366,21302738.77736,95899357.08415,,,17549663.538,36330261.02639,,,,
2020-07-06,1843703742.26119,320359855.27586,17172323.67667,57587892.81847,107323817.00472,,,25493147.29429,131942557.64358,,,,
2020-07-07,1184876083.76661,244093092.67784,29328518.99159,39726241.37941,211887972.1869,,,18574722.67792,222496135.80463,,,,
2020-07-08,1594244760.10968,348773164.43888,34904030.17604,116394375.04349,399542891.65975,,,37524782.90577,273523649.74925,,,,
2020-07-09,1751622435.13053,342433597.13767,32199988.85267,141354293.04441,202410081.43327,,,42360268.43161,207087520.43219,,,,
2020-07-10,1295681629.8825,188835488.4167,28042853.37205,64404553.25338,178718418.92039,27852027.907311,,22841827.78101,148034529.26866,,,,
2020-07-11,692340842.13135,114661329.881,32657860.72588,57731934.44015,109132324.22631,22740437.240251,,17527286.41677,82202792.95183,,,,
2020-07-12,1182491576.57045,215562992.67344,64204067.68099,56478814.69332,109774110.1089,10502299.177602,,30824704.71178,382619155.19077,,,,
2020-07-13,1262652034.01365,266174695.26564,66971810.91926,92146742.37661,181147279.52226,25473364.711217,,44975425.75236,642910989.97888,,,,
2020-07-14,1194751477.53481,173634906.59871,52494913.16792,37987654.51981,159053823.44894,15959890.23422,,25655448.21306,512333284.07258,,,,
2020-07-15,959516024.21559,126575225.98055,38784164.39949,29086449.11339,95248901.99706,9759906.154239,,19883057.02336,553663283.65568,,,,
2020-07-16,1350809171.27347,244658931.71368,43260557.8704,44210563.47787,156422371.32467,9535187.348905,,31818105.97066,526055618.1967,,,,
2020-07-17,739789769.33429,129976699.22534,29626421.08214,34703571.23773,69596536.13785,9744076.336817,,18599394.15296,229684419.76311,,,,
2020-07-18,579542001.39296,109492088.0996,22754928.16178,47367448.88285,72875804.86041,46528269.762695,,15104955.11931,236823835.95176,,,,
2020-07-19,692144095.42895,135124155.60153,62031802.26558,42914572.00795,44335112.14914,25311733.439749,,14145007.42623,158465402.83383,,,,
2020-07-20,664469650.80326,164752457.58157,45981789.49823,36690926.62009,61290052.42323,10948310.95846,,16817394.9116,271929443.99658,,,,
2020-07-21,1671206199.52861,288862206.41801,27190137.40539,43393325.40623,72009019.31652,8529437.698051,,29190195.32888,264855175.65903,,,,
2020-07-22,1189260919.42176,418091059.37613,23452404.49132,45363159.78257,42604000.77985,4615803.028801,,25933711.4728,231945341.23821,,,,
2020-07-23,1593882469.43966,736552038.77903,40162647.57468,76631430.71983,61837679.5429,5526691.788143,,38039543.29025,266473548.28758,,,,
2020-07-24,1279232338.52369,736083875.03441,69605779.61083,53145394.05388,42122056.73212,6290572.085254,,28386869.91649,180310889.44335,,,,
2020-07-25,1284993355.34513,915502216.03662,52443320.07395,82131290.07182,237347566.6277,5930589.909477,,118455463.18109,138616272.12742,,,,
2020-07-26,2598998008.67622,1149779086.62864,47841716.19864,126379482.82646,295648679.31844,5516807.064219,,119775211.6863,212588207.62945,,,,
2020-07-27,7891956950.28577,1620266858.22627,67367252.44872,176111188.50387,228938403.76042,8648116.894403,,201399574.36871,304151838.63097,,,,
2020-07-28,5481417615.66494,906295104.75718,60489627.53662,162610893.29796,154414533.2605,4132661.652034,,261346489.01579,145428785.48309,,,,
2020-07-29,3965422424.83448,606896653.93406,28646227.65032,203567834.05102,109034189.59536,6155296.82016,,121732324.04213,130331812.22714,,,,
2020-07-30,2540930684.6047,763116559.16756,24240726.43436,155841220.66789,67892479.90541,4435378.988175,,138199556.37151,144349408.84139,,,,
2020-07-31,3455848822.1417,912102990.69843,38965489.2456,129984373.79115,59252626.20331,3529025.017237,,103839160.81766,162444991.24451,,,,
2020-08-01,4493961579.32069,1483605104.03266,51334478.15564,360607267.89242,106406467.39103,37170612.133866,,163938744.01148,174303619.49824,,,,
2020-08-02,5584559651.07942,2395197027.14924,63972380.14784,660857138.11338,131707575.2379,18146307.064724,,221923203.47423,467000267.69236,,,,
2020-08-03,2689651526.95353,1173622514.82561,70583697.69772,393487104.94086,54692449.19232,7491071.282724,,99724110.98058,290499588.07154,,,,
2020-08-04,2245992628.82789,1057960148.06036,48783737.55003,266131299.57619,96741942.38465,16678623.016552,,89832562.30391,428647590.4583,,,,
2020-08-05,3037923802.72495,942126678.78739,79708058.08475,201157998.89181,69365709.70774,8150926.455789,,109216698.25658,213937583.91518,,,,
2020-08-06,2782205258.01308,652554125.73757,48730781.91462,164444364.76536,65798919.35654,9935964.144303,,116158834.89187,229060970.4235,,,,
2020-08-07,3191651680.81522,992515267.80878,70028435.93058,216272600.64373,70966522.18959,7669864.353271,,122233117.80395,298767050.38609,,,,
2020-08-08,1808155550.968,520508410.78516,41150934.14523,95226315.68267,70409970.24327,3748655.406265,,49256021.23866,768417411.55339,,,,
2020-08-09,1462717950.80531,571218683.77785,32337707.59319,106207440.37203,104668178.98566,3671236.819017,,53582325.60299,846592211.32793,,,,
2020-08-10,3447830045.74761,611218329.12583,37363619.13834,136766256.43588,57359413.58393,6881578.28453,,91223165.8443,516141757.86439,,,,
2020-08-11,3881574730.95979,845731729.1519,52897963.79101,236038188.29561,66318520.4873,7571935.439534,,106844476.46209,492358093.70917,,,,
2020-08-12,2446503849.80986,599199526.83731,47621948.02618,125039400.31187,83909031.95802,5266088.796788,,63859103.92219,875642800.66712,,,,
2020-08-13,2865188930.5497,1440744340.82628,54807056.30651,162044937.95986,83995621.48468,6505751.243293,,111474463.97433,1299749574.47555,,,,
2020-08-14,1869288349.44223,1207407794.98586,85652682.57017,214768936.25097,51287037.98631,6961788.878596,,100242562.59608,558857160.32682,,,,
2020-08-15,2639621485.17468,753504069.8546,54949767.17121,165646336.30881,55835806.66132,8752214.289325,,152085566.50225,901061991.70589,,,,
2020-08-16,1962706567.39091,742240079.00529,46644081.1158,144549972.27924,39429088.28911,4490847.829102,,224279629.47854,624739814.95422,,,,
2020-08-17,4026216925.4314,968933324.12397,53003678.0283,296691365.06301,82490560.1294,10284808.371257,,303460357.07311,689675677.49082,,,,
2020-08-18,3529402332.9399,698827138.90995,43214622.353,202636619.34438,56554713.54374,7417696.260614,,264612565.03061,1028000677.40252,,,,
2020-08-19,3688115093.97591,978436819.67326,46465019.34461,190653744.99287,74574020.3236,6830507.292352,,203869410.40809,800458299.36899,,,,
2020-08-20,1544542409.29488,508701446.71645,43330483.30482,64846866.3685,53164973.59479,3268076.569335,,110305360.19848,427367319.53606,,,,
2020-08-21,2282701561.58203,753415032.24112,51246840.87208,93376719.01523,72999323.89104,7389939.087736,,125725638.38437,850071864.32495,,,,
2020-08-22,1462044717.32797,436143011.08409,34437428.1967,55156298.79066,45637917.47155,4172044.430038,,69411765.44244,608142781.88319,,,,
2020-08-23,1111234523.15725,348769199.20701,27392696.34532,41317762.65407,34393285.91604,3993826.621551,,65475073.6051,379258105.14372,,,,
2020-08-24,1277174863.89318,532034653.91777,29727499.45517,43676417.80351,40927702.81886,5284956.011753,,83091773.06853,318448130.65435,,,,
2020-08-25,3057706453.16736,926182571.14738,37127918.20526,71562897.51298,81556443.63052,6862073.940921,,127127966.05509,475430681.36352,,,,
2020-08-26,1941776559.57683,535388937.61697,41563734.5286,42082155.29205,62536058.99851,5488422.561386,,85453343.1277,420368628.10527,,,,
2020-08-27,2880004202.03534,723029860.38872,57571722.41852,96760809.81071,73548406.27356,4106217.837548,,103026710.42048,418804256.76398,,,,
2020-08-28,1481017951.74894,454164125.32279,45932821.05139,45037877.76767,43491268.45999,1331728.764067,,56237783.41848,243756025.85573,,,,
2020-08-29,962840624.05221,395131559.72597,30946160.54473,37433757.4506,44347670.1447,1384218.135812,,45983934.23372,439937752.13566,,,,
2020-08-30,1316261373.04529,599192209.99373,37011134.35735,45601655.06122,43340664.09489,2406666.798432,,92104438.48204,480977765.00305,,,,
2020-08-31,1487504145.43018,708381941.47511,35177709.51372,56981215.55676,83514936.90676,2595412.06276,,103684640.27641,374020634.64139,,,,
2020-09-01,2514017351.09218,1522749662.81293,77552825.65801,125686931.84345,63785302.78471,3261128.408051,,144375803.95166,358468557.04806,,,,
2020-09-02,3230818459.5786,1848669079.41557,114475450.48043,174476085.36078,70786405.8924,3764441.427565,,113741176.49505,399499136.20113,,,,
2020-09-03,5277899021.36762,2061198580.62087,149240223.5401,147447076.95378,91571604.89151,5177014.206844,,114890651.93771,595711675.55382,,,,
2020-09-04,4473051196.63027,1466761495.79589,92204755.10552,128796767.45836,89755201.53566,5335815.619947,,126898331.55015,593570797.21324,,,,
2020-09-05,4069493999.69946,2014890370.20582,63456217.58296,112548870.08253,72506626.66704,5404317.69581,,89325430.06373,664966784.94409,,,,
2020-09-06,1939661678.03638,1260136199.59651,116760860.79285,67701588.89631,56228518.89895,4199283.874449,,53271479.06571,549024555.62496,,,,
2020-09-07,2616187381.74451,1119788439.21161,99281167.39276,65051192.44042,48924289.17937,3757856.832787,,61953058.63067,561506737.37428,,,,
2020-09-08,3206824298.7522,1022162050.92677,94025248.91812,55506113.69471,43376084.77106,3245126.23933,,61837786.15157,391385714.15537,,,,
2020-09-09,1540063640.01559,600153424.58103,79809568.23952,37781924.84432,26636535.34335,1684097.244098,,35057859.62859,266818562.01322,,,,
2020-09-10,1940858757.01846,1048583230.04711,79711834.17402,42174731.28619,43714892.87358,2386721.985829,,38635270.71851,334444749.17371,,,,
2020-09-11,1399304758.52121,671565874.73255,74167230.29449,28980589.7834,30850252.57446,2607465.663158,,32956829.70312,221621314.17467,,,,
2020-09-12,1010752220.53406,551721286.62609,143932672.48732,27350608.01645,25499605.99404,1820208.016775,,36844042.90331,171699735.5394,,,,
2020-09-13,1649859123.30593,859558056.31093,288627963.86454,41006033.37709,29787982.9702,2338698.201932,,43050086.10651,294828461.25179,,,,
2020-09-14,2162656994.62463,832952559.07798,328626618.34839,34283427.2716,24181265.6499,2426181.035608,16036784.494,40597016.21886,222133728.00487,,,,
2020-09-15,2669470467.23613,747292134.0694,289951438.10129,34496164.71281,24157104.02606,3772620.815426,13621711.0385,48346547.83859,265296796.92636,,,,
2020-09-16,2756781832.23194,696557257.65751,186794766.93231,46295281.59819,26552825.65328,3325788.774742,14856831.7914,38514946.33125,249779775.86609,,,,
2020-09-17,2027994176.27302,1069882746.36399,125488111.68021,70085829.1897,23425625.79322,2519033.456602,17030558.1609,33554447.32459,271875511.77729,,,,
2020-09-18,1484796957.63111,576509035.40646,128158883.14605,35960135.00082,18214445.67913,1693374.05524,18691804.3569,24205790.32412,192885647.96994,,,,
2020-09-19,1391945357.58867,353726036.38442,60715927.15836,39924877.26625,13789163.57857,1679540.851711,15371321.4183,19937583.6029,132966436.2381,,,,
2020-09-20,1639131152.37363,503892954.65173,86220094.1686,37133421.94896,22518876.99261,2104026.228432,12699290.7506,32471791.88353,188005816.34371,,,,
2020-09-21,3533611850.80102,1155637097.23577,164562531.41669,73718608.63937,38156858.04794,5172212.161887,17301567.0659,58694696.27958,380538426.74774,,,,
2020-09-22,1881975168.57792,719805988.46761,99434903.05201,37138167.44032,25660109.61092,1858994.678097,25701864.7265,30754007.40802,203038681.35521,,,,
2020-09-23,2106120078.85104,846856958.49964,87786524.85871,48067987.61098,28938092.54856,2522142.505078,21084871.2389,38383585.35904,358855571.73807,57783882.5364,,,
2020-09-24,2535999234.25082,901752280.98076,69421492.25839,57250613.89223,33380374.37113,3182983.816636,19866295.772,33137976.98506,634629354.87876,52652127.9493,,,
2020-09-25,1820637897.43936,743662627.24495,60960004.06639,59904422.39082,112326492.18648,3575821.846046,18205988.1209,37446957.63215,541959105.3179,54781116.7189,,,
2020-09-26,1171569532.33158,455072316.68204,65213602.11351,35075525.5773,58342489.47353,1645586.226213,15670182.4313,22936090.73049,361531028.11769,31539237.6436,,,
2020-09-27,1321161006.11611,555292723.13595,73583942.38213,30774544.03352,67304530.84944,1370946.561241,14540686.656,29585149.36429,312074347.82624,26364401.8666,,,
2020-09-28,2031385663.34365,666373302.11207,87999340.7899,44112234.99364,68165123.4681,1743503.474016,15163873.4275,34697361.68187,260699012.19871,24187083.3222,,,
2020-09-29,1575829644.66364,510876559.74376,123765808.40164,38277065.07247,44217891.24447,1879309.140482,13108477.3965,23026192.35281,326180204.8481,21310800.3766,,,
2020-09-30,1425790131.97503,415896154.63899,98788798.55969,31261642.9873,36350175.05189,1534666.300376,11467953.0826,22593013.25379,211660527.91498,23592804.2131,,,
2020-10-01,2711075914.6154,746571670.36107,122785759.07373,42025093.32015,43640335.35167,2293031.209373,13926229.8674,50222434.11521,297220038.20778,26818734.9518,,,
2020-10-02,2359977989.11924,683375506.97021,139626232.90782,44129062.63833,46574888.37685,3045221.483683,14729447.9806,44941193.86625,331599805.75719,34606557.0588,,,
2020-10-03,804408980.87426,285996343.36135,68850321.44084,20838106.79658,21774227.49494,984845.171138,10903898.1881,14214832.62603,153210014.79258,21083943.0344,,,
2020-10-04,964435994.41114,346534414.39154,81396896.0783,74285324.89332,23165945.73993,1403714.537901,11645814.1127,17323419.58583,133425427.97771,20731884.1484,,,
2020-10-05,1397359152.98443,344652651.01339,66114844.82378,105838392.69311,24872511.42929,999541.465832,11373887.1838,19269284.30108,176970358.39661,18539976.2725,,,
2020-10-06,1971152604.95732,583797555.3314,93065834.93691,180052242.49278,35807807.59128,2204898.942557,13126402.5772,39844301.14138,225186056.56689,22639016.9881,,,
2020-10-07,1132125130.95176,416785150.9672,58645788.08045,61834467.03922,21533574.86762,2958570.495149,14907458.0004,28709215.05085,206667553.5222,22359156.056,,,
2020-10-08,2236764143.48042,536210648.99195,61698287.52938,61075509.79144,34121042.02595,4032500.339964,18833682.9536,33397881.11611,265513572.94482,25644568.4936,,,
2020-10-09,1697348173.83417,475540403.45352,55586179.42403,60128171.30037,36234561.18238,2763702.643228,16532541.815,38030798.40718,331950526.32439,22550807.3011,,,
2020-10-10,2259937270.69761,548124498.85565,54009128.58005,68264040.89925,79638112.38353,2856512.894537,13767446.7602,47791785.11144,307325871.13019,20558433.9991,,,
2020-10-11,1662984690.97067,384600265.70501,42924537.83246,46170758.83198,51092061.08272,2524918.020157,11809240.05,56720072.35775,290371991.78146,19442846.2136,,,
2020-10-12,2913019650.11615,792546271.84131,174459464.21281,72811057.05858,57169116.46811,2484460.122041,16334052.6261,73494192.69578,457354426.12907,26795547.7172,,,
2020-10-13,2276664144.17067,642910145.53332,138190027.68376,96425422.67638,70067760.69033,2511650.16145,16898878.4417,57878487.09088,367112875.41911,19039215.4851,,,
2020-10-14,2198967087.67917,582747917.14607,83303054.4765,89440956.91526,50892578.40994,1767818.75796,11684296.8744,65479256.6727,306843301.49983,19457256.6885,,,
2020-10-15,2455108608.64026,608124653.81412,100104158.07685,74270177.60682,33635344.48806,1796442.886266,10272754.3248,50701426.18036,281457408.58553,15075134.2366,,,
2020-10-16,2406176538.70338,687027290.77005,135915671.42042,53635858.62831,32752569.08948,2867154.455818,12631855.5191,63778052.05015,239827437.65411,18158244.6281,,,
2020-10-17,1086838512.10945,260959521.02027,50831262.91271,25053341.65169,26894705.28797,1668072.183974,9074383.2442,25661388.37998,133205853.02558,15970612.4026,,,
2020-10-18,1056889045.95337,301425260.48222,56278918.9338,19652616.6816,18317281.05174,4928388.627095,8682494.9529,16580013.28905,136353762.9686,14093987.6692,,,
2020-10-19,2677138464.51185,494223813.25818,65566585.07564,65056617.0235,41139645.58956,6259756.522185,10151983.8221,36406639.20226,221479698.33479,14903699.3391,,,
2020-10-20,3710691439.20796,619370716.71565,77200628.40542,71808700.17434,46652793.66199,2055338.512533,11803851.5781,44957522.31103,286919579.4008,17626636.1943,,,
2020-10-21,7435850474.64387,1295884282.38578,90105737.91095,105829107.10751,48398222.32386,2920249.065123,19667366.9314,158847884.86082,355166006.49895,17838001.7101,,,
2020-10-22,4448237306.19638,1234905764.54365,91236980.68623,137683896.37384,53045887.72379,2069459.886613,12233363.1212,162283562.74118,453657123.29678,20407703.0373,,,
2020-10-23,3059965867.59326,867793859.96589,58321199.15919,70016680.52091,49802389.84889,2066895.903225,10579795.2804,130947615.71968,385726539.72798,17242850.4525,,,
2020-10-24,2296046388.61355,548566702.97112,28407425.2126,35393600.37928,25663134.64722,1084445.045036,7840448.7392,134074962.49646,355841410.2431,14304796.0938,,,
2020-10-25,2690867875.55715,551028600.15098,44621956.39088,30712260.53703,22793741.18244,1750783.397345,10680638.8896,132967454.91787,291567532.92622,14748234.5728,,,
2020-10-26,4121218762.83565,1107994114.66407,100829281.59629,70806091.34273,44515477.48961,12416824.452288,11511279.0606,154997432.50582,374681738.48177,22743174.8692,,,
2020-10-27,5533418976.94019,963095983.7254,136505610.77661,50953944.7156,34715771.21994,3019599.593633,11909663.3027,129856438.67692,344094685.88434,18052257.6016,,,
2020-10-28,6377260018.41431,1067492300.89028,90172790.57847,62907684.34245,51853225.23884,3965411.97552,15928645.1136,164579844.12758,321477621.61799,17055188.2543,,,
2020-10-29,4735209655.61303,747193992.32758,69274701.79915,46568587.50436,46072553.05095,2095501.097073,9497821.0462,99611662.74823,293888210.55824,17666200.5993,,,
2020-10-30,4684549159.29936,869836730.23964,103053427.818,58690455.35943,46628944.85963,3664705.959449,9905406.7293,92657039.76039,297549131.77877,19124118.3985,,,
2020-10-31,4923864620.90212,647983532.2333,46758164.52414,27708148.93527,25521785.35307,1849467.329773,8932850.7264,82145427.35776,194621895.96462,15197053.2682,,,
2020-11-01,2727415103.81043,551627820.47901,33014941.39253,22825930.52595,28219694.58703,2102483.02208,8643933.2058,51061150.52106,159947084.30637,13557392.6508,,,
2020-11-02,4433952125.46344,903392158.93109,77181697.86428,48656349.62565,44552755.04848,3286865.467062,8073370.2685,84617811.25141,301205480.12751,16380289.1856,,,
2020-11-03,4748953992.22126,772381755.52383,91018601.6426,91998299.75943,39637752.19809,1886737.884679,7903839.1193,78183730.36441,327641257.90944,16005200.4507,,,
2020-11-04,6269163703.99695,1226524381.3097,70873540.01038,67509027.84735,44859289.89226,3354781.42462,10157449.5608,103504967.95076,343767834.96756,16364221.3332,,,
2020-11-05,10661964053.31626,1891955855.84379,83560630.13618,79644910.85123,46241414.96617,2858953.376625,10173397.6613,159812825.72387,394126747.60275,18466713.6012,,,
2020-11-06,8719764932.89141,2238630663.95929,103885708.91947,153170800.44756,75768495.79647,7763395.893352,27313993.7046,223814332.21943,434937297.38115,24498636.7179,,,
2020-11-07,6921481478.48889,2267393644.26046,121480847.56771,147830024.88551,89679869.84177,8154176.89767,78792044.1938,212929632.32075,982440969.19054,26298931.8399,,,
2020-11-08,4428801810.67248,1096811295.30789,53939729.11646,47725043.20263,41128912.86787,2688183.9431,35772427.2032,102177951.18211,446208039.2391,19455271.4644,,,
2020-11-09,7271506165.70421,1529951231.33957,70566408.43938,70385999.62058,46250981.05907,3226300.024834,27905080.0884,139045587.03073,535754956.9293,20585121.0131,,,
2020-11-10,3732294398.38728,1101900928.72573,56653622.03376,137083729.39829,43462428.62105,5179570.510217,19639248.1932,97904204.85392,518040973.2208,18595387.3506,,,
2020-11-11,5177231131.45298,1745401777.20616,44277853.14999,79280145.08006,39165279.91874,3662919.449056,15419449.76,132228613.91361,404813043.53326,18747564.6295,,,
2020-11-12,7523910248.8996,1466293500.10829,41929883.8983,57196665.71771,32499891.91486,1702549.252957,13370835.6548,142022863.18268,345194503.85052,18231891.3739,,,
2020-11-13,4984405298.81905,1409561751.13007,56150124.08873,100198541.88635,37998605.46557,2645397.836577,13798623.5943,282841969.39882,340341625.35843,20029740.0561,,,
2020-11-14,4251500067.66192,1018168657.35182,33670851.95792,176214054.75121,29809741.59649,2487763.720293,12345298.1356,140321212.09149,211433983.3917,19407801.6018,,,
2020-11-15,3359401680.11398,923590510.34729,44855583.79333,121241347.45157,28529715.00173,2888270.826729,24312129.5969,99039055.94693,231636436.01556,18313550.419,,,
2020-11-16,5627638531.07377,1122837075.35513,42511092.30144,161278974.39267,32209989.15383,12114992.977834,25528021.919,414032173.0881,270576705.82217,22609487.9502,,,
2020-11-17,9050160241.00472,1700391157.3162,72512580.62212,254012595.34668,65190272.35903,7977737.487782,22963026.0044,407338391.89304,424754078.01213,22214907.8922,,,
2020-11-18,13108477651.19909,2515967634.21523,80227340.82021,243164849.46418,68372900.78933,8739287.411011,20027311.2763,413325945.44829,736994885.49732,23667315.8117,,,
2020-11-19,7243709977.39353,1100330779.87607,49672010.05929,180769730.08829,37415624.16647,5599892.520863,16794637.9434,474116384.70937,408898756.42515,21109203.8407,,,
2020-11-20,7497709362.56215,2320362796.89682,81176230.81665,269078995.88151,72139076.8799,6964886.745355,18530264.2909,401054789.58138,460033192.8429,23755582.6673,,,
2020-11-21,6408035133.45486,2697114724.26534,148218419.12064,1671895950.72827,170936848.42634,31959342.403124,33386562.0977,463155803.56145,650162688.43394,26146605.4358,,,
2020-11-22,6856294687.86623,4022935662.18822,140573398.75155,2151753126.79072,348672498.03648,22335524.450911,24421002.5472,394452206.86891,626153174.45134,25829928.0535,,,
2020-11-23,6718716197.90407,4395596654.20608,137955951.6105,2518097503.31982,282349842.25174,17204919.834132,23468968.9056,456436742.32313,537546452.23769,25854389.1139,,,
2020-11-24,9042446485.58226,3439202254.39881,365280262.16111,4758768274.38556,387058840.6976,52907033.496414,35462933.5794,524246406.2833,783728039.87694,29263995.3899,,,
2020-11-25,8117262497.74923,2605337977.25365,201330449.8109,2479676873.3938,262554325.13627,28263384.300752,38945721.5183,318821749.72112,458435433.26769,27113656.9046,,,
2020-11-26,14698559977.07114,4964042842.5414,268723165.35109,2784318431.84298,310320557.4538,27073613.464549,30659714.8995,535856018.11872,930542220.50034,30859276.3582,,,
2020-11-27,6748491428.31569,1891984830.74204,93249138.99602,1456628081.42421,132476161.82003,7469171.137264,14962518.8657,252818371.42769,346838032.21467,21116632.6656,,,
2020-11-28,4666900540.00932,1497243990.57013,74245584.991,1469715912.64286,277005876.9818,6539402.283124,11409745.5245,234465847.07444,268787716.60342,16158309.887,,,
2020-11-29,4609730542.10836,1524874855.14498,76134371.95894,1126254428.22302,199706968.87364,3463836.115402,9852462.9326,270738868.05278,248401368.13867,15426087.8619,,,
2020-11-30,9568806966.58092,2884934969.37863,102498110.64329,1568088963.72082,225553791.4859,6420175.655032,13162021.4123,385283389.89996,424415637.61703,16420765.9759,,,
2020-12-01,10601482195.21762,4240637440.96608,123938360.14332,1419902630.86603,249954729.89746,7285052.449714,19106266.8032,695276782.54026,507873715.10116,21949702.7653,,,
2020-12-02,6352815848.9335,2049109615.60201,69942956.70488,670359358.06713,93308607.26827,3980273.69225,18316039.9035,355874823.64846,269980972.74531,19151513.4491,,,
2020-12-03,4724323628.54077,1695201269.41961,50405361.39047,445541439.06532,95001216.2111,5336228.951839,18699713.3725,336961564.54904,217699123.09456,16758362.9428,,,
2020-12-04,5260370304.1658,1930987603.32641,71929179.54771,780561560.23378,99402468.566,4319028.344529,13973188.2356,287546748.03265,238093705.78647,16455173.5199,,,
2020-12-05,3145507861.15582,1234522304.91226,47793114.56812,502896397.0478,80795384.04881,2679607.1863,10105219.8048,159921170.6528,180176178.76984,14808897.963,,,
2020-12-06,3370639869.06208,1210476905.56092,41305996.87542,865909214.83265,62278745.16203,1919014.114325,9532955.9613,142329451.01715,171669252.2316,13899725.4123,,,
2020-12-07,3249551714.47632,989095671.2003,30935718.73322,490012567.06935,40357724.05509,1438975.392329,8549182.8543,213256290.66277,132780471.69889,15581972.5869,,,
2020-12-08,5279747287.14345,1856322580.76521,55669703.74606,643513774.24387,89235496.83293,3501697.643574,12913426.0564,201725506.03582,194576791.76519,23253745.7044,,,
2020-12-09,6424799134.15169,1926583484.51165,40946511.95294,1135011029.18022,105808921.58053,3176526.591631,11348550.5482,190122926.63535,265664201.61395,26937843.5539,,,
2020-12-10,4271592591.3338,1286219630.44382,28796222.02568,767193921.96217,54414262.37358,1634447.012618,10428341.5934,119905105.70031,135172731.88159,25544293.3122,,,
2020-12-11,5689740183.80654,1599364273.38403,33171119.06108,1230188452.10599,59026830.67926,2907182.277914,9800482.1748,186544231.04026,188359369.51869,20846045.486,,,
2020-12-12,3641762062.74761,986473193.62934,28686112.86665,1295787485.69954,51100255.52179,2388628.09662,10327722.678,133760166.66339,155710520.39639,20047643.587,,,
2020-12-13,4594353525.456,1347203345.71772,39963156.70825,732717337.67851,69799040.52099,3217500.368997,14566108.4681,189439844.11289,222089987.44145,17449435.0161,,,
2020-12-14,3480597165.14886,1056642933.64741,59619234.31363,508899058.29858,59376840.52372,2181331.909351,12073352.5151,186610316.42196,199102342.35456,17361829.6136,,,
2020-12-15,4809598929.89016,1096639680.90851,40853888.07639,663169192.11766,56485630.68849,2195315.964283,26329955.8445,209652359.56567,135752825.5033,15591308.3996,,,
2020-12-16,9357131523.97121,2224121861.38123,64975816.57149,1693913722.13996,109058362.55653,6334887.345785,23258626.6486,409219865.32192,257172122.37273,16238513.9048,,,
2020-12-17,18707295908.07286,4323918360.18859,123043407.103,3075617236.82293,168404386.91668,29957454.10379,20049920.1674,1078795269.58225,521995882.62191,19981743.3771,,,
2020-12-18,7000308998.92912,1938890105.18305,59862269.90047,1411385496.42179,76961462.5151,12882877.233833,11258336.7374,789706423.69051,253462640.72554,17207264.0163,,,
2020-12-19,7938307873.86828,1734368811.90602,180458344.67921,778031581.2057,65369112.76855,10044054.478287,13322112.0289,732714708.75359,200918928.63879,15129100.8458,,,
2020-12-20,7612660738.46881,1784260076.65732,226687301.56077,693768021.37685,71481763.57239,72395805.817818,9490355.4189,722562632.82475,234414827.29702,13772763.2857,,,
2020-12-21,11000495257.06996,2244492979.21308,240192067.07971,941981303.00055,84797089.57171,91885962.574239,8905255.4792,878790680.07378,245930947.10162,17382677.3309,,,
2020-12-22,7526843284.05874,2018867691.25137,144947357.09639,1764498154.03546,80509652.02934,29287562.23919,11405071.3109,756752639.3808,234496627.04343,14529878.9621,,,
2020-12-23,9276578416.54451,2780347849.30735,177304618.17446,4817820921.12964,115254928.80194,24571234.957638,18457980.0103,968846938.25293,525458416.23852,31589216.1051,,,
2020-12-24,5517917922.31023,1850869925.29699,100175786.85975,2817911940.89443,100368002.37499,18715860.688418,14867045.8763,567078174.74954,431777545.85111,19997195.4852,,,
2020-12-25,6874550222.92909,1624993202.28557,86602796.28391,3233691656.81241,110855013.68415,17227654.256493,12073535.1173,801338239.47114,270445018.09556,16429743.709,,,
2020-12-26,9382122680.48018,1980966584.01513,97474881.46584,1314012576.31489,97625929.93534,13973177.724547,8498600.1158,942590038.55723,280586081.33795,12430176.5322,,,
2020-12-27,14678578951.91622,4287976144.01719,143677272.94804,941611399.34288,147164114.68116,18691269.214078,14661912.6872,1173375669.97649,599450884.50689,15663999.4286,,,
2020-12-28,7224208281.73227,3965092828.22437,167494762.90028,1041694876.94107,183667907.55232,10710222.327888,15426023.9918,668693925.71094,411875714.62224,16282867.9774,,,
2020-12-29,6956813209.79086,3062141882.86711,275087307.71419,2755107460.97153,386532161.23394,10814294.452048,37889641.9584,550717066.47768,394825831.78635,16575249.9696,,,
2020-12-30,10558400366.54597,2472826955.60816,92516921.15966,1387160204.97428,156931287.8628,9464873.506321,16681862.7611,493816991.02285,241557989.83821,12988140.3001,,,
2020-12-31,9030623930.44815,2129347026.27606,67479827.55992,771801107.53678,108312995.856,8319117.943345,15965402.7765,378359359.09939,212978391.27779,15448461.7855,,,
2021-01-01,6157505024.08511,1435726001.9156,99344291.78495,937271706.71058,117243860.69842,23460125.460313,31449972.0102,490520900.60163,275698398.08201,53560198.8572,,,
2021-01-02,17122938614.7061,3166570113.30716,105559011.11676,585581007.6379,138605894.93977,909020979.933275,40656021.7152,756754825.84961,306834498.75651,33521411.6586,,,
2021-01-03,16389111411.5276,8696957087.56834,230122378.41895,488079363.23456,295590259.35525,676762352.617866,77823538.9488,1358476392.00337,574579797.31754,29379310.5075,,,
2021-01-04,15879195836.25302,12280790632.57096,268002846.34759,711692144.96837,428217487.26353,253660279.317062,79377997.89,1305369967.36854,929423519.30375,34981621.2964,,,
2021-01-05,13959353458.55198,7963297766.14071,167800582.98486,542735199.25218,402540919.19554,94740845.877904,74122273.2818,626644154.3333,573328235.68196,50248622.1374,,,
2021-01-06,15515216052.16546,7952492225.25109,140351595.41443,739019817.02508,664818775.17829,95398129.02656,101433608.5283,654564240.47916,780996825.90726,42939225.7344,,,
2021-01-07,19955559504.79166,7101050891.0701,201493806.87513,2455077759.65052,512373562.53359,50633857.364843,235658891.3554,1031577260.27992,679400024.27279,31804162.2408,,,
2021-01-08,20667265854.49486,8338888162.52835,180737744.04054,1267251880.83178,455447967.98587,45219640.528681,214469464.5259,1258834974.04204,631716086.88155,65782908.0861,,,
2021-01-09,10520523013.40685,5122826054.03456,130567492.02824,738157669.81128,271180926.25956,50242413.630711,110367460.629,754303798.2421,543953237.86493,86737415.823,,,
2021-01-10,17027093434.55105,7633413010.30207,191480239.10162,1058951681.85157,332520620.31217,52015339.310729,75400641.2579,1039671366.77019,664060770.22667,54043694.3064,,,
2021-01-11,30742156595.35393,11884458713.94124,286696120.4017,964385951.60315,444008414.27126,66322227.675188,74321168.0438,1547404693.87316,788047540.36191,56938532.6232,,,
2021-01-12,15590695938.85224,5979396463.61216,149031276.43131,511744496.63099,353807499.57111,31968969.199271,79358568.5075,698582143.65814,444226256.79287,83070958.5721,,,
2021-01-13,13803091615.05157,4284303782.76047,140899630.97661,360463691.03013,240028459.76698,21193161.204937,56372993.9867,511159069.79343,398719084.37636,61483830.5583,,,
2021-01-14,13663753723.40309,4801436186.55306,123844764.44994,391718658.28433,218796938.51773,49897142.597267,56738134.2119,518882266.16347,457800875.80141,78331718.5714,,,
2021-01-15,16148530126.35195,5936014554.3996,148351367.44652,366883403.24675,297146069.24231,44669938.881464,42376309.6136,568150893.91994,1707364631.45444,72095380.7619,,,
2021-01-16,11103654689.8084,4882690374.13278,170702878.35315,275530700.95984,447144123.23955,21711887.217541,71477803.7102,444572993.9536,1309485385.64676,131303101.2803,,,
2021-01-17,10206002445.01776,4148284417.37915,234148839.87087,214160401.31432,624495119.2639,22637381.905682,91103986.2365,333547224.34178,1014115251.40621,150729041.841,,,
2021-01-18,9167208119.70183,3145780782.70752,170845051.60955,221186990.49147,300785570.84604,17191208.909995,75033255.2263,463288900.32702,664826504.21984,74890202.3435,,,
2021-01-19,9530202433.37249,8661460016.5314,261881385.10176,612259062.95639,272306321.2368,24904262.297903,46939878.3768,628223700.00863,568457763.63199,72707554.1643,,,
2021-01-20,11521126165.52288,7735368865.48017,168146125.47692,404795121.6777,314988792.31993,19136029.462089,43544751.2818,487183314.755,649176010.00992,69841453.1344,,,
2021-01-21,17863845664.01804,8422222242.52244,179805196.92555,422365847.18563,345086652.26155,19075129.597807,44429041.4631,545949918.5676,754510112.47826,70592484.5686,,,
2021-01-22,14265924156.72767,6400413550.76259,162589322.82931,319791284.07515,404431352.1992,19755979.054788,62879078.958,500090463.10115,839759075.7799,90047664.4555,,,
2021-01-23,8300485557.20308,3621490157.81458,105153492.32686,184026112.99132,214933060.06303,13323707.053632,32819117.0787,282479318.83548,1166877437.33859,78812833.0668,,,
2021-01-24,6824806447.15319,4990725961.73751,76799122.45614,138510332.07155,218922988.09342,14922214.09151,30767405.2685,227107084.23527,735101359.99687,62146726.4069,,,
2021-01-25,10588161978.70822,7203921848.3719,107571862.48905,194500942.38808,197190979.8136,15395659.113946,52209407.1815,364306358.95397,735765149.18405,51409762.6201,,,
2021-01-26,11060562208.1513,6419154907.36397,90990712.26302,137356915.12008,172545107.20278,11139475.448659,77480070.335,274504701.77295,558255992.5405,57805923.5831,,,
2021-01-27,13269633440.99824,6718585856.24908,102243269.16948,190953230.62135,189066057.1962,17499197.098183,36648062.0129,376675398.8312,553643300.83651,53883226.3399,,,
2021-01-28,9909261735.25709,4544323851.28896,94475743.39705,157213103.73745,210117907.92248,3118898156.708398,29010792.7687,271105742.57486,618442508.64036,61818984.774,17841921.5238,,
2021-01-29,25293550971.74301,6852570488.05573,127497250.36969,785163364.63179,267143743.09224,6087730361.178434,30062932.876,488158088.86734,552881481.08429,65383447.3913,13356777.6928,,
2021-01-30,9109013883.23461,3218442098.50122,86077046.95623,4607203582.83184,194384460.75575,1999784448.62402,43239380.9122,248224822.23663,342465255.67843,57460384.6252,8589321.9998,,
2021-01-31,7052326918.52193,2789247028.64788,78544090.37274,4547869727.09656,136157934.09949,1447946010.292546,57171630.1076,179926851.92935,387633751.33272,116250700.0227,8929087.9663,,
2021-02-01,8121385637.13714,3023615300.24649,280811230.96805,10723890905.09613,342638710.91357,876013760.296476,31231312.9089,228411509.41393,265167585.44668,68929538.6516,13922500.8015,,
2021-02-02,8364687573.37923,7431220730.79352,232664923.88246,1912713263.44057,756617686.03138,368152255.670911,70574879.2988,473806068.30692,321624159.76275,57873445.1204,25774878.666,,
2021-02-03,8788925454.96376,6966221755.1702,111438021.18047,1115417179.82259,282678817.59797,429107676.919648,50514591.2804,526087920.78946,484970663.15913,71739574.6659,39966407.6575,,
2021-02-04,11507154016.35826,8136508279.05647,201246849.48788,1810257934.33609,260283485.91629,2583071107.453231,63102696.7086,547111266.82478,619526192.87721,86832868.3558,76080173.7575,,
2021-02-05,7395595524.77548,5947779584.53895,354892927.06439,1277698017.1232,841001673.25128,751309780.722023,71054161.248,474491564.21581,661593698.54249,89130621.331,35977940.1703,,
2021-02-06,12369698321.04784,5059220432.8374,874732752.1915,693427942.18029,1064070804.65497,878181604.71627,65061679.5271,588534233.16981,452466383.15519,93878918.2448,22472182.7321,,
2021-02-07,11466152232.53475,6470840190.4574,453573888.24923,878460745.79039,1701283032.83203,2663381745.746014,74565383.6927,378140524.40876,392792340.71805,195932500.8283,38281601.5628,,
2021-02-08,18769855154.62719,6554958213.11899,581712183.32185,765016061.55634,1003469595.00247,2136033168.372039,90981834.407,573290390.27488,430426560.28499,283426150.0697,257699972.8849,,
2021-02-09,17820342806.81088,5963865015.44841,1715925644.63717,925104303.84563,544360295.12642,1250812955.478011,72422591.031,666191642.26352,554857331.41788,187995657.4278,403106019.8338,,
2021-02-10,15286260787.69888,6073425415.1568,3537757054.75824,2091873874.90414,2212772388.8295,1043057988.4744,93712222.3255,1085626487.61309,820866212.24235,628842416.5992,159272711.5349,,
2021-02-11,15468624715.76271,3999256495.29382,988435909.81586,909324521.09123,1420121631.78042,436430616.197035,97104778.9704,596909064.81285,445011819.97345,406476394.3456,112593913.1762,,
2021-02-12,12341281000.02568,4780809285.80296,1055142000.47924,1820550463.0744,865304203.3964,487344613.771201,78100042.7849,778560604.55589,617837894.13527,333134909.4997,122983428.8192,,
2021-02-13,9438075938.38798,4331083291.8682,583667753.63512,2087576206.15009,928764178.27196,262484823.758558,78714696.8564,1444613842.93377,849203961.15981,265176828.1768,79038825.9965,,
2021-02-14,11797051402.90574,3236470817.88099,713957618.34866,1276437289.35128,778311466.48768,565821919.357306,70573355.3629,864118259.02719,721583969.18435,294085443.3407,96144264.0693,,
2021-02-15,11872149326.83184,5714101385.26495,688852449.81752,1490241885.66156,1371862060.7481,722909754.747756,77531975.1808,983063648.38476,891404129.16188,305463381.7107,93404929.2793,,
2021-02-16,16865499630.28187,4526508138.96013,390849638.86074,1423323513.78936,758863670.3865,365936735.225089,62361410.3364,748568482.67738,556880550.31828,236117853.6588,167961150.084,,
2021-02-17,15897490858.65766,4236223610.15366,1813734286.07048,1083771338.5834,604007532.16835,284474001.281136,65771249.7314,974622234.94478,401923803.8249,249321608.3771,179839972.4151,,
2021-02-18,9627115933.97444,4677799273.31045,2864510514.33314,695313867.93545,817888812.30728,716000516.862115,68347331.3244,688185997.29724,372247269.87889,279771624.1149,124623892.5799,,
2021-02-19,13784775685.92855,3766473154.64299,10019885962.46741,989184888.13469,683812930.73845,311776289.04704,144021226.8033,721664347.114,605347639.14627,219290103.2855,94593724.6251,,
2021-02-20,13529409884.87238,6470877708.6009,5912072901.33963,1094298235.97598,2310564673.58647,428385094.087772,111777411.4462,856033187.25166,808637460.06214,277845376.7008,111607162.6341,,
2021-02-21,11254047090.53712,3961287537.73876,4155862705.69895,887224840.52758,1017388357.30282,296092279.062476,107217506.752,558639618.74893,376064742.86224,190834121.1531,73555245.3265,,
2021-02-22,25951996709.77277,8838825736.40233,4042822266.78488,3719543875.6985,1945361573.78125,436078635.494503,268161272.8975,1133778642.39579,1005627258.86509,219844052.8738,275174233.9182,,
2021-02-23,36297078764.52196,10942958835.92679,4334130731.88721,2236132040.47664,2200031697.90493,303359536.733159,499084811.8413,1384870117.10078,1196387130.67526,188381767.4698,120989664.0774,,
2021-02-24,16590055728.58514,5867227964.60702,3754142486.00136,759356369.31103,1156448551.36201,541928941.113274,288377071.167,629433819.58147,676719601.09663,192026204.3918,98554193.4128,,
2021-02-25,17447887799.89135,4711814880.46952,2266374310.55284,509110294.57712,1390380385.87211,255428776.518794,214689548.2196,911190377.4854,480606766.73474,176252141.1689,73503466.9089,,
2021-02-26,20499678357.29738,5737181606.49004,2289352972.85643,626305376.99973,2598409680.21436,175892509.36542,202066752.8803,779973432.68462,484062505.75351,141503890.6724,62515489.2959,,
2021-02-27,12038528819.38199,3756706927.66827,1230194961.35626,412974472.74276,3402690829.37167,114484144.469875,152757534.6192,437868045.1405,372502893.36268,131413025.0555,53861966.1933,,
2021-02-28,16549302262.98406,5629627203.07104,1653869877.94446,472320310.19608,2973396126.16645,124145328.164719,164743881.4361,552147173.02425,423665687.2868,122338782.8746,60815992.5449,,
2021-03-01,15061638936.4441,4093786528.92125,2765386971.87072,377226294.65951,1574934925.13897,133204545.016582,154966760.496,422258748.09243,325235431.86847,142364110.5302,74342906.665,,
2021-03-02,13251422043.06818,4419676882.47557,1915270144.56256,387220927.96288,1147254364.04263,97645582.473921,120709456.7155,536606311.28379,534475724.79202,223245866.9391,51966631.4855,,
2021-03-03,17795826816.36179,4859941588.27233,1621177389.75132,413886367.83129,740142331.35497,90175011.14302,118241063.276,711111199.95463,408657540.9487,174524555.3058,137648519.8419,,
2021-03-04,19138827120.97486,4819190828.6856,1331429561.70798,969769662.26523,1252703651.86124,89877033.207227,95732600.3544,614890903.9598,431692424.73125,159868624.2921,120403538.3708,,
2021-03-05,16912469978.52838,4547100964.24997,1144093957.55844,527852360.72739,1433313960.44711,84446200.255058,78365258.993,469220033.93092,347836203.32919,124353020.1287,200408257.6729,,
2021-03-06,10381734354.30114,4507498262.312,755801055.06652,311733043.15172,688713570.9222,151468602.065482,79739854.7966,387308011.42004,221696502.07975,111234103.7046,139103647.0767,,
2021-03-07,12500440245.10043,4288738410.50978,1058652887.22604,224757837.24895,488655941.58302,73649430.148238,94024256.2636,350021559.42427,243843299.97214,164275790.4638,82462823.774,,
2021-03-08,15655716338.59208,6080210583.95216,895057867.60379,538547400.25129,595641521.97042,390142653.199995,81441660.3973,515994952.1569,479015625.94377,155116884.314,142887816.0284,,
2021-03-09,15409273884.4457,4512195932.80944,3401097400.37638,347610686.54985,1000929957.33067,197699354.946717,103748671.3918,644751729.2496,325184389.2926,401144265.0159,263415555.5129,,
2021-03-10,22279865576.81882,6215915591.53833,2860535754.97144,480566399.48784,817362292.32173,128241033.630552,112393298.8952,834953112.4818,379250331.40955,391972254.2172,139605937.7956,,
2021-03-11,20569039537.4537,5482129545.41183,3595737902.70377,383887622.23717,510126133.68096,98449847.574981,149744985.0954,613321402.70372,381899231.76198,283397870.5071,113273765.5986,,
2021-03-12,19043301948.5384,4887332853.92612,2640348829.36901,458963256.30899,764245738.12293,90907640.162885,142443028.8062,1220879535.06671,387140380.85605,243050223.0381,231515632.0864,,
2021-03-13,18993462517.01946,5136048302.61478,1448083021.93244,370629108.80446,1101892618.39203,211896317.954252,111388656.4938,719954461.81762,410049422.60571,248973014.7495,139904810.7218,,
2021-03-14,14012489135.14827,4225374618.59173,919002613.54001,279903515.20335,593464191.95589,275728162.962155,92408969.388,478008901.57847,279414527.71149,216449162.794,259602927.2991,,
2021-03-15,25683051451.71488,5932093091.82662,1220857944.82322,366812579.1061,694810314.64372,146618592.548077,97222432.359,776924726.79115,413556668.14175,224642866.2034,187976421.2294,,
2021-03-16,18756792660.06864,4444439699.43044,1013265927.78932,1186616166.33313,2196095660.91025,104895859.546104,92577066.2364,537999298.30018,277276277.92632,258018701.845,446454886.7578,,
2021-03-17,19076274044.57065,3879170125.69688,857917831.23671,509651433.04149,2364376006.84979,66114243.263247,95036756.009,466672841.79984,600352830.29659,257870119.5087,304886346.657,,
2021-03-18,17876750420.56641,3527078371.44721,1083023933.05355,455285738.89929,3750743136.81473,82914281.21756,87815906.8268,418415420.87615,364497142.16313,287457526.3082,211979196.6646,,
2021-03-19,15107378224.02806,3259787302.19901,638127797.27726,275138726.50278,1876072739.39001,104619691.65102,75337571.4455,285133781.99838,257206694.79381,368326627.2584,299741704.029,,
2021-03-20,12000524068.54844,2573392189.53617,724691118.54619,1230759445.37594,819380895.80299,105486325.370465,81582431.3448,279856385.80671,273064580.56401,252325893.4513,160648379.09,,
2021-03-21,13576194106.98524,2801382704.19012,617711659.78517,1024842213.75216,727488208.32844,73785063.528457,82648893.1078,303225849.87457,208288818.02264,239293617.7947,238361424.8964,,
2021-03-22,16556509289.78695,3606818027.203,1113058065.16685,2408341652.75778,971529671.91724,78488931.184226,218893523.1707,414561261.21566,251386077.05143,229606721.8525,196952876.1189,,
2021-03-23,15088688822.77058,3172273699.64815,798087982.96707,1651006972.65556,906797631.45704,86095705.967145,111196018.6148,301007419.02731,210669135.94438,204315664.7157,181305868.3237,,
2021-03-24,21637316948.63563,4399210528.81931,1024271347.75635,1119843477.42295,776345090.96243,113099932.278969,111615635.6307,587079914.50038,356405438.14113,229627678.8483,255938855.6571,,
2021-03-25,21627711387.30238,3902283814.32379,1195801079.20644,1105797006.13529,1197057051.95975,89315912.706158,110422085.7114,428200610.96367,382607128.28898,195303906.3008,153158296.1893,,
2021-03-26,14483003307.72439,2675730180.49903,773587100.15819,930133836.4847,1507138382.56111,48077386.78192,131666738.8021,335030960.5154,223170385.4369,183707463.8945,155386582.4454,,
2021-03-27,12939134315.65276,2399338118.75358,1023220527.38542,538497507.19765,667582091.01103,63742836.782524,174502835.6369,236355014.71694,163577466.2215,170282214.2795,111775571.5105,,
2021-03-28,11188756872.79973,1983034035.73383,1050984177.0801,360540565.70294,462991732.00475,42377280.960546,291046668.1286,210849700.43594,177840137.75597,180108390.2685,98067515.1941,,
2021-03-29,15858571872.53349,3435359910.8272,716337983.67931,510902846.61456,479985735.10102,50939339.290913,176922817.5646,418634340.23421,249526315.64059,182701804.4907,100534737.1993,,
2021-03-30,13629362092.38509,2977548709.20566,2358752333.65585,640779415.82256,517661777.1888,80859712.059285,201729373.1928,421338423.18349,187696960.98251,167012498.2719,109410317.7492,,
2021-03-31,19776038991.85102,5049966053.5153,2415262142.06915,857361831.42395,677547005.54901,70200828.499584,166000155.8636,482128944.80031,372880605.44085,175805334.7756,140614797.4587,,
2021-04-01,11561694922.60452,4435453780.00105,2093682423.10748,803261758.22895,472793130.82276,1253014151.647973,112743840.6303,516808899.01145,420906219.24073,127076540.4423,103397285.7799,,
2021-04-02,11251166314.77901,5678697553.59085,2338213755.15838,920089787.45241,640475071.95816,183305889.664928,89345828.5018,572312842.10792,410865004.59201,130521722.9632,92460205.8252,,
2021-04-03,11672141257.5295,6150272520.34633,1571363019.52245,1299044811.50834,773436493.86064,123132778.624182,294937617.2307,653206378.39398,544497294.09322,286165657.4033,90967741.9666,,
2021-04-04,8785593781.4487,3330679833.83388,1366193753.50748,752946502.45007,384931601.55581,84780240.06732,255593470.2103,335365552.36694,300879313.68367,142058941.237,80396240.4697,,
2021-04-05,10144751892.15272,4215186592.34909,2061267862.76967,6363079681.63292,656127996.66719,173429655.346187,170954770.0748,915746741.1363,416222429.31987,291547344.8721,110184564.8935,,
2021-04-06,9681501016.80336,4675497907.26923,3014535196.14841,9987504029.58167,1910659605.34869,332834261.387741,209637629.7549,1712192760.5833,873840020.1909,305399131.0494,136205850.3198,,
2021-04-07,15106714000.51917,6331327536.5734,4274347011.93321,6933048543.5641,1058908387.1673,316018061.665039,417606328.2596,1479364102.71727,809764639.93897,235283366.3092,155738334.6509,,
2021-04-08,9238696877.00206,3355215507.54095,2537454715.69412,3476414702.66448,473148556.83727,112451126.384309,264429296.624,580798953.75176,314052887.33642,155319272.849,109371092.9408,,
2021-04-09,8260112160.68546,2571500898.67981,2786192439.36973,2743732463.65186,370614821.95937,169318509.74996,226216676.8532,428284198.36021,254944196.09401,183853863.6799,150101711.4041,,
2021-04-10,14476191585.21529,4462334737.25942,4164539354.42506,9263536896.32333,534810648.25328,196669406.628926,177090339.3679,1205715639.54556,300215182.52683,272922661.7736,130118802.1253,,
2021-04-11,8896497492.08689,2765613090.77921,3387721672.22694,7066466680.35252,942345283.8611,1230172057.725391,172676736.0649,1100851818.34178,425936934.89228,171598444.1195,86078145.1856,,
2021-04-12,11824507197.55324,3572221905.88937,13362139662.66084,4034675980.36383,1205181547.33849,322202553.320709,214048996.5575,855865021.00186,341270887.498,305688619.5285,111697573.9114,,
2021-04-13,17408986053.32569,5176595617.26422,6097883444.05825,11284293813.98425,1512480433.97211,1354160243.203189,173983625.5152,1250144415.13238,576645349.51789,291209275.3088,197576936.5778,,
2021-04-14,20512671253.01205,7962169647.2472,5206864683.7642,11032393823.24671,2802892416.31218,5750949447.761896,218834727.6145,1716316496.86498,1546823015.00217,537996394.82,143223552.7737,,
2021-04-15,11249310339.67892,6417301595.81241,2165924618.48792,5348555962.33145,1204471462.08781,4565072775.667006,183061030.6699,1143883542.26417,1373734976.34659,368427083.796,171160358.5278,,
2021-04-16,15740427372.09463,8482048892.07963,4975202491.26112,7262376592.93785,1445151277.46162,20377998780.374283,190708819.3671,2552790136.83822,1225436792.57537,304034591.0016,164131561.646,,
2021-04-17,11862499746.34749,4945909137.13609,2733959524.57189,3895936125.20586,859946808.44438,8672532454.70059,175374670.2729,2254513690.09795,825625969.62724,233490342.6425,130687184.1573,,
2021-04-18,29025717493.56943,9242083489.27048,4551574836.63867,7327612996.28168,1971842521.86466,6762260375.867345,621814875.8379,2608486728.69167,1924181125.99394,393195805.8885,224816636.2013,,
2021-04-19,15980367367.83548,6625482639.95203,4833438226.52617,5585371100.92664,1070053883.95982,9610968278.746077,647408899.278,1416348821.04071,1418209098.00775,269414972.0282,240696967.3449,,
2021-04-20,17936263515.6146,7390689083.89487,4957928258.63442,4820390202.63912,927399483.32261,9674298082.762375,409363627.1015,1457444822.22287,1117317958.80504,225460175.9646,120339813.3735,,
2021-04-21,13965417339.88797,8376213677.30245,6502790137.57968,4055054082.02768,725563380.41493,4133646016.61698,408399257.187,1202907291.8456,720316671.64194,191561379.7695,133771738.2745,,
2021-04-22,24205456559.06127,16634756435.85801,6048588272.162,5290677566.31656,919082988.20818,4498168779.233939,805864204.1444,1839376190.13731,1161824958.74592,196857418.0677,182896847.8512,,
2021-04-23,27531602634.09058,15240128936.7881,5812742489.11263,7573479500.33869,1708456020.21116,5482138734.807901,813628931.7804,1681625409.74736,1286079090.86731,223133043.5559,161084686.63,,
2021-04-24,14965045326.88724,7712787520.22163,2708628223.24489,3212073688.49698,869239370.00167,3552876481.119627,649590695.233,750943657.3469,530196075.17163,137648983.0653,198980340.8169,,
2021-04-25,15286993330.1604,8083675412.6014,1980701482.64678,3410583235.048,625358024.13593,2305520047.387858,866788798.493,648214437.66466,470521921.78121,120564429.1123,371039912.558,,
2021-04-26,20594394185.15647,8646978933.32786,2583407899.69884,6442511682.6998,932514986.40371,1557431345.517375,639982835.1589,799073722.61679,515294219.1764,170604181.9512,172313325.2692,,
2021-04-27,12306057432.26168,6743588001.19054,2586037846.84077,5952206190.379,846287214.87339,971353069.813687,461661484.1165,716554545.44236,511289558.28798,162354061.491,228323088.829,,
2021-04-28,14420430887.67137,10332188911.34269,2128415418.97699,4529158385.11853,904447875.00514,4944430240.100573,541611553.1418,659885427.30376,507923451.18603,172355022.89,181901865.0709,,
2021-04-29,13822718178.83627,7750499577.3932,4310661450.51723,3494484657.99338,1291659985.36748,1415468892.97694,411845356.0399,526253341.92251,511515296.41405,161735673.8723,162420053.1169,,
2021-04-30,16384605220.97516,5412494300.94511,3559168414.64988,6150493687.46453,680758169.78887,1421155780.572201,277647723.3713,648713413.60936,462582295.06911,221434843.0892,93306895.9454,,
2021-05-01,12008585817.99517,6589470501.4225,2259984012.1929,3070439341.90727,522929857.28357,2779728711.355317,488896683.0126,541829040.00545,462450578.14958,253048756.5464,72742200.288,,
2021-05-02,11572672993.01727,6086611127.85545,1988875768.89767,3272713750.633,569179861.7557,2217560388.178645,420337060.3657,510439011.7103,541617567.77586,196995240.0987,134743880.0079,,
2021-05-03,15734811253.15819,16382343434.80363,3157870538.35078,2931557527.24096,634253495.58906,3040257077.307983,374053575.425,990806086.85792,633714492.81022,338756268.9427,234963148.1365,,
2021-05-04,21460954657.1204,23227206677.60779,3859026403.25555,5405770220.7541,985267810.77967,14069837385.905642,420804026.1042,2883942013.13471,1927468612.1943,302180720.6774,168877378.6886,,
2021-05-05,17803582010.46668,12937893760.98514,2088866292.46737,4428953346.24948,1265632938.37805,13668906630.549911,291148135.4151,2645052546.37125,1500283012.33483,254643472.5729,118717004.572,,
2021-05-06,15686629190.12539,10632727893.23226,1635721032.98309,5792432941.83408,3233058020.97899,5691607071.733271,240359213.012,2323931594.27897,1119769185.65357,426957782.9908,133025367.1246,,
2021-05-07,14595837163.97394,8094167086.99724,1506655543.55009,3455876933.51754,2075974797.46962,8640365197.426977,335408576.777,2526583954.87032,1089937863.47728,467968808.4522,92992922.5213,,
2021-05-08,15519326694.29709,11602305090.60812,1703524578.63927,1913874373.83637,961733731.96772,9343617562.49304,292068974.4754,1095560948.59547,636129161.2602,267277472.9854,85210944.6058,,
2021-05-09,14240035980.97883,12120213502.67268,2261320872.62863,2242302913.29644,2454514065.87897,16363755549.655674,313508986.2728,2217616818.24212,1006560461.38009,244833933.8125,105531841.979,,
2021-05-10,22695249844.91265,20426765812.22148,3013336689.87588,3961941194.74804,1892662630.99815,6014334709.032963,294783007.8326,3405050093.32166,1205889908.55065,356444399.0068,156501473.2614,,
2021-05-11,14894271373.24978,13477585470.55893,1608585740.28546,2299181698.65083,1352270318.98801,4481450956.171495,262051443.8542,1596453992.71145,672319202.1336,225551606.6362,84029152.8888,,
2021-05-12,25827757899.75109,20540714054.05621,1936293778.00073,3372406601.36565,1541159734.15411,2925496372.305523,566810869.8677,2126130773.6937,917544298.27157,359998129.4295,188514298.9428,,
2021-05-13,32261339754.84351,22134721314.84749,3917493276.3091,3930460272.55837,3722203572.20991,5411855203.4901,492391692.7314,1839357614.46595,946622322.94366,317753550.196,207217270.4023,,
2021-05-14,16003223041.87315,12181077842.13998,1538673875.23383,2036791398.74152,1782943066.28631,5752059644.115888,281372242.9377,1006455200.08919,540295797.57046,213405766.2852,112391046.2329,,
2021-05-15,21481317002.84265,12859384950.05047,1381755945.65264,4926051157.03056,4484961625.39049,2737610625.742402,283038138.1964,1001045470.75241,671518072.11764,313161704.1656,98013840.3844,,
2021-05-16,28364127431.87493,15266100829.69663,1690630158.79039,4649880520.34788,4069555733.62997,2533424623.104004,823757077.4065,1228445424.52061,715368297.51202,309794060.4447,164143736.9509,,
2021-05-17,35658317191.93991,19279667315.49166,2542276498.336,5369893676.44676,3602221732.96594,2050463145.919175,944017700.6579,1326343259.21632,845224697.2809,321891272.4802,117399123.5485,,
2021-05-18,25938880316.66994,13102791083.02771,1581393751.00956,6285556548.06251,1873336944.7315,1395269932.657902,868390348.4036,1728073057.59135,921073967.81479,286856413.5561,124085843.9462,,
2021-05-19,52959873009.79825,27803524889.35709,4860680772.2038,7381033614.66054,4830160876.07575,3735859561.515171,1009801965.2313,2566279032.53547,1728599294.90525,370544819.6874,233142796.3279,,
2021-05-20,30672617975.08359,16113950567.52409,3297036424.07439,4259401481.41628,3252743694.19162,3793726845.713433,889502520.025,1368255318.49777,1100644714.79767,252578237.1384,208815853.118,,
2021-05-21,35509680104.40348,15265695041.77466,2930822281.85531,3473579987.73397,2554791354.34931,2228862785.052471,647911378.506,1155316669.32392,749054256.33291,188796579.953,153149365.723,,
2021-05-22,21993863634.95327,10666152727.52536,2017003029.00531,2909023704.26383,1879605660.01176,1712216237.93194,436337694.687,840843533.75009,518611211.23356,139064969.898,127285847.243,,
2021-05-23,34118866979.40657,15783098848.93368,3299759533.40301,3804371574.38895,2669648007.07743,2286649558.521353,951575381.5482,1255191217.0524,809442526.0619,184031579.7492,237271192.4605,,
2021-05-24,26315302276.99865,13586348325.92198,2929791445.0202,2998666014.50715,1996816653.59315,2144390178.062058,589967014.645,898116951.27177,690858233.6542,166230692.969,518698154.608,,
2021-05-25,22712004628.95159,13694505271.63173,2977495160.24361,3439444094.96324,1744008883.63475,1672045387.138726,492379286.049,910872897.09453,633713696.71643,131465794.994,334284905.384,,
2021-05-26,22649858073.55562,11285324614.47753,2362173490.37126,2478608660.5773,2017466897.37358,1054030897.714808,450166426.915,732986823.33844,902956193.07971,137195434.072,321999415.543,,
2021-05-27,21083767719.11829,9494992137.75452,2089840766.99223,1995717034.07765,1300845751.29999,781571177.613251,329198544.458,711156925.30306,912651280.9077,110440657.448,201373957.732,,
2021-05-28,30299787311.85723,11983057928.13767,2536423803.79676,2393173193.94754,1583882087.5594,1329706213.286395,335577637.854,861632805.84984,926776904.6572,113775443.498,209070727.124,,
2021-05-29,25787790806.9165,10655588004.12472,2005398200.09081,1925369596.65391,1357589348.7401,929586897.01855,245029637.303,759523611.54304,619651841.09807,90647841.799,121040054.153,,
2021-05-30,18116421636.30937,8645260126.70548,1810503751.54083,1778953233.27486,2091557430.75554,741269290.389995,248540344.104,564249437.41035,602852360.75543,81171468.167,150375978.248,,
2021-05-31,22929964892.0569,10502558832.11788,1878130586.66049,2895409786.42564,1635337956.68824,900021432.611778,347397754.763,610649357.39803,619641811.94899,83261252.71,165085614.205,,
2021-06-01,21609364827.08958,9868610856.33613,1741564228.86819,2803075052.99432,1456235425.03064,2395342275.613127,317974491.297,510980380.62236,564799650.54777,83329038.946,106635638.157,,
2021-06-02,16479965808.26946,8165015125.37414,2712098414.53735,1544295787.90877,1223191593.39304,7437878004.683828,282411941.095,416814020.55439,396654968.99852,96743555.146,141353315.777,,
2021-06-03,19590443294.67527,9987629061.44338,2486658573.4649,1549430981.60344,1174965716.18114,4733519825.017202,607185330.394,528707385.90229,416974724.76848,106897022.689,191119382.807,,
2021-06-04,25922946606.60956,11593942225.54805,3169638670.54846,1943214402.01436,1653322099.40588,3809069413.577403,611684711.198,631962140.03097,588696362.13138,98213440.035,259024614.481,,
2021-06-05,22946553087.06278,10381974440.23042,2814308174.91223,1493974342.86068,1058040715.30898,2280062958.24431,800342108.171,459241576.49828,446652740.58053,100672718.76,152690024.084,,
2021-06-06,15937978040.90477,7316997901.78934,1494629391.00469,1013878531.99405,632747040.3719,964584295.281003,642078709.414,366904845.95773,246887691.97272,73718731.13,72631310.427,,
2021-06-07,22666564580.47221,11416987186.62013,2278544149.5135,1588401830.93651,977589179.86244,1563370162.641917,791220304.657,516871087.66035,479020008.61317,111279623.474,117891499.366,,
2021-06-08,31912200461.05386,16237479290.57325,3395242741.92649,2189521986.90488,1511151721.5599,2231760455.701343,1161099702.819,690913958.15994,711333135.6259,117512254.197,136431401.081,,
2021-06-09,36050659489.10996,12928474320.41501,2508616410.66797,1831675315.4136,1156180965.9143,1777714111.92899,1076024862.296,677746649.04919,579871798.84924,115134762.887,107751026.341,,
2021-06-10,29775084407.93657,7963220022.58071,1786512957.08916,1299091125.22143,749662793.8233,1112403681.831693,580900031.453,536242834.71967,382104730.67881,86118816.068,148228951.483,,
2021-06-11,21668792470.73891,7111141085.93231,1534048436.7876,932403261.66211,737021817.8393,920951189.001529,516663274.727,515806735.37787,357808952.67162,78800038.649,97748289.214,,
2021-06-12,22229082760.92563,7889597212.00103,1487364517.01043,887324340.25528,894931720.5454,907759062.71186,526463085.729,432761006.39633,449440375.50875,75082143.832,93874047.219,,
2021-06-13,23729185499.53586,7188328606.18587,1415928304.1651,844853205.79112,953669151.1827,674793919.805075,424005570.02,377208158.31043,467036053.24669,86067288.375,59620272.2,,
2021-06-14,28043323953.58158,6555180132.71414,1362050463.06219,1031081318.82116,768675436.6984,779923467.841451,441471549.449,422528851.66926,466034987.19615,74992001.206,67284951.579,,
2021-06-15,25426404028.57427,6731794513.84064,1251491779.70179,894726494.74027,698925599.1478,603391312.977677,436510138.586,406849681.99526,523589432.451,60999803.934,129495123.746,,
2021-06-16,26431149487.44754,6669003234.20805,1190135951.74576,869571270.39911,695112294.4112,582716205.712939,559628147.119,426040673.61281,479788343.93153,59608764.621,86008571.145,,
2021-06-17,23274089670.0265,6695512370.52803,922563341.94761,775771137.2423,538320554.8379,436573718.064196,406536777.476,354500248.81201,357932215.75467,78453900.824,54326114.479,,
2021-06-18,29108720481.11914,8552190538.28243,1246471325.9048,955096586.64405,673293007.5971,787658575.317046,379093482.476,424100804.40309,454216568.40025,65352568.729,93847046.963,,
2021-06-19,22933053073.80613,6458695705.42715,830131241.42858,676347987.70927,498727670.4528,469185182.805603,277061101.936,262888459.97084,311252896.96573,42285275.498,54166613.377,,
2021-06-20,28839255734.67477,8843020670.45992,1330212756.99949,1209952116.32691,872318602.7421,954050068.627459,442043627.066,361443229.18605,432176537.36147,47648765.157,55868456.431,,
2021-06-21,45999742162.57469,16807647822.40997,2521419739.47302,1946090882.12063,1429400905.6828,3463143901.677572,675299516.122,672116262.47311,892921694.9646,77415390.409,97224934.837,,
2021-06-22,48118035155.63216,14223120472.28595,3142263426.53845,2289183514.18425,1982966038.2547,4477694605.740888,1052196307.633,800796350.44247,886406592.06559,88508741.336,136661573.032,,
2021-06-23,32385728391.32214,8043287560.77444,1975489737.81532,1834123779.77263,1113733984.9995,3387858669.01177,944522009.751,439243464.00546,495178844.2734,66568047.855,133753910.69,,
2021-06-24,26142284529.30551,6018280271.63026,1693998691.85864,1298866677.27948,1225595997.3371,2526868662.319539,590203037.121,327011954.07873,362439369.32785,44993952.598,79131079.556,,
2021-06-25,36220815800.34415,9024571644.12839,1708188711.8407,1412109608.34704,1468418411.9311,4674146178.976711,644526957.385,411398257.49557,446545368.22278,50110873.402,87813087.652,,
2021-06-26,34169368151.21496,8078889026.41593,1434197358.38274,946239504.89764,895535227.0648,2276347635.064803,564794006.798,402087102.56206,371732359.86348,42345421.473,62044319.56,,
2021-06-27,29675701648.44259,6776865023.89345,1147991052.97633,883433651.06771,712157493.9166,1505755939.715704,510962468.424,302368771.23974,320283136.50542,30399119.933,40287357.048,,
2021-06-28,24347802821.64672,10414575455.76256,1245040196.30729,858674607.55861,648355257.1416,1232334560.599471,431159112.806,331332861.29112,343879826.53677,36036044.037,62177159.082,,
2021-06-29,28651151982.42255,9211767303.62075,1497846093.92412,1464268962.70619,943122915.3836,1347841886.80186,414860083.693,466506431.8721,423060974.80299,47298572.437,114033245.256,,
2021-06-30,25089717253.91246,9905282259.92462,1355749221.01806,1232698812.70047,815381131.3667,1212835493.175515,495527200.304,370120057.23742,404235020.32236,49933499.952,132890079.273,,
2021-07-01,25510026886.15879,9572977503.66685,1035944744.30856,967426416.48076,644713874.3896,1726488343.125217,485866890.152,333657366.44337,342375476.97486,36036401.518,101856078.483,,
2021-07-02,22117194903.82862,8073817364.15074,848109313.11239,738187437.37692,881750071.5042,796866291.108028,385160625.122,287929084.48421,294820517.88906,37362473.894,59257310.617,,
2021-07-03,17523073397.64332,6500249029.39124,795207627.20881,699883768.9636,677357467.7989,505808091.873927,285765794.66,196394541.65219,200629409.22419,24007568.994,37666877.766,,
2021-07-04,15913944818.06252,7390321295.6183,976582649.91378,724370975.10499,659618724.4439,515621447.634813,210838655.757,241426532.756,268388372.51441,42406872.285,58956776.494,,
2021-07-05,25080538853.9889,10086981165.22405,1111235822.62551,845281699.74843,732574736.2349,769412106.263222,233554075.932,302017950.53924,331908120.0331,51027282.855,70251057.559,,
2021-07-06,22007603921.1366,9626162967.33224,1526229265.4525,701120898.62968,563190373.2031,626736004.368093,240665268.696,285835411.04302,453917581.71728,90244641.645,109382517.006,,
2021-07-07,15756590092.29847,7340606730.55211,1453222436.24197,577816747.01132,426716136.5489,476024939.818968,394477465.575,256368925.98066,468334670.77936,73424421.583,246131540.512,,
2021-07-08,21360817082.62111,9080261738.94438,1420569018.70639,751888628.42072,605858920.1239,775769125.812173,414648884.862,322557175.14659,413044994.2076,63300798.09,166243501.856,,
2021-07-09,16088319381.03029,8846405222.35686,903705946.50515,786174493.59521,535012700.6712,1733536510.142257,260462651.408,299034818.06178,333375219.46635,59167634.001,383415512.271,,
2021-07-10,13822726226.60229,5940286610.7685,714538084.6681,533697080.05162,352170767.2177,636529668.526315,233373394.898,203993604.74227,227564026.9101,39225391.749,245308803.6,,
2021-07-11,11640701255.89198,4578291195.14697,745841388.37634,451856874.13233,282398170.3767,372370739.542734,182666597.748,204604368.08787,189111710.80057,27574278.724,233110500.847,,
2021-07-12,16891641370.32395,6135599771.18761,1197083645.66034,736287204.09188,381135707.7441,517145875.958889,208669598.797,394164657.09884,238268229.28883,44470957.781,170195855.905,,
2021-07-13,15294563607.10545,7240764577.16506,915468111.48083,728029926.1345,424880114.1272,482234916.244305,198869674.257,282658773.93422,236307474.99332,42238122.924,155493973.499,,
2021-07-14,16871855472.03737,8306491741.37898,1177795370.0919,791393694.30244,582166207.0522,706199130.171608,288692221.523,289899092.33937,272991069.30694,45275901.838,202439659.945,,
2021-07-15,17249306209.93983,7547129300.45538,1775156093.45912,656741006.13336,405274809.2747,581905492.714175,248964483.61,258018345.4937,277883083.20529,36657344.095,126028073.055,,
2021-07-16,16377889184.44778,7227056616.37395,1233410183.42814,690712601.4616,457436503.1712,706867989.866615,257341518.216,233017592.07471,256149064.18597,39591010.53,133762489.31,,
2021-07-17,13327067038.85016,5965787509.4647,977414783.58729,562889284.61522,357446585.7926,1709053465.693762,215181279.239,252876244.55675,263768495.67976,29460779.408,94265453.613,,
2021-07-18,13084053080.66186,6490340037.90537,757414019.01751,463093565.08311,328421682.995,1023138762.764085,138722081.874,234796744.93148,227924908.68206,26232942.975,75011142.439,,
2021-07-19,15114690213.58257,6135968039.40363,1108678460.27639,561189315.27434,369603763.8671,756831953.579986,238544701.203,280628723.56081,313158395.07001,23839693.039,63549587.398,,
2021-07-20,17961608394.43468,7956472622.46679,1420242675.25746,749821438.56526,661552353.6326,1311753808.967204,274040962.938,410333207.01983,383731805.03666,30358191.265,79506490.966,,
2021-07-21,24708991011.44716,10439929115.58029,1404509136.95459,790463640.95995,772618414.2424,3377497429.769981,333291100.439,350540672.36142,376323228.48943,39558538.125,93766833.576,,
2021-07-22,12754500028.76495,7466590230.05726,837626238.3067,675429177.255,418633930.596,1048737946.347801,200018446.918,229542526.99423,272598240.5101,30672590.18,121871793.135,,
2021-07-23,13173247545.9248,6648633427.28004,1020073951.64936,552494710.17361,366388473.2794,851747376.941725,204553027.906,203284065.01022,243848042.53855,25006237.696,111684016.324,,
2021-07-24,12732082908.68063,6230603831.2898,786991599.77163,468267465.17458,419579773.2843,813036913.387705,192666414.481,221066605.46347,238876720.62941,29050366.978,130006660.773,,
2021-07-25,13893942170.58207,5715783682.52749,626122954.28011,390807199.04439,337718914.6974,675865836.742385,179474028.507,173694372.17445,215493599.67011,24926642.261,118070108.771,,
2021-07-26,44475672628.66526,13069147530.17464,1603715456.89179,1237403683.56718,1254770649.6057,2400344561.980268,387521953.479,534758609.39326,702129296.38734,82062636.822,221924884.265,,
2021-07-27,25492243891.00927,9128465396.90154,1054064422.44286,778307997.50638,664555834.6343,915784989.501176,223753166.061,301256348.54817,430386477.35601,46156374.598,158487724.654,,
2021-07-28,29337785847.17598,7597061765.53673,879596028.284,3105887760.45494,557427447.4626,829739163.295721,176515654.778,407611188.80087,428927778.3015,60883614.029,246426073.492,,
2021-07-29,18494873369.9317,5488185704.97631,692772852.01239,1411844354.9264,412352380.9079,432533769.082051,274622608.407,328424927.63624,251422926.95198,53670173.703,271219758.514,,
2021-07-30,22382077430.50685,8490960948.10425,854499039.68885,1542158657.7169,496938253.7533,632835926.475732,462555735.652,307992928.50807,1021149676.56226,52135908.396,161714576.258,,
2021-07-31,15885174209.01891,5836744313.47873,907945495.55414,825914492.03729,360606336.3247,583785595.997337,404790826.7,221168883.46953,626679943.43322,48693479.529,121026808.526,,
2021-08-01,20123271133.84008,10920759980.85322,1020012023.75045,1185044710.3758,610773199.6301,793558894.241138,347998972.024,328602827.87505,676430856.58973,69010960.699,191143240.871,,
2021-08-02,17868768676.14336,9757084146.95917,695702471.62357,998600916.41183,407345877.483,423211433.855026,236580228.673,256207814.20412,619867943.03152,49298947.954,224277048.909,,
2021-08-03,19870811472.42814,10108119599.97699,624222550.81931,866784633.3477,769149402.0323,480387027.882032,331182679.827,232817251.5441,872820724.4015,50113471.042,605656841.138,,
2021-08-04,18566815767.50786,12137903905.43098,567879298.28547,703831999.00672,581142828.4003,415733813.915377,254681909.756,241855328.12367,725743649.30213,40605772.053,558235156.112,,
2021-08-05,29293280083.50881,17419363268.20104,783124698.53877,761330494.04994,516206651.8977,448783585.564213,419070827.239,353194039.26261,589936060.12335,53352295.972,316113450.339,,
2021-08-06,27084444322.36515,11184522371.32228,743134430.52687,690675721.35534,541168047.0482,549103835.084777,357358302.705,394023953.04386,516484301.20257,68423765.366,217535718.449,,
2021-08-07,25434912724.49232,15898690989.9526,924167277.20465,1486769109.24445,758078492.8942,3200013738.801741,328621345.697,476195623.2453,531465161.20085,88006481.598,238903330.331,,
2021-08-08,24546996022.15984,12960508391.08436,804202946.42319,1355575323.72656,630532786.5445,4216986594.281042,219526831.682,369024600.85458,456468957.82661,68743106.321,177748988.303,,
2021-08-09,28215980001.728,15308758012.82675,840693384.16098,1193187868.64535,627541600.7938,2892579160.668514,273196872.898,699358192.53195,473470920.47596,107282851.6,181384935.625,,
2021-08-10,20993395642.65772,12596399140.64382,1274046721.87546,1291916979.72381,1276361272.13318,1869367182.057394,322222614.02,571077559.69121,527778280.2028,92239923.206,314166108.253,,
2021-08-11,18016171890.37027,10431960240.70598,1316900222.74977,3518973498.85721,2154299568.6859,2637230854.742983,272988604.527,545409701.7318,628636152.51917,92792890.576,304008536.988,,
2021-08-12,21002449071.36338,11298867650.12576,1373495245.21786,3501118531.001,1846553917.64564,2876650726.180649,270408314.001,611738567.88686,521275525.0404,84750343.557,196996364.079,,
2021-08-13,20268188738.82734,10556999488.07876,1061882549.95651,2613832168.0844,3653680319.48728,1752321201.212677,260142888.331,695611288.99734,451992639.40804,91241634.228,147536053.04,,
2021-08-14,17592436753.37547,7541715652.47723,1092505500.36647,5684716431.95037,3508399360.0133,2373896854.066785,181527129.203,563378181.60562,469667810.48774,86469081.545,120019260.815,,
2021-08-15,17184325858.98103,9176432710.68574,813110866.27134,5025597919.53484,2158948390.8531,4215560234.570191,817150213.194,591738440.87909,384110546.34052,74310774.733,217525668.3148,,
2021-08-16,19341043030.76062,9165693580.68069,1384504597.30145,3533162677.29747,1466604048.7038,3930631064.954798,3917456883.577,603655787.98805,816256829.73331,165348300.783,827827661.5609,,
2021-08-17,21777823959.04203,11313021664.72633,1491592090.12571,3491217416.98107,1777179745.13166,3146601433.407352,3992127455.985,535305879.93152,876453783.46543,557961979.487,1349359782.696,,
2021-08-18,17865646754.68377,8870183227.13909,1227379299.14045,3534405188.43171,2288940795.87378,3408932393.113732,4329141984.411,459177518.6931,640746085.20878,945273303.444,1604347061.398,,
2021-08-19,19883402232.55334,8517882649.26069,1252913561.62689,2794552476.42953,3647707557.696,1980661185.836724,2098929581.207,412223050.52332,531381824.63318,1116825474.151,1592142730.316,,
2021-08-20,19242378733.46022,7213472444.69804,1226095577.45798,2480017241.60668,4215397277.3291,1810991983.744965,1416255847.046,395383307.40401,524471395.89247,938122991.162,837780942.171,,
2021-08-21,17049427213.4425,6008937521.2707,1120445453.07305,1835777957.11478,2101245895.1024,1439012725.004692,1283645182.526,414721501.31414,510594920.11537,1785715421.3856,574609208.676,,
2021-08-22,14395479952.62928,5694971586.81129,847161971.92542,1554661309.10913,3204564170.34718,1084350940.543357,795829145.062,622433559.89447,396684195.85373,955987409.397,456242467.475,,
2021-08-23,17745733776.00453,8087347064.89252,2697018873.40144,2538562416.35634,4879376690.3396,1387974382.84173,851839370.796,538318851.17288,468669360.71592,1263085940.534,645669745.294,,
2021-08-24,19450210328.35084,8206532013.99988,1805189097.6112,2307335694.41913,4684756125.39,1657261561.646301,1580173890.201,510891608.80336,481389039.42931,1847097265.775,1960078804.258,,
2021-08-25,18737744219.73293,7633000732.16727,1957951630.24666,1829358169.22113,3134643779.3891,1150732781.835334,963669635.075,393086526.06433,422588672.89064,1351958410.723,712051284.355,,
2021-08-26,22473235582.72602,7377079755.83256,2184940877.8007,2148636443.36759,3079607411.9737,1275524939.06981,1938785473.566,441688949.62772,465702160.92783,1105795302.39,824269951.446,,
2021-08-27,19245054649.6343,7072538774.15535,1488353017.33801,2009073686.50204,3829082384.2353,1048350508.218639,2432140034.929,350181777.07892,388909948.32365,1183830039.394,1137181868.389,,
2021-08-28,10891802522.97636,3648997299.15339,739006873.0843,1159674330.95437,2053521213.1366,738357982.826443,2081296076.185,254262224.08518,231211244.92239,866436701.984,1147097154.051,,
2021-08-29,15338512478.0667,5275349676.12545,871469638.84751,1262239646.45416,2277668262.1096,722330581.090637,1368451197.004,464296252.2647,313714814.4396,656232682.644,911193301.288,,
2021-08-30,16883434689.08808,8211167690.59126,1001075441.28393,1172807132.93353,1841757895.678,867241866.777245,3864006386.866,392191229.54833,369979018.94807,681196732.541,919185744.329,,
2021-08-31,17331998427.24321,12096403303.17363,1233219943.40468,2451702644.76138,1985308963.0255,852089213.884268,6538762718.406,467289746.73023,598662592.92988,730096217.372,725657794.745,,
2021-09-01,16740393336.66525,12019155034.32282,1237587901.11016,1920296897.86509,1566292478.5603,858963265.765084,3070257082.177,551745022.91685,736522007.23915,833109369.797,607150310.682,,
2021-09-02,17997935761.14562,7549206070.15826,1299090124.24992,2159671561.90236,3084268143.3374,1844123416.383469,4136643157.683,517846072.5979,639997075.52928,735330037.161,576146548.269,,
2021-09-03,21513177165.61612,10327395607.95398,1032614670.72067,2273270472.30084,1593995365.8411,1153815472.674785,6614033838.691,1726853780.81655,688963861.36936,1285085810.78,602718396.281,,
2021-09-04,13759937547.8914,5898345690.61458,1432676576.9014,1371313682.32133,1411575198.1002,1251699575.093279,3592008961.206,1405581257.02502,438366073.64204,906888127.104,363664344.753,,
2021-09-05,14588935796.41607,5811218020.16181,1002442721.4091,1332971254.16551,1279795464.5851,1276324669.548918,2291320967.659,1106746778.17755,619652331.37222,783577371.776,643950915.634,,
2021-09-06,15423250787.26498,5785284739.10346,1115427375.02833,3250149954.2919,1271352263.2554,1427760002.728589,4692774794.079,915221237.69986,1209514014.64454,1068569240.445,662958403.373,,
2021-09-07,37281067593.00847,17735945429.50642,2803786486.46861,4979915261.73181,4491960356.63268,2700863985.687059,17287282345.366,1501730030.45937,1664477476.1582,1069776055.912,903988180.468,,
2021-09-08,20085515480.72311,10180478366.96899,1413375175.75185,2700749102.93521,2454172416.6238,1234486395.063956,9421639355.836,998881748.53163,783960670.94274,597219700.305,845167994.405,,
2021-09-09,14346157049.46551,6915562238.84697,1031981045.16054,1718690818.14827,1777830836.4111,691198427.941067,9077515899.588,619482607.37821,679832132.55483,901296797.666,553905416.501,,
2021-09-10,15708080883.28685,7664857100.21164,995586071.66332,3110888444.55554,1634930948.1018,790809947.555582,6088089746.524,515756434.05714,702402386.32229,1781544754.0,3224962910.448,,
2021-09-11,8807681962.10374,4634941547.10116,546362090.38253,1070051752.35642,3200481511.3139,402833126.231823,4372842699.695,490242743.89793,359285042.6829,2044200146.615,1633983748.176,,
2021-09-12,10201271595.70855,5125794285.18948,594253819.00894,977523024.54862,2709675249.9604,531893427.36107,2371366125.386,422757141.53371,472287008.86911,2329717124.328,999351674.495,,
2021-09-13,20131171676.0145,8628300678.82541,934143190.11191,1486973115.90464,2043434713.4582,781753774.616764,4957291739.549,3820134517.7046,761890077.26157,2106140582.522,793466401.849,,
2021-09-14,12831694974.04345,5132621489.63076,578172011.16089,839991976.48689,1045788258.5679,344235821.24798,4523768741.733,847133703.00281,696305469.5622,993636110.395,487843120.912,,
2021-09-15,11624351579.75172,5729547036.04413,797733346.1902,830782470.55367,1544128722.2833,339459028.198537,3612241104.792,512883262.78294,734340910.44217,825864008.225,390943692.433,,
2021-09-16,12433719043.28008,6749807268.0306,707294454.01665,1002385728.75968,1087610578.8584,413323852.838516,2815083550.955,772176110.2763,687183489.218,2462905978.799,695031700.105,,
2021-09-17,10742174762.67011,5777910858.46376,598246786.7955,827758204.83244,782924122.2841,903221342.936825,4269069933.929,472906599.32597,517830416.96005,1886786636.297,512381338.667,,
2021-09-18,10031215317.91942,4822132415.09092,422895171.10393,590992658.32526,660231488.4964,332779468.612484,4528974911.693,305043914.54162,313636533.24945,1868005021.582,285252976.517,,
2021-09-19,10122579342.97277,4746244212.53249,509034566.43809,665298131.5312,785306289.784,290340456.55522,3085497238.269,291593386.89875,277194879.86451,1843659799.076,504273187.14,,
2021-09-20,26601166549.81395,12039370935.18889,1285139447.95378,2271098709.44354,2113621923.9713,889475094.69964,5369574245.557,676135637.0644,680741315.24293,2576605048.786,842357045.995,,
2021-09-21,28674205460.24377,12492102976.07246,1008145433.03332,1606060627.71235,2091120014.8408,709884680.95659,5424967832.66,528585697.21939,583099762.97558,2665657635.669,681014530.265,,
2021-09-22,17055828172.61599,7869352817.07343,629500208.96604,1482173427.376,1281860205.4248,781832753.13582,4408837904.768,416580810.84095,378307037.27712,2406161266.673,707521003.033,,
2021-09-23,14552188970.80982,6041895582.92996,537898068.18025,975985513.80501,1017674648.1335,403712316.1794,3322134231.596,316334127.88422,373418041.70431,2451292415.596,964312500.422,,
2021-09-24,25937929795.8751,10865785866.61314,929185260.24875,1373273481.07855,2058538559.9492,623418426.9696,3563487553.487,540569295.02376,521629345.493,2017961666.423,1655215205.724,,
2021-09-25,11773712808.98387,6479851719.41051,517025134.04237,754995028.58899,1790389620.2124,337161720.61992,1778017184.193,376536535.21361,379476838.37377,920392895.726,889652697.355,,
2021-09-26,15063801544.28196,8086407799.8204,895108547.66277,778675945.09602,1165284673.2585,409384356.10677,2361306104.392,389047059.58745,683394627.35026,1048045168.908,745062386.472,,
2021-09-27,12386098075.29085,6207785919.1174,546136926.81844,740814546.72691,796233609.1485,278589518.94616,2723058523.485,310149485.72618,372711692.53126,1120235018.9,1004748420.218,,
2021-09-28,15049002596.37617,6842995160.8656,498668828.01201,641087483.56389,819985801.8289,313595576.42289,2019418599.452,331688472.6396,385953180.59464,842535209.353,691074672.702,,
2021-09-29,12246762409.51776,5329924985.4215,1155275653.98903,1234863067.0714,717189619.1173,316790274.81801,1832649035.959,358856800.90351,329954014.49859,1230932343.319,551819503.377,,
2021-09-30,16818655330.04175,6442115144.18377,883863371.83277,683031618.15718,635739761.7795,298160633.92149,1702665847.6,322083676.33288,335059729.69006,828077742.164,764451578.381,,
2021-10-01,20816747005.41754,7658451348.34575,1111445765.94647,1447334192.43473,969878820.8271,510508408.9963,3221318557.475,409343323.95981,419173400.32846,962223027.686,723267310.531,,
2021-10-02,8730132627.52512,5321010602.50726,786504065.27555,907028089.37832,790819267.4002,411189514.74511,2831587536.551,274219232.21874,328931217.8034,917181308.941,838545164.525,,
2021-10-03,10220431021.74645,4489154260.98601,641907191.78407,983916890.18253,773925344.2792,397076388.59278,2732689181.013,305023828.03987,321900794.75584,762639596.264,1303165652.059,,
2021-10-04,15638433546.81931,6593223607.9167,736840252.02886,1016045489.23863,852877123.7796,1518058809.528908,2526907250.686,359961271.07413,384387614.02699,714034338.514,1738260507.383,,
2021-10-05,15777204363.85077,5084407350.48579,738030816.60336,1054338941.49977,691137821.536,1988762907.573879,1740388666.002,391838904.85693,358932472.85215,492458358.682,828341945.284,,
2021-10-06,22242398945.29027,7490086402.70969,926982883.57179,1204193251.09311,952035797.7387,2026793763.860286,2217527501.871,658017773.0339,516613986.43748,662612593.756,841671216.504,,
2021-10-07,14289443599.2762,6469443460.61853,878429641.71949,976193315.55776,1299459193.3252,1111236424.585082,1800464587.696,547340195.04399,446782793.89814,688600641.917,1085295303.172,,
2021-10-08,13956986828.05278,5420718273.95965,911875641.38033,718085765.2751,699086041.7325,726773490.31574,1988275489.173,486992052.47768,380660702.73697,597493837.199,895722064.528,,
2021-10-09,9179243466.66163,3261401758.35606,406005254.09972,1887176449.09338,538830508.2568,508256681.781244,994552846.275,361014466.1914,377011242.80119,282119992.953,403155699.735,,
2021-10-10,15966267341.69028,5358091720.90991,568834845.11968,2069381246.20569,586652738.6821,524393659.999549,1175846387.396,431343701.41015,336977597.11173,336076390.259,429570920.629,,
2021-10-11,17849826167.23144,6627188014.14814,582833751.66687,1160702445.9911,646262982.1916,474759993.68803,1389852477.114,536999679.19811,352925771.3884,432135087.543,524580190.108,,
2021-10-12,19709191747.56351,6921948842.21512,1964065617.21748,1282772163.81378,770210573.5432,561079235.8641,2053705848.774,521140294.39795,398483658.88018,604557574.56,621324834.888,,
2021-10-13,18304667791.64031,5716317657.28848,3214234566.04597,1036943722.28597,685888784.0625,469547658.53613,1256375067.514,482695824.41386,379343710.68944,514303131.696,480290089.403,,
2021-10-14,14692446487.46952,6464841242.57513,1171119424.0796,866685258.29537,635245698.5533,505207908.3593,1149342099.74,483949819.15555,553649810.05962,423252944.929,575831791.654,,
2021-10-15,29726367096.88279,6986614680.17821,1152086774.7428,1267368219.76413,1044550413.9284,637135228.431032,2670936971.231,727139752.86488,477416345.11564,425367452.986,448056293.165,,
2021-10-16,13067491173.4585,5439841445.65477,815090711.86666,912901013.93044,579627690.1823,607195581.330414,990248748.91,371930833.08335,548696040.00278,640000060.554,345771960.895,,
2021-10-17,14569391373.15171,6142893874.59043,620943063.82237,992040888.31909,548616462.2369,548202881.592022,1649132564.863,317904828.70588,356587943.54801,341273251.122,315708638.539,,
2021-10-18,20556521574.84721,6698042946.90319,969124188.62335,758047087.95948,463196362.645,2764060389.072459,972450032.2,336132354.68535,327473108.51719,224316661.09,309758056.734,,
2021-10-19,23836964137.71631,6744236733.28791,828320571.68599,561611322.51146,458286322.9234,816799548.564904,765369882.14,406531977.64294,297126912.55806,305267552.665,363188862.779,,
2021-10-20,21256679160.97886,9128464233.64793,783096885.85075,926683482.71807,774254312.5477,862257446.967301,2295544928.547,706299938.70254,396083395.66228,414073626.068,1165027179.326,,
2021-10-21,30800550148.00219,15910566499.34866,1565062775.76099,1329740848.08488,1435090366.6821,821117127.055503,6039274079.19,847468230.35645,931416514.60509,800522117.173,1033880848.1,,
2021-10-22,21694368337.15083,8543803309.03356,998464854.41456,908195847.38793,704368256.4253,850385655.336416,6918058814.231,506112616.41076,745147799.89314,1073922370.311,1294490381.264,,
2021-10-23,13592218440.15612,6054898527.29019,418885462.84393,494973077.69932,407904954.4112,685596522.769734,2718766444.174,333278385.91222,822053200.90239,571134766.817,499625853.807,,
2021-10-24,14885043274.31098,6104092135.26068,411646222.22048,585501827.28035,492837241.2491,2656809278.428506,2482456613.25,404122909.29286,562670372.69701,391530953.448,392636001.164,,
2021-10-25,14692569106.66627,5782790674.75053,403735337.84395,486786329.78396,537371451.2773,1641037380.653279,3535939771.172,292037982.81629,766115308.7492,418657108.769,440729125.649,,
2021-10-26,15638312967.08455,6994107155.70646,473312299.81459,1267025292.7343,849488314.3188,1309189144.726266,2179409716.248,396740616.91403,698798927.159,718143556.963,817253929.312,,
2021-10-27,19537339454.97683,10763105133.4298,1015080174.23197,1899732811.10079,1770844123.27212,2522123063.716583,3157546881.55,892940647.88067,1101760086.19031,702496023.078,853984463.628,,
2021-10-28,20097525760.43563,9229357434.93807,999405759.57091,1390091169.99473,919139573.9975,10852734149.47199,1895617091.01,477781170.11504,630995147.35219,338980949.808,452258252.739,,
2021-10-29,13443682100.82851,8133818992.52625,1141866446.37453,701496381.55554,565714312.0461,2993836860.669328,1292014400.323,391652790.48196,499669420.02624,242413537.06,374881311.315,,
2021-10-30,9612679322.81911,4951230218.09777,797657532.49224,682801817.19187,448616193.4697,1662316397.000281,860915259.02,264858099.19787,325309632.87113,195711073.888,223778740.617,,
2021-10-31,11207623543.6644,5597512700.72108,666142963.35148,1183521861.69498,506445821.7134,1847925323.638299,1276277415.783,276893507.88053,348131586.51216,214200922.878,223949210.765,,
2021-11-01,15074399515.22613,6622171137.33538,923536484.13535,742470851.70078,573984073.1857,1226411839.24802,1758723006.91,418100328.23658,478743811.09324,356117154.032,272727447.825,,
2021-11-02,13660618219.95169,6575344469.33907,687216073.79464,817944707.02936,539144495.8309,950264270.715843,1561479734.455,370635765.84008,374155702.9212,254141835.623,282090554.933,,
2021-11-03,13219637045.22856,6750265632.46388,799768280.05351,2278485727.66353,1587411443.6241,924547612.447661,3413535754.293,517639872.11561,416323541.16804,750250193.289,654118007.584,,
2021-11-04,11399249536.47138,5431479120.96728,626348271.28676,1414997323.81566,767547809.0235,761712542.560604,2638206385.491,339399992.10456,306999763.35195,871211407.856,658281017.004,,
2021-11-05,9697454173.43093,4358883948.49716,1707542583.16822,760835635.2708,447582679.767,636748101.040063,1449303320.048,260268524.65551,610647467.55358,378443750.121,398342907.216,,
2021-11-06,9432009426.66797,4714538239.7317,1274224430.74043,666857162.29078,466179382.455,570167645.929234,2120562364.849,231262381.6483,357968845.23936,302912172.884,263511841.368,,
2021-11-07,8884101795.93602,3816126139.59038,1628394563.64675,968867065.07608,389619915.8392,557807736.214965,1290364659.288,213032064.55277,244893599.15387,987229474.032,236085020.531,,
2021-11-08,18088392666.76962,5753273555.99257,1104571138.93862,1696881177.64971,885199310.8469,2266121283.868992,1514847081.493,950680400.06484,574255132.31173,1391713341.096,424901916.094,,
2021-11-09,15654216547.79626,5516088243.02753,711490969.18198,1386737790.30909,2865901469.1768,1128190387.769228,1081260462.523,2732095401.29992,562996091.33892,486532579.583,353012271.247,,
2021-11-10,23147498978.96334,8703427804.71559,1642697291.14653,2814351951.85783,2129718145.7184,1413532851.010433,1936781254.926,3000321000.31708,1338707006.9209,837735795.863,743453278.298,,
2021-11-11,11575850111.67905,5380011627.03747,731407891.42062,1371448747.197,924777110.1872,829214296.502878,1396762998.299,1431979623.62364,857997577.08188,377941567.176,381477373.703,,
2021-11-12,16915954847.28551,7762478251.17218,812453681.91855,1208308881.71609,930389522.0647,770665744.485377,1487478316.33,1912794347.92583,647431739.67948,393331362.946,346636953.251,,
2021-11-13,7984348166.02606,3779188246.75865,701866200.74455,595135774.67578,481279696.4238,373514953.771958,1063069018.689,910942812.92177,322813779.03597,678045458.296,296487047.879,,
2021-11-14,9450438558.31633,4354962791.23766,745587837.97672,512416716.92534,386793238.4693,575460494.15727,812876188.721,1126558474.64117,293070594.71299,763556547.605,213963423.494,,
2021-11-15,13656636971.01954,6306501839.02235,663841318.7618,755866668.43708,506364291.024,478391886.52447,1235823721.416,1038327531.09424,377377742.10089,841611043.211,206905967.303,,
2021-11-16,28862014876.13343,11760055645.2655,1731510609.28437,1607577704.09491,1305967139.80874,1001251053.625224,1807068635.054,1599607256.69032,752852464.26609,1371930659.946,527884245.605,,
2021-11-17,17181720172.69431,7783640525.6704,1027672524.45989,863040979.08126,687903723.7753,476320895.20516,1410312412.117,902187882.83494,352960546.10245,1738019768.949,372050632.084,,
2021-11-18,24129304002.96715,9439478791.19713,1135516860.45534,1488908579.50853,781507017.84826,674706562.74838,2049702058.31,1176268684.28153,556394451.14593,1300705241.551,548934326.272,,
2021-11-19,14001797579.95711,6266188518.48803,951864949.17176,810783563.49593,559198416.0685,481587114.48003,1683530572.74,747300725.5753,382305968.75813,938021134.915,278819602.714,,
2021-11-20,10188245162.44803,4931186882.83004,734588584.63819,526934393.5334,556707342.3798,334376653.29515,1054446980.743,637228845.70792,294073974.71567,1442906528.474,235177083.257,,
2021-11-21,8509909811.76275,4334385457.28967,550152966.09037,428753999.66114,348635375.179,283432351.43878,1222645997.232,491826760.68835,286678721.68139,2249458286.266,192557831.741,,
2021-11-22,18717910073.27998,7905984342.52,761127947.19232,660152524.11496,538565183.2009,375237913.72498,2039671642.471,655884221.43604,359114900.64303,2078288731.116,270119971.245,,
2021-11-23,15216816647.77958,6895439496.10744,927092256.47434,628177968.12602,495996142.0875,862632273.76396,1102572614.204,489644445.0174,301699272.19213,1077861785.502,207909449.646,,
2021-11-24,11043276126.5089,5822609661.59857,783531278.61779,587155601.21032,1051013782.31358,472787457.94599,1159676139.74,390625582.82326,283826706.82979,1067084612.223,266766693.005,,
2021-11-25,11190941838.07731,5497303917.35342,1169302527.01775,555885598.43649,744989666.4291,486388815.14772,1093943097.202,602398085.37358,317211057.31093,1185208893.45,293844341.464,,
2021-11-26,20945137179.71787,11001572746.4512,2034537737.78406,1405981669.98391,1116794297.8907,946963362.64597,1764211990.595,907425830.49617,578494505.07996,1148025141.157,716025071.464,,
2021-11-27,8478100940.1226,4148428146.1635,989638267.87612,387093529.39964,409484661.7003,296423698.20071,743467979.636,314406088.93016,247989821.84459,679489438.483,268476951.604,,
2021-11-28,11739217936.70817,6210487095.14454,1076056016.85498,675423539.48211,810647013.9456,394914651.78172,1039352790.72,463405773.79857,287544584.17865,800210666.669,981242849.358,,
2021-11-29,12407120858.33198,6245171955.45936,853791124.39515,593090980.25458,600317590.2507,944461584.76392,1022821725.802,466909629.64685,267060352.99058,670385039.923,594498764.202,,
2021-11-30,19388577718.16696,11742857991.16934,1115552458.9499,767970890.30058,640033726.6348,882320812.56294,1576021051.494,679444363.80574,385271933.81575,1058762061.332,1391835157.192,,
2021-12-01,15768296334.55757,8721654100.22072,1141581459.29868,470595021.27337,541511202.1378,408475594.86555,1850036096.983,459228955.23687,323464123.20264,744960817.504,1164901559.751,,
2021-12-02,14156805566.29961,8009972829.01313,847433918.50736,421229497.98066,1713640121.8543,903754552.96089,2419230793.9,373061399.21322,251329519.23598,607373658.721,1347253583.145,,
2021-12-03,20620928587.23005,11599142242.40267,1034168949.72726,647585860.91156,972475293.8903,513439051.33428,2663482960.671,591661299.83987,391440028.2325,820489487.319,1710374033.054,,
2021-12-04,28876836071.52302,13904957699.91255,1668132596.41578,2034029555.91786,1681896148.4806,1586571483.635445,3328982544.52,1140601561.47323,890269214.32335,1257651247.259,2977051466.738,,
2021-12-05,14016018237.14839,7920029236.9875,805246947.08321,880024802.87597,738386028.7838,507851273.46866,1698635526.07,511484625.65242,352403802.17398,687326371.531,3057034389.415,,
2021-12-06,17416560141.64795,10673116598.55363,1298647782.92697,805250336.73598,778256173.3741,620611139.70488,1885193362.221,524723226.59061,398831967.60223,1053261240.447,2258890543.266,,
2021-12-07,11455372238.68916,6040967486.57935,726054542.37347,508371462.17254,591754920.8227,353775260.68604,1046878339.183,418314454.91501,399987933.67646,656855124.715,1587896649.622,,
2021-12-08,11927549317.95012,6276303882.73508,796766810.60986,769897748.58223,520220017.4004,322692129.75149,955383044.926,479681692.62388,710751377.06844,415661905.052,1265272285.213,,
2021-12-09,13331462595.9486,8128100154.37248,832234951.99653,1520805601.06613,542866665.897,403497779.80288,929509286.888,355356223.50399,485681785.21887,505022257.328,1437114598.415,,
2021-12-10,14624324088.15633,8630315816.21057,801979128.60129,999859180.979,550304223.3113,321855414.32343,1044998410.243,380341981.82949,444218989.71354,617986813.512,1238461895.413,,
2021-12-11,10208756470.20068,6927855786.59676,612271733.37876,539581214.60249,584619817.6958,224762600.41182,852718032.69,312735527.1432,277700806.18068,411695478.897,828613631.133,,
2021-12-12,9106252724.30474,4250371718.97262,406373122.64137,422789298.83071,556558644.5562,237786221.83699,564149555.222,202656805.60391,226341530.39612,307920800.674,662217709.821,,
2021-12-13,16649825351.91293,8753636591.89626,751560587.88195,724663606.58216,596670597.0063,369952551.16223,1143637755.603,364035808.43609,432413694.14075,715661876.048,912326214.278,,
2021-12-14,12568719899.92738,6516584351.17794,813821402.69027,621446335.76666,511477305.6717,5037917503.82341,1016119507.232,309930383.70039,339639257.59356,556001851.778,1152690224.168,,
2021-12-15,16608174001.39206,9333255722.11962,817012417.92832,661866222.08587,569280257.2457,1554638836.5751,1599547741.207,361317059.25652,408757188.27801,2164270665.262,1262474106.5,,
2021-12-16,10475553466.87223,6477885416.67551,509000515.08843,353270358.51014,394755030.1133,571233403.92353,1333183889.923,219850134.58033,273633169.44647,1676994264.103,1162789313.401,,
2021-12-17,15254949355.93811,8150384191.8372,628868708.89036,484496384.46895,469715117.7344,531828962.82564,1281392207.399,280891655.76525,319432477.35677,2152649769.872,1154464735.668,,
2021-12-18,8888783519.25989,5102991865.01633,395589074.82677,315516088.97473,292570093.6548,281062404.21125,666064709.226,181889139.19855,328162810.24693,1207638088.716,1222905028.762,,
2021-12-19,11424734107.71985,5534488536.14064,368001699.36105,371798659.01868,453030158.8156,240410964.5601,782166896.911,429916435.26491,317935391.80593,755688370.257,1409134564.744,,
2021-12-20,12694248816.63036,6712525820.97073,462766022.1785,1292246525.32988,416939501.9643,351670162.62285,827169191.118,371593612.37091,276630935.61051,1413948841.974,2633881331.87,,
2021-12-21,12591846630.47555,4984828563.72327,414496678.43389,1043157967.79854,406125621.6697,290315227.35777,745734832.026,265873962.03145,234688334.66003,1310362147.08,1913343150.901,,
2021-12-22,10204294033.10858,4313444572.42589,458109670.12975,924150753.65918,494143790.418,412370899.74702,777629782.462,248564801.829,300709986.80011,977825552.336,3487821624.004,,
2021-12-23,12639718706.13498,6342305120.28279,504218564.85736,1062092020.30889,776000904.9458,476766955.48238,963269009.951,310843389.34448,444747479.70957,811498135.772,2293395578.252,,
2021-12-24,11239397651.05684,4194323368.2672,447545463.65596,1297558533.02669,458313065.3452,654814449.93413,1045640811.642,242447939.12869,352866187.91449,766824314.971,2263765741.317,,
2021-12-25,7493948259.92037,3621803415.02818,289164731.914,553301375.7459,352813058.6659,480218618.49,570780992.457,222072619.79689,228370574.14486,559451534.911,1332518729.577,,
2021-12-26,9267956168.27748,3110302732.49935,336133900.99239,389342329.29959,390788031.4458,302794605.45092,823864906.564,343505120.28962,448724848.01518,604773776.978,1024392055.13,,
2021-12-27,11061080417.43167,3412512083.97403,543570069.94651,560348875.30754,777304422.7951,327156661.28295,778471057.179,316226173.8985,472811744.39214,616714528.725,1660904325.884,,
2021-12-28,16407080716.16083,6515358318.89518,701143879.27229,708214114.79652,994711668.5611,496158602.4514,1219462848.802,405279502.96648,567100218.95564,1024720753.204,2124330839.638,,
2021-12-29,13014511681.30992,4938307811.88661,409872878.15978,567984275.27495,673851443.629,344819346.46994,863731948.935,282830075.32907,431043571.43176,625207287.164,1284266710.588,,
2021-12-30,10818483277.72078,3783727767.90478,376085142.53798,505033094.29598,519577558.9938,255123489.0947,579166740.154,202952229.60651,323774035.6476,596208062.686,1097868830.397,,
2021-12-31,13567843473.42067,5019121901.3092,464024529.57423,476841999.64114,507025248.4921,286939201.2138,577590011.077,210426945.73866,311249394.06991,762205187.829,1087852943.373,,
2022-01-01,8461832661.65729,2815651909.34339,313448234.1823,277100412.40748,326510736.475,162661661.97672,410438730.487,134002354.75101,230111463.61101,499153543.009,762078728.449,,
2022-01-02,8730148323.6079,2798657676.16421,300965349.58932,277281544.81283,351862546.3034,185714764.91217,377976124.966,147557205.66747,396328338.30186,527778496.406,677923937.031,,
2022-01-03,11434725784.02273,3777721163.97305,415267551.48635,360702658.39761,371094634.7424,257123860.04302,516635900.33,187116782.09575,650318096.62298,568048717.066,984811743.302,,
2022-01-04,13573606756.16807,4775534414.28812,533189808.14222,385050066.64617,413713221.4194,264158799.8394,608517671.492,196223305.22452,726453395.15842,520376879.157,840666577.891,,
2022-01-05,21959888820.89765,6675092541.77517,717300047.29104,685006407.44503,605298025.8724,458662668.49839,902886374.721,326509106.97928,2094544214.24672,698103884.119,1102281844.241,,
2022-01-06,12890924257.87606,6279177286.15747,608913792.8733,516421970.33427,605354010.4105,308576520.98433,714548724.218,298795310.76067,1551232276.72211,503447168.319,849843101.252,,
2022-01-07,19783906992.59905,9156175041.42808,678793229.85588,661571619.90666,712258767.5665,420587541.94852,1307693782.876,382174617.24726,1863710845.35068,638155049.987,1273251868.864,,
2022-01-08,11779922567.4038,5808043464.37497,547408923.31827,454051277.69755,665967995.0456,266468886.16787,1379691723.429,247063838.46331,1384737043.07449,607504425.074,1013258568.647,,
2022-01-09,9347759287.48888,3853748750.33209,369560684.40417,270851703.75405,431927593.4421,193977996.14943,804870692.475,164652967.15836,1731331040.51422,563490724.17,1305145132.759,,
2022-01-10,18676770270.33546,7079565083.20333,682635903.58876,581529284.08324,677849362.6451,359382663.96929,996460085.057,309122634.83448,1842597624.92339,735042991.549,1584048484.946,,
2022-01-11,13657150777.60344,4836151992.53377,797268995.46072,445471566.53326,440923468.6456,1171840237.72171,625559105.402,198783463.11034,1197559021.60907,431500558.072,936032713.524,,
2022-01-12,12189347664.02133,4753099829.92951,597206894.56608,447225383.47647,572966987.7944,472508628.42241,941174002.029,207761910.3154,867447039.02913,538837591.939,1210220767.034,,
2022-01-13,12536916955.57177,4558640511.93513,596300109.17622,360326537.10188,723970277.5898,1386472799.87841,1062606842.187,233148084.67505,733072573.39646,448625990.232,1481713052.532,,
2022-01-14,11620761638.67808,4271754423.42846,564250421.95832,371499818.07656,600721763.327,3983124491.48578,733510172.445,382822267.16604,534264705.9902,320703563.926,908830093.817,,
2022-01-15,7962625061.63067,2687321901.17641,409461167.31918,248109008.09106,364317297.9882,1191295001.73106,431907983.957,285602349.58249,457220504.96712,268600059.217,874221432.725,,
2022-01-16,7638792723.4354,3112687274.02912,409730380.0336,215102099.00223,1097321913.7315,735381601.04194,520861109.117,195623140.70909,442875360.79973,259325574.391,729059441.977,,
2022-01-17,9870740739.62078,4673076476.50251,615730353.25363,276093438.34479,3057499425.2207,831316285.31052,604996585.834,623481907.44336,441722715.57034,328495091.402,1001285974.894,,
2022-01-18,11189671439.34784,5010157515.14645,548367911.56735,285204926.32098,2587016582.5509,650280720.04924,542735209.616,484709755.54804,492132694.44914,266463693.905,1051807422.249,,
2022-01-19,13989826398.11288,5189639864.18362,509361738.45688,310435894.11975,2054673708.4488,606657882.95528,593998552.55,305121949.51436,508405274.91466,288332813.438,1403854118.525,,
2022-01-20,16867468374.30662,5926009927.5985,860227155.74843,332826152.97883,1556029746.2365,471391155.4013,753910015.969,290553580.24911,491233095.11947,317389561.266,1330320795.595,,
2022-01-21,30302616543.91132,12514701125.46148,1009568353.97922,846705335.95599,1737632243.0851,788525250.70857,1917419826.355,503465120.79666,839558235.30956,728378777.938,2554411082.379,,
2022-01-22,23906967843.02501,11407543010.036,1086900760.68681,941908927.95045,2517744663.2566,911974289.51265,2146817661.967,696689819.96796,816598341.46243,839795590.999,2571548448.835,,
2022-01-23,13097400243.75661,5833997685.39064,717086344.69971,438379341.05488,1121081754.9017,555514657.99013,1229381239.536,310881841.07603,443196147.70729,568985762.283,1914422979.144,,
2022-01-24,28523818659.37716,10840194199.53302,860098112.41358,632770132.289,1479051089.449,639756613.81064,2350488756.806,525884087.62637,673103343.88099,567796402.277,2245390548.974,,
2022-01-25,14967474932.81879,5636577032.24078,551247870.82334,362739792.91122,843256093.3494,730602498.48289,1246397740.115,232324182.77144,401260648.83772,472902096.225,1199288867.953,,
2022-01-26,20858872853.19313,8579635823.06901,685222514.44041,511149948.35054,1339455891.0734,587824146.92955,1507812852.427,291279726.08267,490167015.01779,599241359.457,1469547196.063,,
2022-01-27,15328505621.72229,6551124353.29313,610373096.73885,326368865.40197,885131464.0538,356373736.14681,1351357980.17,214849712.63814,418544472.95423,478527940.995,1534095907.621,,
2022-01-28,13594591900.12492,5832709367.68838,652107029.32826,304720470.75128,653940553.9904,290135193.1822,1032300831.682,173063990.04142,366139354.07399,341682688.927,2422067459.298,,
2022-01-29,9034176250.23326,3909322807.94748,432614537.74926,226156872.17045,490787299.8827,222379247.88897,836121970.521,131236312.45518,289578545.7012,403192018.433,1485542936.911,,
2022-01-30,7393111440.65068,3431223524.16989,374116904.36609,211534901.75384,410440292.9124,222718201.7982,522546185.566,137359918.03085,545515407.49394,308488397.059,1115025991.045,,
2022-01-31,11976940218.20276,5497599951.88833,432274404.80592,338245947.08167,480098910.0839,257990976.2727,931380656.756,200622087.89747,538783289.59334,359679845.979,1906335814.324,,
2022-02-01,13632595784.2999,5668520842.67734,418471603.4013,284329118.10616,522497930.9414,228531659.05777,2103127538.789,232140956.73275,394083248.19313,388358683.945,1362649407.502,,
2022-02-02,12748099870.64242,6390741360.31646,392409862.61649,282821683.7535,564319492.9357,293214238.85779,2339450042.226,217929018.44009,359238960.6081,524131892.777,1264403825.167,,
2022-02-03,11697089175.17526,5720509414.67786,350509523.99577,248657855.83001,510993451.8249,228944000.50067,1852670902.991,175801722.75951,333920197.84052,427268277.767,1193271071.236,,
2022-02-04,20278655698.32346,8398868704.49046,539683227.7734,370741595.73263,597485111.5622,312299850.29678,1825088383.489,289472948.48484,370570640.46307,550059528.596,1176763911.176,,
2022-02-05,10047968021.9499,4687429957.09237,764993398.76689,389667297.46731,753120802.998,288370526.20035,1161075423.187,220860357.90479,383277267.46518,416651828.468,1140307037.443,,
2022-02-06,8973046762.87637,3460851097.7894,400023720.89809,241271439.2193,547636103.6149,350462235.92099,690211720.8,235535067.94683,276608678.5668,248344364.796,706106261.531,,
2022-02-07,18066735189.2121,5945879846.5335,503194999.26586,1424844860.11598,870385999.0382,780210666.29307,1136398802.869,352119654.40556,417914405.54907,444842795.946,1045480617.656,,
2022-02-08,20510408716.12763,6598768727.89174,615675365.05302,2816548700.4097,1044568119.1534,543350335.18954,1113850429.999,471666199.0639,448405778.33392,1365342814.728,933747451.516,,
2022-02-09,13182555302.94626,4964808230.62457,486652732.54354,1805204066.5977,541979758.6658,334100501.14568,793696894.888,323269104.26431,258045804.90134,628996884.332,707312014.856,,
2022-02-10,25056911387.52332,8499639525.52764,713706574.03105,1238841920.58009,683154365.0811,433077597.25054,1127520572.638,406210051.87417,441112858.20908,824215164.715,1095073241.617,,
2022-02-11,17859967569.9422,7077554747.74226,502188865.90829,1018944084.47352,513025958.4039,319585258.82589,1029163131.187,318034993.47642,317974222.01497,733035505.123,884500446.714,,
2022-02-12,10831014104.34159,5450989532.57656,353613593.55277,1475967050.60549,526718532.7799,242938421.05024,759211708.197,207278544.10704,280348737.22605,601678777.185,742325406.321,,
2022-02-13,8127109308.94153,3707939332.4807,295439446.61053,1117688904.68504,366179709.8276,1017337660.70967,469290903.586,160329540.26414,196212236.31435,359525391.899,567495504.787,,
2022-02-14,12843945742.38583,5263552192.95742,348625546.67937,788270959.15623,442863056.3544,499337703.98008,861959603.551,192624611.21086,267002613.86967,537862744.513,781869506.462,,
2022-02-15,12150999143.33453,5714091348.62078,806624525.2041,709865894.30707,490472625.1873,313877308.74022,888361271.844,203321519.59368,294919901.98419,686930123.107,564138709.396,,
2022-02-16,11231548897.34829,5408024225.21039,457961000.6944,727767916.81222,416794372.4775,259753964.99497,821168548.864,172568731.32614,275874784.19167,1236360431.627,606264765.664,,
2022-02-17,18306714686.34452,7919238051.35232,497142924.43249,879842025.36226,454517713.6078,322809142.53682,799230296.572,247180758.78097,318124629.36576,1239948907.524,650545782.2,,
2022-02-18,15188089909.73473,6148632292.71915,442706677.18745,913418890.03298,517617315.8182,239828030.87888,670945214.547,348155754.40945,259283518.83639,801510494.663,574110812.724,,
2022-02-19,7424908673.12969,4270584831.58429,312916650.45032,1586455857.7242,393460350.3218,397193914.48022,490693598.882,154028853.94682,200241958.32218,548058306.698,482515484.896,,
2022-02-20,12741245042.82211,5933481403.7028,470299411.78357,1246330717.11313,588597219.7664,255208576.73191,1152903911.616,182203909.25602,250071443.2627,696837070.339,570379539.687,,
2022-02-21,24685541251.61848,10607780731.93246,776896993.3706,1362582586.5057,982894149.5542,437703998.09358,1784398424.048,294099289.74162,464524666.93738,1129691335.565,1349958405.342,,
2022-02-22,17408326520.91108,8250350069.89216,588030967.00704,1058586762.57804,888284772.7241,292526431.41139,1027959000.112,231707981.33022,325251434.27103,768149629.794,1809334856.979,,
2022-02-23,15594144071.8888,7224805564.13842,445382538.19139,770516792.88102,887942739.5357,248423191.23432,1217468838.288,186155166.88816,276073418.37958,1135030781.77,2583816178.634,,
2022-02-24,33179251056.85041,15271087886.32285,1069943746.64733,1466171341.69453,1627955155.321,685377139.97172,2474367078.156,481499830.64379,679932010.78627,1715707358.203,4316407466.412,,
2022-02-25,16181393771.15972,7859621309.73445,460204421.14273,920742489.77655,711409490.9352,334535574.2896,1283440325.26,230873822.88887,313998512.1183,874142796.164,3217794659.174,,
2022-02-26,9879223598.44196,5167387400.86429,342691638.68954,,502065176.8056,196128330.20018,,,255439897.66698,710454105.465,,,
2022-02-27,16317550913.22295,7998715417.35802,419421651.55829,,615763145.0525,253924334.90247,,,308086060.1065,838971483.42,,,
2022-02-28,24659800737.31436,9267533739.81621,555718426.0672,,817963434.4755,298278360.90664,,,332955723.16971,923475665.211,,,
2022-03-01,19622069856.81384,8544403642.44822,947724585.79654,799298506.20933,741802062.688,305833224.16261,1314790766.62,266669011.23427,307802695.64595,1102845515.081,3301908867.065,,
2022-03-02,17988671380.99431,7817489406.51165,472652549.35238,544204361.15234,567160577.8609,267041525.45938,1551417867.98,232568655.23171,307429753.55577,784829194.136,2937475193.644,,
2022-03-03,15701873990.90735,5935025460.83803,389953761.26345,545429073.17537,451444693.2112,190463780.87092,930041529.46,257089542.11303,207291357.43595,712616084.083,2163314485.4,,
2022-03-04,19124060705.42543,6556161324.43909,465715350.4713,584211086.97747,533004428.5593,238549750.26832,962015841.85,261228584.16938,256026698.20874,988117976.734,2538023085.683,,
2022-03-05,7774650477.29027,2866022819.73462,326382281.52259,749757372.72193,371401420.9992,121996655.87575,494974481.06,151923618.89134,138614537.62892,503756812.946,1913011537.622,,
2022-03-06,12109833925.17119,3653497883.30399,308621930.39972,514150574.00554,339930981.3358,149863140.32143,536890175.61,146734510.70483,167284694.73419,413652255.672,1845266945.139,,
2022-03-07,18764725860.73588,6844133016.58346,602333649.33251,901209981.87691,504180085.5625,208395324.23314,848805250.92,207303792.73307,291392857.49056,610774100.412,2150274546.89,,
2022-03-08,16295438564.50412,6770376286.07039,512811342.8593,461475136.50651,485580206.3275,179629493.85739,753609445.16,177834128.89673,242793668.14618,717522695.939,2089891388.023,,
2022-03-09,19171096064.11704,5619678231.05178,630177574.37478,623825215.08107,438956020.1199,198674893.15899,932794580.94,192552729.40012,267239729.03685,717105637.595,4975004755.156,,
2022-03-10,20592964929.86937,5317486921.07739,461084617.77178,651143334.60922,405742120.7488,201147987.56234,750123569.08,201281418.92012,225400681.26144,558763846.374,4832103291.038,,
2022-03-11,18251508270.53395,5300909392.6962,343069533.43213,1097386024.48169,343432730.3124,154880047.75489,700587158.3,204912458.33301,192975386.45029,723766461.189,3845829809.779,,
2022-03-12,6738409306.12123,2158684698.28486,211422116.6812,1654980466.58332,181487685.3628,95235956.60285,330761938.13,132879424.72,125656936.98146,264970603.098,1636937400.291,,
2022-03-13,9151745126.66911,2952206474.62885,264958762.95957,727573038.62129,344974035.4467,160704559.54755,532523304.36,136245283.06337,161021172.11933,310204523.501,1986107327.586,,
2022-03-14,13971397117.54385,4359481633.20476,297648061.52073,641742742.8838,372316424.9372,370319612.90942,616951633.47,177710602.47123,223034823.07273,668927936.098,3072334373.527,,
2022-03-15,13464944694.45397,5180763260.29182,272872896.33083,461376791.85743,339463746.4633,160098787.80616,659739481.75,180454598.47666,225186043.01395,582397004.665,2485343226.797,,
2022-03-16,26187353348.45998,7174881501.972,410184307.31104,614553134.03137,496949258.1218,225024118.33831,871692990.15,223772302.62657,322792226.80908,594078244.422,2037149277.29,,
2022-03-17,9978203719.84016,3874029264.8057,312716491.08049,409834321.40118,283741256.0668,146807156.22625,750125386.81,120167339.83815,226541596.91903,887454266.11,1183792631.337,,
2022-03-18,12263436409.42434,5743230991.25995,330003977.81482,392753055.62022,268546288.2522,154897570.28545,855893433.03,128156678.88682,253960847.23497,996211678.339,1469898691.545,,
2022-03-19,7807076596.94564,3357316687.44774,291229787.31945,522719328.32867,393349295.6112,234209896.84914,743106306.76,163152102.32492,192034664.13287,873924594.967,1394896816.792,,
2022-03-20,9789547363.38173,4147063354.36078,242281673.53963,338125601.41983,318225254.1304,146291644.16351,529378717.41,212535489.66916,155438651.42383,651539067.781,1203729058.791,,
2022-03-21,12653661229.586,4892675845.46698,281388117.86291,669010761.70948,441138264.2512,175391894.93149,613480190.66,182591334.39558,199598464.94009,1042913479.34,1736548130.616,,
2022-03-22,15892694388.65686,5382225852.73813,373067634.96313,574782519.25075,667164009.468,235315001.16303,771350687.86,300423167.62465,231610562.16621,776095006.37,1095094277.333,,
2022-03-23,11938814869.12358,5298210934.19466,318555006.54753,494059201.14467,1487276917.6972,396524138.53323,892638778.69,228492652.46519,208769811.39716,701755297.971,967068274.208,,
2022-03-24,14365660202.82174,6374707643.69508,370877141.05761,534611029.87512,1819758791.8772,869161676.78203,1673601769.29,250390489.90024,284861772.12642,720675852.494,1078132114.264,,
2022-03-25,15463641455.42722,6287041331.74681,371994899.55073,436634484.30054,1168311355.978,419611092.63687,1273968047.74,219983961.54006,275528392.11622,598823131.63,1087687682.578,,
2022-03-26,6243407332.87603,2373068593.90462,192646083.67081,229329528.92765,737392059.2937,284400601.68972,789471677.61,122156120.33578,162565461.53506,391211823.262,674746777.957,,
2022-03-27,12238392163.90325,3969755255.96455,311504434.47851,423149970.94819,595326615.4889,705136251.70808,868302302.98,181501070.865,269105564.60871,441709522.424,623175672.382,,
2022-03-28,15043239939.14575,5967520102.20501,454889993.99683,968326153.39607,1004513778.4003,706407651.53438,1608660899.81,242812722.85936,317137251.40996,1014434461.712,1854211239.644,,
2022-03-29,12315667516.20554,6583444774.67217,375023686.02893,548675954.06799,767098835.6553,419391182.93577,1592955070.77,204336424.75595,306381063.27173,933641333.323,2987963307.952,,
2022-03-30,11089386781.04892,5123666479.18429,463276974.59376,498011124.76149,572547671.3264,369970555.54738,2049921253.17,244155705.79602,306968837.77918,1145666508.044,1754270554.543,,
2022-03-31,13933431988.82722,6079844304.562,539838601.20659,742946794.11782,749447608.8761,444681984.4832,2284097795.12,348391653.93186,343018401.03842,1323843350.924,1096538159.186,,
2022-04-01,16398107293.59809,7072994919.3486,481954207.23775,,694443660.1662,349377277.63935,,,237684526.47101,1039822006.423,,,
2022-04-02,10506397608.90616,5750301550.87988,364019364.38308,,502747047.9907,303128661.19765,,,243022564.97537,961716176.896,,,
2022-04-03,9869048181.66671,5003591177.3317,327314409.24688,308094010.52599,398964252.313,478214068.76812,1441791779.74,155417719.01498,264806660.21781,744983969.715,1246577481.005,,
2022-04-04,12550005434.18833,5747409279.23374,379638980.82418,437116838.83334,1115360263.6624,1166809904.54711,1480111771.26,204207302.3045,264295571.47882,722874920.564,1305921438.486,,
2022-04-05,11905271460.90981,5173971174.2849,424394909.87565,332282801.27091,509843764.2759,2933105642.90992,1275756733.13,161315188.64951,192320896.02741,615832632.616,1342242216.892,,
2022-04-06,17045609346.28906,8579524051.95511,545824552.00639,626708240.82731,866081120.6725,2064239418.64217,2061484965.92,285771859.39637,283483783.94555,926158042.337,1875761773.122,,
2022-04-07,9962663417.59556,5620103056.30526,470976013.28925,337230792.34675,525584678.6797,699554741.21693,1324910177.43,160674381.35453,184443409.9241,797392701.91,1512936599.814,,
2022-04-08,13392061160.35177,6370437705.00749,385773197.83691,360522987.14025,429810474.4585,913055064.78314,1535442372.05,199198292.45866,169379002.96686,918411417.628,1850504494.139,,
2022-04-09,5079062857.24372,2928136396.63502,197614723.39701,165063668.23814,253727323.3521,265247091.46834,651843964.86,95402566.76104,105894935.91562,357245611.837,1025195659.129,,
2022-04-10,7757900433.72425,3254049432.15029,253219814.37262,202346138.58792,301853219.048,1401590874.01639,820265309.85,112167231.73991,152484172.91176,324317494.958,972054784.546,,
2022-04-11,17947558294.57257,7861189063.1962,497159750.36306,596204869.28535,793645014.4651,912333252.59354,1546134059.68,236050076.94369,261836005.67932,785789955.897,1799479468.994,,
2022-04-12,13983036683.03152,5623890363.23573,472479170.44523,416725550.45231,541609341.2611,639347874.29211,1588465870.03,157545550.46697,176750887.51557,611818277.15,1291884825.562,,
2022-04-13,13171291934.155,5064530681.36142,524477423.99614,338970305.25139,412722552.5478,478868230.27503,1183373638.95,244653364.5321,166745189.72585,548526598.763,1055563971.744,,
2022-04-14,10618983519.56311,4606236523.90761,317959205.63171,389239724.70849,389799713.9385,1103439580.69397,1121156302.91,166495169.99849,186163139.17904,544625335.81,1190821008.133,,
2022-04-15,7834169294.24891,2793541314.08019,233610557.6811,1623270525.17328,265746838.5579,777012290.58524,684234559.52,202178821.63679,140450123.47379,372146149.921,876196623.872,6622918.1519,
2022-04-16,5151896754.87278,1983250932.42988,166179045.1073,609005578.94962,208659541.9849,335003824.8881,509538984.44,163980012.56463,149547399.59754,218524421.708,515246633.422,7769748.7305,
2022-04-17,6844928574.60225,3272956187.26666,202106421.04318,454519200.85766,252560396.7358,366261712.15853,828865046.96,197755211.99678,306543114.37465,247353918.996,655176548.527,174257270.7638,
2022-04-18,14385834912.73849,5367447373.56267,391478212.27594,567150524.27414,533202791.9841,492947574.30765,1261287456.33,205076016.46816,223393532.21798,492118101.399,2111416325.354,111224416.1996,
2022-04-19,8812710770.66012,3675189299.32606,353764468.98814,383748872.42681,339178196.673,368137288.64745,1084248694.32,153563209.67285,165475201.29992,414159967.983,1708394556.698,20357640.1756,
2022-04-20,10680662830.57433,4315689906.27074,361974656.78431,399676898.98343,425551754.0326,608386375.76173,1136308239.46,171535588.50012,203779538.30114,430130531.481,1391099457.677,18973523.4805,
2022-04-21,16394716249.55895,5555789275.52444,388487539.86369,480434016.48039,483777105.0804,412344349.36867,1155229351.04,208049339.4314,197677081.38361,453044134.039,1714878515.921,47140605.5739,
2022-04-22,12603399105.64393,4405125111.45917,310627520.04,431135856.9574,377769934.1555,272433044.28644,872027953.43,179526312.65616,147717357.61088,358479896.648,1861281147.863,13152551.5159,
2022-04-23,4956239492.1091,1817888152.35829,206059404.52688,245137552.10058,193453549.2481,164229724.66501,568042486.19,103861125.67236,105043740.30006,206250809.15,909877950.907,8905607.4239,
2022-04-24,7132438711.67396,2491367633.1007,180292041.7505,247810169.4496,249887321.5359,223865446.58553,577855103.16,104462135.54313,118180367.03272,214852631.486,967159619.952,8702845.4397,
2022-04-25,17582505297.76194,6381274608.20131,432754128.12008,681655091.85785,577928407.7611,4314755211.83337,1168679978.26,272572392.06328,231126313.73546,522798548.283,2066101564.751,16457698.9398,
2022-04-26,17745663524.02774,6148208700.99848,377224048.8994,608717062.50439,516622196.5796,4394875914.43026,970294065.11,208386592.97794,179918455.0721,416982995.796,1894330962.832,15084316.0692,
2022-04-27,14987444127.37106,5415643571.37906,312515384.3369,454901121.97694,402934861.3055,1524674361.7781,913368028.78,160545191.08166,151833602.98556,411864339.897,1155578926.843,10892555.2373,
2022-04-28,16383567774.30766,5612621053.48657,514363448.48345,359061353.96776,375319667.5834,787956293.06475,873229622.65,210076359.97945,186883611.61127,417193897.177,1367489542.097,14082703.8684,
2022-04-29,12006054616.68173,4775274689.59476,366058363.43524,450149369.92599,355319813.5245,1052570459.80493,720740642.54,172450411.46718,131846058.58836,403224811.39,1169615554.017,8800368.5535,
2022-04-30,6968090176.2822,3118023087.07109,304619811.13095,493289460.35633,382606687.7596,477411454.41462,767565448.63,152622355.44571,162157065.45905,486335981.838,1037276942.873,17228123.6274,
2022-05-01,9004710658.66057,3385139761.72705,288542892.86709,417267805.50744,390238548.4421,516588977.34909,925426546.71,157285760.10613,157685509.5269,545829198.391,1034905558.447,13587726.6532,
2022-05-02,13024319963.6059,4519577853.11413,274076890.4366,523959565.9304,348149094.2463,353924616.44377,777469969.75,158584689.58573,155351120.19596,737577307.468,1316433339.95,16570333.6614,
2022-05-03,9498898382.60297,3294651871.44225,218105901.63216,339273820.32784,288173622.0197,288712688.85418,499950132.31,141699914.12948,141962316.45668,444086040.07,829809025.65,11793579.4376,
2022-05-04,16546422734.7687,4918906434.58761,329754884.73836,437785039.8473,787722324.7865,418676908.87224,829709998.79,201756749.97493,199371385.61646,599189754.449,1228448389.042,16503194.5868,
2022-05-05,20498697692.95448,6098185668.96568,777688754.61103,586776628.90323,913264676.9795,649071383.25546,1204905118.01,236457790.24234,250054638.13275,831791530.279,1571270819.742,17425529.2936,
2022-05-06,15553837185.83251,5168734732.80876,379109821.88035,506395998.34276,593552249.6222,444728123.90994,961556674.92,199047153.60218,185707947.83611,632465178.057,1273351344.738,13836483.2427,
2022-05-07,7130599918.44936,2563154598.57406,292524347.0293,298438216.58977,326685120.9016,418387563.01295,623235001.46,134548985.66356,161649205.40991,413727051.977,2153611593.613,9336103.4748,
2022-05-08,14710577345.50726,5089866425.1632,384605212.50591,380828860.87948,459329720.9195,337310021.6763,911797279.35,179829763.0101,182003596.85123,579408896.029,3931983751.464,14359336.4231,
2022-05-09,34585085018.41368,10697215137.69064,849361599.47464,950460784.67055,1129582603.4804,752017686.86882,1910843008.588,408065930.24485,427853152.79211,1022789423.606,9560894366.126,34571597.6876,
2022-05-10,27002792322.99196,9596880256.63219,911740725.38296,838215297.72148,1089280092.2881,744946662.54929,2152238510.652,429969738.63171,448784215.43081,1079750584.468,22279049638.784,79792702.5522,
2022-05-11,33432659604.67081,13173803440.07364,1043136782.25835,1506335056.88316,1250428982.3122,1037236827.80253,2678714312.274,499305166.91962,522113994.94565,1946783692.321,28809708582.0482,76737367.5325,
2022-05-12,27412613954.5816,10971252687.57215,1414274954.6936,1032543506.899,957102175.7754,987153099.57252,2553994317.158,458366852.75116,427082148.77598,1294568535.162,5311417418.5246,67149494.7917,
2022-05-13,15321440645.11955,5809760462.83815,756372406.97567,650634614.99778,776789129.4759,662948140.18206,1682066931.1,245560671.11188,227509103.71241,829399830.649,0.0,29747164.5266,
2022-05-14,9273623685.28461,3446491889.9187,453619611.43475,358581905.1905,412158226.0804,332306163.24974,1003277386.203,138702342.4489,135741617.28337,437012537.358,,14651631.2997,
2022-05-15,10189057495.68176,3360404560.97969,381838114.7403,304499320.13498,418246350.5073,222917589.32122,958912932.154,123618001.13055,132827487.72068,458125068.075,,13553023.8451,
2022-05-16,15148324200.34817,5366648840.78374,456061242.40503,420606896.16823,563338757.4081,233705754.6971,1204631054.327,146312586.359,166495450.24703,600332313.067,,20242830.0117,
2022-05-17,12050567026.40218,4051495838.11071,373466372.26993,327152430.60452,394619091.6328,217886524.15462,1110918688.304,217294031.23019,135368111.46229,468500295.512,,13087510.5154,
2022-05-18,12571901286.27471,4654040139.80995,410592299.57163,347450933.14107,413540642.5715,176549973.43148,1019023317.867,220944020.70087,140631140.0472,524538770.668,,12342991.1916,
2022-05-19,13313042275.77401,5090224818.55394,445012009.9057,367202540.44127,458227166.8314,214708086.40004,1261978290.263,196428610.41253,136357512.64099,831534930.956,,24090669.8305,
2022-05-20,14409462581.90292,5192199953.44636,603765001.46243,434719691.79094,390926019.6037,154329595.19917,1287502063.096,236693795.96436,152439320.20363,779308453.802,,14551682.22,
2022-05-21,5951830742.03713,2287008380.25312,295968787.82941,208676833.99407,260247382.5625,97515884.22836,614400148.21,104091768.47269,79595583.17422,367765789.217,,6590928.8619,
2022-05-22,8892178256.39475,2881685469.42391,411958710.56029,205422903.12078,277871304.9234,111998441.41898,655200402.357,104817868.71944,124208829.19321,579749914.536,,7067397.377,
2022-05-23,14259460842.85488,4768428725.69658,705119963.54465,362406591.82139,431240646.9289,204737539.98453,1042157473.056,221163451.58807,163655569.26383,781343360.51,,14327412.8962,
2022-05-24,11175809569.67527,4070659059.88736,736875311.73118,315423712.74371,382199777.315,155865457.08431,869523719.85,162777364.91744,174524872.01373,605196743.27,,14331885.8678,
2022-05-25,12302779677.74162,4241561280.90225,630738980.18237,379905250.94853,335120868.0463,131890788.79869,776218301.45,138940550.2695,138970777.92566,551973616.52,,20345046.5942,
2022-05-26,17570547237.68192,8138603051.65734,944691302.3544,438307383.92211,461511434.6374,255462779.92767,1433379953.141,234042049.38328,190899008.9152,931225056.51,,13858382.2178,
2022-05-27,14627232915.19134,8357706808.1021,820766357.68208,488921712.07303,547891341.4654,845793826.69442,1569869447.044,210366539.66982,205344986.24514,1100370292.11,,14390151.8042,
2022-05-28,5593154078.34822,3668617968.70122,396564672.3194,227979902.09074,245662018.4163,233694387.43165,774592312.807,108507222.0496,122789766.64627,811822017.51,,8988287.8408,
2022-05-29,6278945105.68035,2945787959.89123,387476542.62615,194294376.54391,242448579.4491,149856626.05311,899797385.01,107444544.55581,102421336.46121,1000125610.59,,7996186.2666,
2022-05-30,15459298501.15428,6239500143.71399,640733572.3696,353490726.74292,606014030.9617,308846014.97357,1124259172.337,154174088.9885,172277802.44451,1052986919.53,,20095739.1513,
2022-05-31,12177347048.90632,5223236544.60503,459290553.93655,427810027.73342,1977349049.9551,274140910.59276,966309713.43,133737667.00895,178640685.71962,962432098.8,,15048991.861,
2022-06-01,17126731271.82858,6601368863.36227,565575778.73641,336279772.06034,953189297.0156,278572258.97045,1107354371.822,190886838.17271,186547058.29123,858163586.89,,12090448.4675,
2022-06-02,11143387488.16196,4344141365.88604,343044281.3923,221917355.72985,841408814.2805,143607776.50241,1290917309.23,104716724.70167,111894408.02711,664202721.26,,12047861.4056,
2022-06-03,10664927716.29938,4201383506.66514,377632393.30389,292793297.58695,659396714.9499,129530980.28279,1055776658.68,102063921.00725,123632225.99308,543302373.7,,10844872.4407,
2022-06-04,5568229841.96672,2339470640.78652,249436734.05501,135546964.43061,429374623.4528,97372487.28614,1031916382.41,66390493.4538,131042399.73759,447041071.27,,6676148.3127,
2022-06-05,6129273442.52063,2579985158.45067,289172964.79901,150101601.6689,373774756.5948,72981218.1782,1031969301.46,76309921.96541,400324470.97419,614789800.52,,9090816.3071,
2022-06-06,13627289855.03024,5476426770.55326,664568336.22522,256731547.4576,999627184.9226,171474195.19138,1896077352.742,119000966.96146,346250552.81576,932140375.46,,13570706.2888,
2022-06-07,20938600076.18326,7291656503.16585,1051927742.6668,447250347.23358,1158168944.6323,191445647.9262,2044251938.87,150740106.23205,467985392.46474,1081676008.73,,19269669.6806,
2022-06-08,13872254798.76627,4737579638.63843,456712739.20791,237079484.73627,1135316329.3874,111111307.60789,1017392378.09,155680995.10289,441723515.21284,477932814.07,,23749001.8711,
2022-06-09,9291136221.99843,3309798407.29703,280119061.90088,174819574.59287,661581657.934,84434702.76615,1043462067.94,122500468.06123,716612751.07512,390196544.07,,27988044.316,
2022-06-10,13179453292.83278,6228607832.37609,662050132.0518,385433637.73323,799688865.5577,136935363.85934,1082911934.61,166346576.05141,650418113.95751,472692561.6,,16872939.1788,
2022-06-11,11234144827.43019,7778168198.17592,583346333.616,307743468.64163,926497321.8832,154877927.7045,1144102634.74,190034442.48468,554833537.25144,565945594.0,,23731760.0544,
2022-06-12,15462378090.80452,8893071858.23435,643341216.85253,367199149.31832,995820670.7558,229615727.36077,1488031683.17,189588158.01717,474283377.93436,793272623.5,,71133442.7272,
2022-06-13,39289035377.13508,21941467145.7048,1279125088.78853,731879693.9992,1765247041.0873,540258813.04502,2853322374.842,375122610.15412,816099617.92343,1212906203.99,,66745932.8035,
2022-06-14,27599590726.80712,14657104013.43293,951963847.12707,498817776.24284,1344720185.8598,324206261.0943,2237575446.37,242991052.93132,690298060.89614,892126172.24,,44810577.0819,
2022-06-15,32006546659.5817,17507842534.93348,1115699642.38724,556988356.17199,1304902093.3418,364839708.40825,2333634169.62,265789459.58368,821980533.83938,958290393.44,,49806517.1608,
2022-06-16,18813838459.83841,9948262782.32809,655862178.25157,339399385.40204,762483300.2959,310829161.24276,2052648926.05,189900491.58318,459720382.03809,595714333.82,,25802768.0036,
2022-06-17,16088733040.23459,7160320740.4379,493749608.31257,329093038.91483,528750365.6088,130545127.56121,1304393187.12,166821643.88899,303634490.0479,384394338.68,,22921688.0407,
2022-06-18,24038549203.46261,11140422450.60394,878040902.37303,407528234.33764,807016406.6457,264962995.62992,1813853950.4,251006865.64557,413312684.08449,480926029.02,,23020949.4588,
2022-06-19,21080192131.22859,10737479691.15422,666767167.18194,322567188.42171,616973910.5847,695671596.32866,2042511324.59,506603694.07956,383223583.87614,461866019.28,,21142224.7083,
2022-06-20,19052030813.46172,9597579628.31477,576871644.07034,267706266.52876,648531364.4437,258178141.60467,1964929167.87,304910460.47117,353098649.1903,551887290.23,,23563006.8622,
2022-06-21,16577758368.34692,7717129837.30618,515574960.54061,271371481.24434,573772168.7209,525201902.8479,2043633399.81,210792398.79897,358665746.44602,449678319.35,,28594870.212,
2022-06-22,16485504375.38122,6985067146.03695,450958104.86775,221353441.86708,488404148.8419,304389943.66532,1617981681.08,163118243.18991,298036854.29753,404236635.46,,23549901.2118,
2022-06-23,14372398242.68264,6567067983.10538,590044014.51156,216956444.27912,374078690.7912,187396869.66155,1741271138.09,209307875.33292,260129046.49274,503166986.76,,25450797.3149,
2022-06-24,13621335706.92468,7195488084.82197,502874470.76207,759927427.7104,513060169.2577,217876683.20529,1688471072.405,164879356.84288,235046422.23487,633009205.49,,19442840.2365,
2022-06-25,9228742005.28791,5514062293.63994,381912637.99111,265190793.09213,357673106.2209,178041672.04805,1283714361.21,175532653.96071,207900595.31343,516866707.84,,39320871.8947,
2022-06-26,9467563440.88587,5642425991.65198,349529933.06443,236777837.28113,508157678.4502,598378648.61551,1160261630.57,177056766.12808,217585635.69668,500078422.08,,26557714.0873,
2022-06-27,11319059806.09479,5578212007.99774,372965735.05964,265635884.28334,401467543.7569,896739014.43186,1160720802.99,137486431.1272,219124943.2152,499113944.57,,22392867.6666,
2022-06-28,12074564681.68627,6943637262.86077,519333336.47634,256080362.95865,417511884.2656,404347037.76947,1419307843.4,153899227.51718,445861088.94164,594822911.17,,20685244.4632,
2022-06-29,12250941435.49509,6996782558.42135,439398946.85768,269639534.85368,409718575.0778,391636470.90951,1408214802.45,161102811.0958,288690365.633,534796450.1,,22482374.8067,
2022-06-30,16548226768.84932,8776684715.97994,496360779.75607,410358401.11299,519635694.6484,374943515.99976,1439023572.44,189415560.03467,299744272.75698,593669714.77,,23869193.5688,
2022-07-01,17973277787.04804,7965023016.58434,527426510.26176,330764429.46954,464550715.9137,269770930.81822,1495241933.99,203791354.26006,249944706.9367,574711153.76,,23310475.1797,
2022-07-02,7361597905.72379,4182655936.29859,280029867.8034,177438514.52174,279669826.6492,194447917.19626,761200111.94,109846479.41687,156136589.93067,300831453.8,,11466081.338,
2022-07-03,8622450486.1063,3986193835.78978,300262290.3281,212443253.70189,246758839.2334,140789129.98165,628995853.31,113457752.36765,137940214.28082,271404541.74,,14927418.7487,
2022-07-04,12445691915.01023,6505251168.91222,402840136.85775,293634738.89972,456248367.0026,209904784.97204,1019962584.71,108029831.29759,187617289.62953,448551721.73,,20066331.4001,
2022-07-05,17057063374.95285,8047372440.069,533373210.93007,283387489.89238,418758852.9139,215628013.08012,1328510713.46,177690306.1691,236597608.91022,529968107.01,,18543067.4771,
2022-07-06,13764942073.2418,7479228870.10764,499965058.2551,253801302.15894,324371649.1835,196900327.3823,1308511759.38,126855031.07079,173066742.76075,600647587.12,,15886670.6502,
2022-07-07,14673528816.01675,6422728354.47917,402965664.3461,232052550.16767,323735141.0691,175921454.0668,1074757373.32,121446701.54542,192869003.10691,530962510.04,,24866724.0769,
2022-07-08,18441993286.35933,7993846092.86714,485110180.1779,432579447.63394,389622038.2757,223193475.41009,1383579083.23,162483711.16189,241292897.35009,570957399.85,,22376249.68,
2022-07-09,8503827622.59832,3405360762.76592,226394729.7455,165327537.3237,270158940.6,99072277.33219,652769519.14,108353572.81634,115572961.35783,240656520.0,,11135671.7934,
2022-07-10,9870330890.15699,4207542141.60389,300848106.69303,273047138.42642,279099362.8251,110040226.36922,643399056.99,271767477.60299,134101396.11401,262665968.34,,17058692.4284,
2022-07-11,11469156941.09009,5159629837.34689,317562760.40648,307136628.19994,359502517.475,142715145.58697,860616843.18,127205797.79286,254663143.05472,319278683.81,,13232768.164,
2022-07-12,12632186362.87899,6026006795.32593,320854153.95206,220294729.4785,390692604.2708,134860976.57552,890151809.87,106934244.10345,188823053.94765,376671859.78,,12120103.7124,
2022-07-13,19099701219.32481,9015293731.15611,533532139.66839,377593545.94878,583670308.031,202843669.52536,1109235730.58,145845533.55872,238781622.24542,591783594.64,,15561873.004,
2022-07-14,15457229421.45097,8433152233.87695,450080837.01674,285523345.55542,429076040.2054,151801812.63273,937470185.88,113481383.07246,196996916.2424,493131277.99,,18566172.1779,
2022-07-15,13043523984.48886,9358068233.24177,323164806.65198,383210016.27146,375454436.5892,157506649.74029,984378522.56,119074162.59655,198135929.06511,425661378.14,,14646992.9003,
2022-07-16,11321826058.55016,10769354837.13322,392295504.47916,349635430.67218,316571806.8302,111049147.1333,918319815.74,118837149.98425,162812716.45662,467138398.77,,17236389.5135,
2022-07-17,10308826275.78109,8620438757.41276,389811878.26536,278685083.45854,306244843.902,111861829.91817,895611611.845,146049627.21604,137674061.77613,467713616.72,,12046540.4007,
2022-07-18,21581852762.64478,14534269566.88306,516268258.00476,418918915.06777,645383059.3926,258642699.0325,1371525035.207,188927992.44814,281891015.57774,838616613.48,,20226116.1402,
2022-07-19,25470793400.12995,14678284685.59557,561218736.94199,394321494.77429,692131797.9008,253019499.86282,1886692432.281,182237703.15818,295949015.62925,847711580.62,,30431257.9993,
2022-07-20,22329424219.08293,12777657100.29962,488541735.92014,384210114.33266,766955088.6159,682532312.58171,1515866931.007,257891900.63338,284535312.40548,708415294.64,,29490513.6477,
2022-07-21,16553246183.50506,11149023837.25642,379182999.11419,288996528.67944,494826373.9484,281193844.216,1483312492.532,156113900.74757,193744851.16351,615101950.87,,17824427.1146,
2022-07-22,14697003018.10593,10696578370.91302,353308330.33626,259452351.05393,404770081.3292,199946538.21012,1126909439.875,130042567.17989,184372427.73687,460986263.61,,23061811.7417,
2022-07-23,11353416591.58139,7926850191.05773,427574482.00308,190472957.57651,469525027.6983,153281234.9455,849201960.92,93987396.93178,125571955.77981,339617306.72,,14532932.7976,
2022-07-24,10486872827.38728,10183471414.41454,276213969.11304,215335728.76703,565017288.6398,121876472.77835,764131022.59,132383666.49171,152210457.57391,274848697.09,,11756917.0474,
2022-07-25,15241930778.39496,12331583506.62446,387930080.11373,257032740.9018,445187527.5417,171802765.35265,1024092134.36,147346090.58014,178576653.94938,423508071.52,,26459004.8279,
2022-07-26,11607460262.67674,10756084151.888,328872958.1395,239985754.80777,383380831.698,134557325.86765,948533286.33,118673436.1941,151032299.0122,352279713.75,,12375632.9118,
2022-07-27,16528529868.30713,13818423664.79994,548587506.29427,288354384.93529,509200900.066,172222817.15635,1079373799.625,148399912.5666,158280644.4524,509848947.69,,17048389.4489,
2022-07-28,17665500374.48079,16135851976.92102,562701468.26947,379676891.72519,533798572.753,216324061.20984,1315394768.467,212420258.16397,186783890.06929,572803619.97,,18680265.3798,
2022-07-29,15337312726.27532,14239175682.25539,898313448.56045,332906392.52672,691234394.0566,252817038.70344,1172482483.03,191794319.97139,399531940.36389,570825699.11,,29064553.4535,
2022-07-30,11889274245.47064,8364186474.40813,567355357.60297,580113821.45229,575197820.6768,290521962.00921,1105037645.297,172278911.51991,261941017.05171,419425889.29,,23023809.6882,
2022-07-31,9142633001.95407,7400936551.22337,417342964.23725,355761359.38442,372102471.5624,171592202.98515,829971500.777,119979668.99645,205897415.61336,306088068.27,,13450126.016,
2022-08-01,11554380879.33471,9324464883.62185,390474388.72419,271325597.40826,322449483.7212,191894426.31296,853255159.27,118291913.62807,166615293.63825,297675658.79,,13315581.8044,
2022-08-02,14363033396.88062,12978724614.80327,535400119.42922,350656651.01885,374441076.8845,151505487.9997,937130231.755,129718963.43655,184811254.82446,345930800.45,,19155994.633,
2022-08-03,13201647982.58276,9474080417.19574,701125098.24515,237364774.04534,289540413.6556,117515042.86357,1896247440.665,116755754.26787,157732649.17844,288892448.81,,14626932.5585,
2022-08-04,12515146172.92225,10013026532.58118,990910083.56094,197800672.12468,247769027.2356,118636799.84877,921311270.43,134542586.18791,146064723.89053,276009883.86,,13085230.0091,
2022-08-05,13716626797.39787,12843741577.30625,822435197.76965,245959821.4039,269640863.7713,173255719.41169,851172732.865,142902588.83916,196832478.97514,319802110.46,,16507139.9825,
2022-08-06,5272174727.75062,6311553238.84685,530925281.80399,139866699.27878,189106093.0909,137391861.96077,457597066.68,73347222.0942,132139616.05678,489140609.71,,10562271.0295,
2022-08-07,6267656688.48691,5804010084.89889,673062854.31295,135403470.8188,255118752.8918,91282235.99505,482091701.48,88512806.57631,180256888.4156,663166341.56,,9237150.1832,
2022-08-08,13485945119.50385,11180279823.20407,766922027.47309,270222977.14754,385013963.1106,196453867.40536,908229738.137,125600867.3415,384741203.1104,868148206.81,,16044688.926,
2022-08-09,11634879431.41769,10892575737.02873,658808585.42656,241062630.05201,323860819.0584,372587204.46092,811443374.355,129928701.82328,392745430.80591,682325913.4,,25019856.3105,
2022-08-10,17921041663.21249,16379353776.41723,1011748028.77658,325759188.51573,396278559.8388,220536634.03688,1044474006.55,157513783.38327,428051167.70634,820099595.93,,18997121.9981,
2022-08-11,18562187367.96329,14907737774.29255,613627275.45407,293861183.50618,422974279.9551,289610910.89803,1391580808.237,139800682.19567,290844023.16677,584976371.31,,28958224.0137,
2022-08-12,11446334088.8081,10503385045.46876,528300122.29412,233947514.14968,311065950.7603,161495646.25612,978194762.81,109345984.02763,396456936.50193,392150284.16,,13889953.3864,
2022-08-13,10577167655.58233,10705002496.90554,514123434.6738,222103794.81334,529832271.6441,249413821.42389,1518547244.207,158438327.7335,189916716.79902,378613837.26,,12956109.2534,
2022-08-14,10730828908.19903,9772904219.56565,479665233.87469,333746284.67945,772060892.392,1167019496.29367,1147014232.14,187380191.37415,216101225.38989,339342010.93,,11618063.544,
2022-08-15,17992336053.67933,15018776583.95025,585024647.00631,372388360.00204,555657844.4067,606052730.62113,1176895692.387,205662507.6517,256538511.39238,434270336.31,,14282648.5918,
2022-08-16,11027935215.31227,11706754821.45182,460981769.57516,306873075.25984,480512252.2851,2000164700.30156,980077610.15,158826083.64944,204901827.73934,350917092.88,,14681630.6312,
2022-08-17,15186136927.96825,15456235081.25482,666614955.2183,564856407.49975,682225304.8954,1017336596.87821,1216264427.295,263705040.89701,208305494.48021,452436717.0,,16188721.0932,
2022-08-18,8134736996.02001,9902115271.66837,532686557.20917,341891686.41118,414001880.6892,537313165.70884,879821947.76,148376545.37679,195154598.38395,363860012.28,,11055674.1819,
2022-08-19,19700159303.89833,18452074675.28043,824644439.47484,570281916.40673,749998737.2986,711948052.2024,1442617017.04,252754677.35253,339053048.00063,627309074.39,,27576916.1335,
2022-08-20,10362322320.64405,11770457029.84846,536891192.94372,273015469.19479,446000356.5127,366582979.1913,936331574.03,173074633.90522,217530631.19115,374035988.21,,11973085.6065,
2022-08-21,9076418907.61454,10132763944.54036,732307391.05697,221569159.5042,393028037.8753,289478474.03938,750034215.28,129606901.9952,147992351.01938,318162058.57,,12186209.7073,
2022-08-22,12492356305.43505,13698514100.45008,745093234.60263,284535051.45298,437129074.8564,374808399.93474,931028286.01,289245619.38277,164514733.39017,341724892.62,,15217630.5704,
2022-08-23,13030512975.03382,13842148886.67689,538119816.92658,245750421.85105,312793387.5253,214851212.94998,685691327.2,197414260.69723,178928371.11031,385360420.19,,15167778.7102,
2022-08-24,10795887952.94642,11946551543.69754,459253072.86854,222568201.68217,301518678.7712,206857604.49193,687376422.63,153376625.99083,139551660.51365,282830879.3,,12239906.5563,
2022-08-25,8976368825.999,10016122886.2417,472601475.4226,223985780.93447,304176787.5648,303843989.93989,628729209.59,126644193.40533,137699045.81998,241440982.97,,9889916.0663,
2022-08-26,18923645109.31387,19517508006.90065,661501344.81929,763311293.03909,881146130.0943,380709354.10264,1090317407.96,233834147.41653,222873140.5907,536719582.62,,18176117.5644,
2022-08-27,9430185077.10662,10825970419.74756,436074177.0744,254801818.52296,425851035.8994,189720711.06773,589149622.4,116579219.70625,127376532.73442,344423003.97,,9048090.4229,
2022-08-28,7703477819.25788,8412659314.02118,400379426.01247,224824826.0534,331882477.211,161205656.558,487595864.71,222385123.4041,128141578.09246,448557598.75,,8801965.2977,
2022-08-29,11969489778.36106,13462848651.39427,604169358.72278,364181259.00379,339364247.327,183794840.2404,737008564.01,269691287.95365,136980163.40031,795276334.74,,18826178.2336,
2022-08-30,15387324341.7651,18926962419.59301,591338373.38784,305472557.4251,449430274.6122,190332258.08599,769420366.07,205069809.78607,149262188.89771,829913143.89,,17267172.8614,
2022-08-31,14364997156.93659,18812423619.66005,513714860.63336,266545714.01638,375484263.1267,184789956.97436,729296081.95,161338220.3059,150692113.86777,494802803.93,,19679391.5114,
2022-09-01,13771147297.87754,14170488622.63159,514989677.07904,237014056.25248,370427254.4485,189145638.06038,577951310.06,321327723.77885,155872966.86245,339360786.5,,10778290.486,
2022-09-02,13442087838.13621,14620844149.07381,438010788.77205,261372169.24818,333895506.9449,153575153.9568,577136985.65,464328432.4093,204690532.66473,306347646.7,,16651766.4834,
2022-09-03,5652779448.41072,6120571237.10822,192755869.41893,148780950.05496,579375522.2029,165628013.29206,266451338.72,398186289.94141,81137751.16283,155928328.05,,7478459.3292,
2022-09-04,7853749068.4689,6193035829.21504,246787700.74855,138385889.30315,848379828.262,157756282.42998,365066807.31,242569184.73461,227156817.73677,196279495.59,,8727449.2733,
2022-09-05,8837636837.41192,9199273055.66278,321886212.12685,237563769.30402,547528790.8588,141549477.28661,455941794.15,259062917.55844,258176605.69663,236686970.22,,7795305.9485,
2022-09-06,18444352721.94751,18073176431.24372,686124381.14987,471756165.0172,777450374.858,282468228.49474,1040218674.65,422702616.11286,254274468.45503,579898737.87,,13741022.703,
2022-09-07,11283513643.93365,14158089326.65611,462570180.29355,335168022.40983,477468416.2422,172605982.37104,636824386.43,245978369.43921,164647077.64646,330888361.52,,21963018.4734,
2022-09-08,10329897060.9389,13203029495.58423,430242169.72326,331776154.54897,410426713.1014,137158691.74715,734744376.25,212518822.11935,218324710.52419,302748454.99,,14260604.2676,
2022-09-09,20595406252.57019,12916052034.8623,436149831.07631,386717271.26854,510368821.1819,244947444.66543,852517946.85,213592774.2362,309379663.8581,355977938.02,,15115484.1153,
2022-09-10,10528881955.93716,7348536836.11749,301703930.52623,252561296.65497,592274404.305,171564594.63115,486146312.69,249945564.61612,187698775.1173,297651703.13,,10154562.1512,
2022-09-11,9093590170.7937,6884026557.92414,236920506.80816,179911190.14156,397166631.7258,133702338.30705,492024125.68,161392859.8565,180462083.51282,238652491.99,,10141608.9129,
2022-09-12,18100462871.90017,11291212213.97169,404211190.15543,270954529.21156,484423053.2696,192417922.20121,1318384804.95,197927628.19198,263971722.85361,578372664.79,,22988153.8685,
2022-09-13,26055120562.0565,15865869412.73067,531009424.61744,374169691.28177,564162756.039,234747088.92565,1465563169.83,564819754.73874,213869095.18828,507250131.45,,41184758.7245,
2022-09-14,13338081191.69107,10351087044.81358,356973901.01987,240506334.8556,406365523.3741,163853914.13752,684984906.53,234573517.63457,202948229.16355,271272638.01,,16071786.6431,
2022-09-15,13275371720.98828,19824699198.48316,396862351.58806,327909412.20318,389519937.1362,160259082.42357,844025493.85,257548819.79417,255058022.00204,320648789.63,,19151872.7615,
2022-09-16,10699906720.22641,11772482639.46676,302783785.77997,415168866.50145,294169189.1019,111374484.7624,554655480.08,196388638.32027,291896970.15508,258624310.26,,11135256.714,
2022-09-17,6678646550.85602,6308438616.51773,183907662.45655,945255981.90831,245718629.6226,99014803.60729,341765729.03,119481068.16131,222708823.58775,138562306.49,,7110869.6195,
2022-09-18,9879306624.60703,9967351085.11641,321996071.42613,1658590065.92487,357366014.0053,143808296.30152,535405270.29,166290694.43322,253051626.59389,312417630.18,,10746375.6669,
2022-09-19,18855643585.82462,13666010265.88282,452846622.34766,1245924900.91196,353663563.4792,135753604.90167,662404313.89,213924451.12886,259219162.13572,243694153.67,,26275999.0526,
2022-09-20,15185745305.0411,10604151627.64198,294457913.51024,2454188190.90732,281454818.1455,150469672.56093,585367563.11,214848583.65988,209344330.32659,207134626.58,,13983836.8832,
2022-09-21,22278202291.21906,14907764982.7589,463421361.79287,2253627453.47963,673036041.2007,211055426.58048,906333450.74,314248465.51286,262881939.25518,302237842.94,,20089379.9819,
2022-09-22,16203598692.71296,12674382231.70619,338716047.02948,3338578192.20731,414909449.6369,136622405.72134,632309582.49,160411674.80258,146376683.04835,246106917.18,,15645458.3293,
2022-09-23,15886090825.79674,14195748237.66868,353753757.97889,6328840752.38404,580155757.2365,417608785.45651,787434070.15,248249255.84617,271796175.45146,278849277.84,,14364700.2244,
2022-09-24,7188116884.43088,6117137472.97961,411351747.41841,2692205774.81299,312608715.1326,706506631.22949,750304740.06,156145237.35981,338965769.69238,135879321.17,,7670122.9268,
2022-09-25,7774394534.94385,6323317973.41767,294670378.49722,3139935574.4141,282116241.2748,246987549.56811,513474953.35,118032161.18705,489185464.63831,114137320.35,,6158934.5827,
2022-09-26,14803230763.46802,10639323515.45812,301538144.80109,2000043191.25045,322071794.8602,190770114.991,759674500.16,159368086.44848,388334208.29623,179409621.86,,15136231.3823,
2022-09-27,25574742142.98837,13143901188.70475,497772849.27312,1885235436.80043,365297278.4189,197459850.65623,954746056.03,211328860.54829,516406446.30696,264789196.34,,20155542.86,
2022-09-28,21809407277.4523,13854142475.32485,421126340.7083,1698111143.03966,336805716.5105,158876060.92742,800415057.64,176203791.29041,919429491.41658,194174442.86,,13692126.1822,
2022-09-29,19151664008.3373,11892132443.56242,413818878.36728,2599499964.44793,265545089.9703,122318031.28632,851927256.85,160360836.88493,455261489.23235,161159249.84,,14233237.8332,
2022-09-30,20985538466.48879,11394338399.68576,458867081.96956,2823859810.10291,270526797.0731,211033243.55039,930261136.93,149994034.65626,287402594.05413,206628156.35,,13875557.6258,
2022-10-01,5685550297.42183,3648363835.7798,218132573.18128,1238164415.97748,145009932.0268,200736371.72309,439955430.41,78455288.87057,183168912.82011,86752350.2,,9077496.2751,
2022-10-02,7957458596.47117,5371485640.17009,277209661.73129,1157890642.0435,208420147.7488,114046323.5398,402499652.6,94660439.00131,211641168.81563,126848491.84,,9065963.4097,
2022-10-03,12026295294.53641,7563682363.97532,345927435.42525,1347241421.18245,235233855.4604,112038705.94046,529988271.77,134787051.82204,234870273.72464,167158659.52,,19413992.8492,
2022-10-04,15931560832.40438,7456202392.44989,373760741.13699,1576763259.99013,221871593.7269,633438681.10053,544284755.29,137280923.4953,372166079.47845,130819761.25,,10051451.1741,
2022-10-05,14444920350.12968,7323277791.98338,268678726.92693,2085874642.98412,213628629.6445,617735299.85698,535988629.98,145811376.04942,356643716.52714,124664741.3,,8989061.0473,
2022-10-06,15747127411.81796,9688859096.22463,661370541.13836,1653991607.22143,213555800.5063,327561096.18691,490639561.21,133013179.68443,245588260.56105,128856063.54,,9947570.1968,
2022-10-07,13256159671.11093,6854336044.88562,504431296.13382,1959532889.3953,178644665.5364,175624697.60637,414156695.5,125286098.32614,210230161.86385,96524673.57,,69900292.2839,
2022-10-08,4925720956.06823,2887524977.80279,237440628.42925,1591860753.05531,113248048.2386,82221395.64395,165590166.36,76197867.81523,112717192.65622,46897850.58,,8954075.7668,
2022-10-09,5194156496.34906,3036627474.46765,193319999.9467,1721687809.36397,102644664.2257,81955595.68415,200567242.1,79695385.50442,135144009.43156,52795455.43,,6829242.7702,
2022-10-10,10812283652.88902,6508981566.24311,281058218.77299,2210729222.91239,295689350.1617,155186052.18632,418482217.81,163465689.24428,249547468.64661,117547315.08,,14913449.2903,
2022-10-11,11498533040.99648,7068866635.71179,295474333.83915,2106180471.20607,342077211.5841,176010077.98234,436789323.63,128077105.58319,250602290.80464,142532427.57,,17516323.9853,
2022-10-12,7770793558.69373,5701823057.72268,203538653.7308,1176420149.31202,266721559.9599,129599059.14782,293370162.62,110406697.44595,157034145.60155,74339896.63,,8104351.3614,
2022-10-13,20803755671.58129,13177563627.81076,561185772.66166,2451374475.92293,616383805.2499,272392886.83109,884257694.78,224404245.13127,357207682.39107,267846259.13,,19506425.7773,
2022-10-14,16828184593.54722,9450587003.03056,309791008.84093,1922034149.41697,326990562.4895,142772289.4431,566852819.54,121792559.64256,210392986.5385,170117779.79,,12040313.4959,
2022-10-15,4616795782.81949,3917050344.33982,137495428.96565,714910700.96348,166043262.48,89647647.19352,240255776.94,67349464.47059,112082613.08362,67789958.8,,5734304.6166,
2022-10-16,5145257703.0476,4242204246.14907,162594558.11531,782643248.11071,168996691.2732,70401598.31823,218312979.27,76366612.03561,177106253.8433,76468760.04,,6342049.5825,
2022-10-17,9769309074.28858,6802174597.73257,200815048.26798,1158926738.13002,176214576.6589,90220831.70402,378029578.65,84772513.59073,206890503.06167,127989318.85,,40683425.7782,
2022-10-18,12327590621.92813,8569353674.81877,217168932.21871,1142725508.4637,295790614.5209,181248747.88918,503203164.19,111161989.90009,199871122.11819,152275731.58,,14644395.3423,
2022-10-19,7760139097.5399,5694630433.42334,171513713.9537,1087812468.10408,238385860.0018,223322023.49344,407184524.7,89228588.55313,174554398.11026,153596007.62,,14657456.4001,
2022-10-20,10277064463.57478,6829877558.46932,216153916.61154,1406678729.26885,295539550.1753,154472610.91908,527525632.21,115759513.36241,190180010.00816,168998191.21,,9875360.2345,
2022-10-21,11058978810.26926,7736955770.56057,262292450.00171,1222178898.47068,333533625.7422,135886365.20867,717443544.91,124497955.74539,210180720.17445,226949128.55,,9661915.3698,
2022-10-22,3337193018.901,3251370186.83828,101190492.8841,674829405.88442,187294137.5819,66228073.98891,285093499.37,65574245.99352,98229294.87939,96470684.32,,7510789.8737,
2022-10-23,6943907525.50088,4892526172.62552,177646143.04509,709216072.16398,226913371.829,87185919.2381,477211432.93,98398522.05052,138847519.14997,139747987.13,,10525132.861,
2022-10-24,9216319528.28483,7394468406.05214,183890596.5774,773807504.68297,264301375.5178,146978222.72971,534816155.95,119580221.76411,149969479.62928,143477190.65,,9595089.685,
2022-10-25,15400549183.34802,16344240230.08303,457365608.77261,1064475945.55958,996332749.8411,365125871.44142,1200834760.07,188987360.66047,238495661.96417,282949697.205,,20283325.4766,
2022-10-26,17352691191.05276,16625093320.88943,344139024.87931,877180781.1479,669647738.2536,1398026683.23525,907186036.69,174884829.21767,215152653.1824,325494957.305,,15692826.2623,
2022-10-27,12645404154.35179,12406744072.25012,352045551.47408,1076600074.98226,553290605.9425,3936931255.10934,859835145.23,178821898.96987,221094065.56839,272465403.113,,15394517.0908,
2022-10-28,12129765185.26634,11324631030.27013,499786166.00156,629576521.11783,431939258.519,4967894465.08102,723494577.52,134290873.85322,178485875.96178,338629834.828,,12125004.9063,
2022-10-29,10032159490.8777,12038906676.54819,608962719.92708,697105147.07661,473885936.2098,13181354591.13557,710834222.25,157204581.20478,280243099.13449,246538035.995,,13540382.8011,
2022-10-30,6114966321.62948,6332682157.97092,660540263.48056,515583829.05571,280119653.0597,7882018660.73159,441515428.89,117140577.10928,331467259.03459,192757309.121,,12762991.1581,
2022-10-31,9815305143.42379,11265423901.76959,1398540629.54198,710813915.39301,318867363.7815,6915186485.5751,766585259.5,136448359.31496,570893421.76841,345791025.041,,33760104.6153,
2022-11-01,6448795091.82572,7122535302.01501,700618026.42696,536953414.46235,228864374.3952,10365437233.7276,410522687.78,97712382.27551,210556805.84456,215473500.763,,15524988.8887,
2022-11-02,13312093111.48019,13993599315.82898,752848072.07933,726663734.80644,432920569.2955,6701002220.82,775740134.21,864622687.81193,442584243.57637,282606350.409,,21060054.7934,
2022-11-03,7526916784.08875,7425208238.02046,891813699.15344,504304132.35322,245304172.3778,3126559844.46195,538060690.9,532703420.5072,376375356.6398,177216697.211,,33371579.8244,
2022-11-04,17139316861.70927,14117291322.98787,1119397479.64518,1540938268.55102,454347982.5712,3320067721.28605,857048419.34,517317884.06512,567741811.30412,263419991.381,,33901207.9522,
2022-11-05,6482077789.53821,4936106420.27118,587378479.56572,719620269.72611,326603363.8477,2142934912.05866,1827904413.32,453883185.58045,327933713.81887,257736305.61,,44972358.592,
2022-11-06,5867597250.95476,6138703520.86827,557030299.03393,508292786.47417,261822665.6469,1550509761.19181,1232739713.2,337387378.18685,268386121.50528,156985999.029,,700425922.9954,
2022-11-07,11501587222.14423,9948551937.36538,1006774687.86401,728332156.64893,316905987.1497,1817886773.32993,2219918142.67,708857386.39564,597150505.49519,213448440.905,,769045191.9828,
2022-11-08,39317019209.93521,29374837585.47329,4121082021.62405,1729941818.80182,813633049.351,4179096054.98671,6336735273.78,801080995.51254,1885708178.02196,506201079.916,,6886461847.6082,
2022-11-09,35439309964.8887,27924782502.31694,2207183823.53438,1470902880.80048,774912073.036,3071269949.28895,8581635912.819,575187643.10487,956915401.16484,434767315.922,,2505319981.42314,
2022-11-10,25510406114.43922,18981639356.49054,1247111936.08222,953683573.89502,585750513.0687,2101458043.17127,5164592984.262,430740077.88494,596282604.291,304659552.062,,1636963450.0991,
2022-11-11,16277121145.55291,14813683425.71741,728374208.39623,671159297.14348,280484521.4227,1246992272.22006,2248944230.171,456150116.76682,340090731.85541,202326150.403,,1175329938.19095,
2022-11-12,5128002410.89517,5792014547.78374,518347118.33082,368198650.77022,151988922.3901,2365023085.49932,815708574.95,202166135.38852,390111391.84773,113748056.039,,767690858.82247,
2022-11-13,5801587266.16716,5856567989.37609,381425473.29403,433517401.04636,167812312.0404,1212336428.01218,810090179.895,161965839.76674,236964456.84718,111831198.759,,744618861.72604,
2022-11-14,15414723480.12307,11685915959.46197,808361613.63966,1045747950.29911,272640146.2536,1465058916.40613,1407744213.291,302205588.82443,385377341.20052,199848962.718,,88869576.56497,
2022-11-15,10938869739.93734,7759799922.32057,539588833.83465,1153605539.35187,191404818.8233,794357536.64312,785552277.778,185628882.81676,316979941.20434,161727146.314,,0.0,
2022-11-16,8944296635.42915,7840175274.84689,479762878.93264,686647624.68003,188792725.239,939365747.13927,465872544.805,208177860.23039,240615397.8155,135077710.576,,0.0,
2022-11-17,6784537154.32738,6998582017.23369,472924681.27035,717477835.70255,162392459.1982,671596715.37015,866398878.533,401119844.83983,221562246.37044,153054771.622,,0.0,
2022-11-18,6506820289.13927,4667089419.93724,348071130.58059,441504570.82959,175296653.3331,454133163.85799,429311715.446,448046850.08428,209546091.44914,121073648.663,,0.0,
2022-11-19,2861333541.4962,2603491616.74213,236080059.99721,277576357.09851,121083852.1403,308428677.54077,343597434.007,372156460.76295,130826175.64294,87725725.488,,0.0,
2022-11-20,5406658335.48391,6120393596.02878,329921887.37031,666992139.54024,196163169.7683,639649259.62707,445799192.635,396175615.5144,210438272.83052,119121417.939,,0.0,
2022-11-21,12615525683.34995,10872443056.73908,642948841.00459,851587981.83937,337798625.9252,995450561.83833,582019446.235,716083820.97435,325180454.70572,195056222.164,,0.0,
2022-11-22,9247607752.32879,8331237863.26098,448404542.72463,656897489.7537,246713261.3055,758897727.35172,526568581.135,1183189218.97977,579407335.9813,176779722.601,,0.0,
2022-11-23,9010060479.37584,7724547462.35971,1455542719.77481,520060961.69207,216519543.9639,681224197.52293,825997641.216,1653648938.73199,428833057.71475,151730983.502,,0.0,
2022-11-24,5829469816.57378,6220071901.35329,785685943.35895,796658326.22958,160419039.1237,405352958.01373,720648265.653,887705796.81849,363270401.69149,114233968.075,,0.0,
2022-11-25,5053312513.9595,5071643622.45446,664692361.29733,1066909895.89051,156213884.6519,1530273095.13363,384102060.155,806300262.85119,318666165.901,88619077.79,,0.0,
2022-11-26,4194530429.9317,4716635434.54015,948176854.00444,414301365.7064,140272394.2681,1393363577.75856,354067310.698,715080227.53335,426773217.28314,86773404.865,,0.0,
2022-11-27,3128892691.8766,3624416287.45259,525122936.34984,416742451.85924,110007051.748,3165668305.06886,212181575.677,572714019.08541,280671043.74544,83330489.671,,0.0,
2022-11-28,8055102077.13727,6533252497.45609,916151905.4382,676575929.12641,200908277.9061,2236402216.88098,601982153.627,737064244.07517,616725102.88553,155579516.071,,0.0,
2022-11-29,6420893173.50274,7132437233.9672,644650037.22087,550660706.34668,143974522.9565,2358512541.94319,292674417.286,661105492.24387,499306388.90621,113874342.752,,0.0,
2022-11-30,10484678949.19782,8899047729.23707,786388698.17926,569079739.19786,218270229.104,2208021747.9616,360077354.376,616488269.85763,520066093.17616,153596614.052,,0.0,
2022-12-01,7012379504.74513,6068049140.14661,975222834.4481,399424401.53909,142379958.1377,1478667814.77589,227788245.31,504136503.864,457663714.95884,108404142.115,,0.0,
2022-12-02,5677269598.4332,5429934958.52178,586574688.89573,408144668.70391,133508524.5842,1286906520.22403,232829602.795,300760967.31668,331374914.31543,173001374.923,,0.0,
2022-12-03,3142125597.7286,4739114178.11653,302671954.9624,364765852.51842,182702297.7906,1059194653.23378,127090396.436,211665330.95973,233166402.96133,165178160.378,,0.0,
2022-12-04,4972708169.3658,4893240341.17784,291833966.98729,263151480.27224,123786214.9894,1293081579.94694,105910220.396,237775038.72473,232425618.05575,118684994.143,,0.0,
2022-12-05,8927523671.51991,6905572840.95312,440752681.70539,442124546.86777,168300794.6036,1525922512.99689,248886593.226,959482285.22123,303024863.16062,177159012.717,,0.0,
2022-12-06,5459567210.6866,5143559417.12193,261128272.4862,379285832.75426,108231305.7718,791746393.01403,223633467.576,439009356.11433,295902173.33669,90369449.834,,0.0,
2022-12-07,5692590254.44704,5688885187.00896,327705738.87431,416577794.86854,152037439.8479,809908120.13932,179764352.995,438319414.61698,287235747.56446,112189649.961,,0.0,
2022-12-08,6833210695.12541,6769034561.56288,335033055.84845,505607790.83928,142673895.7993,712981376.93303,147757435.844,485914156.39565,226635249.13101,94515527.694,,0.0,
2022-12-09,4985683348.1939,5628848627.17139,284477544.97429,360082760.33482,124520568.4286,519456682.07562,193601698.106,324239984.09173,186426844.9917,82120607.03,,0.0,
2022-12-10,2433765605.0113,2815529332.16199,125687174.49126,153002235.79828,63284090.1234,288815907.9092,63125447.598,155655438.33728,149169760.465,50042608.709,,0.0,
2022-12-11,2932155202.0391,3084127004.0478,229724087.77439,199700265.39281,98251931.5811,362313617.34649,84082687.702,230328891.90034,150375694.57491,61679265.939,,0.0,
2022-12-12,5711628347.72763,5144565033.61437,857175291.85444,418460655.82246,124177432.9174,897287911.16875,168611738.024,331952021.09318,205801037.84883,91234958.172,,0.0,
2022-12-13,10490862496.70048,9619436612.69286,2198073505.88101,560584331.18599,210337434.4188,1050801674.84317,319148825.896,458986945.77411,343867325.62854,200875110.735,,0.0,
2022-12-14,11268618570.91463,7479465702.91782,1020188374.30246,468584795.48994,161739698.9942,711781715.27299,384760309.767,347043945.13211,214349476.52075,160292879.91,,0.0,
2022-12-15,7667339751.05844,5374816224.59595,673477561.049,349143480.73501,139538437.0143,543870631.17444,258793210.459,317186883.98778,200826679.25767,121341686.385,,0.0,
2022-12-16,10567832471.04395,8739897084.46596,1533708665.59925,569045729.08094,263457103.3017,947181017.89002,396393545.553,478267703.34896,307548837.48967,142179969.119,,0.0,
2022-12-17,4146359913.8303,3926389487.824,1537618502.60629,369470615.11474,137831555.7079,608474607.39989,176506630.818,416684742.85215,195743181.09073,83340752.009,,0.0,
2022-12-18,3110497440.0705,3402889257.43771,1276176705.83836,204432954.31458,105064881.2305,411045152.68049,85978139.479,256589048.71846,132908947.91791,52161514.298,,0.0,
2022-12-19,5726008366.05374,5053649056.7304,1076652067.98386,578166394.10885,176027478.8615,891801573.84453,199902803.402,343023703.50554,263893234.3531,100885971.533,,0.0,
2022-12-20,7997345166.42257,6963536310.44835,849956121.24681,453490198.74865,111739784.1381,733153882.7901,152506979.9,371668333.73973,232477681.50601,84686343.764,,0.0,
2022-12-21,3830411850.77234,3566753016.5772,425264419.31632,347353050.1914,144858655.3481,517789987.7613,123100887.314,270479012.34279,161791729.64403,58313083.482,,0.0,
2022-12-22,5129865155.4518,5306923844.99218,578206850.29197,301670502.87942,135873001.2523,907680240.12214,144698090.29,262233252.93246,169829984.33436,73076327.399,,0.0,
2022-12-23,4451798691.0348,4040440150.9293,380523332.4089,310645020.23825,144361096.4905,692564114.31301,131085668.979,168272814.42148,139977254.51155,55210607.412,,0.0,
2022-12-24,1386327837.9178,1464144965.51859,180726575.1778,115863002.99025,57717520.3102,246012598.83752,228708363.795,82315677.21803,66613725.39896,32731115.999,,0.0,
2022-12-25,2419698734.4932,3000167697.41548,281118285.76595,203812802.58153,82022619.6897,570662146.26274,116273788.566,271693000.87104,103127544.42931,57107671.883,,0.0,
2022-12-26,2495552248.1392,2350576564.38967,210530628.6914,605457513.4111,105431808.1496,330250226.87009,138728647.379,465389372.62375,107529355.08206,60328649.875,,0.0,
2022-12-27,4408009231.4954,3740892959.73712,394852073.6376,839280933.32032,117337318.9724,410000298.5714,281313103.609,388400549.0469,134135629.8656,66028192.878,,0.0,
2022-12-28,5727799258.57904,4927046581.26896,416525400.75595,675364435.15336,176151928.85,732228910.94179,600364003.355,379749982.8269,228893023.92563,94306657.921,,0.0,
2022-12-29,3460146192.0415,3619014162.58405,326039694.73852,672591605.2674,173178906.1687,460305670.57805,1349598578.596,233510924.58517,210295585.16011,98706915.045,,0.0,
2022-12-30,4881195596.8533,3423709126.11584,271045015.57425,525013360.21909,130024567.5277,630451136.54835,1588705511.158,279414260.4814,192010080.49243,94344365.441,,0.0,
2022-12-31,2227238361.6692,2024981394.9103,202317473.75952,275811986.88165,113077549.5834,473533410.20179,556414153.64,339368005.2464,146622420.2163,42012187.479,,0.0,
2023-01-01,1746449849.7392,1654443731.79587,193985583.2792,242333412.22721,91373192.5487,309131801.63862,336064505.184,311004075.92203,102967205.25216,54145823.909,,0.0,
2023-01-02,3591354304.35244,3431524206.10823,362014330.10557,1071520780.88191,128557709.7903,507487391.40015,874979462.606,608578911.94117,179934716.72065,80430503.694,,0.0,
2023-01-03,3387368709.5144,2931903414.03335,225254035.322,578160897.93416,113011955.2681,415706101.77531,2150335077.986,438338026.16421,158549571.50282,106394083.073,,0.0,
2023-01-04,5888326801.78923,6655447772.02725,664724650.61011,589135702.91349,270879431.7514,576259520.90397,2131662125.534,486439115.8669,235331124.281,159128294.034,,0.0,
2023-01-05,2966302291.7523,3329922187.67573,261280295.1172,452593508.90977,184092555.9737,590014334.83711,921854525.222,329759339.73059,176766621.71741,91214783.872,,0.0,
2023-01-06,5333655035.26937,5216519703.013,422647779.1308,482513476.34134,409765284.3486,499045260.38157,879413998.364,458645485.59817,206525331.35912,100878799.353,,0.0,
2023-01-07,1320072681.1707,1500580014.03508,188645181.5799,215529032.23038,143108863.3156,212547955.13877,260404008.583,218746002.42796,130808810.37443,42637739.645,,0.0,
2023-01-08,2677202628.9964,3068138464.86221,419479859.02601,366676138.66687,434601037.84,327071551.38133,846269584.731,326359703.60941,187014165.20818,72134241.864,,0.0,
2023-01-09,6899176604.98138,8343049682.27575,666242323.2157,1010373283.62517,881700660.7411,1093485176.84251,2144978574.45,705862064.83583,375466085.23857,201731439.078,,0.0,
2023-01-10,5146868921.9222,4864320674.8589,394249669.61854,469916551.41249,400440697.3656,644893963.43749,1092517758.344,362884034.83357,228439897.09507,166021660.772,,0.0,
2023-01-11,6776699165.64645,6190290564.99127,419577627.44904,1483007715.09728,317784697.7905,538618097.21622,814755183.782,604325957.73237,227104461.4845,934331710.416,,0.0,
2023-01-12,19148363107.05267,11611529579.13658,650217253.89386,1028813917.13907,453585477.496,955945623.58976,1121043446.182,730014018.78297,377724199.46513,1400255100.983,,0.0,
2023-01-13,15537710427.37066,7246536108.50026,515825584.99797,758873933.8694,353541610.0534,750009584.83414,1139567364.776,497196822.14205,282393761.78536,623842589.992,,0.0,
2023-01-14,20998726724.36468,11302279848.04887,1011255618.20288,1280437840.55757,519832836.7526,1266507800.33309,3831175596.355,737468249.07872,527008717.15962,752388998.828,,0.0,
2023-01-15,8913057374.28152,5624513802.85479,446253710.98226,574754462.92013,239546999.3439,606518675.45869,1878000598.36,318440281.7115,262493487.3614,361862063.903,,0.0,
2023-01-16,14032617401.17082,8433001908.55222,513925445.33329,940364863.66444,328138007.4488,666644230.22429,1877503038.561,375534458.67283,380788395.62379,304860265.795,,0.0,
2023-01-17,11615613152.77241,7212262387.95917,406983516.96618,647799307.47744,231671039.7882,465266159.40783,1252341626.652,447628941.6235,345605865.00017,428546340.028,,0.0,
2023-01-18,17129538788.44014,10794454438.88289,863359895.79327,1013878815.1471,358595740.4023,1365811611.7424,1900250796.657,450220524.78748,412216803.9319,360886127.414,,0.0,
2023-01-19,7822342459.57356,5615305826.41623,345037943.16703,753943199.20804,219538891.9679,443240233.95956,1059390337.568,229262612.9531,185076295.84355,197027985.74,,0.0,
2023-01-20,15661806602.12429,8486281244.20332,621709129.85053,694184873.73159,291965384.6047,591835636.49667,1580114616.63,351967877.61579,216862498.78701,264273998.437,,0.0,
2023-01-21,17543885761.9696,7675267204.16943,658636287.61932,726118925.23402,357977352.3532,770086582.99203,1876555060.543,367489898.36693,286893588.21241,264661090.614,,0.0,
2023-01-22,10978562431.79006,6244645504.84663,543671642.93729,516941268.11353,374895006.2292,957576886.14164,1087528588.131,273708429.07225,308214883.29043,335918451.575,,0.0,
2023-01-23,12012842979.87915,6458881282.47335,418623200.20999,1297695841.26085,310475874.6453,780509111.52688,933225217.329,408863451.414,318231979.56291,293530523.145,,0.0,
2023-01-24,11572452898.66944,7238645481.42649,945341133.77586,781139081.04026,241299994.9284,653709951.26845,970484596.512,280224229.96034,286196172.49005,311854200.958,,0.0,
2023-01-25,15838682593.16114,9396221038.91902,648194704.42884,640637197.48152,307989442.8951,655808804.00712,1346480710.378,296533658.27239,259706758.72512,266728099.844,,0.0,
2023-01-26,9860266068.50203,6803196691.7946,437462270.898,520308105.80279,308183205.9763,474348181.97655,906800679.348,226603514.15084,315193724.62326,299424272.998,,0.0,
2023-01-27,11736116589.73221,6892435836.78376,371953761.8991,458492782.99567,252689251.2206,415665714.54523,762000202.112,191293929.71471,372178827.78612,499233749.177,,0.0,
2023-01-28,4287806004.0492,3918631425.95445,304531575.5043,349032369.52971,253631099.3114,722444058.1273,574849021.34,170173406.84224,194608010.0386,647639541.682,,0.0,
2023-01-29,13203229115.48447,8242123689.74398,578939091.29425,383269324.38832,230725155.7928,529119924.08696,1237037149.892,759236092.20321,231862087.25195,308269282.771,,0.0,
2023-01-30,13260710938.80389,7994874441.45608,556563306.22536,700331285.76869,316425689.3615,980368500.61833,1226265914.088,521283390.46873,283010429.1985,515390749.053,,0.0,
2023-01-31,9282622250.26382,5443354538.36838,374680641.70396,634342624.03655,378553944.3936,2105644187.83398,739308800.074,516481342.99803,166248724.20834,254627637.041,,0.0,
2023-02-01,13276728610.62969,8138789577.81239,511884708.43581,599832208.45845,374397784.3799,1305825506.8376,1113568780.773,717140609.16089,284580509.57243,364537573.707,,0.0,
2023-02-02,14672020690.5787,10469433177.5439,879483968.27758,581112125.99457,415089104.2675,820863725.4133,1099135004.853,423644570.12225,274857756.81753,682272659.665,,0.0,
2023-02-03,11047679446.9572,7613169004.81489,804098340.65386,452647843.52665,255455130.5792,577438742.21881,730539465.619,305371052.16323,216504298.46235,312868102.185,,0.0,
2023-02-04,4613381157.5632,4528626441.07317,331304468.445,307751447.00663,164802221.1495,1218813831.80224,339772253.109,192580693.52616,147054467.55673,174018756.341,,0.0,
2023-02-05,8235110913.12042,5915689068.44671,696000859.45732,457548762.69044,245060498.9656,822581767.05682,587925820.792,233548267.55781,173602619.36332,203300394.644,,0.0,
2023-02-06,9551236526.98696,6376859033.52747,445575367.6669,449709645.1918,311260546.5145,484312672.10741,566029649.159,245705634.72562,172158444.63762,181970698.363,,0.0,
2023-02-07,10297159070.8913,7450540052.39308,410505805.05575,463690085.74574,313518858.8593,450958936.56085,658577760.528,425367648.8481,213329687.17179,245472063.186,,0.0,
2023-02-08,8824616946.18832,6891130617.52701,418338008.22932,411085621.49666,274512580.8891,485409998.01559,613523458.268,356940927.70811,251933674.90861,209737613.033,,0.0,
2023-02-09,16381601662.80056,10570920339.39659,723339880.68318,927476272.86767,401083050.13,876235745.91953,968879893.728,526886412.1336,1185311266.99009,334809994.19,,0.0,
2023-02-10,9560010537.24584,7508443152.4602,370146420.03336,447632983.46281,295280192.1549,532273481.85429,769087411.013,387273302.07205,452037459.56546,209842232.502,,0.0,
2023-02-11,4107550899.473,3199893749.52892,223293925.0369,180232562.06088,144734459.5437,228252637.19206,295809396.524,257051854.04011,154062420.36147,105431729.969,,0.0,
2023-02-12,6050172252.9127,4044008570.62891,494328529.25662,247129353.10855,165520322.0362,514562392.45863,601716455.53,229820084.40324,177356726.34812,174393454.995,,0.0,
2023-02-13,11064385171.50844,8822293928.12193,2051581204.71104,547886310.79842,298052581.5153,840438357.80881,838347021.91,482894200.79188,303555709.08207,260875042.115,,0.0,
2023-02-14,13138446771.27616,9982603577.18941,883846675.14513,459124508.71931,412120552.3192,484612263.39581,1021973976.155,441747665.53642,230387551.53539,256943056.431,,0.0,
2023-02-15,19105717014.29069,9558331915.34157,758435120.07401,478777779.41068,415245288.2331,975869151.94884,828997881.437,554151343.28497,248435067.17704,258133897.826,,0.0,
2023-02-16,23594991207.78344,13211292223.81743,1171055567.7278,635770673.43059,461690385.7794,973988562.26824,904827895.156,584521434.73777,414109541.66503,380098383.549,,0.0,
2023-02-17,22269729549.78749,9986189969.91788,698471866.82062,512844863.75087,338860785.4499,503362348.40392,617351212.335,436653767.8986,388297047.31412,254386865.309,,0.0,
2023-02-18,6441713215.92101,3708739130.00816,364980589.7069,259396681.00473,238521580.975,428449752.8075,383544822.712,328252598.90991,573063607.22228,187254029.356,,0.0,
2023-02-19,13409130913.30667,6100181496.80222,426405822.0161,389556132.4187,278684071.5188,511288316.84223,1032111095.141,379293165.22731,530999673.06494,271289069.803,,0.0,
2023-02-20,15954258831.2622,7148997088.38648,501077300.7633,669115971.16353,293185473.1785,379483113.45713,1539751755.508,486438978.34389,437976742.129,446841821.54,,0.0,
2023-02-21,17996162952.26349,8351819569.77419,464924793.0157,515518987.90748,303804746.2663,485282928.76729,1008255372.642,482493714.74542,348155087.43545,498330298.025,,0.0,
2023-02-22,17500937832.07492,9245679948.95379,512931846.38424,550800400.31345,321523086.9927,845180645.28329,954023191.748,566011425.61424,363348242.8478,595746402.51,,0.0,
2023-02-23,18066676937.66089,8615177343.6624,406893555.48201,383937310.34358,237917522.3647,372914928.18898,615871865.077,367396090.59938,559133858.73058,250517380.33,,0.0,
2023-02-24,17176351552.41237,8303467975.32484,426018291.73963,427497349.57239,315757511.9938,467492124.2626,640682418.604,341777490.6471,504516100.6549,258723932.914,,0.0,
2023-02-25,7149097149.93959,4010474034.10132,251959540.08947,282141952.30815,192724951.2854,284991262.48834,529757447.651,278445725.11458,236560996.96668,193313197.888,,0.0,
2023-02-26,8663022665.24848,4564751214.9919,222102571.42218,189815431.36883,142248449.4182,186901258.34679,394207150.624,247960424.37118,138812737.55088,120187472.571,,0.0,
2023-02-27,13533218116.93548,6870579195.6605,389705559.98244,407635064.10033,192033668.4713,311857343.63558,497158389.819,310950200.95681,226815571.01768,171338684.027,,0.0,
2023-02-28,10669916658.50471,5961137503.73183,288742349.6856,402920966.20187,188420328.1717,402387641.33958,403113177.638,290922978.28953,235702231.27485,209086347.237,,0.0,
2023-03-01,14566071875.52603,7331741626.01347,288825955.6224,344391694.78976,174394550.6789,247036266.22507,407625212.077,376149776.71119,198428621.78923,165355784.457,,0.0,
2023-03-02,9812612221.27088,6548059757.19698,354130554.11534,304963982.74588,204497597.3961,223690437.99431,350663600.964,340819799.28272,188770992.44276,137048694.812,,0.0,
2023-03-03,13631210171.56995,8180795615.35683,411866127.37624,547839273.85406,318843654.0933,470062620.58524,486354738.234,422623867.30691,228671019.64476,192659488.506,,0.0,
2023-03-04,3909987751.0262,2838940116.034,220107525.6569,316275593.61261,137708280.3711,249196048.03475,272721611.402,228512532.45671,137478008.16672,147660807.792,,0.0,
2023-03-05,6328721520.6235,3930326242.67598,241318624.50179,237515638.69733,136343161.194,207171128.61248,334087140.72,261453926.6315,111790952.26069,113430894.36,,0.0,
2023-03-06,6702364485.6129,4310268929.36937,378901894.09305,456463765.76478,178984503.3531,225532817.09225,345902484.244,324517274.92251,143552650.5631,183579968.929,,0.0,
2023-03-07,12196490218.23626,6464685741.27135,419410053.47825,844600763.22871,255770833.7495,315979882.13044,500755464.246,429953914.1616,184615385.84584,189002169.539,,0.0,
2023-03-08,12052988553.6567,6153983307.15385,562847943.25534,1686536242.05436,275613728.3289,345437944.50342,775412549.761,401204249.86003,232811225.3904,220203542.773,,0.0,
2023-03-09,20058296300.05462,9821140426.08169,686739482.48673,1435712642.03226,361146268.3704,517484434.2045,870259357.467,533998084.00377,275959941.13828,258389610.69,,0.0,
2023-03-10,24701622102.4386,13998824363.90489,680731596.41273,909833876.29343,400458066.9478,463364391.82741,1142207538.643,831390343.69783,275608179.11752,328190984.974,,0.0,
2023-03-11,15236396244.00332,10335156488.57957,519701149.61571,542801740.8327,289234906.0432,406656167.03923,804179627.742,708100968.49306,202752210.00055,240370917.765,,0.0,
2023-03-12,18488877763.69799,10289085088.51228,448482042.86813,698001927.83946,297357828.9985,346663472.61284,719751989.982,590120379.03383,194167431.01348,239767605.534,,0.0,240007112.0879
2023-03-13,35400848297.96145,15324628550.22331,1131377971.55577,916811104.97801,456119496.4906,512055502.81445,983428906.917,771458868.28046,285767915.13007,306024092.061,,0.0,271983057.49123
2023-03-14,39411234190.48011,15496848069.26033,820596176.49526,962193290.35944,471829241.2676,667462051.13776,1027574622.042,696909071.36036,392237955.44076,400890752.905,,0.0,67660031.45576
2023-03-15,27097556193.83353,12666499395.59632,626880882.80509,729995830.82609,448631013.7845,600498407.91904,914227249.237,670509621.67402,357897909.93222,373281411.237,,0.0,61356774.45105
2023-03-16,18170050595.51308,7617308540.09723,1574826963.51337,445902983.8653,304756248.1528,447958393.75425,545030446.974,460164262.48834,182478090.00389,254718130.859,,0.0,48428658.42056
2023-03-17,35443530287.65108,11584029077.18723,947707543.13235,636857429.58649,355963691.0921,545840410.22944,689435905.378,541776212.62931,287640912.0282,315257673.032,,0.0,67873189.36202
2023-03-18,20184491452.70674,9841499219.83983,832168806.2001,656518770.84074,329842265.416,635124242.25,796520578.902,571481365.32715,262422976.57637,280483458.146,,0.0,38719628.12627
2023-03-19,20977139675.99659,8310885359.15003,541397579.52918,1080197468.45547,249122351.1255,405129490.12848,553083244.682,410920044.45703,213184343.81265,231241152.205,,0.0,10883397.97176
2023-03-20,26103780621.31453,9477798166.4006,608478202.37205,720708625.79774,327644053.3806,504425500.2658,1357075610.164,514599690.58357,426566631.47335,258290090.766,,0.0,42960011.28099
2023-03-21,19152913743.53478,10019890870.83099,547531489.09037,4424751691.12794,672541431.3217,673795300.3428,867080355.224,487028810.60104,331405954.23365,222317460.119,,0.0,31039244.78888
2023-03-22,30186741704.76973,10708921360.87074,1162717383.55071,3443248081.32549,813940366.5033,683451281.78334,785698102.249,837700593.3879,523922173.73486,296150629.697,,0.0,22070383.75536
2023-03-23,22583147907.22827,9324634529.86897,421279661.58092,2236856656.22329,394693468.6894,645679201.54917,530970181.694,1383808108.38179,276085234.10753,201369079.062,,0.0,12829202.47375
2023-03-24,19369885616.52528,8679521189.99405,454095952.50419,1096196346.94543,285777388.918,402534644.32329,484122023.142,973961650.78789,230846661.10457,155599041.271,,0.0,23129630.84707
2023-03-25,9219228887.09329,4073640165.89135,272282356.236,2054266826.19592,166780214.5203,251009880.46946,253504849.308,496778272.41648,147073344.2293,105696215.566,,0.0,18359229.70318
2023-03-26,11110815846.83666,5109438055.6122,221490698.21622,1152643264.92494,150519537.8474,209770512.15456,228276807.914,484095557.94616,118551783.33353,110929024.876,,0.0,6281834.45946
2023-03-27,17542947640.15402,7455510896.43108,807724063.20709,3067692654.20774,250960777.5661,404993592.57919,374483728.688,593340748.27295,186101393.37929,145934204.247,,0.0,14903325.14102
2023-03-28,15806950765.76132,7259377635.49757,436816886.61656,4062744667.62691,302846253.9715,259461455.99631,386100608.115,572807124.81226,175499604.11811,145366584.357,,0.0,15545251.93792
2023-03-29,18472646921.01927,6711651489.12707,366078719.5846,4256712144.9621,348576116.8404,335428527.31106,362280534.593,425983294.26944,241321252.38535,145562817.537,,0.0,16202110.04764
2023-03-30,21882841599.42791,7462948646.57345,489371590.36445,2631371612.84529,298574918.9608,319226457.72758,433233141.953,493949113.51263,252336013.02839,196847318.935,,0.0,8894799.9256
2023-03-31,17241323711.94637,7182992018.54653,265452809.324,1605687398.77169,537109588.5151,329178091.96118,330294656.102,307582344.82956,288905684.20008,183405738.86,,0.0,13353515.8746
2023-04-01,7298340524.07105,3052725254.36357,165011843.734,1418161252.35825,252441838.394,762839688.05683,198231354.015,449986803.30274,130294767.40539,85211101.259,,0.0,28096417.90512
2023-04-02,8922911429.0644,3949711148.25586,147555644.8416,1306595796.63679,211794680.8731,1101117031.03879,209857386.532,484704435.37302,156489863.27144,96322839.911,,0.0,6773218.26819
2023-04-03,20745208330.25454,8135938230.19109,505220286.91165,1186678649.18289,546764610.539,4836269172.56687,367188211.001,603433049.55858,232503239.53872,157424292.604,,0.0,10764373.61747
2023-04-04,12148930975.14344,7917928013.22222,240455579.1529,699435733.17923,251813131.6915,4237824719.97455,256896395.859,294834410.33769,165019603.1453,111633375.167,,0.0,6593348.73204
2023-04-05,15395006484.55794,8002757302.09807,267649315.34056,900397373.33123,215710034.4832,2027188679.36979,277972414.263,388093602.64033,215194044.30523,201953153.556,,0.0,6416960.9337
2023-04-06,9953310708.79362,5695615572.83125,227777238.0325,618992236.81005,202021080.1229,1888610516.37559,195855313.522,240957850.52785,145213217.45968,151959245.525,,0.0,4118171.12134
2023-04-07,6118045792.5145,3892274987.5975,138536821.1747,776790630.6635,134049708.6758,1158971329.54881,153121106.842,169726594.43235,109570937.44386,96847072.512,,0.0,3403263.21732
2023-04-08,4453733138.91332,2670491237.61519,107177367.6623,363163729.49846,143647575.3919,611272602.75504,141852775.916,111044225.24629,85352620.44223,58873008.553,,0.0,3136654.63151
2023-04-09,8589117716.66099,4411928549.86057,132694195.8048,321515924.56106,162149946.992,545507636.61784,147044586.641,150142304.44328,85423747.4503,66327868.493,,0.0,3394670.28378
2023-04-10,16759574206.41599,5789773602.66807,212804359.3986,437343416.27206,199978510.0688,484409619.41196,194127229.751,300922002.21979,131060016.1088,95273467.487,,0.0,4220291.51289
2023-04-11,18933421282.50967,5992414574.57517,562114510.75848,699009975.19194,328087923.2163,484973373.07402,1425155002.776,447002827.57616,138067029.55096,153792359.635,,0.0,7051417.17696
2023-04-12,16925990333.74135,9820582527.1319,298322459.91489,645924330.52698,330051935.1517,693355377.32113,2169853131.331,408696071.20244,182368418.13879,252115260.736,,0.0,5422235.25632
2023-04-13,13196552183.52759,11737826015.50057,254575416.5553,507087443.68778,432558476.9365,874003618.41029,1161399048.051,229698607.55866,158802751.51423,205337749.396,,0.0,6363794.68863
2023-04-14,18803216668.181,14466877844.1142,533779353.40739,1088433425.29193,536462786.8566,1158027024.65775,1063509148.32,519163719.10069,308144820.9421,210482282.25,,0.0,7527527.16169
2023-04-15,5470537724.74858,5490344951.01392,321512303.16135,363452874.5111,466802807.4232,459873004.87146,395982245.439,188067312.96608,221189134.64249,147561865.358,,0.0,5662846.02537
2023-04-16,6372172002.43268,6115423203.35783,619873073.76879,347961116.25273,284547550.9627,613985132.89906,525867017.699,537384469.5442,215356300.48898,238208062.04,,0.0,5087516.07266
2023-04-17,13503235174.14893,7103102832.76539,531954978.49138,517643353.90987,333592691.0936,1734325476.0318,949202776.385,403867129.52274,376360935.54978,515823416.503,,0.0,5433578.83767
2023-04-18,16000595786.75336,7413341871.08492,326836921.4236,648697192.83808,261095166.766,1045735707.27555,587508133.891,502656707.05474,452168065.97241,306834303.938,,0.0,5482052.00752
2023-04-19,18890822746.77531,11407976091.09683,479465718.40156,1030005180.84361,399291591.8208,1354430834.76805,844719411.247,573059455.69533,441315556.59698,351987420.606,,0.0,8664022.80418
2023-04-20,18268559026.79414,8732216194.09306,328752521.0663,668454377.09453,357071357.2703,2591365121.52,699722000.776,509245459.04741,312609019.41994,261198464.667,,0.0,6058985.64668
2023-04-21,19154822175.12687,10453785961.75719,782328423.72618,752793055.29497,358461227.7327,982347249.71792,538299714.334,455567090.77104,275170630.19536,260618955.005,,0.0,7676744.65197
2023-04-22,9486931563.8422,4160733028.8103,362672321.82167,594067170.55366,194476558.2011,395667449.49601,242479309.159,182299905.47112,125830966.38799,129678617.341,,0.0,4897399.32221
2023-04-23,9148054894.69136,4883738761.28466,293419674.50622,515716820.28743,201108646.9745,425108401.40067,396894458.58,196125597.76566,176147871.52054,126732500.085,,0.0,6188364.97262
2023-04-24,15953818918.34071,8559463422.76587,385343572.1328,818615452.79752,255913183.7973,429496504.77591,433306141.792,339579342.20385,209467572.14176,157793988.683,,0.0,5581700.35156
2023-04-25,14045812538.45073,7632322493.54573,432615889.86143,556260656.49989,257421256.6533,366650426.6701,456884819.839,469004953.45516,170353269.81154,201537674.788,,0.0,7172246.32613
2023-04-26,36973550164.94095,13832491013.22545,666736985.80807,948644997.00089,470762256.33,818794874.69832,750525263.334,593191139.03619,267134974.30598,259428902.546,,0.0,7947295.97085
2023-04-27,27782772896.56456,10425583648.13769,466308443.27655,642671968.40476,390850182.3529,504809477.76674,577813348.036,399464449.55329,207770013.82105,194021112.551,,0.0,8461674.62633
2023-04-28,14879300727.03726,5966985911.23344,951202508.73131,688688733.66254,210128422.3518,268658797.54208,683949691.124,253915066.53445,121144521.68183,117245474.876,,0.0,10460798.11235
2023-04-29,6381226955.68392,3028671705.69795,192663893.6226,427097412.52421,113572535.8182,253141012.31354,470695703.0,183972421.24499,102771494.57541,80719864.874,,0.0,6527418.38812
2023-04-30,12308569143.22655,5678023570.39942,651136001.33667,349980600.59524,225900841.9186,264489790.5093,520654524.354,222268724.81308,156324163.90789,114138385.535,,0.0,6377962.70375
2023-05-01,17715530181.15137,6871929627.84383,709545466.50162,485134568.8686,222527472.4781,327404095.95197,536528015.696,253020872.2819,160385694.89117,126146461.488,,0.0,6140629.71903
2023-05-02,14563151413.11936,5666257518.06199,460467900.8072,424756253.62524,171658314.3955,224710876.20234,331350301.55,268191729.98879,120956048.5639,107446874.097,,0.0,6637568.20941
2023-05-03,19317326412.84522,7762176084.36052,512622508.6842,572179731.64047,266432138.7295,384609158.55739,576908796.978,340879923.71565,197378041.52603,187865633.259,,0.0,5229281.57826
2023-05-04,12351553435.64055,4990059178.68051,207137044.1115,347431145.831,175257836.4637,260516355.96066,433452429.568,172861578.07009,100660650.57647,121659960.47,,0.0,3700949.3376
2023-05-05,16927223730.86086,9793284393.60356,321208737.6193,516974006.62263,199062047.5635,402931318.67495,586895627.334,265889523.06445,152881663.0949,169140432.203,,0.0,6298295.43636
2023-05-06,13798897391.83881,9391662414.45572,297368781.32689,324215134.14817,193351618.6885,339244388.70674,512121834.489,412529655.78296,139475519.18313,145433895.948,,0.0,10152029.11664
2023-05-07,8896354660.35729,6096392897.08655,201582972.2133,234032026.2267,130988690.3979,192593612.35306,422229113.03,224217637.62328,95001450.58502,95423170.586,,0.0,5966902.62737
2023-05-08,18339478036.73547,9079925715.77355,398012839.84086,619711753.94782,310638720.2781,475963424.74011,675683027.923,508352604.31995,212672623.83538,212803071.759,,0.0,7143940.77066
2023-05-09,10141376746.46744,4627725853.77786,231297036.4174,374850460.06392,166524479.2827,245246522.347,354509085.072,286239705.89997,98514019.82883,95116138.371,,0.0,6220286.83022
2023-05-10,20001892800.24953,9053981839.2211,381512478.666,562678650.01676,327476180.9432,413521452.7909,557270703.768,411127707.19669,166284113.05328,186661096.952,,0.0,5888477.27718
2023-05-11,14649119359.74357,7238023894.70517,310018102.88634,466270844.10108,255671832.2871,437782049.1118,473058443.194,453867632.86786,161711243.32378,149406933.545,,0.0,5234011.26931
2023-05-12,16266529977.65859,7571365343.22157,300475303.2645,809423177.79691,287889287.3614,455307516.59615,458120716.471,400168989.19163,149392517.55729,137104046.648,,0.0,3174111.87066
2023-05-13,6509153676.52752,3228545808.33887,176764869.9274,214262118.03244,116254882.1764,152268658.49423,285596487.41,166067610.05107,75300533.50216,62882003.305,,0.0,1612658.65341
2023-05-14,6656688171.93944,3725543210.17867,181871446.93706,232548861.99173,115967754.2703,139279840.29192,245685296.435,265767428.58117,74099451.41026,63204791.67,,0.0,2778239.05181
2023-05-15,12295451723.86526,5584428011.28594,200841932.1765,364897284.71103,186034966.3965,232575831.73877,385529789.66,654299562.13401,127489267.65126,121972285.264,,0.0,3995069.84562
2023-05-16,10093411170.41688,4647961186.01632,180759132.1257,556899839.6532,172868583.0989,211654403.76733,312169478.061,748398478.2898,127772367.71824,107370454.822,,0.0,1708919.19348
2023-05-17,13216351846.61259,5716856398.18019,241488296.6575,1172130859.51543,250436162.1974,450447542.13961,395456595.224,1035886274.80434,161948431.54184,148610419.322,,0.0,3988629.97014
2023-05-18,14727436133.81543,5507830657.71073,254576741.13954,1095957922.27018,235151534.1121,447675819.97479,342155161.738,622677153.65061,151994829.4343,138313603.819,,0.0,5979988.29124
2023-05-19,8708772764.36967,3879976465.72274,154412991.263,898986300.21939,154558193.5119,211015660.30527,190096787.661,502993415.63737,94812346.66156,92677658.015,,0.0,3419584.10382
2023-05-20,3707697281.1093,1872602029.56196,102714381.8147,355039238.4551,100677965.5974,107965808.84914,133711283.125,218065059.93036,50882359.6764,53418309.837,,0.0,3939273.5918
2023-05-21,6431869877.90651,2530470510.36566,134327122.30281,404352685.16029,111303951.738,161855793.41004,251280699.67,302747280.00397,72723466.05416,75695182.644,,0.0,2205716.41041
2023-05-22,8796130693.48035,4115022438.72039,199123884.017,510704364.12086,224478489.9473,281397594.80443,299357702.928,336465573.00384,141541917.28419,130844397.133,,0.0,2281536.63225
2023-05-23,10055521160.75082,5428836551.9576,213608333.97726,386328943.18548,127638026.408,159132377.88637,347695964.458,283202562.37283,101698483.78263,102518659.65,,0.0,2832835.85383
2023-05-24,14198721097.42495,6525113256.73166,268482628.20364,515742916.26789,190820978.533,293812783.5362,486446573.798,636528089.95744,153830750.61148,127905605.298,,0.0,5068547.98184
2023-05-25,10368530938.48118,5185691223.35058,188481244.35425,381153765.20244,181435387.6525,204908367.71821,271155371.579,398978853.73381,99475458.98764,121732858.868,,0.0,8498402.52794
2023-05-26,8633310426.32368,3959307938.13433,293450644.58075,633606885.55417,165323889.2453,159826547.80496,207201078.166,407944148.35204,87154092.22937,106103940.771,,0.0,6223764.41179
2023-05-27,4371514145.40532,2181720432.26159,114499702.1077,454671770.01286,87629827.8063,194443932.34373,267256835.655,194805105.13894,60890007.74465,71706229.641,,0.0,2713030.85869
2023-05-28,12079775165.95981,5415391316.17548,211338131.88966,382280153.75352,219964709.317,219133189.21494,411709828.875,360988356.04073,109716012.09432,159277908.895,,0.0,2744254.39193
2023-05-29,11464529935.57118,4704184612.1712,336833256.4872,729458078.87072,162690048.145,167462142.10585,295600800.092,303692000.28175,94061124.45913,102695629.551,,0.0,1844341.15374
2023-05-30,9289854388.3587,4200115983.3063,204658941.0591,1587686758.35069,135461111.171,178035507.49005,461764645.892,341447804.15323,94037241.10569,91485952.223,,0.0,3042437.82307
2023-05-31,12797264657.29916,4967704528.00343,262063926.33514,1187881401.3178,138511786.8466,172404964.14877,307817770.402,375795828.81228,109928364.3431,103329394.16,,0.0,4864018.01324
2023-06-01,10888995134.74279,4857143174.4757,181329209.2254,633715920.72108,186009019.4382,163659033.85529,260916231.577,891947042.97374,95951136.94542,83417708.189,,0.0,6190680.22821
2023-06-02,10565372872.49042,4992858140.85456,203778518.4557,670629750.70794,203239524.8827,178122278.80056,294857414.355,494190382.32847,90005943.45165,91658616.096,,0.0,4261297.91024
2023-06-03,4951602182.2861,2427982701.83077,115432390.2707,466966569.92029,82098662.2821,96680349.93205,153975017.522,397822928.11878,47724528.40937,46776658.245,,0.0,3986979.51514
2023-06-04,5933883455.85455,2939610066.72539,138472304.0791,685662815.03493,108049493.6934,115283234.55395,380146970.042,346450148.00941,63690277.32196,69455951.152,,0.0,3041045.73849
2023-06-05,18357609610.21765,7829891468.02886,1073012344.60043,1409828940.77213,286479612.9019,424910449.98248,655544637.161,779130151.66756,171694874.93409,182606665.701,,0.0,2716382.21562
2023-06-06,19197033011.63045,7988336481.22652,698614142.27014,963832328.30199,279200326.8219,517510170.43391,488234501.07,554120732.97632,123529057.27958,132311980.188,,0.0,3200113.5445
2023-06-07,17580869410.88071,6871014307.4863,1065680231.08267,1208956190.43903,374482989.4972,307696055.66325,502557954.234,516716061.06393,144516698.55568,116997657.262,,0.0,3161665.43461
2023-06-08,8818214857.61013,3381316556.27167,595470194.87231,607401673.2556,236536849.839,152753332.496,363136133.716,303357170.56316,86645363.19333,80637709.735,,0.0,3737344.34906
2023-06-09,7524310651.84534,3552821831.1683,581547307.337,869986932.56755,548350150.7756,345899513.40343,738702614.232,338066832.07009,87019183.66162,111214468.155,,0.0,4555572.31798
2023-06-10,15698931318.50649,9774108050.69357,1222258345.13172,1584419698.80702,1394029480.8545,911558825.1851,2079250134.777,1065816037.27626,332491852.1219,364274524.897,,0.0,10349249.38979
2023-06-11,7227089796.30363,3559919133.52975,407379656.24391,672943880.03539,678068530.0224,253372765.61054,740521963.267,354546646.8447,108859877.91639,105339863.491,,0.0,3392860.32032
2023-06-12,7727691958.70051,4546659536.76596,1584794977.91295,783569428.47738,574929747.9329,208851352.44874,709668735.104,397285078.48822,120376652.27536,114360331.679,,0.0,2712734.46486
2023-06-13,11308944583.66133,5193391874.7618,1211116649.86426,1968128743.37427,418209523.6516,228574024.87112,689259606.941,393941969.92035,146506298.65339,125325689.564,,0.0,2634042.17648
2023-06-14,11881929860.74104,6743167988.43778,1284609479.37622,1244999750.6249,352574959.7236,245241000.53062,581027712.422,424961802.90671,226159802.42915,118604508.798,,0.0,3979212.6211
2023-06-15,11936022995.7639,5417639691.08114,717465210.44274,832816097.42054,346015099.243,259126379.23451,634459092.197,324436036.61838,177594563.51904,122987928.562,,0.0,92251146.89083
2023-06-16,13781333096.97194,5225967567.41919,676806904.75065,843843149.81986,245935026.8263,213089484.25482,464200627.135,314544500.29752,132530461.85934,83171378.915,,0.0,25811810.37297
2023-06-17,8106952525.28539,3756474597.35009,519241620.07054,451187902.51357,205383584.4946,131019201.58528,372573040.574,191796938.53907,112170106.52417,65690501.384,,0.0,13452276.59872
2023-06-18,6411604568.41224,2834954534.14003,418745497.10372,630821994.83815,176757490.1008,289548141.94518,265858736.943,206373374.38449,114071046.61386,81615043.522,,0.0,8285822.6568
2023-06-19,10651201162.61209,4467229390.33761,451590061.95823,591992826.40708,196222142.7838,148146292.01304,355396883.898,207619571.71657,146819074.40668,80619057.194,,0.0,6447817.35787
2023-06-20,20786331287.82493,6080886439.10825,504099557.23445,684791851.25777,289630634.5239,192709852.13876,489257696.14,398160659.90952,186722711.47739,114620535.18,,0.0,11602763.9071
2023-06-21,33165677031.81134,9829732060.96629,798217823.9049,834320886.71349,413742774.9958,401282225.29104,596886645.592,777873052.49996,198343495.98267,177052234.621,,0.0,16530874.24468
2023-06-22,16856175550.40033,5950906236.05417,749660617.079,991893170.43669,447522489.3789,418328930.15684,469219060.303,564279794.14691,220242933.29987,143353774.469,,0.0,6404661.38888
2023-06-23,21421175144.69206,6453773157.88428,555692858.50378,697549835.21428,317010044.1938,311399365.87947,561016793.464,784779311.72947,349148974.01502,133337517.217,,0.0,3809063.98675
2023-06-24,8546756825.90515,3321937126.86462,626149231.17524,420739651.70898,240827307.039,246918235.43938,395813127.59,601135820.24522,201281741.31219,99019312.201,,0.0,3595237.72792
2023-06-25,9236905464.93146,5289332862.49297,447635461.27308,438538561.14301,254950463.0286,179689480.74035,390409019.564,395951753.08782,180500411.99253,104981389.337,,0.0,2317657.60302
2023-06-26,12562149789.70421,6370416998.95966,467098899.6216,494339472.22963,273542744.8469,243098295.38658,433815351.324,457465439.44341,200589802.9772,140777500.123,,0.0,1542792.31163
2023-06-27,12421440922.16078,5325411157.57672,299915538.12158,325329260.90332,241749981.2971,202251979.22626,374190069.45,315420923.58661,175815743.84912,96442495.26,,0.0,1278717.69016
2023-06-28,12598592811.65844,5721684180.26515,521618730.67211,525581762.62399,328191207.2578,287577512.47276,490824036.834,458143044.72081,204178629.17598,144130410.929,,0.0,4555247.65442
2023-06-29,11648327668.80449,4161267238.70473,304015451.13205,340210353.83821,214951103.4203,158838345.93778,1197950035.772,261737286.46421,183525654.343,122798627.366,,0.0,3813390.42638
2023-06-30,24662962533.50455,11262001146.78503,596913195.17263,743383752.111,536372841.3806,456779148.118,1756450186.024,3164002245.90725,388167050.63246,185780885.785,,0.0,4976404.10628
2023-07-01,4133098990.12844,3044484799.23761,435755498.35377,341525429.15948,215040532.0736,501073387.40282,526707422.876,1692654598.1968,211133634.23161,83287716.387,,0.0,1876389.85554
2023-07-02,7079342099.35315,5000254512.61926,372695612.43147,783087274.29141,218374936.9332,355704863.82477,841439970.425,1811630750.0576,228103497.70946,113697598.533,,0.0,1330555.60688
2023-07-03,11455001608.3097,5455730800.61678,499170563.14755,526051465.42013,227643811.5548,230899197.69162,515435760.634,1128243434.31615,194057727.9128,136598335.574,,0.0,1546851.36651
2023-07-04,9313935624.33744,3733154567.49133,331364048.39175,445374291.19879,253793154.384,554601829.51841,558738928.533,828852676.03682,155310716.39675,135931732.518,,0.0,2280900.19525
2023-07-05,8991870910.78812,4386390984.97652,356858946.87687,448594160.29361,236652545.6549,293372306.5631,443166107.339,1110185645.87695,173696524.5006,123754113.377,,0.0,1326490.57875
2023-07-06,22070224345.63387,8025247594.29251,496653730.25647,508616020.84622,309666886.587,308502778.56859,1627402730.75,1376816349.38182,206215378.5625,158507003.257,,0.0,2236428.73719
2023-07-07,10184988283.5844,3994359583.46465,317310576.65031,271191981.76182,180363058.5476,195552840.83872,1923672592.651,709725987.70866,120777014.23998,102908874.571,,0.0,4129259.98756
2023-07-08,4191064151.51028,2127599970.73217,186399353.9131,228751212.37019,169153331.1194,136065781.57672,1526647494.818,356439086.55679,87764544.44469,377405528.396,,0.0,1707218.80432
2023-07-09,4910685209.23742,2455983243.42244,170438016.0208,164157334.87324,133743319.7428,129787302.6407,896303986.531,367469448.05029,79109156.60279,320498017.763,,0.0,969847.31293
2023-07-10,13041797875.98727,4599947109.42808,881325579.63641,422965616.6575,247948023.7667,287814827.10521,1069349096.412,852842999.53432,149648609.17112,231660732.905,,0.0,2551748.81241
2023-07-11,9119181979.08487,3168583574.5677,475218947.79122,245110570.03441,170797915.5805,147653313.87911,1067017727.576,555307071.14325,93987171.91347,143067031.738,,0.0,3878573.37792
2023-07-12,13009902129.34863,4739014879.90064,450489570.87266,319103347.15437,168598814.2121,190009071.13235,1039091795.222,568935563.2304,135280319.31626,138722046.376,,0.0,3348620.44978
2023-07-13,21574885298.97106,9872664104.00889,740952661.79656,11048889755.76243,851882041.2644,687862983.06521,2375224310.183,1609369824.78751,372729827.44648,288369338.966,,0.0,7208862.52192
2023-07-14,16570590022.18309,8269315805.5465,773137448.21209,6970372286.82525,822909402.5062,726623015.46501,3166639425.534,1232386041.72454,413032749.45394,680952545.167,,0.0,4445915.94665
2023-07-15,3381748954.15686,2150367734.53819,283272494.32709,2702560406.65065,251105309.5748,1085146360.0106,1993719407.273,376191341.48334,125359542.29671,229675240.427,,0.0,983597.87486
2023-07-16,5260328370.6608,2450221634.39045,342203937.62817,3934574354.0163,278084231.5194,470039566.68284,1303538768.438,389097055.50366,143540252.87412,170173873.318,,0.0,1581987.51214
2023-07-17,10348549509.48323,4862622170.96846,579708082.88483,2602279535.42825,253706869.7672,557718940.94073,1609251224.784,673983711.6324,454731479.16392,198059479.48,,0.0,1261053.48512
2023-07-18,10078127136.72446,3773730051.42879,594173699.48215,2681517837.45019,260333887.5857,292182149.99975,1361547406.282,443919959.05971,538217937.10454,173988397.119,,0.0,1303700.40248
2023-07-19,8941549015.88861,3896411754.63565,329055335.43185,4742373838.24047,433482017.7669,536098453.93142,1217709362.449,489401071.18528,253550555.82898,154559292.439,,0.0,1882807.35541
2023-07-20,12295839232.23674,5094834736.36539,324671366.9977,3103712966.40222,376315529.9986,699625298.75705,1083264609.192,515696737.44889,2235322495.45356,165818753.379,,0.0,876229.57559
2023-07-21,6601525560.44956,2693663745.42729,232355760.1345,1722666120.24057,159317398.7781,1016681027.18733,804816147.986,457824152.85171,1208198799.3397,112603565.107,,0.0,1498817.49409
2023-07-22,4278958894.21528,2154869158.92295,148814637.0944,1450238669.33163,120059705.0445,395770374.11121,567493171.649,424086022.76162,697740070.64812,95768733.757,,0.0,1394632.70784
2023-07-23,6742455119.06672,2907676982.84785,137549718.7621,1198516702.1746,116761144.7296,335502597.19941,507779976.714,304631964.02018,334605918.53455,75881372.957,,0.0,1024011.70016
2023-07-24,12739148029.69294,3919275815.32224,302490310.63868,1789583782.53945,220285488.5027,2376420416.03717,784957837.781,532726820.29046,394191437.09758,148556089.995,,0.0,1962490.14626
2023-07-25,5733864849.27923,2451833082.62795,197836775.87248,1500990351.10663,156406682.6276,3149053971.35036,577286263.117,342007561.54449,266356456.48308,157517329.748,,0.0,1957961.08298
2023-07-26,9342519728.59463,3628405350.49632,213640343.1757,1442363097.83737,195882201.9915,1793618790.52611,1277847114.426,409574740.03475,442582559.95051,136718894.651,,0.0,1210818.49438
2023-07-27,6549775823.23634,2978878030.2649,208642178.65725,1122547919.12285,123215501.6794,864061388.16689,1010481840.412,363806271.95557,560835460.11556,92416270.798,,0.0,1575938.77421
2023-07-28,6485251844.3234,2576729426.7434,155351954.673,627463350.39997,112704899.6082,557859566.59509,680982793.075,333714209.95487,290105817.20942,67380856.703,,0.0,1010206.41801
2023-07-29,2552974723.6625,1405661589.82189,69582473.1359,411608970.64309,86645020.3476,768991232.86698,406836184.69,339329784.48424,152310309.43473,38328219.323,,0.0,1373224.69992
2023-07-30,4971420690.30703,2588400428.31909,210046969.5134,1021644285.40232,153245498.5619,733876700.99822,567683200.914,999056624.23211,240221729.95206,93827853.297,,0.0,731526.13572
2023-07-31,6752624719.92772,2648009197.68637,191622120.9413,1131750871.15933,167500183.8485,600340327.65769,621561769.839,579232700.98612,229356128.32022,109528450.654,,0.0,641230.47117
2023-08-01,12851250046.85139,5253762221.9205,545587057.64992,1018325412.99729,192990452.4885,560029247.90576,707233713.048,938750780.7944,287225016.09464,131018384.452,,0.0,2081424.70568
2023-08-02,14482383687.34577,4499307943.90133,500290431.48082,770098119.3542,163572111.2171,578848887.70574,674149465.357,1241413118.26609,307132794.07033,100585744.029,,0.0,4209732.76211
2023-08-03,7357451848.69498,3145302649.42659,202679649.8995,1034918705.86224,189315474.2614,511175911.05198,668460016.615,876920475.14326,255087736.19686,94000116.13,,0.0,4821565.24775
2023-08-04,6681106341.50991,3512140548.40425,182311402.64135,1151469633.03106,124255249.2669,420046473.21866,756920434.704,688421316.2757,240503170.70591,78881842.597,,0.0,11951165.8636
2023-08-05,2396889615.43942,1190327889.76681,117981251.6434,908984581.75896,82712591.3167,697085503.88529,414783443.037,317759307.45675,126416244.2605,42877878.47,,0.0,6114622.62153
2023-08-06,2997426571.5375,1473035578.85485,154818517.1493,529033785.16926,75816795.3775,396953960.68076,483569514.578,275856151.83882,118082515.62735,55222217.049,,0.0,3609001.03668
2023-08-07,8642375892.18842,4078589895.0943,229747850.0069,1020770575.29173,178200895.591,467074313.25983,606612707.652,466584392.92444,273266939.44573,99314962.318,,0.0,11400622.34397
2023-08-08,13599577748.60257,4246702788.46169,242984006.2997,987673304.38206,193928308.6373,374657291.31627,911774666.768,502498172.56726,356515169.40192,96613930.905,,0.0,6635635.14451
2023-08-09,10756925627.79187,2608828366.62844,172107192.7947,1505822216.45762,117194452.7884,336661824.68469,775363299.124,260470154.35497,429382742.09654,72921546.347,,0.0,5399643.39104
2023-08-10,6922645509.59273,2206051375.26295,168321246.5413,839855920.74748,115592387.6462,460614561.82254,550046348.189,223404481.78951,230867483.74081,67184105.631,,0.0,4344834.2536
2023-08-11,5265186188.14472,1994538363.42238,200315438.9823,507430446.60217,73114144.5125,248399421.63271,511916036.548,152344056.7187,147871969.22338,51545166.937,,0.0,1524709.24325
2023-08-12,1654106361.1419,833424956.61809,84153516.769,250314304.19078,61887756.3303,352221461.04473,353348381.074,102777873.61101,96687057.66993,31660708.916,,0.0,1420242.37459
2023-08-13,2472829612.6647,1554669146.88981,78707030.459,342734855.13365,88636218.8234,279170228.71248,376298466.496,188605628.46852,151215369.72572,47418455.95,,0.0,993845.91412
2023-08-14,8677120731.75313,2369924279.03675,102145183.2249,445913722.47621,92330096.2752,500660603.99283,621634866.087,191429883.30568,232737296.29039,67821010.292,,0.0,1198362.1478
2023-08-15,5604668799.70402,2224006399.87829,204166639.3223,735571385.22714,143123997.0478,475615101.44806,762069990.918,335875957.53423,269694518.37993,95857584.678,,0.0,1690779.25686
2023-08-16,7903933631.97155,2830987601.01116,256346750.0666,958006634.70647,225947600.7427,467647644.44183,830544510.962,543170788.78202,250990678.1159,116565185.956,,0.0,2805017.97026
2023-08-17,23892373364.35867,10069596308.31243,513950281.0837,1574521735.95554,325240455.9327,744623419.50798,1149603021.439,814509851.69416,336979647.38276,155904174.264,,0.0,9211765.07938
2023-08-18,13701338877.41335,4956722774.94701,364491082.8676,1543648825.35965,238069769.3018,521672404.7277,743826177.372,508273734.89177,197488533.63218,111877560.686,,0.0,4443747.685
2023-08-19,5259138403.39374,2295511190.10816,175434775.1382,621742313.93087,115800129.3754,225792058.2177,381348276.738,248911755.11714,89807480.37198,57263506.376,,0.0,2447655.81038
2023-08-20,3684280536.48474,1950618000.36989,99550677.9298,1214010029.19345,109073104.8727,180413786.76147,284724191.616,187369929.24078,64618146.13887,38509095.691,,0.0,1920639.87036
2023-08-21,6052756159.68538,2864914067.06811,462733360.5198,1058776409.15747,147423222.0889,311562032.1853,599741936.397,552206452.97185,149652925.69623,98349190.835,,0.0,3468872.30537
2023-08-22,8099008037.07027,4297253119.31144,536926377.0969,765629015.37561,185092070.5577,349151354.98602,685580689.099,418646497.98263,196087026.79091,151839361.938,,0.0,2435561.98435
2023-08-23,10844866911.05113,4668477789.68188,457717817.6589,599101237.34015,132612657.0258,332923901.09128,647566165.096,315345986.15129,182537753.18256,110346565.821,,0.0,1261283.29982
2023-08-24,7517625485.57741,2884193910.79672,322188638.3685,438522393.58667,115089175.7043,212884192.22762,574097366.345,194909064.04187,152649164.10029,98730420.743,,0.0,2206217.73355
2023-08-25,7151164304.37309,3043887039.99092,267674493.7317,667146707.95243,180076830.2509,200056537.14401,537352230.994,217959482.55347,156801063.63828,102982936.707,,0.0,1457091.88951
2023-08-26,1664151835.8984,824120366.34905,94193507.1957,263683662.62015,66765517.5322,75328130.98887,208570191.082,82698580.79325,66433770.37331,39396709.623,,0.0,4251280.67197
2023-08-27,2255661579.44877,1086302322.04676,124376004.0719,274810924.27484,70534669.9948,106949864.37193,294785309.091,88631607.61246,63209974.01059,57597022.631,,0.0,1110146.60814
2023-08-28,5728245334.03454,2751962940.19508,184848810.7376,419919095.18595,105641195.7123,180392183.97257,431022063.568,185568441.12362,138315475.53058,123386892.086,,0.0,3227045.26603
2023-08-29,19063888802.78101,5922298880.94104,438905742.9664,976376079.17186,263272039.2644,606280644.51381,876820798.424,495371844.37372,226917188.01466,248941740.078,,0.0,3770123.08333
2023-08-30,8611722669.03794,2633294810.54013,171038868.4519,454141503.90868,159118586.2494,256636732.63742,516063005.757,179383031.08895,133415296.45197,94233241.478,,0.0,2654909.65199
2023-08-31,13374373720.159,4174430139.24252,236908498.8473,620779080.52339,187472286.4047,430824289.33714,600730634.359,325330523.39083,174503452.75325,124982596.802,,0.0,1131013.00035
2023-09-01,9314832822.37795,3406667604.15655,252192015.9567,533183322.73428,128241546.603,255924249.51358,497915975.916,232644948.56311,181454909.32749,76488658.346,,0.0,1347090.07857
2023-09-02,2780278800.436,1233123837.93811,113193798.803,217354642.7008,53805575.9288,201660926.2417,278673520.144,119304904.07678,69062321.57409,43639011.435,,0.0,952716.49094
2023-09-03,3448807040.90302,1371255502.34573,82944961.0659,287660590.82903,62026539.0808,101501994.29195,210120074.331,110630576.31489,90074237.74937,36237822.237,,0.0,594904.96691
2023-09-04,4476150022.96639,1772994172.54402,174249548.0614,397664710.99812,77950327.3984,155913058.5645,377385352.149,140962880.92649,122696453.54807,64318712.56,,0.0,797240.70481
2023-09-05,4801841760.65064,2353454200.55271,134723500.1681,305529598.80886,77563055.629,230806373.86194,738844816.163,143541214.20517,113828853.53946,57397367.978,,0.0,690362.13946
2023-09-06,6451012388.43805,2997580765.06195,183614563.3408,363438355.10139,98716969.3482,221657344.41799,635723984.178,191623829.12522,195232591.36794,59962532.766,,0.0,921789.31247
2023-09-07,6683838708.83606,2572833662.21947,152286031.5717,277682452.52908,84112732.0124,148873025.93046,441744239.963,146105451.26229,151983288.67346,51669359.003,,0.0,2734036.21435
2023-09-08,6476749865.05496,2422307107.23686,154711587.1625,324914168.21137,88487420.7343,151357501.60295,399771126.148,136289456.82262,99864192.25344,50104110.302,,0.0,725491.87943
2023-09-09,1756326250.4234,671640259.67899,62572043.7086,121282653.63272,40107438.7153,84597290.02645,162295992.713,55557366.59742,54331514.11413,21610615.908,,0.0,544811.29983
2023-09-10,4203882568.6831,2479591561.04642,170027095.7965,291807020.95451,129700934.5833,246072175.6022,951172732.9,184670411.47006,126405584.94366,112000919.096,,0.0,524768.24029
2023-09-11,10833054059.77662,5152734588.80112,310072696.4165,771596882.47446,158305334.5271,320986793.04021,1079984186.23,276204209.40703,171295378.4866,105033856.851,,0.0,910476.52442
2023-09-12,15363954424.52744,4756772634.50226,347056540.2687,582035360.40588,138298316.6122,280308638.51373,1041021946.479,243461522.75124,145801086.22629,91841319.575,,0.0,1805174.02189
2023-09-13,8752833623.09691,2989447575.59212,188754630.3063,443680652.62565,107056170.9303,204157492.66759,1037987045.846,229824803.88719,108687508.98992,85371981.623,,0.0,786210.15004
2023-09-14,10081082095.72619,3445036998.14618,189914085.4915,357501267.3506,106654614.4706,225392685.13125,926857384.268,196416685.46438,109893713.48603,61523796.284,,0.0,899605.51
2023-09-15,6669561598.24096,2324102928.93025,143297977.8645,535049360.00295,104870393.8994,162840519.60721,564217059.931,227909046.3871,99123215.62445,67359897.713,,0.0,2103030.49753
2023-09-16,3729905321.7588,1275526426.27402,124332685.1949,232626370.23574,84921820.0494,150534904.10678,368826674.797,170547021.94674,90001540.75616,62700078.281,,0.0,764784.85381
2023-09-17,3027518454.4446,1536971431.17038,141345561.719,275959643.58253,84334173.2444,176565594.28235,297139476.501,164490147.86167,83357610.85546,70997150.682,,0.0,1071824.48092
2023-09-18,12722651442.18257,3889929749.54443,329931484.1221,493429225.18209,142325568.6461,252876156.72329,834328552.814,313772543.63473,548471278.15183,112042889.808,,0.0,2033198.29267
2023-09-19,11764014197.82195,2919971038.79256,167419471.9761,461799826.65376,105553070.8883,214452186.85119,592882157.72,238943529.39759,350534507.61867,81451691.278,,0.0,503333.55358
2023-09-20,9453380064.9792,3048153518.40011,179472556.8448,629716909.70026,130813487.6294,211836031.36266,619843488.24,289653405.46013,323976190.37787,100185342.112,,0.0,685224.8253
2023-09-21,8489071729.18165,3270921337.69404,206829608.9276,431800915.68403,112624704.9835,270871828.09734,519528099.314,190942915.79497,209448282.49812,96049526.377,,0.0,706667.62092
2023-09-22,4616219481.9717,1785915865.79037,114448109.6745,340943303.53813,85983569.5171,146731916.71503,396839060.084,183341652.54439,183378066.19004,59248641.162,,0.0,306634.44022
2023-09-23,1536234764.7418,816248305.47904,55588728.8432,164009523.10797,48995786.2257,111971902.59157,207072720.882,126307771.06279,344341380.83024,49736021.347,,0.0,371266.51121
2023-09-24,3882520896.41624,1404537061.94281,94992754.2783,198441855.69684,59282123.6169,106605521.2067,266543525.378,92825414.98115,251637035.25573,71334267.357,,0.0,1689151.28911
2023-09-25,7028826209.2632,2566160541.55339,145677512.8635,442248476.76612,73680709.6979,108095106.92235,361752878.409,124789432.08411,457591738.60089,77664690.696,,0.0,696291.1849
2023-09-26,4732077914.06044,1884723615.62952,176493972.9796,367147879.83309,67263580.9798,165738047.27145,338728937.401,111917603.46034,381063859.10384,67849509.84,,0.0,1426923.2258
2023-09-27,9328178302.68859,3703063187.32729,194724837.9218,377961314.12073,93593295.5911,182183339.13244,451195233.212,182368163.77509,521544036.67068,96443369.941,,0.0,1615006.71705
2023-09-28,11511420032.6491,4633523879.60758,181080241.5122,382362325.99619,105403259.8341,232508832.11781,418116534.984,183025119.80518,508220832.89323,92428221.945,,0.0,1346508.24508
2023-09-29,7472678754.10716,3329523068.64839,134903211.6496,1257711321.45786,131125647.4042,234961611.46033,475258539.574,176590444.78087,352094493.33039,81866773.629,,0.0,866400.74313
2023-09-30,2489538716.4701,1783660358.78097,89423206.9227,338088560.83567,80666863.9511,170603983.55558,705647581.068,90637109.28415,447802065.17539,48660327.164,,0.0,719157.9742
2023-10-01,6597423569.0926,2997174137.30115,182868033.6908,344601371.62496,163792207.3147,221371072.97948,1358234794.018,196887526.68275,481100630.40988,115562364.894,,0.0,950480.38538
2023-10-02,16636546184.94729,5329837520.60813,276872745.3289,541313261.48613,195155398.8396,382537315.48943,1612967960.713,230223942.66446,627817448.78035,119101852.343,,0.0,1373470.90726
2023-10-03,7764002370.30097,2606720930.49924,153676587.7751,771920348.43893,152996260.7912,189075446.88103,1461439967.502,136243692.38729,453745815.01656,87321218.886,,0.0,723475.75698
2023-10-04,7725687370.07408,2888984570.87979,152148184.8262,1280532031.46146,143509378.7444,199827968.86422,1157952415.351,159770737.8077,495371913.56709,439177093.119,,0.0,942315.08372
2023-10-05,10248367834.29458,3142418022.15932,127002686.5129,521667123.06198,144056788.7834,161041933.82602,961915959.493,130769563.95594,327468718.47261,404550128.422,,0.0,1617746.12851
2023-10-06,12148383610.73177,3396848695.37563,129570274.8008,345081901.20524,125415429.0133,144738691.95841,962256722.198,125937421.17222,244180511.86211,400160786.924,,0.0,608930.76134
2023-10-07,3267342158.1076,1195721405.78214,61989561.6486,151878448.88837,87718262.5348,75944073.921,593892197.668,83520310.69266,140502333.56982,757574214.604,,0.0,662214.68991
2023-10-08,4975001729.5113,1878584822.50507,116328042.4309,158333165.18651,67172722.4958,84981324.39491,491670519.333,86567487.18204,291451376.11233,241969258.794,,0.0,1434364.64277
2023-10-09,8665868960.69567,4687163300.24275,282156038.0831,573608172.17763,146590756.0825,315342761.63738,829201151.353,195581860.51296,365268642.18693,249445225.437,,0.0,994436.29435
2023-10-10,6587799296.3111,3269769387.62689,314211509.4966,345991103.41282,106974406.0658,145737586.41056,583356092.835,105556127.95732,239868023.30596,194951946.736,,0.0,1197232.14159
2023-10-11,10465119996.4274,3720791581.44529,222968664.7856,468123950.38379,99377072.3264,190418338.33119,679457253.186,134140109.5985,264983048.03248,167546517.553,,0.0,824085.41756
2023-10-12,5889875524.20162,3548262571.00839,183877944.5559,412612570.27487,87790548.9728,136900352.86847,629267410.841,118441467.31053,211293231.5372,143000652.232,,0.0,723041.33266
2023-10-13,6531230809.70284,2781970955.41561,131325504.273,326043529.52567,70585216.7391,157644223.00722,512140597.796,96181141.52744,202789931.91597,106484687.906,,0.0,720333.36543
2023-10-14,2208107023.81852,1228665922.21849,53166488.2724,124870850.86179,41387121.7316,113913781.2888,345839812.791,39060385.69254,92942712.4981,51241493.007,,0.0,518696.75083
2023-10-15,4324470125.81482,1557409625.42848,143139985.4183,160974799.05805,53407289.5977,94680959.88891,341773332.522,53436385.68598,160685001.14219,74742049.457,,0.0,2527874.06876
2023-10-16,23288253085.66756,5586981341.03709,304575088.4086,625510023.76198,164818686.5529,313377273.51179,1352444122.7,262106497.16506,319295850.21158,190062130.272,,0.0,1532972.35891
2023-10-17,8911627202.91139,2869574835.22577,180566532.2805,341592562.65465,84698496.8336,162371350.26215,1072319246.179,102837757.50297,171181439.65846,108948379.609,,0.0,1288931.09784
2023-10-18,8454733708.39205,2706429797.06621,108003659.7245,300171404.80674,77003756.6652,145547645.06775,676626772.272,109112087.00798,167268615.0781,94948929.764,,0.0,753924.1343
2023-10-19,9523779728.80222,2979513487.14482,117438570.2664,992669016.39302,99908572.6134,156750061.10959,1214922745.756,118641391.1569,164761363.1802,107233538.354,,0.0,881274.45554
2023-10-20,16251872830.69389,4147073641.09869,182933763.5628,1156984100.41308,120439437.8775,216515735.01029,1849481151.91,184116418.7939,236942780.23779,118254971.376,,0.0,7715666.96498
2023-10-21,7714008513.63393,2637996263.05947,123732449.2219,524284146.01238,123765734.9609,187836065.82332,2073857924.034,124874369.41927,1024645496.74284,154476515.001,,0.0,1279275.59678
2023-10-22,5938982672.49338,3147813653.67379,142306495.0086,379686063.9134,117095457.0658,197895123.08448,1286003384.937,217205172.5447,1845554502.02783,203488144.736,,0.0,1103593.37195
2023-10-23,31143119218.83396,8602139318.25797,401027752.9097,1259216770.34773,276666223.696,834315957.98874,2782270963.997,333175186.14109,2301451142.55336,284507962.282,,0.0,3137851.86927
2023-10-24,31438800457.07022,9289125142.383,483726807.2749,1944179818.71114,314605657.0,830789413.76448,2352860508.311,443818547.82855,1326900780.94797,276693210.379,,0.0,3750620.13987
2023-10-25,16013137764.07121,4842621703.21632,271879916.5541,799278159.81784,197916173.5567,685062508.89726,2036331997.347,244060187.7387,1565304190.87587,185895122.273,,0.0,1320410.19118
2023-10-26,11632500642.20401,7321211035.63508,330580173.7916,833238909.10196,254387488.1918,1216307044.20913,1495340201.003,314672295.21738,927754638.27696,393280615.016,,0.0,1568206.10377
2023-10-27,9431378767.25107,4342572403.59896,425550042.4829,574090798.09042,159277624.9242,492726576.66779,1342913840.128,197231245.64819,1019724765.06258,192514053.51,,0.0,1257267.72615
2023-10-28,4721192040.5172,1919964127.56444,137472542.4069,200433063.97064,95497501.1073,275510389.05891,598516281.056,118524192.35141,663511109.43095,145758176.68,,0.0,1050177.03688
2023-10-29,6052162692.45699,2355557946.44111,105347165.6482,330834255.95714,97074512.0842,219401355.74274,710126824.395,110622638.53127,494082954.53353,156274176.725,,0.0,1958022.97088
2023-10-30,9712557953.95943,4215510289.5673,168791706.887,770534566.51283,168091940.0138,325162048.58847,1347145479.934,173804954.39056,727495101.40961,184428919.305,,0.0,3427591.07448
2023-10-31,9367740893.9104,3883759064.22507,182295129.3823,1410974026.76167,222188152.7778,474492218.19221,1885858489.843,277929968.6073,910507956.83552,216954035.192,,0.0,1429491.47755
2023-11-01,16310840373.51904,6543306690.18927,213420937.5511,1048639043.10592,217774495.1829,429913495.3741,5312567511.327,265620203.90431,745206232.99428,313562345.19,,0.0,1981793.47863
2023-11-02,14411069440.58643,5310717363.58517,331992103.0919,1024781721.45848,451236371.5902,466342547.55613,3914225130.295,263516005.66628,613824798.18002,299422952.179,,0.0,1829197.98815
2023-11-03,10557775671.82227,4119457491.29056,219806012.829,531893947.55338,291800015.8772,199204709.36663,2354990965.507,138848776.98831,556657721.47176,179134842.833,,0.0,1408095.58099
2023-11-04,4903087436.09509,2518749107.0753,196061796.9205,278536005.4396,110484150.8054,156583799.14612,1722886849.284,103921815.74595,345656926.74431,116814728.056,,0.0,1088997.31989
2023-11-05,8104514852.65571,5744702487.69734,313487660.5823,995399266.31121,213334587.508,403232056.21154,1126256881.862,238429611.32474,815234820.42022,168717489.416,,0.0,1709961.41436
2023-11-06,7084946768.0661,4471746197.27929,433422805.1281,1925798640.18753,337688336.1145,711429301.09679,1230762608.546,232618004.84365,810350381.45058,206689891.642,,0.0,4354818.59362
2023-11-07,12064060090.68823,5170405915.43216,399058420.5535,1626926209.34896,362453990.1902,701760386.72514,2242427731.442,268100585.27923,861400298.03907,198426517.588,,0.0,3437865.64058
2023-11-08,11899393604.89829,3158948638.69263,256341323.7315,882889820.97257,192070976.7291,449117945.26333,1252652663.61,167171677.81757,990762330.54443,136739406.871,,0.0,1469378.12591
2023-11-09,28650466494.87653,16206007619.1415,580309853.9953,1767839349.44341,490869978.72,898314601.03583,3596384464.974,442992085.79844,1383982820.70841,362381956.192,,0.0,4567625.39786
2023-11-10,11076896066.60177,7658220087.43382,376724963.4606,849701685.50131,332048075.8881,427612638.83048,4033644809.765,259666574.50783,879944475.89176,434444601.511,,0.0,1850834.70332
2023-11-11,5903428289.9594,5117869676.2676,278336021.9309,865641249.95607,314540842.8277,1085382319.42369,5374392642.516,290713559.25249,931032977.92824,633186012.092,,0.0,1725399.85924
2023-11-12,4409373212.1171,3521190449.16089,213426069.3469,484908401.86266,235800609.0304,521772672.75437,3537448710.468,277134718.29857,652299906.14754,1077076269.217,,0.0,990585.50571
2023-11-13,9473874020.94803,8297650404.00478,271901909.1533,1978452591.61937,321498571.7781,645945175.76668,3870034753.378,295539804.87857,751526225.68592,715387811.102,,0.0,1515082.83897
2023-11-14,14314693961.9118,7681721989.8978,370120765.8896,1219096973.29388,322099358.3549,578985202.43314,3689371085.505,274737185.53481,803317933.44401,777870454.384,,0.0,6562821.69535
2023-11-15,15581195427.04667,6140731223.70993,344514595.4318,646592132.13979,238775827.6938,400890417.44941,4009528121.012,208392950.57814,622679621.69088,1120715105.102,,0.0,2457412.39898
2023-11-16,15963485688.09104,8782074171.55734,407867073.9734,828965020.23862,610877077.9063,1556565294.07561,4191880623.346,272852651.32812,770325477.70812,2131053700.401,,0.0,3564297.4888
2023-11-17,11629773626.22051,6299859702.20526,268767495.092,711051772.48681,314639589.1845,2251855055.52167,3327328329.096,281722384.39019,639028126.48999,1820213980.245,,0.0,5510574.13747
2023-11-18,4446623778.62677,3202110781.79973,160591922.0892,461820789.94817,216481094.4677,1575097925.31766,2018459560.851,144427945.76864,391374001.77512,886764196.216,,0.0,1947610.83185
2023-11-19,5695092295.31787,3401707212.28241,155762721.7102,580963380.90466,221130613.0076,705499025.69919,2128896662.203,134432995.03666,570176926.8675,697772875.161,,0.0,2215885.05917
2023-11-20,11585755433.13282,6650412053.45637,853075679.5452,621240043.85008,275814641.2141,739561785.82087,2487953681.91,186313173.81641,652412813.71231,744241068.818,,0.0,2991156.65659
2023-11-21,16617512774.69305,8161456877.11487,2429908276.2316,809279037.6933,295971434.0941,777011296.35596,2959068692.336,369462668.08195,662715376.82296,1204871359.426,,0.0,7225434.27009
2023-11-22,12443659325.49277,7155330992.38286,836887321.5758,525379803.8436,191650234.3826,387231560.94439,2016123471.45,173024540.6166,489618917.41744,588708253.761,,0.0,4645140.90456
2023-11-23,6912924978.37547,4333101748.32414,368851507.4504,556195901.36111,143617981.7391,248974076.73735,1671040805.685,188894526.21289,431753066.84899,416100625.016,,0.0,1216786.61407
2023-11-24,13275238103.95441,6778271023.31061,291055644.8724,472298064.05242,226122892.7898,384231641.72132,1357558047.62,183807445.908,299548103.98259,492184712.486,,0.0,4113368.04266
2023-11-25,3116830221.06905,2137077833.54589,152745519.8673,246464885.60697,124715502.9962,246389840.20958,1285781111.069,107450860.84874,270158309.95778,261142598.551,,0.0,2175415.70425
2023-11-26,6511523445.85111,4687601793.16523,230484484.3509,625843054.85556,172207382.1821,334436664.33964,1106335621.38,153046280.67786,451529386.10151,372861395.215,,0.0,4225834.49713
2023-11-27,9864595980.22536,5861604298.08316,327934200.8705,493697777.33037,161551201.1854,728372789.93364,1591700986.918,171037992.68212,472374948.07222,356840176.268,,0.0,4579259.49556
2023-11-28,11989725382.60476,5299174745.72606,246147739.9644,404896262.64935,177776542.9325,615449218.68819,1605329671.344,165157700.11615,370795622.5606,390060886.035,,0.0,4802936.41226
2023-11-29,9929131546.05138,4272821333.41157,180548539.4703,356076974.75647,156363904.4436,629252329.51854,2070136566.645,110131047.06565,360818750.84927,426396595.638,,0.0,3828788.39563
2023-11-30,7217490282.26007,3467788056.2867,159737118.4234,324270083.73357,129437727.2809,613376583.11947,1567025717.089,86579027.9211,327717482.63826,314141264.939,,0.0,2284193.35518
2023-12-01,13165741479.13575,6077197060.66088,185946956.8952,354423570.62633,130367448.2012,538871189.62522,1730472334.072,165541122.66543,336202028.59509,473437985.038,,0.0,2261994.91324
2023-12-02,8343797522.28991,5771277302.8414,189234646.5774,282663248.06636,146947021.9091,398383588.88272,1556209243.547,113500259.05485,547490735.2419,248735708.218,,0.0,1425732.26261
2023-12-03,8809720241.44514,4647728772.82338,278161504.3573,493339543.91262,167041688.521,483196745.25049,1579060258.07,131068090.75233,374407038.56212,260364994.342,,0.0,1066504.75697
2023-12-04,24973172580.45416,8452455553.34357,672411220.5524,949341908.5377,339094643.9988,1148963980.68609,2278288979.181,370007110.43556,630569096.5283,582037331.915,,0.0,3119671.05205
2023-12-05,24684026724.28502,9263997221.57883,381166127.0082,661959560.30711,309525793.0621,1009627937.06762,1769448911.555,236437366.32657,542292080.57297,662973878.754,,0.0,5974619.60442
2023-12-06,16855439556.37356,6656006363.54016,438302071.2918,982523518.30551,558518724.4017,2359181579.66961,2963315502.961,309279464.93061,615978912.57508,1142871588.897,,0.0,4846996.95293
2023-12-07,15052072255.7809,8267176771.20482,387838250.4159,963634490.58957,397867589.5073,1051851141.69072,2774061455.024,254664622.25483,620386670.35265,911664633.762,,0.0,2271681.03032
2023-12-08,12354864659.75649,6360273773.82462,434449875.0302,862724414.25472,1357972110.8996,812787799.6669,3166430223.141,387050672.83846,836499593.69583,938824539.217,,0.0,1553586.13149
2023-12-09,8331208461.23936,5724964316.41979,500714420.3997,1213366733.79053,2255070196.3182,890630091.32106,2674281736.749,309201054.92204,620106951.36737,1585030269.086,,0.0,5994520.30946
2023-12-10,6336935031.6078,3549153797.86988,238841210.2179,558031263.78851,1087603221.7705,547478008.05416,1736343648.594,249707773.84722,332950742.258,1483474894.796,,0.0,1472321.33304
2023-12-11,25927086771.59747,10505238677.09641,1043612169.7213,1066981242.11562,1016469150.8869,1680377864.00893,3470107802.0,435232385.0194,899848217.80722,2890076923.997,,0.0,3651062.13464
2023-12-12,14804780111.22747,6320204699.44428,948267557.5168,521576780.69499,999111709.0815,746639542.80907,2191222766.889,213535753.92462,473589498.0052,2108230526.034,,0.0,3937455.20258
2023-12-13,16618328876.25431,7496980793.2386,536436456.4646,677456837.37133,1471376277.9497,650416793.12169,2135279555.458,270114563.87082,507851615.20766,2100924538.062,,0.0,3120730.90032
2023-12-14,15456710755.29236,7482325202.55013,394190629.4132,616968977.88152,1114209377.083,575509596.41388,2362090365.885,218858202.38139,595310471.38518,1210409964.333,,0.0,2475610.78006
2023-12-15,10899991321.40501,5917897874.7053,284494608.0063,572379221.71136,625230639.4306,432161874.81904,2717438061.684,168936847.31078,377797282.65616,1517038074.959,,0.0,1732901.30261
2023-12-16,6792519091.8989,3624431712.39292,178893295.2292,285268714.77784,421211633.201,437417911.66944,1607075724.609,114504746.39253,282815282.44723,1604089918.453,,0.0,1824114.5437
2023-12-17,9421985303.21506,4193330348.14639,196831681.0149,428845972.95044,433984697.1631,437508277.39207,1533712101.122,213402067.48138,284441887.99296,1019317029.856,,0.0,2917972.80357
2023-12-18,15562426218.22632,6733348048.69405,347376525.8334,697392553.4643,526902035.7103,613809532.11049,2145130119.814,230632179.97975,616239678.80509,1265672789.613,,0.0,2206286.06977
2023-12-19,13457649560.46984,6442713698.58217,600097628.3619,423978918.33234,510827101.0567,414365898.13108,1832596478.56,151121768.2278,321046682.39698,946031922.291,,0.0,979105.0253
2023-12-20,16393157759.03438,7232731576.40189,517186126.3608,628496617.64107,509215953.3745,505191847.49964,3322490086.5,204095349.02026,322381646.98012,1128435755.663,,0.0,1209499.9916
2023-12-21,12123140366.35172,7068225568.50204,555841905.2274,410778657.98633,536204499.1454,748867642.73541,4140742197.899,189967537.44875,433027537.63685,1230064770.797,,0.0,996433.60176
2023-12-22,10452147024.44062,9424688260.19954,452742910.1498,529768482.06747,561659699.6695,515001411.97901,4511664714.695,240283598.12398,429600893.50177,1108744374.641,,0.0,1126885.88138
2023-12-23,5275597701.9703,4279554665.09509,194349985.0011,287117308.34685,283996188.9344,265301862.37549,3775177220.707,160110189.04506,406618529.41171,803360225.499,,0.0,1195655.20217
2023-12-24,7820621575.19171,4721397589.48568,280107090.1154,554295029.86211,440399172.4966,467034596.02942,6220563504.928,215058223.51204,399630207.13798,1107182816.9,,0.0,2804786.83655
2023-12-25,7998973036.56107,4319976648.99361,220166336.7386,812681568.41382,356674879.0173,367096242.38795,5675387118.678,138139655.10131,330097766.21533,761011094.131,,0.0,2988657.4877
2023-12-26,12579682837.18391,6062439161.58762,1477282597.5085,871828338.78296,594768727.4175,503185314.84557,5840420473.694,380966498.19417,432326103.23483,882689186.7,,0.0,2270205.601
2023-12-27,10800417570.90282,8260845965.55004,1194848166.31246,626974457.4638,471053912.6864,382952015.50736,4350174118.613,402189606.43362,600011351.88356,638756746.537,,0.0,3039775.49545
2023-12-28,11056852869.47034,10170568781.88293,1502213759.88456,856447793.83886,792586375.8169,451184104.0107,4603299026.026,471858756.67085,827557497.79188,680444740.06,,0.0,2966615.59878
2023-12-29,14290101442.75712,9014828986.57667,761195072.50323,553844888.73622,430122678.591,415031698.71796,4411633771.363,385060635.43139,453604812.28997,696677534.516,,0.0,1860317.601
2023-12-30,7750535197.76647,4159237315.21914,360847685.38071,308130172.40251,219930535.4176,201579277.85829,2150722565.854,183538305.77299,189985657.0652,390940451.766,,0.0,1689752.43035
2023-12-31,7373114617.21853,3840542439.66964,411337028.18418,306314115.56546,217367371.4481,182532904.86928,1951400777.098,173865739.36568,217522067.95268,372187006.467,,0.0,3312550.64299
2024-01-01,8897557996.51846,3833607643.67903,277686078.85665,287097902.33137,219830760.36,199675665.9871,2000264851.674,119157871.6342,182026790.32425,402116008.554,,0.0,1505955.83669
2024-01-02,20799115632.46685,8044076762.32824,444402744.93758,567045182.52885,340271723.9518,444095404.80874,3916016801.038,227668030.24398,324211955.7226,577349787.974,,0.0,5608577.00246
2024-01-03,25726152649.43654,11247346123.69518,1324315253.95675,1428991614.73069,597057579.8453,848756379.51417,5420413587.391,513377912.7583,522907259.53923,873132447.277,,0.0,7774773.46396
2024-01-04,14582787988.83859,5657915952.55511,511840520.54259,567668657.56521,310705938.2221,382232034.7329,2961665552.803,189943288.79242,255578128.11432,501457603.127,,0.0,3624209.10614
2024-01-05,16383172715.24129,5923620087.33033,546933961.55196,637932204.71613,388279405.4335,517768880.29634,2939589836.754,269263020.5544,390353542.15985,523041630.941,,0.0,3196228.53324
2024-01-06,6067670136.35873,2691373219.47519,415005225.71703,305171749.66505,259912531.1533,341940238.43117,2340656577.244,145553817.43941,218870080.46966,371375029.542,,0.0,1551305.42136
2024-01-07,7960341657.87697,3600489002.36785,256954048.8626,404092215.00021,288762603.1587,320794205.82022,2346746941.608,149111996.60244,210648565.89144,403440120.985,,0.0,922924.77721
2024-01-08,22401426143.93918,7863706854.1669,523876470.10183,906053678.85823,515773036.7255,527965536.14527,3804836832.792,312641902.61974,397371567.00308,745121834.461,,0.0,2489637.79443
2024-01-09,23864636393.45204,10039664919.16545,495120851.61103,833429954.59361,433227627.6744,934982060.02186,4575056371.238,283677126.34835,371384913.32527,711129161.434,,0.0,2839892.73379
2024-01-10,30628280360.85305,18922026567.58447,428140255.21433,1014892710.57829,544130340.9955,578741844.1591,3850020241.423,297049041.27042,381649160.67703,620001469.171,,0.0,6168828.00104
2024-01-11,28052864785.47425,13515735771.84295,596331944.82779,885687932.79144,616783281.3182,653227102.383,3887536714.593,364966198.84096,362634109.73931,761418111.366,,0.0,9270864.55289
2024-01-12,25506347481.11302,16931186211.05264,490664394.8399,780772562.30625,414629219.5414,492069978.08494,2961483416.11,586250765.88695,342202494.98918,553434021.243,,0.0,6799827.30739
2024-01-13,8903288166.33136,6396752318.6813,218016535.5021,261600669.90282,182754087.1771,215223748.52297,1713689924.939,214730915.62073,145874741.8419,282216304.429,,0.0,2819563.44717
2024-01-14,7710193172.30398,5377127058.63416,221288486.55653,443697680.71639,188966630.9643,386080068.32698,2580167646.231,180602650.94378,443613453.03749,414889244.254,,0.0,2570775.73141
2024-01-15,10237828482.80086,4582971876.58271,769327364.80349,377888029.69127,164459909.6554,224861515.77422,1574370810.339,138872331.82483,506095447.11335,294179192.627,,0.0,1998076.90342
2024-01-16,12326619430.2348,6264614166.95275,369348908.1844,368699303.36814,212349399.7452,267321310.0751,1750661194.592,165701452.5784,253940280.39717,329192562.943,,0.0,4653038.17398
2024-01-17,8935030009.19649,5861698853.5795,468761186.48953,330452025.27938,171088268.8837,202593500.34484,3304348090.929,135358045.83499,646623399.8698,406419297.59,,0.0,3340474.9778
2024-01-18,14029461752.96119,7309579149.43542,438124662.28406,432020000.03974,256803013.8284,281987319.58845,2997362844.137,279656442.64258,438785108.33798,391580327.342,,0.0,7811494.5129
2024-01-19,14252164353.07918,6404258356.95563,408138710.69639,540320123.38637,267523616.1193,317500773.0893,2918901758.545,310452802.87501,641305374.34764,393115656.554,,0.0,5261909.02283
2024-01-20,3989874076.29828,2321269007.36401,202788905.0967,265964796.56375,214608398.7434,674967413.98695,1317761139.713,210443222.29583,554195145.79424,224221641.901,,0.0,1806466.71045
2024-01-21,2795034232.08641,1750600706.66527,221350642.61899,180513599.04286,128593061.7343,979246658.74634,925652945.281,116510117.35375,243119118.63461,212837530.41,,0.0,2757213.403
2024-01-22,18601094756.09346,8673726491.18901,427623512.72229,537067186.56088,284373148.475,676482535.81611,3269995391.907,366672760.21594,577219312.58886,504666670.012,,0.0,3802390.58575
2024-01-23,16262676717.26893,9796897099.56964,473927369.8848,632577370.17558,336635973.199,473628824.13371,3231229231.726,269819276.25437,421633265.52941,626816526.147,,0.0,3912836.29212
2024-01-24,10898797410.02247,5029982840.98715,382747015.2446,294107921.06736,224984948.3097,321445470.14507,2556444055.3,121054793.92473,301010780.5741,521027202.318,,0.0,3176296.12102
2024-01-25,8134002285.16447,4606164128.97297,415141589.9389,288102035.60512,209137088.2013,231939967.96335,2023078130.779,92051964.64193,211599811.75494,341707375.219,,0.0,3341130.30061
2024-01-26,14627005545.1065,5072599984.48894,289190389.8354,345555173.66149,184305957.2087,227738653.43511,2313010043.126,103872015.81611,229018013.15103,397280179.758,,0.0,1828268.6687
2024-01-27,4949330917.72336,2141771562.52407,169842053.67923,192719123.34017,127013572.0028,146923058.79103,1363453461.119,87567416.68149,133007415.92709,229882801.284,,0.0,849718.87663
2024-01-28,8694654832.16972,3632645831.61376,204142871.5346,259840056.71837,198520125.9368,216760763.61599,2778016166.239,117210934.93175,223396820.31863,766285144.718,,0.0,811689.37792
2024-01-29,10615111402.26071,4461192290.02723,202949291.0058,397265123.32036,276232037.3361,483392322.08586,2603458499.452,130511049.97941,308900501.46713,530692845.549,,0.0,2095962.5233
2024-01-30,11174336066.69975,5568693641.04369,190335371.2822,604080321.49872,289443278.9049,251714765.1194,3133393737.876,104151560.02833,337334521.56734,465450747.539,,0.0,2003930.68422
2024-01-31,13443352429.15163,6035736969.81903,268367357.6507,740632871.71705,267552108.7808,229573229.93906,3649654601.909,195281295.20949,547817184.39713,427729804.262,,0.0,5712023.42689
2024-02-01,11658501786.30592,4317833942.98259,218148518.6478,428958425.24535,204835269.4572,170869293.99951,2621129056.618,101156489.21365,988873484.39276,328974797.362,,0.0,2889610.86598
2024-02-02,8854896870.13836,3488673055.88872,177803252.9335,329376576.56605,228920491.5928,145365411.50508,2539905942.252,72551894.93793,1561316965.87651,511096039.739,,0.0,1394181.75394
2024-02-03,3867372627.98708,2167201213.34462,108449400.5851,444615983.77938,162891115.5794,86757140.76915,1275146546.29,68914574.82085,571205474.70493,309701906.529,,0.0,659554.46802
2024-02-04,5453304864.80739,2738353319.06096,259255710.03023,280144285.85306,128988609.5244,141160428.28814,1394832872.034,83196259.67894,638618552.27629,249941311.632,,0.0,694211.88147
2024-02-05,10308099591.89269,3893676970.0004,285896536.3493,366002236.66869,182328886.9965,216995165.21052,1934972780.439,84998743.36768,1129654885.62941,290769827.785,,0.0,2626905.77794
2024-02-06,8429315912.62482,5141782514.2453,156554307.729,322427110.10027,161062961.6199,129651558.12051,2004346015.603,80913361.6507,652316587.09802,225645913.641,,0.0,2700867.67247
2024-02-07,10954644814.28782,5154911271.5263,207931561.27173,373709520.28754,297110720.2657,154759835.78408,1903435768.207,92689267.20517,503369880.15658,280530537.787,,0.0,964546.5291
2024-02-08,13472865468.76801,4642887417.7459,453618577.53695,409358817.7636,430902991.6957,193886794.58667,2357154660.064,133631211.73011,576333968.33235,261428110.961,,0.0,1250685.03818
2024-02-09,24408544252.73436,7221137099.9816,371039095.0622,414323900.5231,321346460.4397,276928952.48371,2813547710.683,247131201.52035,454988698.70125,459168957.032,,0.0,1330529.41581
2024-02-10,8517076446.277,3292566689.2355,168983307.125,220794268.80621,232326716.1913,149462122.89571,1995634767.883,115460532.63465,364308824.22424,512785239.071,,0.0,1500481.17418
2024-02-11,10111698916.38982,3827876646.36733,135529036.8617,350394816.85685,326443613.7893,270942198.1436,1636852397.334,189821118.81457,831361994.74789,350660927.829,,0.0,609365.247
2024-02-12,22160439674.1704,8120720968.59546,346334415.83242,508907630.78961,335443719.3928,311168062.62099,3124225412.37,181989796.648,748681829.2663,524812788.752,,0.0,1087967.1214
2024-02-13,18877386934.6482,8773950694.90412,272446531.96609,521983219.71429,282790117.0565,312436487.48203,3200003805.328,321920816.47093,504550408.71207,484177851.792,,0.0,920528.8775
2024-02-14,20230765100.11763,7757923313.0378,276683733.48377,523912105.24108,338241930.1879,620128837.61562,2622802672.318,278107992.54364,450674808.67915,545617197.819,,0.0,1037260.13068
2024-02-15,20470765163.49206,9686287863.61306,809761320.21984,952814449.06244,516641410.0466,548614860.15084,2854753699.546,279505034.21921,450561272.57125,600838936.453,,0.0,2339006.47929
2024-02-16,13526420001.52013,7688936547.61237,578276908.53326,791580884.4002,357031794.7289,395113014.67241,2327941635.059,196251560.76701,422610615.50182,404934874.048,,0.0,2635825.60294
2024-02-17,11434408252.82568,4921403820.66918,391322299.18674,413777020.94186,278286978.2233,282188055.99029,1805302041.324,155742765.29674,358910584.79372,290343274.054,,0.0,3013862.11047
2024-02-18,8636668534.04451,5959314932.20575,285303656.8862,324832793.43614,447093339.9071,259901471.68387,1803552249.732,131196065.99153,288532085.8248,288276907.094,,0.0,3155206.84157
2024-02-19,10243057368.09604,8446450558.41116,382895403.6492,497046755.9564,383859830.4503,528214563.18336,2274281611.135,165329297.04135,391935772.50816,387726657.356,,0.0,2841763.99567
2024-02-20,20209071433.34851,13548620086.74358,565044575.53387,987811036.22009,598993166.8727,617870930.8792,2871434339.768,323358920.91146,490651784.29114,480641597.565,,0.0,3599546.03629
2024-02-21,15814919137.63912,11926830767.65694,947453567.92943,639611340.32584,389141462.5628,345041880.14284,2474344126.296,181301485.69686,346106509.64148,356283522.338,,0.0,3592415.57647
2024-02-22,12596855772.34223,12075046482.4062,770824495.05655,501255541.41538,303880174.3531,252173552.21967,2040309703.107,177282656.87589,309658334.08786,317793398.972,,0.0,2266896.14121
2024-02-23,11000943935.5279,7359220940.31807,494255214.61523,553568744.68638,279264556.5007,310305071.12978,1935554211.457,151032251.16244,352602322.0749,359003889.674,,0.0,10424992.77165
2024-02-24,5375932540.32768,4298585233.05027,217249168.96166,291013552.34242,219550842.8672,223890006.74122,1394047277.297,121204718.9489,201795465.00743,221744950.679,,0.0,2496732.97825
2024-02-25,6314690489.48664,9030291053.95802,332136224.06779,246770246.17118,181718854.271,213089447.12265,1273626561.698,99730908.91463,175546828.66222,233066768.102,,0.0,1898625.10806
2024-02-26,20859521852.00051,11945080186.58809,682534748.46657,576719231.7367,367694903.1679,392274408.0434,3063490102.448,233619870.52987,312867525.21144,402311073.726,,0.0,5282922.28127
2024-02-27,28943003745.31963,11048069693.76326,490950907.12992,1212180587.37058,443162367.2432,1477223083.96638,3060566759.554,423689295.81046,320585010.35301,347555772.893,,0.0,6902074.68276
2024-02-28,61121395260.18302,22006158170.23106,994820932.98066,1651328653.23715,743265823.0003,2932094455.44772,5631865001.542,580620810.79968,842937390.86052,734932295.401,,0.0,8322997.90597
2024-02-29,36342923573.76713,16279675952.14628,759668706.686,1857959200.57512,941299240.3315,3123485074.00041,6491162225.596,710686286.80775,568251857.18702,818932671.996,,0.0,9993290.64424
2024-03-01,18555341528.19973,7831386723.6275,338858728.48718,776603277.84306,488832830.814,2468446031.63539,4301647726.151,506804801.06171,288466927.94468,496264927.46,,0.0,6915401.38126
2024-03-02,9880073062.42179,4749632563.43359,321344292.60389,1439601399.37318,668488644.5892,2159313340.47737,2636182711.839,634386376.9645,541590670.85331,449462858.289,,0.0,8256764.07698
2024-03-03,12480586261.48198,6486743244.58064,445952486.14661,1047456694.96101,519568871.1228,2256913733.96759,3007564794.454,455138356.59295,395089474.89955,469595946.694,,0.0,5636669.99333
2024-03-04,41606992664.57328,13818014096.46304,538037350.91779,1736150905.58591,850403099.968,3945479826.81282,3912825216.112,486241859.80176,443307298.26631,598883726.633,,0.0,8750302.88401
2024-03-05,68785497181.28033,30468306760.3476,1218424643.26694,2517889912.38744,1189348354.7856,5823715701.25234,8077161701.964,1003711254.70337,861901994.11994,1185457441.268,,0.0,20394735.45335
2024-03-06,35282709655.61008,18750612857.70527,992869530.40019,1198485002.75502,665433596.8165,2705640162.71177,3940577353.846,409626723.31192,412865497.59181,563274139.896,,0.0,12404961.40759
2024-03-07,19831473590.1586,10911337953.45516,1009664394.52622,1232180362.48906,534476795.728,1939778911.13501,5399451920.669,370069652.70916,303860927.2466,636439437.994,,0.0,6035129.37608
2024-03-08,31244040068.19154,14152008425.22743,1001092367.13444,985099628.52501,514236727.7721,2543778780.91468,4136545894.589,383302819.69047,373325612.19541,461512998.093,,0.0,7084489.03241
2024-03-09,6480692325.8141,4132818940.47502,548065929.56929,555897629.17519,282665293.5959,1963611309.56961,1710036991.423,267715009.72066,235132471.45048,263690304.817,,0.0,4172857.87451
2024-03-10,16185393841.67323,7102403722.4269,1298571926.6626,682454769.88936,318326129.7553,1375460722.11754,2308607711.354,243759905.41872,441532043.77178,331865610.688,,0.0,5011734.53133
2024-03-11,33718116318.4871,15103305759.78546,1026885643.91949,3251943545.1534,722427177.2769,1630629955.90176,3724116713.432,946484259.44333,739617160.18837,1125022801.902,,0.0,9486153.22139
2024-03-12,33679961862.9098,14508632314.86478,1613950320.30208,2665586716.44179,637184860.9467,1570448715.40298,5204430271.009,775216152.51836,572807839.70581,1983666295.861,,0.0,10405822.91821
2024-03-13,20996680531.98601,9809630177.9462,2132190513.01862,1098592136.13086,392358107.9906,1090197813.89163,4247706092.333,350527636.93824,329359499.18897,963403853.213,,0.0,9798891.92142
2024-03-14,36716558419.97936,14848753489.47771,2008262143.3721,1691318573.68596,992601254.3276,4104041285.84981,7177460134.82,536935094.43189,802823464.27464,1338546015.891,,0.0,10997505.63522
2024-03-15,48272589072.43203,20014921950.22168,2443345061.69663,1751701163.24111,923584569.8706,2508355394.50266,12287766596.692,630236002.87243,671299110.71425,2049901602.051,,0.0,17369504.09475
2024-03-16,22541723738.08737,9957942394.06776,1687160434.77395,1101266213.78234,585415477.9669,1796732651.10006,8800331159.312,411536948.94465,433327785.94825,1662041511.906,,0.0,9909750.98314
2024-03-17,21028336103.89335,9814353456.64519,1208296871.64063,828692849.18699,437154478.4503,1585116721.2852,6852051317.097,286841122.45303,343598592.53445,1101874798.172,,0.0,11108131.40155
2024-03-18,21525969323.10516,9962049261.21333,1408855914.40425,1429100416.69342,478204614.6404,1201286441.35919,7851546049.314,354203365.48674,498613490.62175,2127262720.986,,0.0,10389716.2661
2024-03-19,45022413705.43772,19521481713.99768,1657320283.14778,2095427162.94777,819779969.07,2022931854.228,10587970679.362,721748781.62893,668672183.08025,2232245416.663,,0.0,15889939.303473
2024-03-20,40691118766.89385,23415379367.1745,1211697793.49523,1468042877.59969,628417774.5076,2087624859.64127,7719545338.157,581475225.4711,554221227.19484,1550120543.367,,0.0,11810742.0777
2024-03-21,23114287433.97302,12105423292.09032,899501131.90979,1531882914.21966,420290845.6247,1720489857.63542,5405152906.541,358671764.25366,385343863.32293,963188003.427,,0.0,9430390.339996
2024-03-22,25742798562.87778,13035377951.76805,1262903785.51226,1049186202.19627,373411082.7346,1831040900.68998,4241878307.564,335947638.55946,388129686.9164,1010459790.638,,0.0,8470124.412675
2024-03-23,15454464441.79797,6949919666.04788,591955443.37641,538821247.66541,213472903.1921,1992302381.06622,2807963215.964,276790686.03802,237815263.63505,534549299.554,,0.0,4052496.947535
2024-03-24,15988550837.61994,6297063059.58874,448013347.87849,598942419.49179,217825399.5583,2106040077.18282,2749926455.04,369705468.71415,178740999.79934,437337926.419,,0.0,4410175.497662
2024-03-25,27232095366.19894,8954272773.21119,766520056.69503,974149212.62547,273015700.6879,1865458923.95288,3984608607.276,332246386.43659,279946012.0764,636311389.175,,0.0,5136190.309319
2024-03-26,21669886112.75456,8786304757.96774,545422534.41168,730011695.18946,322698071.4395,1939453268.50998,3559426350.523,593805652.19144,401071842.92197,568766457.728,,0.0,4928359.958613
2024-03-27,28488910521.65316,10365566873.4783,532902130.62804,824024464.29156,391644067.3025,2999975339.38171,3725064334.715,605575778.86704,354664261.87423,535226275.915,,0.0,7326076.845194
2024-03-28,17098709141.38956,7024952133.98276,537741492.57541,718116721.66139,198114891.8231,4781501425.49771,2884465739.94,362613695.3275,224846566.38082,296380043.808,,0.0,5413243.253433
2024-03-29,13153542392.49107,6112211894.03871,1118353390.73304,883435677.2909,309223200.2968,2642689495.36598,2865499338.28,1158897368.13312,213544577.59249,313193122.285,,0.0,4038376.26467
2024-03-30,6381178971.24793,4433539602.80039,473840167.53576,444951844.18616,197608370.9195,1678202889.66466,2981580558.186,517061275.50486,161675319.05929,270943039.495,,0.0,4811163.321986
2024-03-31,9355678962.74715,5541965437.87304,289028897.7167,256356526.63073,134252470.2592,1630527316.29049,2300585521.031,402816350.32929,128619257.44161,226605072.853,,0.0,2706715.60818
2024-04-01,19638685563.10507,9690877424.55129,759167051.97527,777793341.61051,353125387.8694,2351287223.26864,4189576773.598,975386204.23123,301687650.87094,561733888.907,,0.0,5453679.365778
2024-04-02,33033080048.77764,13191687525.92359,765374084.39739,1054886520.98574,423057018.0517,2564908061.66654,4618705920.736,1182260614.09952,484631271.79758,609190188.899,,0.0,8670805.224865
2024-04-03,18154927438.74836,8811379210.6341,539377339.44273,672758250.0072,269617466.1308,2046027667.51363,3936407128.659,766629015.55547,247228250.84859,446795151.534,,0.0,6129219.760265
2024-04-04,21993168904.27893,8169659175.37157,852880356.58294,1109569366.81295,256096131.7746,1548852932.5222,2813652630.283,630545453.5594,239087423.23896,342377928.04,,0.0,4684435.343014
2024-04-05,21110165189.20931,8604507301.44426,614548772.77977,635959876.93046,228246518.5997,1239368409.06678,3796859561.435,466140331.1216,215299754.36838,323714051.822,,0.0,3479975.168385
2024-04-06,8691055181.73954,3784631189.15189,254438478.39718,291816368.05107,120500800.8211,1031367450.83256,2692262508.511,324038721.34146,110709293.02958,336247706.918,,0.0,1395352.18813
2024-04-07,11941226271.93175,4908725510.13586,248991603.55766,321113669.91341,141050195.6499,1892442828.1434,2383742372.174,323813973.39854,134413452.17169,239774123.308,,0.0,2092651.397261
2024-04-08,21244762968.03559,10242502690.69892,469102260.0067,740447535.1689,211797790.7237,1563034411.31176,2722460115.066,403506073.43938,241125741.89336,338479892.839,,0.0,3014467.846257
2024-04-09,23375265337.43875,12375679718.68608,527921030.42794,1004119206.64986,315785895.9496,1518883458.53923,2930389265.678,364356585.54915,255135302.57951,345236591.823,,0.0,3425151.088462
2024-04-10,23325641513.82547,9907338189.7315,943319426.7472,768377329.77117,312754127.378,1906539232.6461,3478839455.043,327399021.7903,247275613.44789,427271571.728,,0.0,3909562.3267
2024-04-11,18046895525.55698,7911317508.81466,727127382.74191,494621633.15982,211236569.908,1605797411.9278,2806590551.672,304471853.03087,189004564.6443,261837216.102,,0.0,2334579.211159
2024-04-12,28466614548.62947,13037212264.80269,1581527883.64085,1216760757.66458,656815890.0036,2660435996.64238,4473787543.354,598099438.34254,565771755.18026,603076434.183,,0.0,11157490.614906
2024-04-13,33367903479.68061,16403790658.86951,1870567022.64119,1610506211.04454,825473484.2129,3122967022.79921,7450940821.559,658012464.05598,657881541.33758,910504544.424,,0.0,14784255.568314
2024-04-14,25338078893.58177,12011461408.84632,976391571.15611,1019346103.40242,599878002.0141,2085232857.95804,5268414289.773,507327728.61109,421788232.68585,704441671.75,,0.0,9799693.18701
2024-04-15,24677843958.38368,12155258304.12795,814037781.91483,950413317.38131,467113265.3221,2221970246.14548,4410841800.949,442651975.5383,329945710.86649,579950682.036,,0.0,9472999.72637
2024-04-16,25471361626.3662,10560043076.80123,740399866.10443,777011151.2708,364565299.7081,1714057205.51327,4221174920.245,351094633.80638,257199067.05496,480550651.993,,0.0,6450235.640226
2024-04-17,27402345105.77818,9975172417.97654,710843032.75571,799023542.21148,361546609.3345,1312712200.82566,4792676716.338,326066972.45818,235424880.02903,442093469.979,,0.0,6772411.508665
2024-04-18,22708533755.01486,8096360542.18016,682874507.08511,555520599.71498,284401112.7419,1328708523.12093,4211664043.933,339707207.42822,205890454.14646,371110212.726,,0.0,5911343.355675
2024-04-19,36332133260.93782,12155003896.40264,671271739.8455,855650053.63975,378929349.4591,1517281516.72959,4789338274.146,321445440.2392,295922659.45628,418313919.105,,0.0,5334869.518664
2024-04-20,12657413510.99301,5020261592.09934,322896613.4522,567445528.02024,320849555.1137,1112977888.58407,2300086042.386,174064121.04896,166954199.34911,267895776.801,,0.0,3188837.822715
2024-04-21,10421155519.373,4973199800.33538,387479987.7266,426683307.78984,232729675.8377,925840898.98874,1958354547.849,144872380.15713,145306460.35505,237337354.909,,0.0,2563122.412908
2024-04-22,16249055489.46204,6532944241.83253,723429227.5984,711431104.50447,247247216.7399,867315917.8151,2687861905.495,176405055.15642,284099905.86627,309130095.063,,0.0,3198007.520067
2024-04-23,11872124257.8761,5330082646.21801,755930919.3298,513541788.34906,232296207.9747,677564386.58969,2373429601.696,148274836.62129,146795326.75573,230707433.038,,0.0,6240822.22042
2024-04-24,18306883252.6262,7955315677.08124,880591301.3869,636131205.61124,329937781.8085,1182047084.43532,3345723507.807,306117039.52205,219715799.50489,333571578.723,,0.0,4714998.076564
2024-04-25,17615966077.8484,7673893769.26812,696524576.7132,475810053.12604,211811323.6282,738547943.34041,2770941179.631,237178308.76946,188213177.22821,279639751.985,,0.0,4669673.640785
2024-04-26,12953589145.9185,5531739047.59648,489051186.0931,448167470.5205,208781604.8188,578028223.29715,2204038401.922,374107563.44205,157203463.49719,230409132.983,,0.0,2705829.17427
2024-04-27,10551185173.9539,6971864379.53136,459224063.5579,344084030.45205,216708908.02,604821360.65065,2032356975.404,295739951.04753,180034863.67496,223215488.727,,0.0,1902101.813788
2024-04-28,8016661482.1787,6603964510.25257,359805573.879,232991788.59059,142678782.5017,430662668.78896,1394970125.546,176353705.34614,108814503.18768,171665383.994,,0.0,1838675.894606
2024-04-29,14315434994.6138,9429474471.30777,495623897.2548,444820986.56415,184373040.7267,748618617.44801,2263980857.018,252752324.12018,175794818.16831,330783396.697,,0.0,1708058.762388
2024-04-30,25092892151.668,13020897617.75349,1104525902.9326,559481883.60631,308589209.1745,1009783403.58424,3521307299.015,237853095.70918,228462576.72536,373703762.265,,0.0,4848364.914592
2024-05-01,32693924650.62684,12498907680.0962,816555750.4269,760596017.38286,348145116.4345,1447769545.13088,3855646513.577,283346033.41291,264363220.17899,364884022.469,,0.0,5332594.547379
2024-05-02,17487969119.06051,6797323551.42273,500051351.0798,425443813.76471,198763257.4991,907166496.03322,3244974290.463,145916284.12406,144740747.883,220027217.757,,0.0,4197061.29285
2024-05-03,21564253109.5137,7151691173.98163,469906420.6459,387600691.90305,182131875.9221,855603797.95939,2720301524.895,148921050.59774,133913629.31396,198933750.902,,0.0,2614149.428253
2024-05-04,13034701951.8815,4285219356.99816,294361566.2084,275898784.36952,127536654.3944,2165942658.54294,1735481550.303,105615817.4793,120641873.00316,227568295.079,,0.0,2388250.814284
2024-05-05,11834485753.5008,4910484764.99347,279799352.8049,207591571.28377,148930918.9797,1227235085.46211,1398279236.816,111100654.40342,107521415.54316,249666993.974,,0.0,1090242.909402
2024-05-06,19505860305.1004,8247182154.47072,417004330.601,928531872.16096,232078746.4462,1517602305.20669,3202145106.26,218935621.44883,206552446.61321,351755661.357,,0.0,1081757.184174
2024-05-07,15159034876.2773,6751855977.43258,419924120.0865,523424706.58979,161405288.1619,943851585.22963,2873293820.598,162373567.78249,159937355.24692,239665777.922,,0.0,1152224.603043
2024-05-08,15009452763.9564,6577135534.8255,460887901.656,413228328.85462,301229558.6078,856287587.92005,2574646135.837,175767058.31642,171645949.12447,250466245.178,,0.0,1394839.558267
2024-05-09,14981786317.7292,5123060909.63459,730187681.0194,330082228.57877,183381942.4452,831855300.46153,2280629778.577,141276205.59938,146806400.64166,186188917.136,,0.0,1609514.399817
2024-05-10,18938234544.3996,6695556185.59951,402367207.3508,428714807.54415,199499109.1728,802128070.10208,2640713667.389,168913013.62987,156284993.02389,258347415.701,,0.0,2029615.925225
2024-05-11,6901847057.2759,3252159193.86028,307468948.6458,162316449.32496,109458072.3463,380612890.56947,1292857258.502,103959499.08297,86327661.33066,139268587.804,,0.0,1532360.525
2024-05-12,6368574511.4435,2935939762.59539,265552420.4952,165097686.29667,95362598.808,504001324.60804,1153011046.952,76937681.50312,86623036.94636,110059560.737,,0.0,1475890.091464
2024-05-13,16330380829.2882,7308749342.26376,485042527.113,414963639.85481,244890450.6887,1553391573.27726,2816499253.912,171769778.52751,171257805.33823,241879395.526,,0.0,3007871.848369
2024-05-14,15109206760.3044,6062587792.47052,624599611.085,395204884.00129,190684004.1626,1290825061.50357,2165766646.047,184085746.15154,147021535.82802,225686243.534,,0.0,2379182.098301
2024-05-15,23386517394.0322,7490561299.98222,507399064.8349,358140941.25064,189816759.0342,1006602575.76334,2893851450.212,158248034.58342,160941239.97056,248078547.79,,0.0,3436110.480787
2024-05-16,15938380818.0105,6049550675.84311,434911090.0597,340162591.46391,168601381.472,713075377.68306,2899144776.767,128350130.1239,519817182.4701,186924770.856,,0.0,2537523.203972
2024-05-17,15063429110.742,7838262652.4321,319279461.6885,262819780.76341,232663827.1918,526471564.98731,2767836243.498,113025665.94492,945422618.79634,283361984.904,,0.0,2030708.641428
2024-05-18,6486954858.0565,4156984937.14991,209173068.518,148033853.09427,115823557.8998,437293613.41695,2027994388.532,72895163.82108,337068157.49679,191380102.961,,0.0,864210.215563
2024-05-19,9905372922.9644,4166087445.67779,202489415.8691,197193608.88801,135066024.3367,508332279.16409,2264071530.797,83239040.23579,557654616.96919,184378116.126,,0.0,877124.181297
2024-05-20,25053653945.1351,18048021771.67237,601304667.0817,456683895.3589,285662353.1366,947515034.0225,4345913065.653,210906338.44912,632412314.79844,359229375.218,,0.0,2907073.026653
2024-05-21,18645631790.235,21078487769.9036,1190934399.0791,642957922.56532,275045774.9857,1365308357.48646,3037211988.596,220302405.19408,357122581.41077,409586405.043,,0.0,4032582.022428
2024-05-22,13560983941.3547,13562779469.1395,585438953.5772,376205483.64388,211985271.6883,1097622765.52672,3023871942.293,167985975.86684,312044529.64322,309091721.585,,0.0,1759895.327812
2024-05-23,20496503158.0627,29016060909.3369,753173053.9192,853229686.6917,340239148.3072,1249226569.66985,3509681601.837,292195203.21323,377058225.92716,409159699.61,,0.0,4292818.59137
2024-05-24,12680535679.1618,11955995521.85735,352222660.3831,393861816.14123,164993670.3118,1680416842.78112,2698391026.787,162691878.47863,508441705.2582,206114718.078,,0.0,1578581.578562
2024-05-25,5877646397.3044,4299287507.21736,164566345.1152,233234151.65635,98189724.6989,771411411.61281,1239752784.918,72547832.1104,177119770.25246,113003985.255,,0.0,1017280.244802
2024-05-26,5799029948.6581,7268692628.89094,179172106.4494,202652179.74685,113078763.8368,800729078.69836,1714610388.453,80343491.20667,235923682.83057,140102474.613,,0.0,1510281.850445
2024-05-27,11819516715.6954,10831101104.6769,310812445.7399,305818331.42252,161077271.3005,730580229.68543,2037953650.375,109425008.80519,379663112.64563,187742768.075,,0.0,2570562.153082
2024-05-28,15550387849.887,10587010856.16523,344119974.5415,347395701.23595,214972626.6158,869397973.06317,2557773148.48,154940568.79332,366989353.87901,231441095.169,,0.0,3083646.295796
2024-05-29,10750681624.4071,8840201337.98247,241446258.5172,322931786.72388,169120906.8863,935414763.92334,2187423872.646,99350019.00513,332622828.60897,199957519.339,,0.0,1951398.813304
2024-05-30,13292940496.7956,8797090035.41715,291002530.4837,311329199.00107,169362211.2697,957884323.96345,2074877600.458,149312304.26421,304383834.34618,219730687.288,,0.0,2301955.198585
2024-05-31,13295783600.0905,8482436640.91421,229668398.7607,292250515.5333,129126718.8634,593798231.2278,1684173034.025,114287710.84717,233862833.10246,166109530.249,,0.0,3900872.790874
2024-06-01,3450680244.5259,3762256419.145,209101036.9922,124273538.04436,61228523.5279,266630699.49394,759585491.727,40631497.55135,130785341.43932,85097182.803,,0.0,1358019.786347
2024-06-02,6940423185.8599,5315063128.49873,258300311.0698,209224839.78048,117848469.825,372552073.73361,1190584965.062,67910293.89433,129506306.1459,157695580.251,,0.0,1149897.462167
2024-06-03,15744535070.2934,7289605441.43148,1018385640.6803,268484519.26866,164460749.5082,581540327.89924,1742293045.585,100932583.39203,208595942.2027,207690222.348,,0.0,1751368.450955
2024-06-04,15102623849.3892,6653247408.53949,1396048537.2388,318178277.06824,181997256.9006,405509943.56833,1463288351.469,107235898.28725,136922787.75528,191301071.098,,0.0,2205407.897538
2024-06-05,14506723806.5747,7418252620.82999,1342205866.3405,278331046.17253,128635503.9891,475508810.78152,1746464324.975,86844655.54323,145962521.07967,165396476.26,,0.0,4108916.288225
2024-06-06,11260906834.1424,5943223056.9034,1068203562.3879,244461762.34545,121239931.5273,491224381.0359,1263733083.452,87787316.8108,179702139.7418,154501744.015,,0.0,3002810.839152
2024-06-07,21108000027.7301,9796443077.05075,1105775735.5016,696728387.21208,435302448.1879,941335671.61806,2530161930.589,211000489.25015,327769812.65975,373572892.194,,0.0,4349539.063033
2024-06-08,4564091530.0889,2926036726.64497,513277152.0209,223391134.22213,160029337.8315,371420562.48963,1181055261.34,72766025.05577,124135112.26986,154581092.811,,0.0,1734015.150102
2024-06-09,4729738225.2734,2642214956.13551,369901997.492,124373674.24788,89220639.1771,274324859.82477,1000505199.891,46692693.50169,93397622.71423,91837736.413,,0.0,1915675.72461
2024-06-10,8872795631.3345,4227296437.78585,1292284606.4437,289589329.85636,163458598.5074,325874658.01973,1406005127.65,73883446.24808,137298890.83225,170188054.308,,0.0,1604187.185563
2024-06-11,21038478955.2817,11172484428.62634,1034990909.1823,505455623.93051,235824611.0425,643884991.15046,2497834081.589,214010251.2473,231827762.57721,247690604.941,,0.0,1945499.100233
2024-06-12,22649278512.31,10226727654.51707,837619653.3445,407972555.81862,209045210.2757,824455867.34441,2704028827.902,140776556.85054,232602984.02234,258319407.771,,0.0,2168517.598352
2024-06-13,16734408853.5457,7883026434.45223,507332931.3415,295884705.53608,163913596.1652,502937394.71181,1776194243.073,143210104.47642,163798715.77154,213920335.996,,0.0,1180189.544828
2024-06-14,15866317033.6273,8724522321.55577,484000763.5439,342519639.5703,181443404.7132,573482556.10926,2040385063.525,158443613.45171,187666204.5354,275562161.202,,0.0,1463133.79982
2024-06-15,4794362622.7179,5582814974.94714,217045720.2261,280678764.47533,81912481.2464,234733376.37826,796044774.031,65796720.23639,96410804.67475,104381737.02,,0.0,637222.108452
2024-06-16,5344491611.4603,4792346124.67986,203197847.5723,248473198.9129,74973482.2169,196847566.47682,1082041041.437,65589347.02095,105312041.75836,139908221.019,,0.0,695971.626556
2024-06-17,16425433493.3037,10383899880.01183,450875844.3131,851505908.92372,239816232.1796,670799476.426,2086160254.77,150030221.5628,211006319.29544,286948736.798,,0.0,1159479.379932
2024-06-18,21816313661.7988,11343168334.36804,679954872.3557,841513262.18003,350713877.1194,920981935.57308,3416999372.833,235953857.39931,316270326.28823,377735414.034,,0.0,2890358.896791
2024-06-19,9773747644.9673,8299632826.1935,458331811.9983,339177553.88178,160258759.7702,427846824.39974,1894032300.002,101992447.82623,143045106.09534,165596226.04,,0.0,967557.698305
2024-06-20,14443082252.526,8897629754.84559,418149203.309,338484147.29502,147322802.0996,434200436.79421,2249420513.547,96680269.22824,140862438.71658,239033084.471,,0.0,1311549.094519
2024-06-21,13452781556.5892,8759168104.96023,348133441.4861,354192331.34786,142832982.6925,393938924.07292,2134285380.252,113587393.42472,192061520.75685,191382596.782,,0.0,967410.673851
2024-06-22,3462300794.0067,2950982843.3563,159698905.0768,114173581.18052,124014756.2068,190725548.35717,837361278.216,46626958.25223,103051512.09779,383374723.837,,0.0,667940.949923
2024-06-23,4609994525.5694,4887692168.50265,241168991.5934,161383230.80544,123023772.8065,347625744.24965,1063481326.466,62323217.24721,104018983.04582,338109628.216,,0.0,1607312.485087
2024-06-24,27225661676.1708,13901750459.19383,623736699.04,410700674.67276,231037057.2807,602937864.39833,3181534296.501,208652271.86619,228948347.51216,370141729.062,,0.0,2841825.042955
2024-06-25,16245823572.755,6678808477.4523,303855632.1737,224381863.98394,133211486.7277,487624688.9684,2017593133.398,97759486.73552,128544342.00296,175755116.208,,0.0,2244292.994958
2024-06-26,10474223643.7333,6063286037.3137,271087235.9427,234658626.32293,143466403.2742,325642688.85747,1494795972.649,76500282.80612,105984887.62161,279733412.575,,0.0,2384705.978881
2024-06-27,9845346127.8742,5901459500.76735,261687280.9086,210358759.16376,129527885.494,389758617.14617,3009817051.449,80195115.77867,146191582.40437,311002205.759,,0.0,2901099.739575
2024-06-28,11963155606.5777,7138480475.03431,274348994.1161,290172339.29643,163217707.7105,396048602.93826,2682088425.853,138282100.34121,145916474.66545,306935970.165,,0.0,3298119.088905
2024-06-29,4854467389.0233,2493797462.5418,135857764.7507,98829420.88371,144241944.1521,146478007.12735,939087492.069,114232266.76648,103391961.85036,156100046.029,,0.0,823417.469522
2024-06-30,9131797044.0735,3992984415.0922,206355869.7354,143650586.44127,103835772.2708,205949508.40163,1538757955.852,114779576.85232,122561703.0291,223227150.639,,0.0,2539660.134536
2024-07-01,12249759638.5501,5995532614.39528,217012514.9937,228365696.33412,136777023.1832,274836149.97996,1594088034.545,90695627.16316,133479736.64448,264447124.936,,0.0,1641019.453422
2024-07-02,10187608652.3055,4168787637.14763,202442070.0471,249258350.52228,136361401.5948,225046961.00289,2061790403.213,79447883.35748,131495395.97431,211312179.147,,0.0,2451800.740485
2024-07-03,17865344372.0136,8373143758.36071,395612764.4895,359873885.84142,199733893.8668,397037514.64099,2918862857.362,147856450.13771,254125070.69666,280778703.014,,0.0,1630566.665522
2024-07-04,25874210041.42714,12216177700.63474,670543555.8711,543517837.10581,281982404.5105,792064248.60123,3368336759.915,222955667.73535,279981777.54046,265630053.772,,0.0,2802470.379211
2024-07-05,32076653813.40088,16931336844.73351,1033854210.8142,787105798.55194,470380501.1515,1016970380.25287,4615294253.08,383622863.17032,401789467.67513,474373048.036,,0.0,7996287.039154
2024-07-06,10197761341.39678,4806659739.67779,347879922.734,225096511.07742,160533218.0995,500816072.55641,2029657024.425,112828982.41923,139997727.43047,199054907.868,,0.0,2423884.722351
2024-07-07,12037823231.0966,5390321656.787,448478256.5842,266021797.82365,160327704.8211,381358280.94166,1950907260.345,104711710.85916,128472329.23236,169989751.501,,0.0,1523932.793696
2024-07-08,26076935449.40952,13619919410.75795,767457339.0892,558057765.01497,325198406.5336,610622756.92142,3708324854.252,206111524.94931,276485070.29423,288244375.609,,0.0,2627558.073396
2024-07-09,14760474094.36112,6802252912.17147,266769085.379,252113552.61792,138718435.9874,272645372.05483,2271345097.28,75394626.47862,178878620.73169,230657929.916,,0.0,1508090.461907
2024-07-10,14799666738.9434,6683224627.71187,277733243.3483,237442083.0226,114918331.5761,267821436.04814,1746742696.174,84680401.37365,139190074.50742,176997054.292,,0.0,1278046.323473
2024-07-11,17033276319.7474,8152402004.42387,417053419.4381,361755148.85208,160807492.2723,270303765.68414,2210517922.951,97356938.46715,166902606.65533,206164949.856,,0.0,1089652.558372
2024-07-12,13680239863.68945,5984893351.43529,269849868.9164,660373229.84198,181701773.0221,196418910.27745,1919776338.889,109450195.59826,123141256.76931,164384857.079,,0.0,470981.746985
2024-07-13,9257369124.831,3309598689.12394,195985801.898,1815531763.68026,229293307.8063,240417119.97466,1080353822.173,95140004.56535,113915996.08454,166473277.537,,0.0,747337.518231
2024-07-14,12501022268.2122,4379641147.06541,203787463.019,879603497.17053,186395933.6863,271931628.52333,1788642132.291,70409720.66723,140639052.72354,179830494.866,,0.0,404771.268066
2024-07-15,22163838850.2314,9168654594.26661,433485693.332,712658055.45435,261673460.0303,456624289.89929,2230500141.341,133796439.18623,179097123.83435,245806119.45,,0.0,2303233.01878
2024-07-16,24015350736.2496,9753609626.26469,461037089.6914,1578431199.97637,267673831.663,527927102.48378,2751825602.729,159603126.005,199813931.99358,353898083.337,,0.0,3405089.363095
2024-07-17,17971882430.538,7844661419.98232,282421461.0427,1634350194.89502,191270940.404,382950200.10573,2080056588.109,99728690.26882,141954057.15242,248659806.777,,0.0,2958872.917641
2024-07-18,13840486905.3186,6551974018.48734,248771578.1593,1412285494.89662,183379752.6454,333690291.80696,1798650784.37,82382737.17379,130894855.34805,176195640.043,,0.0,2609258.603206
2024-07-19,20380653025.9215,8238609685.59137,519471623.5504,1099193439.04879,164391822.4708,343657459.83439,3305200916.747,99693975.9494,131165070.76365,206221825.32,,0.0,1614288.34672
2024-07-20,8257377670.6534,3670139851.53731,197795080.2355,753114885.14555,111857997.8153,644553030.09471,1636437721.448,52588629.55788,95414784.02299,161453859.465,,0.0,1510651.844892
2024-07-21,13911463550.0015,6134383804.64903,325432867.0955,790789056.89221,167833095.9819,846983095.10412,2925206965.633,91386205.55827,217416846.5661,562447639.053,,0.0,1328044.022907
2024-07-22,13023877366.2714,6769829515.27811,282332105.2345,851697306.74596,165438288.41,828150956.0425,2464535892.988,129011509.31046,179300942.97272,408293168.638,,0.0,1233562.401521
2024-07-23,17980471984.6793,13828978662.12502,329834530.4771,751198141.11728,176279290.5099,639071561.52365,2996804669.23,122760332.78891,182899397.97146,371565132.778,,0.0,1527954.611489
2024-07-24,14220076011.1729,7821933918.61205,222929148.5193,855962655.99247,152209054.1328,391485799.43537,2906987951.664,88329404.6203,131253826.38335,392693979.655,,0.0,1064055.021929
2024-07-25,20623007320.1934,13341514822.71402,424204838.2782,1201170160.67922,189974920.0281,542281599.68301,3902333466.495,142775241.8476,185984758.47404,331330510.655,,0.0,1658372.250983
2024-07-26,15831346144.9649,7320892193.0802,218307427.4184,584861497.33602,114754718.4765,406240220.20471,2469555449.522,72289335.25117,111575384.40599,228311684.577,,0.0,1278796.041634
2024-07-27,22565690615.4286,7122454624.01377,286472345.672,484656257.43357,148617484.045,861692770.07447,3337965925.631,85782002.99903,114298520.83006,232503223.55,,0.0,1252972.256556
2024-07-28,7921123857.983,3619629949.885,137949198.4465,416158467.90217,93844212.4354,299993100.66162,1798577272.561,44029685.34747,72582035.70497,141476405.837,,0.0,1112653.921725
2024-07-29,25468669202.3054,9642865305.32722,314183200.3819,501117248.14252,157751565.7402,505697765.05892,3721645745.806,201679629.10446,148603969.77672,263593194.264,,0.0,1477378.162741
2024-07-30,16326143659.4329,6618568157.7503,232006671.186,1182150488.67092,135077589.782,365745195.38076,2788988484.803,97421744.44856,135188819.18041,199367782.308,,0.0,1154493.413274
2024-07-31,16232585005.416,7150139867.6455,320183626.3961,1513829288.00204,144947727.3402,342158663.81357,2881153493.588,83066673.48442,141441897.84952,211037161.086,,0.0,1785366.990371
2024-08-01,23809052629.4734,8965170896.1268,388922684.8739,1117502242.54754,198255238.4229,533456666.90197,3942115196.781,136853754.14431,202375869.37732,240777840.859,,0.0,4066730.821323
2024-08-02,26819683037.2612,10491247461.2199,461429157.2574,956594828.40476,200791963.739,475010219.98495,4460679553.038,138130903.87994,219431170.66693,248738738.947,,0.0,3811685.999372
2024-08-03,17722256113.6817,7708121561.66818,390674462.9418,718379786.27996,160428257.2987,453693448.86182,3668381149.062,113753499.58816,166769979.40465,214689503.744,,0.0,3146818.928162
2024-08-04,20115489532.05642,10337564316.12464,494641297.4194,658087098.1344,171470349.5016,470904079.38079,4293411655.071,104937042.30988,207907578.4462,215005123.934,,0.0,2231562.413984
2024-08-05,67990070656.18278,31796290079.35264,1826250486.4208,1958742293.71038,580563062.9844,1647463903.4332,12164526945.092,458809569.29289,824936352.45441,751028222.4,,0.0,17515002.964384
2024-08-06,24315240364.00699,10853835843.08941,600915654.7222,645433365.92119,189447153.7511,563614059.90143,5325179860.588,134898830.04589,249704097.23177,238730685.55,,0.0,3740202.501229
2024-08-07,21227975938.72287,11948141533.76121,493733405.3173,2073641656.46234,179367999.5352,566229688.8168,5580344304.662,127212659.78534,214479477.0154,210066326.486,,0.0,4629347.921051
2024-08-08,27555756968.19537,12083805705.50479,413532459.8364,2117040154.63144,148230208.8876,515971447.53475,5456765886.899,98441430.48346,194581463.41871,218966967.191,,0.0,3659627.365507
2024-08-09,18694923855.7121,8282477599.45511,263260197.7811,1104612575.35978,120558074.9515,298320561.97885,3325342248.435,72346146.09777,134693191.6345,156324301.443,,0.0,1673308.661107
2024-08-10,7020704932.1334,3425329027.8452,170450409.8496,607622184.44814,50595269.9757,148424595.34422,1650063349.729,41157771.56684,77140622.72999,76066694.22,,0.0,633410.92324
2024-08-11,12164186045.4941,6903526348.81363,350484160.8328,611316794.35642,89058902.9335,432367932.96871,2626976499.801,93525672.73389,110613901.93349,150286941.052,,0.0,1295366.527313
2024-08-12,21694704705.3928,10880965017.29926,472971554.1135,720385496.26126,137420572.255,489231245.72819,3992100800.784,128412512.93893,183762726.09564,183821786.381,,0.0,2469151.875858
2024-08-13,15331334134.775,8069318726.17169,378238050.9246,561548114.45127,85282331.558,316512131.09493,2551006426.485,90560552.00181,130442648.06297,128273857.116,,0.0,1063364.744675
2024-08-14,17731755290.8926,8350455924.61193,296143950.7364,441331430.41939,97747854.7366,260919912.06742,2941403670.48,109083085.37563,122387794.45776,137735712.597,,0.0,1856960.561504
2024-08-15,20998288458.33781,8394943427.72548,355664792.8713,436763145.32538,127383685.8168,335116018.22923,3477069243.647,196242137.01039,147132608.17336,197123144.893,,0.0,1823272.120241
2024-08-16,15694579210.80159,6920011178.09664,274675156.6489,368522146.97318,193477742.6721,275552704.94632,3061992092.383,147666025.15805,134557993.27929,147401554.918,,0.0,1698486.885968
2024-08-17,4568442725.3616,2137408112.92346,255976020.3846,130079867.64044,75205857.6171,138475349.60742,1331184568.693,81251431.45877,60593132.99553,62352989.419,,0.0,943295.91627
2024-08-18,8919704463.3393,4267133650.03774,184967870.1719,260450572.47659,60158925.5891,183987706.90994,1994482272.427,92038102.71128,90363296.2505,116796784.712,,0.0,765017.287328
2024-08-19,12535025781.4683,5523868083.81981,386393973.9293,710493834.93858,94444609.9773,211480207.68381,2190799200.733,99582845.71867,102375984.11024,129130338.479,,0.0,1609619.12742
2024-08-20,17203146261.2117,6566812933.60973,503114257.4217,526800793.44943,106337273.9036,447079096.62189,2267217111.465,111979618.23815,117133826.60527,213492072.953,,0.0,1434980.432967
2024-08-21,16243166180.3695,6277878525.37053,445457368.9253,423606475.94131,208082444.1282,252206065.77623,2140000215.356,128545586.89042,178805472.45463,257471263.697,,0.0,865478.522125
2024-08-22,12796969148.4752,4269132808.98035,502804485.3626,287185085.21189,119091406.6178,174161560.90579,1326279628.044,76864183.78589,173479106.75722,293939476.386,,0.0,702362.882898
2024-08-23,23801149141.4363,8851748788.1898,462982119.8413,452155035.05191,185342309.5705,524915734.88171,2683507296.526,93135827.22682,190046247.87763,452863066.899,,0.0,1141793.981837
2024-08-24,8499031623.6787,5889986272.50161,390015094.8888,488199864.2089,120047076.636,347119911.67643,2560669173.62,81947729.50669,128897928.28276,274570233.348,,0.0,1843252.789348
2024-08-25,7418612747.515,3389709159.62444,288307203.0388,337862010.01363,119489230.4191,302130640.86198,2072250884.037,78951042.01566,121121784.03246,220043149.199,,0.0,7181115.822146
2024-08-26,12456922931.3165,5184051187.20895,347604093.996,389419565.18924,133627694.3291,299051668.85885,2970317566.028,91428785.19479,214840840.21138,232323778.005,,0.0,2498102.087855
2024-08-27,20779523749.7268,9846501388.57358,450138391.5572,563653175.25849,158933197.9874,348515736.69799,3103859089.304,116768120.97557,183224625.91701,273129412.13,,0.0,2215513.33848
2024-08-28,18562796937.106,9159321788.05102,525882526.0958,537072530.56934,160490938.8261,317767231.24069,3258440623.272,121865710.08838,179355940.0634,252995882.052,,0.0,2020812.909681
2024-08-29,13998969371.3328,5495665085.87916,285765332.7513,260783683.54135,125036148.27,209698563.8887,2448167569.937,127448662.91993,104966886.23,191141441.681,,0.0,787672.414722
2024-08-30,15800867331.9045,6752794214.88911,312270580.9246,336372266.55919,145598763.7384,335764957.09684,2758566256.01,150259809.04564,123748531.48565,185769631.562,,0.0,2617744.46337
2024-08-31,4066497717.5845,1976386313.99828,124640596.2346,133989541.29284,50507141.0659,154567146.01232,975436939.087,105968734.81551,58659617.58493,80063022.492,,0.0,1290304.731648
2024-09-01,12933895810.7382,5659435689.68286,323611826.144,269533839.49757,110582343.8458,256716002.78635,2524287347.665,89910539.03055,104764780.95782,193702150.055,,0.0,983032.006258
2024-09-02,11712610829.437,5708121980.45667,348376823.0598,244479666.93223,115378154.098,252825401.4634,2533187829.567,101035863.53899,98970464.5318,150789271.637,,0.0,1148038.152087
2024-09-03,13447232675.7519,5085212466.24925,324515503.2834,253458245.79068,122339562.6181,234775016.45157,2127106502.045,89752447.95894,112962206.68373,144049254.192,,0.0,761916.260316
2024-09-04,18654996691.65024,8140965676.04585,567285286.318,357258995.2049,182930831.4208,377045443.88554,2982843728.179,159719194.16405,137187229.81327,183634362.738,,0.0,1115856.872688
2024-09-05,16706483191.85918,6245550694.43367,317195103.683,230381905.59892,199511299.4313,270921996.71162,2505882772.736,200718001.63385,83838703.2273,147637201.393,,0.0,1110518.420869
2024-09-06,26315512592.25967,12547525242.00458,647034337.9533,449214463.56329,244251027.7286,536856598.86461,3943296166.893,170824334.32064,178408853.86186,263759526.442,,0.0,1528943.946615
2024-09-07,6925003321.31154,4165135636.96698,211073419.9552,152462623.02245,82169430.4875,210400202.29302,1411491388.51,80177501.42692,91788196.05919,100207757.403,,0.0,364926.768529
2024-09-08,8813184978.46583,4415720059.77657,258450771.0947,137137590.2311,119944529.3745,205749382.79571,1666008269.162,106158516.40654,88253070.67589,224217991.359,,0.0,311346.161926
2024-09-09,17488710008.5658,6805916507.20762,340244646.6656,233044333.41809,128956109.4904,450664229.78971,2728985676.472,151249829.54666,154609615.96764,255863569.764,,0.0,481855.641531
2024-09-10,13034447010.34392,5054995341.92923,252289018.717,182367867.39212,92252871.7044,263296020.40447,1881456950.665,105883624.78494,105783275.08511,171897063.65,,0.0,486754.922108
2024-09-11,19189527027.3001,7306678946.31927,388808427.7225,280762835.55319,161448600.7612,316974947.98237,2499398985.28,140047406.78558,123299219.05001,203829169.832,,0.0,469739.996997
2024-09-12,15152600210.5249,5033942160.06787,445748371.9367,826196855.04162,128068466.9168,230299035.773,1775301807.453,91237680.85472,99719784.30463,168371380.201,,0.0,726753.052769
2024-09-13,16347290879.8579,5530067659.02683,388029874.5127,509118428.10283,100952362.538,411402854.14523,2026796195.747,97390595.50051,177540185.01549,205512441.237,,0.0,1031414.116188
2024-09-14,6149247444.5159,2596020589.32818,161573160.196,573115610.71302,75843887.3789,224800988.46192,1088210573.374,95871391.04173,76827062.57471,141163475.861,,0.0,531929.127518
2024-09-15,7800793636.4292,3940360052.61832,271176046.8542,360748013.97596,108301442.7885,227840261.7852,1407226185.925,81702063.42069,80890718.22477,172687819.093,,0.0,369065.609353
2024-09-16,14603341245.0131,6460692525.60421,425920101.2541,450202824.08355,119612835.3832,281425290.22744,1721503621.382,81020789.07834,121210176.74963,175729588.867,,0.0,686140.83365
2024-09-17,19038330615.6744,6111066521.55576,340283555.3297,348484738.65802,99360621.5867,258825909.40828,1983574939.487,83588145.54387,105799416.81674,167652357.105,,0.0,1133724.520294
2024-09-18,21417510491.0941,6635180765.57796,327752657.8254,422553005.55637,124152125.9184,299151522.50406,2444014716.086,96326089.76477,125070416.46826,191752685.176,,0.0,579347.654424
2024-09-19,18960165410.2846,7171076241.07582,394559303.0089,457044980.11462,127831117.32,317397832.51219,2821141749.761,85648058.76721,130361241.48582,314126982.942,,0.0,1314144.424052
2024-09-20,16250975201.0995,7753088412.44312,341619771.3352,425568293.45948,114033203.2419,312680427.74522,3676239904.56,96518514.30153,134655415.22767,373122497.194,,0.0,699099.943674
2024-09-21,4936698095.0651,3860209268.60618,361133808.419,367209754.83751,67803555.4855,267055524.57857,1385956889.912,58488503.39452,72712305.28176,157086862.329,,0.0,710404.089727
2024-09-22,9395420389.8272,5079507048.41662,352766472.4415,398730889.39351,103241407.337,262857611.65419,2056316614.304,113258326.12315,106826994.43323,164592831.637,,0.0,567778.019166
2024-09-23,14896908173.8234,8258863620.46054,602003443.0691,316407006.26065,144082513.5327,310244970.07548,2406924236.059,103295413.0647,139506605.20108,217450368.277,,0.0,590371.218908
2024-09-24,15055312109.7638,7157361925.27724,472359279.8477,316007195.06421,204490456.2758,363083252.13716,3107934332.137,103447297.9797,168548251.91472,215903761.76,,0.0,806047.945464
2024-09-25,11776674397.8463,5567024562.92928,405210752.15,272818700.6786,131387714.2264,347673045.78876,2107370703.744,87833730.20333,164238622.63226,201095443.847,,0.0,652179.821383
2024-09-26,20718992185.678,6929873789.00273,504587654.8512,383237208.29736,164405503.7532,816185122.48122,3087156379.601,93668906.2401,183312470.60869,259457800.47,,0.0,734165.528926
2024-09-27,14875897055.1134,6342180731.2717,556740013.384,424544586.72268,157449016.4141,844026062.04757,2739072331.956,94086628.32364,139156105.4972,236167870.32,,0.0,754512.226768
2024-09-28,6095989647.148,3723908596.00055,421626319.157,1109388335.09682,107652487.7188,972770350.15544,1342506223.132,78730913.63559,127779349.05853,152881348.469,,0.0,378038.128835
2024-09-29,5789646713.0538,3694249941.64657,243999628.3419,1292266432.80332,93824379.2634,563634310.54845,1918982165.725,65284091.21501,94089237.08303,167276307.404,,0.0,518198.631799
2024-09-30,18997631918.3586,7479243412.38602,524729145.3373,1071653599.72635,166410523.2903,655348151.75078,2745966592.853,100951068.69118,149169654.26999,232327713.048,,0.0,1363106.838495
2024-10-01,26755501281.8141,11757705807.87982,665813107.8473,1467789144.40163,265491305.5339,832609591.91275,3904816929.647,149626219.01507,225506515.18084,357544491.408,,0.0,4214800.418665
2024-10-02,19999405207.7472,8682380285.25884,417749254.1051,1114454855.4194,188392509.6518,506523825.91574,3005773525.866,92517121.93909,168071707.94,237122475.992,,0.0,4272850.882604
2024-10-03,17336091836.27,7492256044.28834,407894183.3287,949174640.97194,192341543.5409,481446711.71324,3160999640.562,75086660.81299,155687724.96723,251288043.953,,0.0,2149040.812822
2024-10-04,14447838961.2182,6057108558.06383,282212792.5055,455998971.34349,109429273.4316,373547015.52599,2235550608.14,50159006.94118,105949225.32216,175577965.455,,0.0,1755621.007961
2024-10-05,4609154133.5222,2659364171.76931,198249439.2877,237520609.06134,78569835.4332,229522756.52921,1151561793.583,47764835.78066,74520363.50472,106977050.913,,0.0,646503.522859
2024-10-06,6017121071.2754,2965206689.83741,181284801.9154,192310560.0534,77466871.7688,241731290.13399,1161033364.704,63050323.77525,80421215.81958,142900928.406,,0.0,396169.106625
2024-10-07,18940835036.916,8255869954.96215,360940545.5334,409102744.98633,187929866.8002,474511676.9903,2785392932.047,95876296.72171,145387732.48718,204537145.079,,0.0,1873640.176898
2024-10-08,14122241997.2083,5503261413.71323,457345876.2322,287117415.07128,120874400.2442,317900309.40537,1762769927.526,65473677.84404,107112187.7227,159271125.49,,0.0,933884.427128
2024-10-09,13394677570.4442,6518443895.41703,406893971.8769,238128905.55016,112869233.3467,393331718.70133,1745667791.639,65670100.88027,109834274.94239,157234764.91,,0.0,652575.384669
2024-10-10,15860406266.3172,6818678392.31371,282323195.7494,415795033.07234,110163018.5424,356758691.55062,1933948045.921,55979108.95698,116364528.2673,167346552.018,,0.0,969338.912575
2024-10-11,16300232843.3846,5679642394.45142,265410047.1925,267965365.46557,90641047.7733,305944574.54456,1751452363.538,44070618.70685,94162567.58897,147561151.364,,0.0,495925.274991
2024-10-12,6470178939.6978,2752321410.11463,148377918.6887,160391531.02149,59182054.3072,212228043.29857,974318492.25,35693101.28976,71676559.69763,218472077.849,,0.0,425931.882255
2024-10-13,8122753016.4411,3182005834.60698,169446158.521,195493860.86905,96131671.1721,271457276.30317,1393637852.521,45347061.55777,80533534.64449,179684896.593,,0.0,309748.223913
2024-10-14,21963988365.449,9413848750.38399,325043505.3828,330090483.87224,138110315.9185,494882863.79836,2325656977.561,90278054.78922,136173020.6355,239010320.435,,0.0,918294.840811
2024-10-15,27957041428.0807,10179198376.76577,528634217.5307,496973306.94781,224291027.5672,743555372.19855,2997393111.628,308965298.75028,235089611.61831,345597919.19,,0.0,2732773.29387
2024-10-16,17177776071.0405,5575803606.56706,368068193.4976,317224292.01638,125170588.8461,1463229167.40835,1945367436.664,217706337.53301,132546806.40802,189601397.385,,0.0,655237.945126
2024-10-17,14795216327.4512,5391409323.33926,303360703.096,536335954.97895,153198690.6201,1075384206.26292,1826702989.524,179419125.00089,110843434.41286,173723292.036,,0.0,1992100.110895
2024-10-18,16730949885.2185,6087636750.23593,225590384.7514,293656664.17752,93287825.0357,1549990039.17442,1458667834.917,152367164.3925,110463264.55678,123036856.647,,0.0,1485371.516004
2024-10-19,4686325947.3462,2145117994.00858,99857812.3666,151386130.82424,72340368.4774,1478463329.92144,1043583798.179,105690483.38193,62006146.67065,82953035.528,,0.0,619584.354553
2024-10-20,7272050313.902,5086837478.2804,185993342.1754,204672256.22054,91554347.0747,988607611.03895,2341030574.536,88307190.71691,121060104.92834,113780706.365,,0.0,1998280.032704
2024-10-21,17221797609.5618,6594015920.8176,428184701.8777,444185593.64486,133707467.3228,1396818305.85257,3430499949.835,133163968.35794,115712624.54723,185815600.198,,0.0,1733154.406185
2024-10-22,14691178661.737,5872949301.92433,322944993.5081,344524828.82812,153336278.3144,1178381858.53484,3099993509.072,125080217.48371,223491689.13695,156771879.806,,0.0,1406309.083933
2024-10-23,16468539329.4864,8115624142.39563,320719265.098,295096493.03407,183561610.632,1067064758.0651,3343285140.187,85955575.52176,164154853.71216,191638688.018,,0.0,1861645.836132
2024-10-24,14354067671.9537,5131500444.50411,244392917.9279,198633985.2516,134036885.595,918009445.75238,2982905888.203,77565906.5004,106375604.00883,125999326.324,,0.0,1711414.095589
2024-10-25,23454022803.9878,10029812560.47148,379307966.8436,429262752.52934,224201998.9958,1038254716.46788,4785028833.898,142652089.61168,282341511.21595,225959977.825,,0.0,12058199.219571
2024-10-26,6303068381.5835,3869014206.47847,174358500.8383,186244545.17102,93162126.2544,554906499.82107,2237934557.183,58318399.78566,166672600.49089,102460145.223,,0.0,4134516.816839
2024-10-27,5981933235.9308,2791987376.97791,116727018.8626,110209526.03838,56492226.7421,673449896.67034,2161046261.375,45375519.44191,95486787.80128,62183762.429,,0.0,1249901.543989
2024-10-28,17649920563.6978,7309310195.27607,258669065.3755,201971034.53503,121003698.2671,2219487581.72125,3241336072.038,75877892.98497,154366342.61029,154688985.951,,0.0,1394643.97226
2024-10-29,27502269768.0091,7913517420.71605,367262933.3305,268047986.90029,111516396.8712,2933650982.34534,3461475641.906,101877822.94117,142198731.10426,151210426.754,,0.0,2378806.665134
2024-10-30,16394681792.4545,9357672371.96901,281749005.1639,201716347.22235,119423734.7694,1727995629.29994,2557976751.936,71775143.27713,218330677.95528,148254649.44,,0.0,1096952.171914
2024-10-31,18260860195.9338,8277842338.14581,441726334.6996,271228007.04687,141566713.2219,1838967498.37092,2451454764.061,91817026.74101,205493419.97273,148053879.795,,0.0,2781648.930185
2024-11-01,24669697590.1823,8699141498.66404,432870462.9714,435732175.69672,197002939.5556,1970995199.90384,3057074285.058,94705477.76025,213995305.15917,152830077.82,,0.0,2675924.858924
2024-11-02,5511280357.915,3026712910.29806,224364478.8047,127430013.17597,137159291.4555,961013584.72571,1344900203.038,56249386.49423,101151549.22263,77731375.396,,0.0,830595.386307
2024-11-03,15481140255.261,7163438364.52393,343945397.161,297492932.21316,156240552.7466,2010465924.85424,2666615832.459,89570366.06088,146945888.55807,165513436.862,,0.0,910921.698104
2024-11-04,16709405013.0392,6531967836.16009,318190968.4354,302488212.00847,126342901.9022,2212033252.72433,2320385730.092,62906186.34347,165292981.24208,162797614.547,,0.0,1080679.59239
2024-11-05,18923323986.0867,6231806758.76281,281813518.9004,261685344.22957,109667648.812,3774348143.27437,2710336563.293,90463214.98777,136823425.58583,147196719.104,,0.0,816740.408581
2024-11-06,50043233600.5665,16272107312.50839,740142020.4724,614793879.9854,238718131.0613,9836531856.99785,7732400028.098,180868039.11037,270093435.30028,302164586.564,,0.0,2499914.757141
2024-11-07,21221666454.4856,14756353987.5382,544682957.6741,661862766.61639,271834378.9635,3041259011.20754,4291786627.071,110260477.54606,207699669.77109,232652553.463,,0.0,2308378.068567
2024-11-08,17566203957.7434,11332152551.52056,399804068.0138,399987050.19862,833741394.553,2913129221.60264,4669030180.153,116601715.9362,305492550.42524,250364115.422,,0.0,1565549.212323
2024-11-09,8994277678.533,11173770610.26657,1073985342.7575,369551819.393,397860547.7655,2799717103.89014,2739127418.66,99406202.28885,212432824.07415,286325623.033,,0.0,1629478.256148
2024-11-10,33139797917.8655,17861396070.5185,1133360716.6781,1315927062.66717,2556237508.306,9619426807.83372,6292059694.412,271478128.35572,421827075.13958,534012927.53,,0.0,8024671.327845
2024-11-11,51921309639.7137,20262260007.34664,1391033367.1994,1339010276.13957,1163010295.4108,12902881639.26611,6501813146.377,315564252.38036,369155680.90272,570180741.88,,0.0,10437442.992342
2024-11-12,56145246108.6286,22813786244.09084,1691514772.1597,4141323674.5837,1177864189.8703,25999081538.80066,6979740091.849,423489634.21416,474135884.87859,863665447.112,,0.0,15390408.706574
2024-11-13,49968681554.1639,19122914369.90351,1375108586.1751,2881758184.92832,1025722252.6264,16248712802.62409,7368223494.946,328996966.37327,413927866.16342,675499857.447,,0.0,15496124.555244
2024-11-14,32638189823.3326,13169676243.66554,1527719648.9657,3551714483.0853,664080049.9271,9071981150.63334,4881201806.462,621959661.95857,297100348.57758,399692324.763,,0.0,11580531.946957
2024-11-15,28084223845.5762,10790970529.49053,841244802.4193,4881307513.1975,1820137345.7961,6841105226.74809,3831160337.001,420233974.86486,245920363.38972,333274154.099,,0.0,8647194.134057
2024-11-16,11746506687.2478,7933164452.94315,603164131.1128,9630255449.86565,2198794425.7123,4141202532.51774,2950426162.605,771159472.90703,257973330.8398,356119510.951,,0.0,8461790.741485
2024-11-17,15122853835.9462,9311038693.96001,975134168.4418,4968802485.75466,908506766.3599,4424268084.85076,6679997672.847,541680598.90989,267166140.66625,539896311.275,,0.0,6523157.787479
2024-11-18,30393971318.505,12964128792.03221,728153004.457,4351139167.97346,917275952.9405,4995053370.70745,5936242089.403,533350784.75073,436200333.50682,404116051.631,,0.0,11551134.111846
2024-11-19,27998124860.4433,9570014970.63267,532230502.9563,2433718389.2281,650401840.8192,7777224155.169,4535998833.344,301754659.48741,291358951.28522,309646429.526,,0.0,6907627.461187
2024-11-20,27169810860.1057,9732361141.30283,561323262.5501,2586661645.53179,1929854080.015,5004069149.42531,4299569337.036,269300950.29311,314067654.60933,379182179.663,,0.0,4455216.881067
2024-11-21,40626855808.8208,19501154177.75849,929490780.1216,3969282926.66466,1025784117.7151,4560935440.11302,7636981046.339,486699571.94351,333529515.94663,410679774.063,,0.0,6514788.199811
2024-11-22,26216909526.3785,12761376613.46164,862845219.8577,8611531081.56854,2533617355.5489,7555187379.09411,4521334814.538,460646896.61519,486270794.91574,871663092.863,,0.0,6798994.590282
2024-11-23,11819741402.0844,13914670591.29124,1591002908.2945,5827142639.47687,2669197555.1622,11115946593.63817,4304936311.606,999677613.98589,651755557.00322,914931667.168,,0.0,17842386.062989
2024-11-24,16831814834.729,10467984857.78793,1470075828.0154,4472043684.81813,1647439448.9341,6970570892.13349,3244165860.57,523544136.77364,528721659.34803,665370103.277,,0.0,26429956.877406
2024-11-25,31634790118.7792,21540192689.67565,1275736417.2691,4894205635.95471,1486376096.8693,5635727123.33919,4353193044.296,417502415.882,609944173.91155,1088559254.278,,0.0,24369341.409318
2024-11-26,32058954666.3463,15396679931.86683,1096491608.9239,4005686772.224,1261410716.1519,5428930137.27486,4180594196.996,323017345.71138,470229555.28028,741836404.233,,0.0,23881426.263957
2024-11-27,22446169054.8116,16658357985.87472,777345136.9995,3092160765.08235,1120526459.6458,3636639874.6021,3054446811.87,274110145.52037,450553823.41738,621308205.219,,0.0,15986252.364418
2024-11-28,14702795800.1606,11972541460.78653,1040350013.1649,2270412411.02626,752826085.1566,3407303134.62552,2437138201.966,188175158.58588,267190642.32433,386922832.543,,0.0,7332983.64638
2024-11-29,18512741566.7861,9140926324.62408,566163784.6265,6289693270.51572,1111238418.7977,3640359093.41883,2590881189.326,306648482.23034,247529127.23316,373134207.365,,0.0,8018605.654506
2024-11-30,9004708395.7383,10530300461.19052,805095221.4351,7215744008.83232,1104967270.895,2859894313.40648,1937366989.883,301204409.83086,333347436.8448,402276135.798,,0.0,9187914.166064
2024-12-01,10975143904.8559,9116765142.49187,530806699.2918,8726869389.41545,1113034315.9671,4352527902.72565,2006011730.13,806422265.75193,310826972.24781,384434698.019,,0.0,12557874.206953
2024-12-02,24755123881.9079,16810699964.70914,1136482845.2421,22687182031.46203,2582346781.141,7165711212.68324,4557886612.646,1968820672.15593,2053139848.0436,1635505910.128,,0.0,33254502.144809
2024-12-03,19688305230.3451,13040702466.41318,2206070425.3628,18360651051.60881,2438249676.0764,4332211067.31336,5113577306.146,1074772501.80349,1626231551.68765,1214892942.793,,0.0,58776311.063957
2024-12-04,26698552379.624,21470452009.98491,3378729087.6025,8649282921.43263,1354268597.9505,4139065724.55944,4290426106.778,814708576.09357,1009877062.18454,1045276990.928,,0.0,37349102.551313
2024-12-05,58190879933.223,23960322079.33845,2172190779.9282,8729443566.76518,1652622496.7502,8544848693.88767,6402409276.205,1366262777.4878,762329309.57251,845699176.637,,0.0,48878750.433852
2024-12-06,27983159150.5382,18350269886.27917,1309278186.2739,5354072307.25172,1068638513.1669,3393613191.22388,4159955199.544,554010893.3691,622136306.86158,593313208.442,,0.0,25990277.388791
2024-12-07,9559737335.7918,6195507333.44881,805062211.7577,4423104601.89543,653083501.4476,4269878951.62679,2439614280.276,441210560.73064,546212269.38158,350938012.522,,0.0,12472181.816826
2024-12-08,10964662734.3106,7113810256.06474,683033070.7574,3922731451.77688,905138602.2715,5010827229.02613,2039932069.737,316775911.85147,816312281.78089,491936836.074,,0.0,6667915.607744
2024-12-09,32095240187.1553,24835140845.08763,1989462233.7423,7637744365.75925,1754292026.7577,7585869605.72054,6406085369.859,967418595.78346,1577083385.06148,1159745586.962,,0.0,36621201.887631
2024-12-10,28129042004.1955,20720315245.43261,1601040103.8746,9603303894.25335,1676543206.8666,6635826260.99137,5384888911.044,792070761.1053,1112379966.05667,854376737.397,,0.0,36051134.671064
2024-12-11,21990321141.7717,11214285319.67592,871494115.2304,5280785891.73318,962307128.6894,3816114791.00402,3302862097.549,439925140.80196,588631752.43139,466212796.325,,0.0,13507350.841691
2024-12-12,21703839602.3259,15409323839.82955,961754768.157,4291952474.54106,993826164.671,3215976139.45698,3121252717.78,534934678.47967,1922818671.16457,1023993471.822,,0.0,10144346.609637
2024-12-13,15327839534.2343,9833909791.77788,834857054.5774,3520858044.46555,704893055.3569,2071568679.20441,2442269256.185,448561086.12474,1503747979.84001,608342986.369,,0.0,6198217.610054
2024-12-14,10931716374.3351,7351171432.14136,567016462.6381,3235199462.45319,610139334.8692,2056002973.93879,1993266311.731,343662759.07125,1505475039.74851,468368597.477,,0.0,5144499.512828
2024-12-15,16239310087.6506,7507505193.11604,465834350.7317,2368114915.24507,606566324.7199,1720395857.80482,2017987787.905,303961641.02347,979686226.11346,489695649.267,,0.0,4786634.222132
2024-12-16,28967203114.5623,16710873556.97649,684406891.5998,4623789880.90425,794742014.8083,2456920358.44638,3200991267.022,426515722.26314,1413462695.39477,551690530.925,,0.0,6348461.95156
2024-12-17,21115019475.6999,13360231433.72831,848222612.6711,6471241085.38342,802090113.8926,2263246168.98613,4449838430.118,823767939.38609,829143252.73354,548520671.783,,0.0,6417727.206253
2024-12-18,33924249957.0183,16816522852.99123,1164934721.474,6206275836.60009,1046178595.7387,3605943796.32535,4946333807.689,1045534985.45509,1114421426.42038,674483551.969,,0.0,9255403.858421
2024-12-19,37081222303.6621,24823675205.22244,1323995612.1995,6414367957.12284,1219549530.0863,5793529046.92707,6209854315.149,772166534.10065,1182317891.86792,784127749.434,,0.0,25685575.704851
2024-12-20,37958727658.2742,26389990584.74834,1295012276.0767,7022531548.88369,1345147131.9049,6256196853.39506,6919750458.846,624266782.3331,1026698704.16681,746749625.298,,0.0,38412824.698027
2024-12-21,15758501543.9687,11644433705.20112,760541618.1451,3393646816.88057,885294025.0356,4259880037.83359,4158534249.588,427988019.0529,749749767.43914,511759385.471,,0.0,12417529.292184
2024-12-22,14215963268.6506,9842978680.88034,576282582.2825,2340356035.44724,637963610.9726,2966290791.42789,3162885643.484,312387292.08245,467754742.7588,424222612.726,,0.0,6976970.078582
2024-12-23,23352438472.944,13190179748.46324,986791023.3182,2919671720.9752,717941593.7946,2713839882.40637,3802821985.844,329669942.80635,784933756.55645,501055365.554,,0.0,10084382.626088
2024-12-24,20467193731.4279,8973870641.8296,545803226.207,1972837757.71802,490002987.6964,1827427542.44741,2552223811.177,227840489.77824,642311342.38506,417242157.269,,0.0,5716600.600279
2024-12-25,12284101310.0662,5907497938.82275,475707715.2256,1283515844.86672,351008864.2599,1405681755.03605,1831786293.706,191671487.29187,408641793.75243,262749876.283,,0.0,2931326.09553
2024-12-26,18828963496.91,8516052603.49187,810080019.6632,2063330601.42661,414740413.4377,1597342463.47286,2295833148.04,214434301.04342,432084832.99954,325545655.651,,0.0,4115513.070373
2024-12-27,19664748484.4432,9587300667.28414,684767629.7563,2076669337.05105,463013891.2816,1535512026.80157,2242989445.919,216721940.72131,505720392.49268,325252755.921,,0.0,4996203.235626
2024-12-28,6441586533.2291,3854924407.36522,604270071.3529,910828093.15645,254794094.7475,885921546.55676,1408298033.155,135898859.08667,370300828.88321,167282469.288,,0.0,4062772.322964
2024-12-29,8949366966.5803,4496507392.42402,491340515.4379,1073622905.58544,330325532.1414,1059406398.19894,1746524939.225,141913548.31884,255645147.14475,172732914.307,,0.0,3590185.246985
2024-12-30,20718759693.374,9963737593.70885,584849339.9303,2611983019.77537,534831276.5203,1687467046.93449,2470389161.18,239848162.89467,466349184.88527,327579530.548,,0.0,8444807.957551
2024-12-31,16839152825.5285,7069312807.88444,454488048.9456,1838053168.416,323554631.7013,1447537738.02187,2133803372.857,206968219.0652,351438452.82718,248826571.785,,0.0,5506013.033914
2025-01-01,8572615379.7751,4251757543.559,272686873.5598,2990765627.63076,492570106.5396,975517769.18511,1525021537.83,219313462.48375,380456009.5284,218733237.187,,0.0,4321383.041827
2025-01-02,17520373569.6746,8305215215.90076,518266225.2649,3393466735.11766,560707101.8343,1875040821.54849,3174714368.98,226478769.20973,443167673.60181,299968415.968,,0.0,3340986.424131
2025-01-03,12191508268.3213,8794485642.80913,474509667.5181,2569471365.03223,1345204291.7613,3094164636.29333,2906476870.088,252196745.10344,444297139.25852,331434000.795,,0.0,2640897.406619
2025-01-04,7047067115.1575,6258393811.64672,360334325.1646,1833480813.13023,609784419.4032,2948894523.25944,1532628689.716,157983392.09375,337332887.70562,237002875.073,,0.0,1561973.290007
2025-01-05,7346604757.8706,4607192518.94134,254537416.6637,1709159997.81055,736104856.7493,1719750599.89532,1596842064.843,174013810.38421,271423321.2793,214506359.383,,0.0,2321742.693465
2025-01-06,20828553113.3948,9863288922.11345,757053660.9193,1794107092.98831,674506676.2273,2169480539.60774,2558352752.519,268108479.634,518676192.53434,344048094.122,,0.0,4787228.750811
2025-01-07,25560001123.228,14252747060.47262,821817738.5727,3187888797.43439,1360055065.4842,3949062087.06006,3385569221.138,348676984.07676,499011510.76277,408838039.007,,0.0,8613155.647186
2025-01-08,24890488875.3657,13155227894.48453,739225530.3476,3679205340.81698,1098044999.1955,3352331501.11451,4209065336.415,277875319.06548,518759821.17946,425242637.198,,0.0,8965794.286811
2025-01-09,23994411572.6975,11896491217.83481,645993838.8229,2584239042.97338,753376432.8837,2623786712.75146,3116387254.476,285488398.32033,393338724.70497,314761613.773,,0.0,11992400.695038
2025-01-10,24636484066.7169,9661186776.60014,461506961.5319,2093210636.86027,782868248.2226,2133244142.4193,2763083900.393,248543873.28657,374852182.10975,271077581.627,,0.0,5783978.33094
2025-01-11,6101597708.5398,3857529545.80479,186470435.2612,3245628113.68771,503932376.2488,1055140180.60693,1368424816.05,139700791.70712,183363170.83962,145090714.038,,0.0,11161144.901484
2025-01-12,7302019629.8369,4400527896.12045,186999835.2723,2563915504.00136,817068138.6066,1003565268.94393,1204371819.559,129190600.23765,183731886.20768,148637364.872,,0.0,6587258.658043
2025-01-13,33357739608.8299,18939529755.40154,756225067.7726,4950706219.04074,1050416637.8398,2688611508.1777,4463991913.211,367339850.80299,615427883.49073,456265425.862,,0.0,19261049.313242
2025-01-14,20204491556.2972,8597317910.41397,332965283.3551,3184478028.62045,649906044.2923,2084558092.02455,2074586387.804,174667127.65265,278510746.21488,198513885.191,,0.0,10085628.55691
2025-01-15,21890262973.6529,10893084885.66243,537250594.0501,9330255559.13724,1329663205.0269,2810447570.79899,3171412151.401,420321872.91119,474033829.45424,376958535.244,,0.0,8204701.290419
2025-01-16,21512694586.0727,10868089745.35856,480555660.464,12022016269.55216,1424309824.4437,2821830478.88101,4718273066.96,1299239446.95256,658099006.11641,368491910.576,,0.0,8708130.472983
2025-01-17,25723721360.3901,10352213034.17833,468659968.2891,5628372935.10415,1009384342.3761,3760909801.41275,3984455541.553,1132545049.99313,520902955.54615,305751866.172,,0.0,7646218.940136
2025-01-18,17403566499.7749,13548917336.79446,536334516.9492,4915442018.9765,918536649.4924,4702009059.72103,15676400460.984,791349148.08587,668949296.8613,381525534.594,,0.0,19976320.781468
2025-01-19,29174848452.0504,22763925109.29559,929393427.1269,5657096549.09309,1449316136.6535,5339216309.19268,19674237963.823,849017271.96448,1219915201.06816,581215025.714,,0.0,36476909.879789
2025-01-20,55636481995.3162,21889087510.73756,971140451.5278,7505250728.93194,1366589741.1722,4787743084.57496,12943712158.885,777402270.79956,1665289837.29565,677079227.995,,0.0,39734620.231369
2025-01-21,28422391304.195,9966801739.68548,457248862.6754,3408252734.70029,734613439.5855,5969907806.26164,6741174177.496,430920809.76284,917594992.51577,336850969.282,,0.0,21062461.764173
2025-01-22,15829573488.171,6660317063.70819,328783702.9799,3049464011.09399,473562584.6293,2036525341.30837,6627522100.508,273549988.87716,452973286.32405,208579990.741,,0.0,20244836.548371
2025-01-23,43515004634.5494,11472361370.01663,475515231.0343,2882122371.60328,655911402.3227,2214620001.29778,6687392006.854,316498165.93384,668058596.55306,327417296.826,,0.0,5659586.052464
2025-01-24,17435123504.2742,9802499198.84368,342248602.4698,2068200796.56606,441832829.7152,1392278267.26826,5353659711.85,514068711.75136,427348911.22523,225687244.407,,0.0,3043120.055661
2025-01-25,6869072101.7618,4677740699.24074,193444616.04,1040769293.35131,256919940.1956,1098233921.82591,3632281526.798,721888326.43284,289949248.98508,206944424.257,,0.0,2425623.287829
2025-01-26,7903655326.0526,5270139297.22366,286995358.2591,1214201630.43177,306808651.4311,877078290.72714,3145277678.503,336968815.34758,361968570.81248,239360379.69,,0.0,2677349.25025
2025-01-27,32694557659.0746,15403932237.78285,780522340.8616,5626995617.16684,822889663.6362,2762008240.74374,8050449053.242,638232753.21526,779706620.90057,451223586.038,,0.0,8957987.721694
2025-01-28,17380446310.6614,8171948114.91113,385517770.7815,3563394079.00156,495448151.2172,1467141863.07493,4173248404.357,298845752.33184,369191027.88352,279803952.851,,0.0,2748185.745027
2025-01-29,17464739221.2713,8927573088.10282,397435594.5457,2644584867.57846,500192136.1733,1423992036.61083,4558915039.853,376375230.59498,495507731.86258,268045613.624,,0.0,5595214.601998
2025-01-30,14403072504.9993,7974693345.67408,269716636.9467,1565729594.90198,362923082.9862,861739712.12211,3361746754.386,813766615.36684,370853190.15251,177983602.409,,0.0,4487451.917432
2025-01-31,17878626999.9051,13725006593.75213,293171027.8769,1591708147.43431,472368305.6758,1342717381.83472,3121444996.028,578242832.43573,508162507.86085,249932841.362,,0.0,7946072.338603
2025-02-01,9240331525.5912,8499351382.94312,266441233.0392,1861412380.04722,353741240.3591,1078206611.46871,2801626077.931,466843113.96995,449104295.07644,194648376.023,,0.0,4004535.988242
2025-02-02,22949597609.4826,19055247283.49321,800756558.0397,5535700742.10782,946212708.5765,3620029050.73388,6781262632.18,628621200.99857,794386888.97359,504963067.399,,0.0,16225334.980549
2025-02-03,43861859909.7187,35522362935.68567,1561953996.1096,11290840299.52748,2090480537.0228,5338618865.40609,9525171551.669,1052853330.16277,1407268426.14213,784907049.166,,0.0,47656229.648052
2025-02-04,26009379200.5607,18187127049.63802,814215201.8097,5481616842.34671,1040121920.0003,2734427239.05798,5724973623.291,492643534.47434,746481800.66885,380601154.976,,0.0,15243925.733409
2025-02-05,14787603373.4395,11224931437.28863,354976770.0702,3025228432.30805,530657017.5756,1185342640.80352,3195017079.912,427159190.607,454705027.13376,239620251.913,,0.0,6535214.345765
2025-02-06,15732382004.6025,10141418543.39581,452501070.6922,2752059358.22331,561598512.6936,1217123115.17203,3431270479.897,442852002.5221,399611109.46252,255001653.422,,0.0,5888027.849546
2025-02-07,21837468262.4659,10974565824.99491,349855437.2029,3681792259.6809,520050917.6444,1232907411.28424,3844932058.837,404446584.99003,451355944.28969,289879615.866,,0.0,6691259.809685
2025-02-08,6644122527.1204,5096919779.54318,675008948.3249,1422255563.54983,290266006.4713,624810840.60908,1848034270.787,192524504.70703,214015651.41546,149786177.701,,0.0,2974915.391952
2025-02-09,9736102711.9428,6517077908.61138,1096637256.0072,1737970262.57928,373103452.4265,797207155.64297,2827113414.112,287079948.76643,308994909.91822,209563447.163,,0.0,4033303.452343
2025-02-10,12909986839.9299,7161385120.35718,637077872.7479,1806403588.43055,430831588.6948,922073970.44366,3109434925.368,717054780.61564,358784406.05832,217188342.368,,0.0,4270580.404649
2025-02-11,14974331187.2319,8891252694.05344,869516709.1868,1868241445.32643,1070924445.0862,1280222078.65645,2853670664.745,924901907.57019,362496409.63563,225317645.265,,0.0,4619428.8255
2025-02-12,19439638352.8794,11338821415.09216,1461721314.2381,1833571457.29949,759557277.0614,1363957365.99451,3227525998.767,724731555.86183,421773874.24176,256062306.237,,0.0,7408754.223704
2025-02-13,13680787136.6768,7647282889.61602,3019028156.4533,1787640817.84958,575968317.1009,1013091084.03836,2151448962.04,665075298.6824,290962318.55322,179193649.442,,0.0,5772138.305209
2025-02-14,14050947379.4366,7376575654.51473,1025785509.9836,3709921361.06732,549711386.3194,1648776041.27476,2642668189.838,710373407.14423,326806288.04225,212975673.566,,0.0,2671042.732103
2025-02-15,4625304231.2128,3475638111.76326,498327679.6604,2019337508.07698,289203154.5169,1071321962.71638,1473301783.862,727593387.55055,205527410.37684,131712701.338,,0.0,2395881.845761
2025-02-16,5495964821.8901,4018205916.31638,704937510.6778,1438472972.53889,303331474.1713,728759142.24105,2095136818.156,762194314.00281,209797214.63402,125218472.574,,0.0,3204913.794224
2025-02-17,10136667892.9053,11283662723.0256,667024347.6393,1908270995.86898,743220334.4486,1054784597.18187,3913264020.415,607153502.83856,354801400.95935,196166873.237,,0.0,3084108.185693
2025-02-18,17034410558.3045,9562328030.28426,733294974.8494,2193794639.03335,660537637.0383,1053823237.76072,5875341774.95,834020917.42536,386200249.87564,261197224.135,,0.0,4643813.163944
2025-02-19,11992996490.3516,6500235666.03633,631677939.5789,2057969351.42379,481527465.1159,713222906.09993,3654223014.438,1095620878.6399,263533136.19819,183787291.339,,0.0,3317450.62644
2025-02-20,12598925800.6449,6466026934.31328,431860562.0119,1795796117.54959,389089641.1487,737271208.5522,2710200220.524,880257498.02091,281827736.76837,226440373.729,,0.0,1802459.926915
2025-02-21,24420588679.3015,16395699595.42658,659007810.2484,2454547906.37354,579863393.7105,1311368917.33921,4116074682.904,1478750725.99724,415890588.07949,346505696.296,,0.0,13013541.964339
2025-02-22,6345520284.0928,6842920190.09954,656632108.0977,805236994.65845,244745384.3502,571895997.662,1643188678.466,462167414.3677,173355181.65414,197462059.397,,0.0,6535728.753502
2025-02-23,6647362791.999,8691240349.6159,335233345.5686,915099069.56845,251060774.1005,478924201.87292,1443069387.62,360795432.97839,170840004.41083,161503762.446,,0.0,2813229.503582
2025-02-24,20543195679.4306,15678064597.92875,637083772.033,2803688037.57029,553746784.2769,1677713539.12892,6266379309.328,846158771.50548,442126003.47635,322971613.988,,0.0,8029410.451251
2025-02-25,41894200562.9206,19928703161.05617,983922049.6105,5329829927.96248,777123599.6782,2342184052.48214,8135265001.815,863301627.06859,620270350.33125,378865079.309,,0.0,32622341.665333
2025-02-26,34536661991.6454,15709746317.00698,661924418.579,2912088588.05689,493270419.9637,1482241316.91335,4857935286.13,1136858847.4235,413408840.57102,296451119.318,,0.0,15332542.061231
2025-02-27,22931080203.5431,10613578529.53697,475216542.7269,1844622589.1915,388963495.1683,969381439.77473,3490909303.44,987021797.65017,278518312.23473,230905385.72,,0.0,7944053.922348
2025-02-28,43686395142.1932,20155770931.98017,844004621.1249,3263606532.52959,576150624.3839,1974072868.6806,6913128803.493,1191617429.28956,461186644.67873,358997969.437,,0.0,12199734.457739
2025-03-01,12515888419.9825,7675941044.45444,412102694.053,1316553139.24055,342239162.9967,844526131.65595,3260327550.925,445419867.91857,228065756.52027,170908418.151,,0.0,3165726.258455
2025-03-02,32943383217.4127,19298748978.3224,626682740.6214,7327407048.69742,5374306505.2323,2035324442.97356,9234334967.222,860081283.94466,491929600.47568,339268016.703,,0.0,9127303.445978
2025-03-03,39107649568.9303,17763555710.17462,684049761.5122,6329108493.19883,5924135680.2615,1967771534.08511,8486931451.791,968521794.55892,551678819.42436,428527502.192,,0.0,6542509.692071
2025-03-04,36591012063.2103,19172619410.64978,714488193.9161,4882396005.00458,4234508027.6163,1535946552.28254,7037997102.314,922151155.59727,665099724.45515,429560066.568,,0.0,8980610.907855
2025-03-05,24826777816.6592,10203548846.28264,371840975.2731,2528654749.52306,2888670483.8054,885356229.38296,3710961451.163,441545821.92561,507246644.7148,344360408.226,,0.0,2350641.094675
2025-03-06,27350634937.0079,10285345864.60901,373527483.4695,2937454454.34516,1804823454.6128,1282316859.76117,3535617520.749,562635343.95158,607092301.18177,301358554.319,,0.0,4303668.633751
2025-03-07,39785179157.3045,13304167980.7921,510595641.9886,4339513281.77659,2655419545.7208,1269200566.6469,5248705203.848,539257198.12366,729142648.63444,344793378.863,,0.0,8543747.900047
2025-03-08,8274279764.8036,5789724228.38603,205256100.9795,1311919544.24893,912652129.2722,562439820.24617,1661095613.099,328626584.90349,267672799.95001,224626257.125,,0.0,2268414.101171
2025-03-09,18439154205.8068,9975230599.77414,434201710.5814,2503884167.83227,1248563946.0994,1304561623.18609,2901135651.346,435243269.05577,334501473.19601,281271286.231,,0.0,3735628.436468
2025-03-10,33576468153.0327,18408884029.1897,605340762.6773,3231165397.57686,1440013663.2976,1553964809.9217,4760102004.822,529737034.24074,483478789.27819,375879630.421,,0.0,5902007.72595
2025-03-11,31496850047.1384,17227796967.52857,861241450.2498,3222654808.15037,1318786449.2848,1672990659.86224,4560385760.796,501698882.38897,506516810.33016,419088266.208,,0.0,6422732.632061
2025-03-12,25257040236.9463,14203682998.01653,630859456.3517,2727250138.52365,951419715.4483,1156893825.77652,3566589700.964,313580557.78396,376061644.87836,309794825.896,,0.0,3710832.488747
2025-03-13,20339091216.6417,9948069773.52003,1184011209.6303,2321407939.37977,793047435.0028,981932430.91929,2694723663.521,245711103.34455,293767041.03914,289532568.282,,0.0,3605893.800971
2025-03-14,19480400183.0068,6671244395.27386,339454221.4791,1803767578.14167,597525998.0914,681370546.35913,2785703895.264,219215991.15552,800835210.06341,260343444.016,,0.0,3266224.976143
2025-03-15,6452002481.0053,3622201820.5788,390021081.5758,1546576415.06757,403834746.9044,463090448.12856,1576852669.225,173434248.38895,250640595.46298,324519305.072,,0.0,1997723.604243
2025-03-16,14560229989.6632,6011743941.36257,499131235.435,1763468618.40158,612754284.3442,750609163.66539,2623667285.699,229457139.28191,251466322.55653,275195128.82,,0.0,3855540.21831
2025-03-17,15243760952.7371,6139548873.01509,1063012706.8284,1380609237.65541,466520160.088,727952130.85133,2396631183.166,304427324.00996,243102380.10275,215660778.692,,0.0,3550398.579337
2025-03-18,15546964609.4973,6137726089.38187,818537020.9818,1512103143.20659,447164970.8291,674583198.36161,2205642676.779,263693128.41517,249883759.06739,265435188.183,,0.0,4343158.166129
2025-03-19,21278400806.1707,12803727155.08538,825906328.065,4548000507.83969,641757481.2632,763377796.39683,3159831962.248,346916723.46501,311166479.25449,299433975.465,,0.0,6497171.008283
2025-03-20,20712134490.6818,8041021162.65686,995634219.2181,2268975116.40246,522080713.4061,654280380.87896,2147459352.513,214434797.83542,224618385.69444,207786216.265,,0.0,5891739.024905
2025-03-21,12128213315.5817,5564742710.62003,459260311.055,1442515909.81129,338220547.4556,472544670.88556,2059132889.575,184125387.24162,171146206.01969,183325804.437,,0.0,2557746.015207
2025-03-22,4391946161.3191,3416534601.99354,293349093.6401,777844776.23001,231085196.877,280730028.58584,1255584067.207,118039099.7315,127248692.37035,125576642.949,,0.0,2639086.621151
2025-03-23,7717260188.0899,4319576854.2484,259318310.2483,808409772.52341,293023415.1663,398915913.63474,1476761830.31,106568945.4093,147921662.19061,121031152.43,,0.0,3113174.385509
2025-03-24,18432550277.6387,9631402684.10723,613336106.1638,1313442338.68267,480691987.9152,968014263.59952,3624378177.477,268873039.58581,285467761.93263,353391221.528,,0.0,5689669.446753
2025-03-25,15155815871.099,6691890455.3985,735443246.6479,1126125646.13037,624642939.4863,1195686408.75537,3318998271.545,225561498.09006,205455874.58767,347625513.448,,0.0,2125347.54719
2025-03-26,16368183043.4019,7879878138.20578,387207344.5444,1380927935.10572,579578293.008,1719631568.50661,2895393384.01,271673950.84461,240789108.20333,269694304.649,,0.0,4410995.022411
2025-03-27,14210148345.9687,6574214809.55443,1007940817.2615,1174987099.4975,365796578.9454,1096925935.40367,2217761474.356,202059229.75998,221219961.85224,186443033.166,,0.0,5004426.226402
2025-03-28,18906017105.6124,10883235596.21066,505842517.0951,1730300469.53272,529125913.608,1081337024.10681,2979827220.674,282148099.82374,287198926.06839,318178975.48,,0.0,4070653.984029
2025-03-29,11234711035.3115,8107139348.98921,502028218.577,1809365559.08952,444762476.575,931787827.625,2312363384.278,198909950.19296,195855854.25661,240729363.225,,0.0,3683482.931982
2025-03-30,9064725716.8179,7004957696.269,340353450.9618,1524658989.09055,373655673.1234,656814920.87923,1740825776.594,161288254.04827,186954259.49512,208731140.099,,0.0,4773218.71134
2025-03-31,17489658395.7987,9460349315.84653,512375139.7763,2070190509.76232,542426319.2634,1012300015.16083,2804193000.561,280943251.53635,241226681.20064,217295112.154,,0.0,6071829.558905
2025-04-01,16592830383.7936,8777533006.34936,862087297.9167,1932700968.09298,466192931.2279,834123331.69311,2670482399.895,181079667.5043,220888135.52019,225002591.704,,0.0,5357815.220627
2025-04-02,29832752692.1704,13280295671.59771,759040342.0336,2671642941.67052,598283408.0024,1402614533.02637,4310834366.146,407553483.9336,459005945.11107,356602577.763,,0.0,4139792.222677
2025-04-03,19745607618.6561,9300377779.3857,869503886.366,2190688474.32197,456528330.7517,884679414.71023,3477501007.88,238061666.68208,286729430.99809,255647332.549,,0.0,5137211.515676
2025-04-04,29383845902.268,11189347191.90998,442618369.8534,2525727865.46217,546299230.2253,1298820988.14094,4266282533.913,221580500.7683,324274327.48687,281741655.188,,0.0,5370608.685551
2025-04-05,8287351555.4536,4240858358.66691,170001909.6835,1046861751.05139,224623806.6645,457566264.95738,1558377770.164,96727808.15181,128035972.82344,113989964.081,,0.0,3900843.41112
2025-04-06,22582931441.791,15611375780.35225,577653369.6766,2633893975.69802,548867914.6859,1167104933.14205,3963515837.547,391880059.08407,340713920.25349,310146853.265,,0.0,8463755.640535
2025-04-07,53937100469.049,26972327209.18665,1068127558.1847,6964865976.04921,1165765233.3485,2499117168.71418,7822292709.095,612066721.99896,663026319.88862,546502007.09,,0.0,17175832.609278
2025-04-08,25796580911.5206,14045598156.5731,457681354.2504,3332464248.65593,790291532.9652,1326998776.73911,4156408037.223,252959146.32801,385735857.356,347099717.934,,0.0,7306941.445306
2025-04-09,44072322884.0975,24474452374.02393,728402746.8663,4209036377.58407,928625469.6229,1814186427.22337,6145552540.4129,400924211.02243,495859803.86251,416521147.876,,0.0,9108665.65412
2025-04-10,23687469484.8299,15502627233.05013,621817513.5821,2415235706.31553,527046593.8071,1046395323.81008,3187912179.8264,210569935.32281,287165381.98996,253759615.531,,0.0,3050974.499376
2025-04-11,24267636755.0135,10065984172.36663,301341919.1747,1673894008.36109,441448917.9856,656735950.44362,3225973050.20308,166244311.74077,221982933.23135,245979040.654,,0.0,1949373.809655
2025-04-12,13313650656.6862,9064527082.06725,275197495.7048,1526803899.93652,381698481.0374,699853630.98482,3639129914.24716,162277776.6435,190638305.24981,269886307.644,,0.0,2280312.028851
2025-04-13,17457667797.3317,10425865231.3282,260108416.3955,2141711235.45285,383207862.4445,781759280.05544,3549711016.60084,174080337.22495,242656664.18764,223930536.162,,0.0,1657410.817802
2025-04-14,17726843976.2684,11461353410.02934,267332711.1858,1463081853.99306,429060305.0334,811313310.73177,3946675915.42302,168378204.3004,273145344.77891,260522320.659,,0.0,1252893.58373
2025-04-15,15709860552.1604,8655053492.30134,242592468.1821,1337384547.95165,415281297.4272,648657414.1372,3051296105.12022,137403395.28385,241152968.07954,209670460.232,,0.0,1384187.710964
2025-04-16,17600465000.7882,11399051627.39225,268183421.6824,1696893071.10557,381606611.5266,749102822.77772,4267991232.20938,177215735.29425,253620446.04098,201086689.637,,0.0,3278438.975793
2025-04-17,11925437240.4436,7867233863.14387,238311561.1137,1202992862.9387,271305952.5417,523220792.75294,3443935495.36339,132365222.12878,195001689.30664,159808605.254,,0.0,1164519.562738
2025-04-18,4669701038.4181,3807791936.43141,268027157.7627,800273637.56753,228277587.9706,375990578.15207,1948510320.21956,90241184.74444,127865142.32515,100833571.288,,0.0,599102.687686
2025-04-19,6243873371.14,4018736527.91098,186186529.3804,626385811.91046,185740107.9882,390804804.23545,2458297733.24948,89572809.09461,131386571.16666,144339663.429,,0.0,476551.385365
2025-04-20,7672458746.815,4922880313.28205,203273308.7823,773896134.29619,233800589.7436,542030901.84233,2540662291.22654,113117762.86568,190872322.60366,127981222.675,,0.0,669171.270492
2025-04-21,23894438019.9122,12051145787.21652,347483493.2061,1379672234.69383,430586058.7222,875472857.71665,3909054007.44126,197895728.8445,223128685.09671,272843790.912,,0.0,1260361.577242
2025-04-22,30146810687.6233,17105891545.17911,395169743.5073,1924407193.23914,563456375.8132,1281836908.721,4278616766.70922,222107666.74139,270814262.64224,329573624.278,,0.0,4158840.56082
2025-04-23,21736791484.5585,14884457486.24906,502857032.4126,2206311757.13992,638066773.7791,1345210875.54056,4122695404.33949,211284242.21368,350258832.79856,341834355.002,,0.0,2878935.401493
2025-04-24,14589477688.5148,9233374360.0472,333852957.3584,1868655335.44574,652715884.8525,1114691859.4814,3320960499.67712,165636964.02149,301830357.37079,217138259.115,,0.0,2028749.224806
2025-04-25,18114328489.7902,10683768505.19271,352413197.7707,1277767560.78282,598681645.3599,1140576434.44039,3745310743.08896,179826214.75998,313951717.71116,249775594.097,,0.0,1807450.344292
2025-04-26,6848477987.1194,7150557099.82798,217794125.03,950757804.18667,380191980.2436,934458968.66721,1809760403.48766,132908452.96013,185792961.03903,200056594.659,,0.0,819592.009637
2025-04-27,7891352346.555,6545876836.53077,248319635.5366,1668790934.4174,352226686.2862,743500486.43807,1924888735.44431,116565445.52898,198883520.13979,203943733.014,,0.0,1483996.692503
2025-04-28,18333704018.2604,11349439257.29635,285678032.338,2130000730.71403,546059894.9268,968531275.31942,3553633481.98802,188316178.93138,279585026.82596,283357065.528,,0.0,1873213.370897
2025-04-29,14010734428.5148,9636124239.94526,327656294.5953,1235504753.58194,381117870.17,786698896.67399,2493274398.61925,187123362.41566,227951049.41546,210241501.96,,0.0,1327371.07862
2025-04-30,16099511642.4903,10019083575.07204,299749123.5437,1700333005.02984,364625365.4375,792971126.88244,3168870418.8284,177935121.32124,198082829.83294,218184585.95,,0.0,2677566.35903
2025-05-01,17724494702.1216,9845482567.69241,266598061.585,1000572003.08602,370226745.4296,746395506.10222,2826928278.59595,216190164.84849,189499263.55112,221482981.96,,0.0,2347819.411756
2025-05-02,13503167893.5523,7960281598.84561,244789101.4216,944598139.05263,411930623.1806,696936609.1645,2278372150.08599,163193124.66682,191600759.4067,224640019.65,,0.0,1287194.547715
2025-05-03,6871382895.5311,5123783033.42071,180015957.6449,645692166.0658,479681798.6904,482091961.82518,1500516467.36834,90910942.0228,134342010.38627,131264410.904,,0.0,1207499.752318
2025-05-04,8988011491.011,5590079217.0753,280427251.0989,823268017.59512,422802928.2102,565704213.24759,1776616934.63546,118895607.68676,147076382.83165,159425472.879,,0.0,1488386.002962
2025-05-05,14600852881.6568,8394316571.89672,345704243.1092,1226159355.90987,433218811.0822,641218967.70899,2394014590.97133,300378023.35613,219569356.72132,202339041.304,,0.0,1390869.841542
2025-05-06,16444015298.9578,9539152683.93454,313284087.3244,1173225217.69267,415017474.1908,810695112.34485,2466744460.41621,353815417.54632,211605070.61049,219711936.593,,0.0,3192272.531755
2025-05-07,17927424779.6889,10500877576.81347,349723761.2308,889327788.43697,409498344.7936,686530208.04984,2755692325.06035,462572828.51352,233623140.14853,218087740.331,,0.0,1807509.268057
2025-05-08,31823810370.5613,26775043415.66911,605319463.1116,2195466904.38141,813692409.2473,1456789249.54687,4897171225.89095,402112459.24379,444484211.8248,369945432.454,,0.0,2409530.45588
2025-05-09,17811570329.7221,32335300573.60659,727344991.6634,2707278400.14326,808082297.4898,1836039926.42401,5808984740.24358,402617452.53936,495157516.4855,456334320.145,,0.0,7884542.678316
2025-05-10,10820371034.8627,22823633374.33704,725447098.4515,1866980445.45946,709199884.0792,2606837661.28654,3323468710.19535,370089999.06762,420978349.72598,386043055.336,,0.0,3462315.856731
2025-05-11,14486322662.4281,18805426565.15567,475023197.6615,1678429817.01688,595655249.983,2837035071.52474,3887153266.72291,325028846.09917,388284122.43965,319859516.683,,0.0,3614985.317533
2025-05-12,26551603069.1406,23177645097.88142,987147532.8069,4800563429.82361,959560486.0313,3321332363.5646,5913623058.20352,458322821.89382,543520429.28767,471174365.102,,0.0,6198556.608281
2025-05-13,16783134050.1225,22321674127.76505,591498583.304,2618088802.70921,631838171.0242,2032276251.72993,4712088652.64072,374933295.28524,437262436.58342,338687320.674,,0.0,5527046.853465
2025-05-14,13068576865.3795,18124941984.93919,415449838.9331,2328708959.22494,597910709.5563,1759983181.35371,4053510095.44609,356319010.8425,378183289.36342,357469116.755,,0.0,5077542.931938
2025-05-15,18109801387.1545,20701781487.27752,489693785.7592,2428620176.04533,726822241.6029,1956351910.45786,4368660559.39631,364848237.23817,399945461.19176,426698189.221,,0.0,7327020.225097
2025-05-16,11990203384.412,14259348442.34683,348561972.2575,1567556939.08433,370965511.9446,1308648302.40444,3092433892.32058,217967370.79228,278359661.3699,242322911.103,,0.0,3738860.929308
2025-05-17,9316018419.6171,12632025371.53351,285390202.0165,1330692352.57673,500969191.0392,1057755666.4602,2791983025.60287,246716125.06,249161416.02365,225084585.804,,0.0,2852518.98113
2025-05-18,18124062039.3125,19985490224.21014,335289808.2831,1429093746.65293,491608437.7106,1727435456.64999,3770916490.04323,270913008.07337,363484875.76873,320880480.509,,0.0,4708677.294253
2025-05-19,26840364600.388,21684230990.30493,335830567.7258,1662350555.58828,446666542.8177,1543290256.84113,4478284844.15633,267227203.70576,338574283.97082,256607452.17,,0.0,5135451.012729
2025-05-20,23924084086.0768,17457148458.04838,272646219.4591,1240621510.93392,393225551.7872,1412231596.97681,3679410821.40984,377770938.08027,330794665.74139,240349170.043,,0.0,3467505.372106
2025-05-21,44576303267.8202,26847255635.16949,682841337.2928,1907063901.5714,561870539.2066,1992414550.14477,5615034929.28996,307905089.93082,488447554.19878,344461789.954,,0.0,6249813.128651
2025-05-22,27295716075.3018,18416807932.67231,516125627.8273,1328384524.13334,408545382.3589,1699741660.72972,4117482141.10314,290823327.47359,331761510.08757,390408847.976,,0.0,8654925.28751
2025-05-23,30543709259.4438,23651003468.51325,588930293.9164,2068297102.82524,720729541.4834,2433790643.19263,6744159081.14538,388751673.25211,499589972.98424,462587271.399,,0.0,8319483.847726
2025-05-24,17895241893.0697,7010178346.24612,302793439.2802,654833192.24523,278451004.9006,749384834.79003,2504363818.62593,134113179.97291,177709450.36994,197986036.262,,0.0,2268295.620903
2025-05-25,17159184232.0091,10112388538.50681,295165174.0298,973627056.77342,365376173.2087,918359280.51358,3118928034.6902,134313139.37731,204847794.47648,218185017.09,,0.0,2405434.417478
2025-05-26,16103265896.3352,9600977643.38416,230963959.5148,777734983.79679,313821457.8259,893264704.44284,2613947065.55367,140165546.23196,208370278.72776,232205898.004,,0.0,3186656.497672
2025-05-27,24452829099.8677,18256630414.12917,504345330.223,1079139155.4409,334548786.4049,1122440540.59877,3297438061.85087,183155413.26385,242897593.88026,250696374.813,,0.0,3315991.717882
2025-05-28,17119395349.8769,13632284869.34801,380356661.709,1109985801.74023,324162712.9449,841573994.66937,2915393055.97604,175414411.1233,238080057.02389,219188811.532,,0.0,3045584.849446
2025-05-29,22850297579.7762,20452187002.00675,466281679.5616,1154256798.40224,383875259.0246,1191512296.02622,3162342956.99955,249518232.21317,316424836.21449,323204699.275,,0.0,6033403.478654
2025-05-30,23083176001.5792,18079390292.1202,398320942.2931,1877489509.588,527419233.0491,1620690641.81087,4077467012.71926,317572275.02906,366331965.94946,350586912.278,,0.0,11437844.607622
2025-05-31,10771231013.7278,8685292710.63833,267437753.2098,1239630427.38821,428676443.1415,1224802713.0894,2572639926.02528,167574019.0666,236603869.45306,213125059.893,,0.0,7633529.362934
2025-06-01,10189734693.2765,8755165625.15367,236358144.5682,780406502.42947,360401715.5086,798059751.70353,2392545486.89476,120607754.79244,176206695.99811,139720735.162,,0.0,3782015.302353
2025-06-02,16568774033.5745,13325178539.07842,285845661.4828,928466615.4684,341730161.9049,871987281.75185,2937008967.22585,155086182.86533,191584368.11115,178254795.639,,0.0,5851890.732581
2025-06-03,14728115908.7851,13577160885.2253,299302662.1727,1143513018.85588,351199505.4684,907795921.85841,3467151622.84246,131600197.87199,216231977.1046,183763542.068,,0.0,9277899.813452
2025-06-04,12459563151.8403,13890243223.44595,264299735.7331,865701694.73103,325511615.2973,717706357.8667,2448718871.02325,135478676.66626,206302456.19892,187027676.104,,0.0,5968351.595067
2025-06-05,25426533952.9847,21556669894.86718,572076168.9043,1494523865.46578,556672862.2152,1603370012.60237,4209307968.7747,193769165.26067,330212919.34899,313456180.288,,0.0,7986172.671591
2025-06-06,18075103218.6038,13390557409.25552,333135202.4732,794314325.58091,394107386.4474,1099707761.33271,2733120762.71072,131081331.35574,204315371.26672,194699957.613,,0.0,4529474.124682
2025-06-07,8393331490.526,6733132072.13929,186749646.4818,426973077.4134,229608915.97,833478789.02202,1708349293.51681,85813392.95299,167760509.11757,220567889.901,,0.0,2600146.980933
2025-06-08,7939013396.4349,6620003823.64801,157566159.512,1234398516.81394,319230136.1958,640663354.21698,1898566904.78396,99065974.65927,135199109.93412,230926473.33,,0.0,2443698.514462
2025-06-09,20800388814.9273,14246910954.41894,263397483.2052,1334092233.95548,381329058.6476,1105281890.09449,3241582117.22698,155619454.07022,210767334.0627,304305642.896,,0.0,3454375.139629
2025-06-10,16647654303.5421,24154747930.96526,396836026.8275,1295944356.49592,519058957.6686,1209629038.45813,4554998235.51454,223585662.42345,490228878.77253,341489481.261,,0.0,7141516.492288
2025-06-11,14691641846.5674,22221851409.53581,320782774.0768,1402490506.50012,472749269.2574,1463602331.13342,4356174379.2279,214702022.21514,386049883.79822,323440788.38,,0.0,9498057.581359
2025-06-12,19916220925.2797,20158025803.52708,313120763.7375,1116259706.26616,388928549.919,1140090488.91953,3557538494.86849,202369859.31574,391964249.09219,281622031.217,,0.0,8556099.717183
2025-06-13,25704797377.6442,28202599088.1968,426766011.9347,1722582969.59749,520465167.4108,1442182734.23922,5164558091.84504,229579938.03501,399057927.73888,382520363.078,,0.0,10098825.235785
2025-06-14,8391666383.1509,9006633899.97699,190647010.4307,880225414.70517,227000829.0557,610087681.45109,1734822405.22731,105788201.56091,166792636.96872,142500305.062,,0.0,3245357.899778
2025-06-15,8299752647.8676,8854576371.88794,160255386.9463,599431897.65745,187615505.6348,704942969.26563,3234432681.96045,80477863.39077,158570014.83423,162347698.582,,0.0,3227213.676817
2025-06-16,17887208567.0373,18500985118.57673,225703836.7312,1963302426.32944,340240477.0976,957841109.05005,3828878278.15989,148418618.54927,258312243.84047,244359804.344,,0.0,4478437.765013
2025-06-17,23808393905.4278,20276853861.58318,357357792.9803,1739599479.15624,416939668.4728,1079037114.41343,4172082541.89695,176895079.60516,296712180.58564,267980013.277,,0.0,7132831.167175
2025-06-18,18052952724.8775,16787444513.8059,321310024.2651,1252622294.57934,350113901.5425,839013147.4994,2937088683.44442,144334813.40215,240242075.30825,232468002.486,,0.0,4000086.869533
2025-06-19,9170655647.4608,9226215331.05735,171917373.8018,663733392.78261,214187610.5788,537367416.07693,2118440141.9645,116136367.5043,189157077.72941,230183749.782,,0.0,4351564.709677
2025-06-20,20795551830.7014,19117430362.24391,296157545.2041,1187429048.97361,369211234.9387,974168458.77272,3999869387.81857,177266701.77206,250611423.72791,252398831.725,,0.0,4597270.748868
2025-06-21,12390156115.4865,14926463759.4515,294067748.6591,1133551537.61566,286480751.4301,681122618.98913,3099049932.173,139912879.6967,220020705.40988,236819426.523,,0.0,6187021.914581
2025-06-22,29530840749.9246,24395034719.55417,476561777.909,2343448041.48561,564633120.2724,1440132196.48589,4586891456.61564,251244786.14295,392118405.77613,329400656.164,,0.0,11607469.242296
2025-06-23,30424122122.1681,23160060525.87008,439378962.987,1946505753.72106,495817327.7054,1310774071.03707,4936961815.42204,188787811.48429,365661495.01392,350438104.277,,0.0,9610233.490009
2025-06-24,15211187542.8234,16167058360.26545,234720882.1975,1489317030.82606,307106160.6409,850936539.32887,2795519646.4676,130550590.45438,391426567.82259,247310299.341,,0.0,9261987.563539
2025-06-25,17055576325.5144,12136042753.0774,359553064.6847,1046747702.90887,262213753.2093,748493412.11101,2578184524.1205,131994660.05163,245432876.15213,199320484.56,,0.0,3490621.719135
2025-06-26,12286992617.7236,13986888156.9707,201627218.5995,1270007818.81808,277167797.3432,857475744.36937,2982922158.80539,146781609.25194,223116482.25723,196488847.833,,0.0,4059605.981129
2025-06-27,12685404247.2056,10621563197.78729,168134955.2443,1306932308.36958,242761667.5114,655030809.81389,2704515562.14532,143851254.18888,200882653.64814,184823035.953,,0.0,3831335.312909
2025-06-28,3824571878.0348,3723317923.01957,84006091.7152,910751097.06092,147027360.5093,385738013.47805,2611863451.62997,101185182.72152,113769204.96996,113318112.474,,0.0,2043362.264112
2025-06-29,8563401844.1215,7537795437.65051,132750001.2222,579857598.52606,236259643.0726,540449346.74451,2145063461.05233,96686844.14393,155060706.2419,168775728.768,,0.0,2497688.643935
2025-06-30,12341253790.3646,12818199456.88197,204031535.5557,1625504730.22148,425694325.544,794862391.94613,4402137111.46471,169220736.45556,243759089.75132,213816070.051,,0.0,12142239.655327
2025-07-01,12798966761.0981,10982509466.22594,189716681.8595,1334363535.00139,386203524.7267,724512364.95204,3271666492.85844,151443266.45454,173065716.07778,178693624.869,,0.0,5165626.465353
2025-07-02,19179636772.5586,16554772337.67924,251987600.2254,1670573200.63843,482922500.0344,1163422759.31415,3424860298.44887,175355806.10762,245563140.96695,304423429.103,,0.0,8296817.865758
2025-07-03,15492329480.4931,13647187156.29036,203221196.9954,1557044814.00806,420321272.1315,1064051393.25271,3061894611.32734,320185616.75844,270491156.2036,229490720.077,,0.0,3262268.126803
2025-07-04,14316422935.2606,12725393707.41595,188473224.4027,984196669.13673,317924702.3889,986401407.24932,2647165809.62536,228267623.45393,232236161.01534,234555527.129,,0.0,2906867.526417
2025-07-05,3960654262.1664,5052102986.64698,98945860.5766,470329073.36219,177198601.2348,409436227.00219,1288858739.51044,96705523.50266,100160121.86412,103919493.776,,0.0,2051350.758579
2025-07-06,7864421489.3231,9172986497.63379,188388629.3189,1114027309.05294,215722166.658,960175044.26406,2345421615.08061,110225607.62112,133862802.69817,146062379.697,,0.0,4869352.714556
2025-07-07,11536683412.6303,11644446527.06696,158667964.046,1986390607.20615,295252833.5504,1065300255.23072,2766591811.65317,158499412.33215,247493538.57693,165886533.213,,0.0,6020126.010833
2025-07-08,10320330229.2738,11532994545.81018,172981340.612,1209209136.97177,268785148.7745,743610544.74603,2446093776.52322,109415376.33399,214244330.47361,181827141.633,,0.0,3759730.204328
2025-07-09,18458201635.8988,19472870001.08627,245361947.3828,2127688335.45025,507910652.7599,1240962824.44405,3228254426.44562,187675538.32123,343072766.21472,271779725.926,,0.0,4260556.363456
2025-07-10,25573716456.3733,24350173415.15155,353542616.0569,2400727685.11719,577251705.9743,1222214774.60956,3706114563.56733,227194224.28728,365976525.71181,314124694.347,,0.0,6340171.927463
2025-07-11,23468288934.0047,24321474191.78244,474213336.1737,7706945039.87527,1324752735.4649,2667991447.90587,4755973418.7777,397729178.11066,431285702.84421,391126936.06,,0.0,10797514.010637
2025-07-12,7488784312.8489,9646182328.47869,257258216.1861,3792557884.92902,610837813.8007,1347742933.7223,2266048841.393,232886920.79083,229135376.44435,229869157.677,,0.0,6179090.613331
2025-07-13,10670541370.9112,10415925230.63532,176975050.4151,3261954444.81542,648686043.8353,1144019262.29556,1989246685.177,185887878.69718,257660870.84381,269696343.761,,0.0,7107344.513731
2025-07-14,26804448428.8877,20170004457.45065,487195509.1551,5714506738.91148,791331113.2899,1808729972.27205,4054561881.7457,267195488.16783,419311379.46651,290934868.039,,0.0,8218120.912364
2025-07-15,31656599892.9497,26257227282.62108,371190744.9191,4070511891.5516,723538059.5203,1743348942.24907,3706124546.10069,312690693.48047,401662440.54013,421789317.317,,0.0,8988843.975849
2025-07-16,18903224038.5254,30571821987.93077,446629640.8687,3401600032.30153,654078678.6413,1942519353.20507,5183050130.36384,288884784.24718,413471205.19718,358155543.215,,0.0,7331538.643213
2025-07-17,19529125659.9034,30197089749.63605,763266406.8725,8679742379.06401,1380635166.1054,2565669901.30882,5587531205.80109,534759439.13274,563623222.36381,474745874.868,,0.0,12672769.745329
2025-07-18,19250655213.5986,35671704359.38496,1046980638.2837,8238971474.94173,1587490260.6867,4771430269.2725,6083057162.30501,858287662.9492,745114163.68845,556510248.313,,0.0,12934171.028029
2025-07-19,6197160791.5471,12293248411.83796,414300782.5972,3013356731.92312,522151993.3017,3456279119.22569,2605807738.70381,694480318.59258,321526620.26003,358050364.662,,0.0,4480707.534613
2025-07-20,9710161747.2649,26908744578.77599,523447640.8821,3890203208.38467,829743993.7707,4367398587.0986,5170433405.75461,952915216.64381,558303348.88846,413488051.761,,0.0,8461936.13682
2025-07-21,16757943321.4359,25225480585.51872,729467661.2871,4135834444.94989,1241025686.1895,5029651536.26965,7682155805.91225,626642450.01622,600043975.33025,461813960.599,,0.0,10262974.970991
2025-07-22,22133221784.4276,29306295168.48628,768618588.919,3731513212.6754,1084739937.4394,3443134752.89785,10328260517.56654,666757416.36151,638735986.34817,743087775.206,,0.0,11694079.846189
2025-07-23,16199890830.6418,25314488743.70884,1711879462.6428,5840266391.25099,1095165851.2659,3523069642.44381,7212718859.30893,753712549.87203,570220331.21192,558154159.347,,0.0,11534211.51872
2025-07-24,16275419265.9469,28454660354.48651,886952287.7546,5471969072.26111,1166592951.1119,3208000847.24759,6689584290.66712,536098566.47778,556308979.36517,441701254.448,,0.0,13354671.211287
2025-07-25,30217394710.2149,27126573043.76688,661954107.5462,3590470090.24655,787765188.025,2285253738.99246,5514878238.86738,502223351.12878,490764946.69015,334690038.987,,0.0,11220095.731719
2025-07-26,6739341628.4194,12459303545.27103,317546794.1377,1620182076.02822,371761632.3366,1150215357.09199,2394445764.47181,196694019.4273,248103156.85785,319261367.907,,0.0,8448278.998144
2025-07-27,9021870261.9343,15482491667.55545,894441073.0569,2077300862.60795,426679431.1028,1642833640.99367,2716056823.76113,232026057.71302,329519269.65911,317021321.447,,0.0,7364334.317028
2025-07-28,12646588023.95,24175996255.18144,1416705718.916,3224801784.29303,653047329.6625,2144906206.13098,4899665615.71001,361968854.68154,537046276.61772,617129944.816,,0.0,8159605.44322
2025-07-29,13605158270.3445,24860205422.37114,1075229358.1071,2609380756.10207,492284620.7205,1851927304.35159,3825301372.31857,292952216.22662,410333327.39944,497549197.468,,0.0,9440239.934937
2025-07-30,14671863277.403,21736673459.65851,920807585.8055,2692383980.93983,527948749.9359,2007080013.80157,4212717668.21839,332267088.94241,360990741.96393,364411160.452,,0.0,11750774.395661
2025-07-31,15883505625.6346,20469554422.85698,835235471.6306,2167728359.18222,434642405.9962,1592669796.75721,3691428968.7667,263241677.27118,314613491.25896,351713824.978,,0.0,8632221.423675
2025-08-01,25374879723.7736,33128314776.46401,978358648.9532,4175993569.48616,711523842.543,2453445425.90048,5841891232.46841,432700142.70471,539637037.91177,438889712.615,,0.0,12319888.822696
2025-08-02,11582327925.5756,18754639855.72633,544793276.2116,2816239292.67215,412570833.9404,1632623784.34118,3265317440.80701,412997367.52154,256025621.54619,240100737.827,,0.0,9172365.373777
2025-08-03,7180260356.7661,11864698196.98683,304844640.8956,1952998098.47564,296572214.9975,991798934.28483,2057777405.21238,280656409.45144,175409352.83849,170434505.98,,0.0,11579562.159994
2025-08-04,9566449201.0507,19236902829.45886,368238123.4518,2558224098.83806,359616593.0259,1384354556.65519,3442261558.03498,558214507.21235,263614661.71285,298432024.907,,0.0,11205871.486042
2025-08-05,13578532103.2508,21058063277.99194,396145526.2799,2454086022.52546,423935440.8001,1461738774.02372,3773355917.70712,1129029417.61555,274808292.38769,306845650.385,,0.0,11374877.982665
2025-08-06,11289146520.5982,15227765255.91895,375572955.6254,1774621836.88708,315669025.3782,1087778376.78099,2825956709.38764,519006536.07985,213938182.23655,230423886.015,,0.0,10256706.586171
2025-08-07,15603976236.9276,22547412157.43496,428060533.0196,3169715342.08467,549754004.3268,1485200755.05707,3515793903.36732,557567772.38662,570154863.66592,277396116.244,,0.0,15507936.283403
2025-08-08,10476168967.7768,24345087579.6172,439509213.2365,4304259442.49096,669822155.0265,1913652040.30226,3920596336.61938,554320189.8014,836874567.79021,340487797.486,,0.0,11035618.378838
2025-08-09,9109077804.5382,27432612279.33882,496416264.9633,2211727067.57466,485966419.3773,2124600920.63415,3392870941.10311,456169806.35668,900535994.83676,313880202.436,,0.0,13961344.381615
2025-08-10,15402998283.6403,20053465752.63617,375977895.7249,2054879187.02076,542844285.4477,1693995397.33774,4154878278.83408,523196626.50794,974665237.54807,296039890.688,,0.0,10786574.939331
2025-08-11,26140833129.3272,31097460175.2005,769288960.3034,3438742822.84312,701900201.0536,2370698807.40463,5181405390.09396,752067744.71977,823995599.75561,434921671.896,,0.0,15898078.762744
2025-08-12,14984075258.1463,37479934448.83552,646512163.3567,2512137772.16658,760718665.9085,1912067626.33734,5820125585.44575,680609881.47487,1146534583.88416,403288684.027,,0.0,21540881.819738
2025-08-13,22796282824.2241,37251303664.17844,928505659.4047,3008597452.67429,956062789.5007,2874211423.24003,9465121983.95744,600343972.70733,1172459382.41214,485699912.068,,0.0,22957305.359683
2025-08-14,31188419054.0993,48290670951.46872,1412668513.5884,4531477335.15043,3287851085.5058,3510880360.97673,11842377160.11505,701119291.61439,1125746238.99454,705583324.922,,0.0,29085194.71898
2025-08-15,14214818128.9724,33482732351.53149,698141256.1376,2199266786.87764,1831647989.6462,2265985555.26409,6300760346.52444,398929742.94659,638074109.12587,724378617.935,,0.0,16003090.62373
2025-08-16,5485340879.1925,14093829789.0426,302900271.4661,1175761303.02293,1227177314.344,1375834638.88035,2933475094.71856,225353899.9248,449590689.63967,286620778.831,,0.0,6419538.251031
2025-08-17,6411151083.0242,18646228010.40326,526757101.1185,1134325420.62375,1296801445.8524,1674226863.27491,3706373184.74332,243277207.90745,1477759824.45481,409100936.0,,0.0,11653749.214264
2025-08-18,17039158070.2288,35575776951.64949,697730458.8125,2281047868.10239,1318373281.389,1730803901.16665,5162171448.92199,362201909.25105,2143811856.20171,576170690.007,,0.0,17176404.397773
2025-08-19,16131720046.5887,32204790715.55084,672281191.3455,2359689642.09663,1635284708.8955,1841798602.97408,4894052517.34104,398985037.57967,1538676612.94876,498813449.598,,0.0,16577697.363408
2025-08-20,14819274146.3868,32383014019.12521,996677051.4936,2260417953.82759,1191745350.0369,1704489222.43559,5114281445.27426,331350296.17203,1835874873.36045,410966237.189,,0.0,13326367.378986
2025-08-21,10907840294.1414,21078545366.69103,942064252.3131,1522767226.99174,779456861.4227,1272975396.37115,4921879167.13918,210852899.56328,1389590097.81794,348554903.138,,0.0,11589946.096082
2025-08-22,22883791440.7028,54750305193.79994,1147131059.7028,3783659726.4143,1562514368.2039,2609675142.08107,8375125769.96848,428978622.57246,1744957474.1882,785995039.437,,0.0,33607358.063164
2025-08-23,9054235281.6278,18933270794.15555,730007803.7178,1672602407.16475,854960759.3847,1562569728.87843,5750324066.7055,196460608.38113,847783383.61407,766312322.917,,0.0,31244826.756838
2025-08-24,15148067971.3495,30592940074.78536,906561688.3427,2494968732.27842,1295944377.6862,1937753682.27352,8862067040.03296,392799654.47375,1043675015.60304,715145359.841,,0.0,39927242.350992
2025-08-25,22818722034.3374,41589800131.29473,991592949.8037,2560031560.07131,1341229628.3958,2171082693.51027,10591311397.36089,519522426.4103,1236467672.7466,707289275.701,,0.0,16118359.971004
2025-08-26,15983443440.8915,30589096262.84132,537423039.2395,2318796831.94059,687566691.58,1263341026.60572,5723846642.6535,267223614.24726,939297534.05302,496037912.853,,0.0,12834681.151193
2025-08-27,12739237648.6494,26459757592.6853,422022976.1479,1916789088.87423,639837330.6247,1356626593.17273,9677664016.1164,292661630.7774,799657276.54159,583787696.095,,0.0,16431966.993069
2025-08-28,10988621821.8074,20065358628.09292,726477780.2207,1482487936.76127,555416889.1223,1055690709.82929,9714002242.47737,194861065.6328,1475456843.96573,510132759.684,,0.0,20407195.484115
2025-08-29,19688668760.0572,27104770526.17302,580167494.0096,2442979983.24415,809404728.3838,1653491742.49032,11505120679.31946,226282873.7921,951770730.06602,651671140.935,,0.0,25860684.079121
2025-08-30,6572709736.3117,12802321816.86978,237841732.7064,961193133.04841,393253028.8256,671739249.94591,4743162711.1379,126690676.80538,387920222.68424,263517611.69,,0.0,27911682.357367
2025-08-31,7626942442.611,14051520790.23488,272832148.313,956345442.99911,332071547.4707,733921147.71547,3981439731.61835,124892054.76807,419870141.85322,273924838.265,,0.0,29624678.810179
2025-09-01,16311045147.8882,23773811619.81524,668124895.9238,2286834872.36941,853108919.0128,1715146273.67757,6163041948.13335,256346876.49998,732854517.38474,636805383.892,,0.0,14877430.627443
2025-09-02,19401297224.9434,22199377296.74414,380006841.0955,1748101715.12717,605586612.417,1376039994.8583,7397486558.70459,243559332.82094,654022734.11221,587284593.567,,0.0,9851242.310411
2025-09-03,11770759661.8071,17044372656.69283,265388823.711,1255687259.88082,329383217.9721,1020883896.78195,5331901571.57062,149578862.52418,406927092.45547,578753764.004,,0.0,5710437.040582
2025-09-04,13516026898.7113,21342682503.19518,280877618.3628,1159833739.52444,392324316.334,1021648034.02247,4577902315.00786,157129662.79798,513483612.99893,400832793.222,,0.0,6386000.22831
2025-09-05,21608268964.6591,27575467859.60816,303439969.9089,1741117657.37643,588466013.4535,1448317443.82159,6094654109.13874,275940672.09018,724995571.09727,515034955.136,,0.0,8712242.452486
2025-09-06,5113475710.4939,9195378104.55838,354927950.012,515591782.02213,221383959.4275,610169016.14119,2157089752.37677,119754161.27376,279476020.79957,181459938.778,,0.0,5230186.151455
2025-09-07,5973071292.8472,7351406415.13431,356212492.3739,1366928719.5625,278855097.3591,1048494252.04181,2949568512.27083,139084622.43916,305372576.68095,236908717.858,,0.0,3831990.938308
2025-09-08,11088708293.0036,15322973248.83397,435292531.6666,1631264069.52892,510046635.4217,2061101342.27711,6184298271.79506,305066379.95554,551359882.83903,401704426.369,,0.0,10179455.596708
2025-09-09,15364017571.6421,15222966920.79079,382245988.8582,1749148362.65693,674211153.6567,2598635207.47738,6206363219.7853,296662548.45985,657830558.83587,507390063.308,,0.0,14098243.957439
2025-09-10,17159405921.2062,19320820617.76293,736220950.9531,1233140288.70612,448712158.9647,1668648600.58156,6517972225.45116,336599662.20091,513304627.46338,980754044.478,,0.0,12166036.978053
2025-09-11,12912039322.4644,18709241142.85245,483018636.2437,1483633002.09464,489226942.2014,2051274896.39017,6262080471.17856,343141665.96496,577431529.47834,731716255.921,,0.0,12871347.563325
2025-09-12,13753804629.9552,22044074626.95246,611067745.5632,1821289408.1928,527855822.0812,2579063191.68348,8386057229.41714,278140944.81259,621550631.92871,515480908.904,,0.0,12633215.280277
2025-09-13,6078193412.4006,14859966360.5965,687924166.4307,1639073081.38096,733372348.232,5199599965.86034,4836968057.70791,348407928.77514,534701606.39831,843266047.349,,0.0,12870255.406986
2025-09-14,6368498171.5133,11619139302.15607,513838304.4859,1441574356.56285,488547970.3891,3428046007.8103,6269673056.77788,251968915.71774,366431609.48504,689090031.698,,0.0,10828444.748193
2025-09-15,13585379833.8268,18980591155.35112,521422099.1558,1802366676.27762,572940148.8092,3144399263.91603,7144806883.05829,270328846.12299,525563187.62592,821995192.795,,0.0,15359003.184939
2025-09-16,11513690825.0447,13940782703.99469,850868058.5913,1235438192.9818,390219525.2412,2510753391.27777,5055429655.76534,225371775.11679,371352207.30886,736675546.378,,0.0,15038233.467429
2025-09-17,18348171466.3525,23070604822.17107,1309521984.3208,1808226721.5983,646252270.5332,2986930859.02476,7190256597.74026,252672722.02345,610980749.2333,759207325.85,,0.0,14198644.8127
2025-09-18,12568414009.019,13458754798.55331,1263997820.8266,1615721962.62715,640306654.369,2743597464.53158,6104830721.09844,306745087.78596,487622968.06926,1259521923.802,,0.0,19465980.827603
2025-09-19,10241717036.8935,15390394153.31296,1133251378.7203,1434550128.76733,604177036.6985,2157461107.43198,5276999827.22582,237768579.14153,635667063.89158,1025211313.512,,0.0,15108641.358117
2025-09-20,3744545955.4796,5418567490.32544,1632985841.6475,711586984.19753,276349300.0217,1007305434.30834,2279248964.8677,114010014.82951,254173661.57535,508228772.902,,0.0,20554572.381842
2025-09-21,3786613657.9565,6106266734.79425,2010587733.9495,717105729.88561,292772097.9105,1086500980.68337,2389788562.63591,134358958.36587,225387140.71546,450683044.415,,0.0,12139426.851235
2025-09-22,18039188972.427,25725810179.45994,2218799265.9355,2759420974.365,759459876.5237,2998059385.17144,8278237529.75423,383013016.06914,760755524.90009,1251541728.232,,0.0,17731034.87131
2025-09-23,11494032424.4655,14583116712.74314,1708693658.6791,1322348049.9289,395024303.8128,1779491894.51128,5255419412.94473,201554904.52178,442769746.74398,1579599964.763,,0.0,16062520.641647
2025-09-24,11879548716.1957,12670384477.90497,1290502023.3917,1658280250.24254,320266500.1057,2037888759.42627,5674693951.03033,233886120.02533,395494688.37205,971882973.451,,0.0,11997336.00497
2025-09-25,19825920968.7404,33629986986.04217,1794388809.2204,2586468184.68162,725772184.7629,2749740272.8394,9163487178.89639,286545187.45894,716601126.64375,1158294328.138,,0.0,20803385.21841
2025-09-26,12272701459.1791,18750388212.84918,1090254100.1584,1862109979.80582,443395972.5613,1647851397.45979,6278901873.13437,165829538.85045,459190238.93609,1040859679.331,,0.0,17873555.81035
2025-09-27,3923401762.5556,7063334343.7382,699973612.6887,614271515.68554,177144968.7981,755597254.85713,2524891849.45714,84932958.66018,182769872.18206,340135352.688,,0.0,8232813.833399
2025-09-28,8521046102.0886,10149863141.77429,580610432.0575,847601440.67199,254201313.0826,971615632.4609,3241683942.35456,109282335.15033,292037866.14485,458453164.746,,0.0,14429356.43371
2025-09-29,14160916303.2403,15694942048.56818,1143412466.1754,1363624988.24497,332144224.779,1556184352.64952,4860577645.98917,160059016.17288,383930468.30841,703489141.059,,0.0,15389081.815026
2025-09-30,13560972134.9725,15345949182.5394,943040707.9998,1224576969.58347,363512029.4481,1280885448.76963,4584502035.10427,154485324.65592,421034069.472,540273469.1,,0.0,14121961.925617
2025-10-01,20130425143.6828,18930019542.68207,833790603.3423,1499705688.12176,408233602.2558,1580050731.40182,5376982121.9646,329437977.33766,458164151.63569,517579903.535,,0.0,17721918.454091
2025-10-02,17369682490.3087,19726077711.08088,1384850279.0479,1956500646.65378,458551057.1325,2133161439.0582,5931616494.41244,627106236.09944,490563336.62195,801334880.414,,0.0,12197547.053344
2025-10-03,20406510432.5745,19877580078.8867,2956935475.763,1720846347.39594,490681836.3001,2045117626.76856,6303973505.58989,442018908.26011,484877938.2718,661580657.333,,0.0,20661592.868803
2025-10-04,8601963052.1653,8456084877.8291,1487982394.092,1066335002.99159,299840619.3991,1326830832.94195,3417020632.53091,198724972.21726,314467197.1124,374550595.694,,0.0,11663695.090677
2025-10-05,20109937991.3764,15788381952.9441,1444322720.4998,1543256526.64417,620033910.7989,2222161455.12878,5162253917.21626,312687962.18355,461780126.43028,491458736.445,,0.0,14596482.429949
2025-10-06,17465215135.0039,18419617390.68043,2814594837.6956,1645992748.8655,586132596.0311,2418705499.0694,5196739694.32543,296135258.76528,651135505.62184,514424959.977,,0.0,19873296.149996
2025-10-07,22319390759.2149,27299951019.86175,6262624123.7687,1989335284.07504,652195653.2016,2758541891.66615,6384373280.27946,302701017.26338,781066330.06212,699641390.834,,0.0,30478241.675186
2025-10-08,15572092969.2554,16827127415.92555,3748365447.4061,1132567746.59239,481186477.2687,2125008922.48057,4741340893.6903,252367852.42196,421415181.81548,504337854.818,,0.0,11576260.725516
2025-10-09,19890276384.5902,22281784727.32817,3952621384.4281,1518927818.51285,471758537.5986,2244203940.56835,5922285888.66993,512468990.24346,459545614.89719,384822736.195,,0.0,13289158.772837
2025-10-10,45076825982.4017,47929937738.04511,5372102191.3203,5590812907.59766,1653000578.6653,5371731733.89869,12449562933.37032,2044744772.40675,1484795335.50626,1243447036.252,,0.0,131170758.09796
2025-10-11,18268163074.1344,19726835357.37149,2747117482.2003,3155395235.84971,888778816.2468,3599519418.20974,6939729482.65284,626121434.14723,741804923.88259,717099851.96,,0.0,47914805.746707
2025-10-12,24571794294.0169,37481577939.66282,4178138345.3521,2913919116.31485,612802151.9544,4374142141.44021,9428185561.90882,439142795.65015,576844346.69868,729162480.023,,0.0,27287236.268468
2025-10-13,22509504374.6067,32696882710.92269,5470069933.4579,3694813414.85734,624367892.4491,5995551375.11597,10697165542.98083,473196948.70282,624279845.70754,771980135.696,,0.0,17374109.867841
2025-10-14,29101159307.8663,34258219352.17251,4966235292.122,3619918546.95528,700506277.8106,5291751915.25884,10701210339.01792,484053763.40554,678244824.36829,669919380.992,,0.0,19670133.93606
2025-10-15,14722103584.389,21819540012.2743,2159772744.2039,1667829766.48094,412703565.0561,1884088066.17404,6036607252.38731,276532409.55546,430702230.71306,468308127.052,,0.0,10069874.679346
2025-10-16,21245415629.6721,22709297884.67893,2296497694.9907,2046675466.6541,484630126.158,2262987208.91933,6606423137.49413,327264333.04692,467948416.21056,501616498.175,,0.0,11272327.763774
2025-10-17,25744733284.1127,25226782204.14404,3106468459.6011,2345098615.25656,557010750.3077,1973227141.8628,6910424291.08776,432373198.82757,565659226.90314,572969196.307,,0.0,18117411.176022
2025-10-18,7319254840.618,7509890240.83936,1417897068.7017,876155704.88715,175286248.6231,759907119.30098,2460180025.90983,132732554.75775,194408217.59883,202188860.581,,0.0,5049557.120199
2025-10-19,12227415542.3371,13293751538.49362,1349486664.4515,1098719580.27523,303349706.63,1234053293.45289,3220867836.88114,164638599.09014,274359972.68213,269613220.173,,0.0,6551969.980831
2025-10-20,15403876134.7218,15854456792.02957,1518673790.2214,1519813775.03163,342231711.3526,1398542716.35814,4215737771.26453,181841124.14662,586046582.21375,322006769.217,,0.0,6182079.479266
2025-10-21,26588100130.4652,23982223539.19465,1745482221.0522,1846278331.29873,435238752.6529,1666377705.56978,5671467182.8095,303879892.49102,686513117.4184,453912527.058,,0.0,10729872.619957
2025-10-22,19528248919.2056,19162417413.61478,1207666082.3991,1626613870.89153,415521472.3359,1598844128.38521,5150599931.03907,307455470.04838,469164241.02429,412235197.481,,0.0,9999638.982519
2025-10-23,14194391374.774,14306558471.2592,2730667855.8534,952814962.99337,241068705.7555,960318934.22068,4284450758.09497,154592200.61276,308870120.44189,245795750.288,,0.0,6275318.69998
2025-10-24,12266995720.6384,14370925595.57035,1248251445.3361,1358863304.13098,271773342.7684,943289995.79661,3668733028.26517,180310374.68003,279929162.7233,267895215.567,,0.0,5722889.994497
2025-10-25,5042907497.6125,5100565551.56726,566763008.4442,1388063301.03535,146345492.6764,587915584.11549,1781564235.7331,80740199.52001,142417939.67053,147988326.817,,0.0,2666960.962783
2025-10-26,11025832161.8245,11852616616.01451,840213559.3664,1294171475.6541,244997283.1916,971455947.61051,2931586718.1338,146723768.84781,273710195.05695,304307252.038,,0.0,4765138.562673
2025-10-27,13655124505.5205,17446812942.46984,1803752634.9523,1801379602.99403,329384349.858,1255485278.15105,3929419826.22723,319826084.12775,388957949.43456,314530318.961,,0.0,6489321.05602
2025-10-28,14968353132.7899,17497055109.81833,1293575015.7454,1830433040.33145,420741566.2647,1392883079.3698,5766187704.77525,550865263.53056,430820756.73085,413284345.976,,0.0,7139219.286951
2025-10-29,18302671178.4635,17639590435.27133,1309664198.5035,1815174922.98628,435834946.8715,1415406127.85257,5868749555.3461,318859207.35779,462647660.27837,352204470.056,,0.0,5748690.917261
2025-10-30,22369109428.5478,22017129749.74984,1555274497.337,2159565948.94738,471574707.064,1530016402.09661,6883294604.89973,326406584.58505,535392685.93011,450864431.861,,0.0,9271430.587705
2025-10-31,16683797487.54,14680218606.47905,1503667398.1719,1666185712.63814,301886428.4841,798099763.53435,3997187707.67719,166190913.55706,372687652.03759,268779758.432,,0.0,6518835.661616
2025-11-01,4579668770.1899,4916549621.84477,438413900.2152,684870107.75664,147099395.2906,355003271.85169,1749118906.39264,221440503.3984,176750194.33756,153184799.681,,0.0,7707038.239664
2025-11-02,6744087828.2275,7038966407.17009,436288952.4106,910230583.30605,201814553.9623,551984177.18725,2498280668.58738,192250966.39627,249698880.44015,195002504.325,,0.0,6369237.9617
2025-11-03,18689862800.3629,24340952228.33653,1878867052.1056,2529920296.30156,584042931.04,1925957435.58345,7084338344.9774,437916148.99461,661532265.82388,584828299.536,,0.0,16432559.906252
2025-11-04,28973193334.5977,36171319570.78212,2490743406.5858,3290042584.51554,713076296.5077,2378256582.68293,8721874277.93501,487965875.3063,702772288.62334,681205564.909,,0.0,28472245.747131
2025-11-05,17127717826.9393,18458018565.74134,1093743317.2999,2120437680.9114,398666824.8546,1070667898.28806,4680195934.72159,226579140.63246,378535008.64922,366706199.671,,0.0,12295204.017591
2025-11-06,14822272935.6669,16485449833.07646,853491385.9396,1859705886.84646,310069613.1661,832736451.79951,3634247706.49051,178823855.36085,326698395.35518,312023779.161,,0.0,15254789.441387
2025-11-07,16618226412.9992,16601841382.86458,1208922174.51,1947449410.35987,439922911.7913,1224146669.68396,4223578185.53535,596376394.47821,401092731.24523,501409258.699,,0.0,23564356.423913
2025-11-08,7229449979.504,9099157353.14614,812155415.432,954661780.50445,287135727.1361,932915770.80396,2216769276.51952,399943821.0752,259267037.06224,336219127.22,,0.0,14936914.530871
2025-11-09,9539326599.9635,11301873155.95876,759323467.1562,1060909928.47254,246241738.7719,786362498.62304,2835488033.27801,833838712.42263,233850367.56186,268424694.571,,0.0,12024095.092755
2025-11-10,12736544297.3328,13360528858.35997,776519224.8945,2134407216.35116,252065814.3588,975525542.15661,3224512292.22051,458707436.62534,302072972.05721,329326989.834,,0.0,12694781.721103
2025-11-11,13877840027.7205,15900378901.78895,798976267.1025,1443210543.5311,287883200.3623,1059342410.58477,4148128002.26939,331720533.56402,318015101.4343,332560534.918,,0.0,9883786.773992
2025-11-12,14516821988.2784,16907897063.88611,723183176.7479,1601789517.58034,295109406.0291,965651006.82409,4081627735.52015,392263798.36219,383410915.06458,273503642.26,,0.0,11117968.48024
2025-11-13,23845056328.8644,26083884668.87648,922470956.8924,2617685187.98224,381021763.4057,1233273804.04464,5372951128.85222,390892649.58928,434489936.23445,434912465.87,,0.0,14713953.880818
2025-11-14,27699919078.6639,25699714531.16107,1212170897.0069,2243179520.73036,413434823.8923,1365795100.38877,5356400585.81058,445625700.51028,450513602.36678,481180042.132,,0.0,13273891.478975
2025-11-15,8648839692.4375,7562768036.56531,478033298.4668,854741280.03446,177422861.4671,526403486.48443,1949402448.62755,502736438.20918,201562775.55837,178834459.316,,0.0,7250242.796557
2025-11-16,12858824611.9057,17212970189.19971,776894654.0601,1423506240.5048,325692336.7214,912076948.38069,3137837335.47011,381311186.46704,304366603.04879,322699550.301,,0.0,9216355.653234
2025-11-17,19251468313.7895,20848106009.10493,1097480902.0882,1980970465.99119,431989461.2074,1309314528.28264,4908357205.14169,342959449.17998,350665535.65071,475795793.906,,0.0,11518151.6236
2025-11-18,21287650102.1971,18980315506.87928,1066461867.1731,1799185143.37998,363895173.6655,1118481719.64829,4814838925.3173,335814077.46672,315499195.20937,393390583.874,,0.0,10088263.477512
2025-11-19,20531646468.1953,23272863365.89668,1075166123.0508,1908396650.3016,369751943.8659,1193313301.49681,4084200673.94964,285645523.8522,378751389.29922,360808633.116,,0.0,8791917.041737
2025-11-20,24710128018.0412,23455659763.16681,1028407671.3939,2016453501.61774,383214233.8754,1296651379.29497,5902174784.60641,289337911.8039,378635992.95548,357541021.537,,0.0,12045709.701996
2025-11-21,37766204535.2064,29404535921.142,1720404691.6816,3211553452.30425,713021653.6147,1955246513.65338,7486418598.58328,433360616.84816,600829726.77368,546851429.49,,0.0,31872934.998637
2025-11-22,7944941195.9623,7433402072.25529,598633003.2417,1010120720.95334,224326477.266,923642730.00682,2417872701.4117,163809236.15389,214129111.09806,210987430.307,,0.0,15655692.450368
2025-11-23,12021965924.515,9262309369.80448,459230604.9242,1303829358.79213,220663102.62,667119041.93909,2595902186.08364,133768780.7711,201302143.96479,159513203.117,,0.0,7161488.269386
2025-11-24,18390268446.5396,17629818981.86079,835919720.8859,2319973319.56834,275696384.5698,991503410.58268,4171194858.37273,210528676.96455,273606550.84809,284756333.464,,0.0,6961463.470436
2025-11-25,13058119938.8809,13900856134.8333,555927747.1405,1729025285.16503,265684769.8879,756358100.95687,3227348288.59252,219914115.52852,243046892.52008,242481220.943,,0.0,5133679.519438
2025-11-26,14035931374.2226,12642800437.45882,584998139.4276,1160631645.69537,230604734.5952,772208729.15463,4059132190.40123,184440971.04762,191692455.27501,236103036.402,,0.0,4768997.972224
2025-11-27,10363381065.7595,8948067808.55838,400906006.4522,800857037.50276,194704066.4543,459680448.08536,2025203371.83319,114625759.45375,128909483.83974,210406402.439,,0.0,6372580.151364
2025-11-28,13439159085.5929,11796891863.91637,586424323.5586,1582776577.45871,266809915.4862,764455412.23103,2973186567.48073,163920186.40736,186199870.63868,216969471.906,,0.0,6752247.665703
2025-11-29,4912678291.2122,6775926299.40963,267409751.678,715033567.18178,166944041.5058,358614843.97464,1292117011.97258,100657291.77249,115612238.96104,151654393.949,,0.0,3729537.27219
2025-11-30,6030481989.374,5970408807.45167,398431229.4792,672137777.5873,182472303.7152,425407068.25856,1881167681.41822,84982227.03297,134824105.83784,183739015.261,,0.0,4268589.680901
2025-12-01,25577924246.4796,18971589442.10295,947771346.3081,2015894367.53832,430476530.4864,997939171.13827,3970268402.94858,282656734.46613,333617488.33987,292204734.565,,0.0,12586783.447025
2025-12-02,20398018617.2761,14815158458.2562,777324837.1319,1527107857.87304,360239474.0179,778674649.56484,4037915427.04026,165967853.23163,281022804.38258,282104714.228,,0.0,10180667.389449
2025-12-03,18675815044.3044,16873625293.15583,750469819.0018,1252408351.01107,344016077.7418,718568582.40084,3750879187.73293,175898729.49212,425720162.75891,316066721.377,,0.0,6940306.009817
2025-12-04,13597441409.6919,15859152719.01436,608231050.1149,1275911128.16318,246164297.6011,588172534.39154,2839952259.06117,142913867.46835,299054837.89405,221315067.085,,0.0,2875925.009962
2025-12-05,16166343889.0462,16628875832.68546,564211546.2651,1022011888.12807,242501054.0789,647368683.45303,3153706520.66961,137003116.74586,275390880.23505,268344470.851,,0.0,3818730.648408
2025-12-06,5087173918.7945,4915211200.82418,299650039.0338,437754353.98271,120317759.2957,286649747.85163,1239623883.58158,88795278.19623,163917370.52813,132031305.347,,0.0,2017186.273129
2025-12-07,11615722866.7767,13102163181.41413,515535683.5594,1038531429.85516,259183210.8052,565952916.32166,2661171319.08808,139163015.67324,248554980.08089,218507176.445,,0.0,2728801.317481
2025-12-08,13851183299.0389,13429694816.30503,464486656.3721,959740952.87936,252535551.6599,577781404.81106,3213491377.64541,136206756.30651,223836142.07626,198219887.309,,0.0,5380722.585307
2025-12-09,16746767484.4678,18099810028.77385,665348955.5984,1258456357.11814,476331438.7371,797536796.83488,3949729024.76422,173092186.36385,293236922.28708,275675440.369,,0.0,7104938.449356
2025-12-10,14848606099.6705,16131527898.00717,588525110.3373,1030673568.22198,373732174.2896,742329815.97214,3876920982.24578,139117944.04191,322080855.38561,267638985.045,,0.0,4676501.159092
2025-12-11,17359221855.9521,16622839521.25866,592562208.4069,1115519274.89493,440951220.5359,678833740.41269,3607388216.52586,161240935.6336,265872342.65994,298063571.351,,0.0,5030774.643535
2025-12-12,13200125050.1882,14523686590.13976,412096746.7758,927718348.64517,314316704.5524,527914175.40904,3523510636.86583,126444501.08953,234898660.08879,220941206.318,,0.0,2928213.974609
2025-12-13,3269571102.3341,4503562083.13692,339436281.5538,440615942.88701,138450496.5994,255370725.98391,1065342432.58208,57622042.31534,100045655.97783,108248825.572,,0.0,1005932.55434
2025-12-14,8202472245.4301,8301728632.29391,341550226.019,557583556.03765,207399937.1653,384699527.71907,1745136129.57408,102911939.18881,124991039.21101,130803188.503,,0.0,1535200.419226
2025-12-15,17011925792.4325,18458624279.93705,585504894.4242,1268842849.773,287954641.1036,753825254.19096,3857757412.2924,167874639.8791,237563156.70164,251526518.668,,0.0,7608749.257327
2025-12-16,12361523043.7964,13217875098.26135,468263072.6069,1004110802.28258,216524224.1605,532016381.02621,2878951977.2066,123592927.38457,184826947.94742,209232244.585,,0.0,6623169.084548
2025-12-17,18228465804.6213,17109213289.76786,693263388.8029,1299657428.35731,328909726.7025,757517089.20813,4460968571.71565,147792331.13419,266762925.64166,233643513.382,,0.0,6147263.058877
2025-12-18,19944082984.3968,18285465909.39752,617657818.7474,1429862245.82131,324909989.7198,886343602.61854,4750755424.1468,171066050.52263,281763900.16703,250819037.013,,0.0,8311493.537586
2025-12-19,15617337797.6527,14783267707.48895,480672344.0457,1308278385.35677,249146136.9813,699355601.42067,3599755166.4526,117458209.07648,193135062.10107,251875769.298,,0.0,6723445.39504
2025-12-20,3171782778.2374,3091907124.40667,147497340.4011,604305729.87604,104529738.9843,241771029.84426,856771762.9552,69330812.1902,81170519.39612,90737231.001,,0.0,1894158.04138
2025-12-21,5968133891.8196,5603772651.19481,270051042.0671,605245571.74111,178802238.1331,351612471.6365,1634258776.0712,77111826.334,128399108.67972,139382837.814,,0.0,4180457.072294
2025-12-22,13801598552.2526,12186700742.80464,448628509.9698,838070625.8198,270481096.28,555330478.09207,2893302862.0927,124051278.96761,198759020.93152,217094133.61,,0.0,3396738.02756
2025-12-23,11714876769.2463,11896188689.51685,332383719.9217,739468967.41357,177538637.2017,467395011.94127,2334568474.0658,100557907.50125,157912456.91233,222169717.361,,0.0,3254326.011252
2025-12-24,7107553239.5379,7687832001.93483,249804736.5427,635109914.18628,166531871.8875,347361685.33897,1703130172.0572,96158536.99972,132147552.97618,138467504.919,,0.0,5435120.207899
2025-12-25,5072600548.9633,5381555216.75797,254752307.1092,485449691.6999,219148624.0623,355099218.67535,1638852567.861,80227466.4677,104755752.88041,148092271.929,,0.0,7179180.229102
2025-12-26,13204732310.098,10338553279.60866,425786881.8307,833735647.9855,219369970.3761,556565086.24989,2950999187.0017,96047138.38242,163171453.03606,186870074.229,,0.0,12336416.714685
2025-12-27,2388675294.68,2636507869.6153,251208861.168,358762819.59118,153241587.5046,274014067.60106,1206799611.066,83516810.35947,88751793.23858,95663986.165,,0.0,20511873.131743
2025-12-28,3278205503.957,3400543807.9755,354050035.7109,313558513.67073,181050812.637,230141508.64215,1229896584.6876,91531466.25207,107342946.6408,115734177.448,,0.0,3761883.920934
2025-12-29,16787751031.7945,14777756623.34557,451572790.2953,746003170.79346,287829845.5433,609992507.70247,3513325783.7822,134725804.45703,236051510.78288,238494622.566,,0.0,12498537.101066
2025-12-30,11172280215.5508,9386429031.82699,264004665.0383,505596390.74282,193676721.3812,406126229.95042,2297516884.9638,73661686.52431,140728418.99937,137930412.487,,0.0,2881889.188863
2025-12-31,8534611355.54,7193092989.15502,413750132.516,651721135.879,256187069.7865,541606071.72395,2113893571.6779,81740307.96247,147175574.6623,136593224.098,,0.0,5339842.806749
2026-01-01,4221684071.5216,3220483557.50709,297722454.2733,432204727.16127,220710669.4659,679305603.36991,1194114185.0174,81158356.29118,129955228.16261,225836323.049,,0.0,4255426.616569
2026-01-02,15818436364.5132,14228422818.66765,481520810.7451,1177268499.22957,381256631.3311,1429627237.65344,2995899121.70558,127783842.28169,307640187.25487,277605691.452,,0.0,10396869.52237
2026-01-03,5120704164.6601,4554177757.17688,268824922.2625,708544211.54334,209810226.3801,712448421.27828,1466086252.45106,102137800.41808,147384947.31966,211401574.844,,0.0,6329773.534034
2026-01-04,6733223160.202,5929565719.6933,392480431.4644,1040763537.1397,254815480.1812,1271490836.83647,1838789025.67638,94578515.05696,168027962.98804,180513627.204,,0.0,18681585.712407
2026-01-05,17646171283.7405,14424880063.24923,495023964.1064,2220798317.89271,391516865.7627,1236987231.42549,3696038181.39772,163839656.87771,290914831.12163,274736672.224,,0.0,7151278.281724
2026-01-06,17445560806.7759,14910247560.18325,611310072.8662,3131423739.58171,444599528.8871,1327046290.45844,4428730597.83191,148087357.14182,333302053.76147,276676407.428,,0.0,9409873.302071
2026-01-07,13680092151.8126,14508108836.34791,502176271.6808,1717797429.90698,273931275.859,911734864.88432,3061703396.63838,119802067.78766,204909612.71906,197452460.168,,0.0,5725654.086337
2026-01-08,15234838673.2306,13204555285.32681,497863763.8213,1914179539.0185,347351068.239,911063083.23347,3957985805.43898,122072960.78011,182095930.94401,181688248.933,,0.0,8231820.416518
2026-01-09,12741216614.7338,11437273391.87188,356480625.4162,1323246956.62219,261411562.5436,646489882.98924,3699129364.03957,105194817.47219,188054426.0274,170848440.001,,0.0,3067258.640113
2026-01-10,2289227865.1467,2133355612.35137,475886809.6009,374058351.6409,104062523.7667,204366655.46193,955093937.8558,66247262.50969,76002878.89853,70420298.302,,0.0,1216136.504693
2026-01-11,3951590389.4878,4715974738.78988,405843966.097,659729061.94985,169025398.1767,424279993.00162,2163927617.8072,112320357.15554,115318566.43474,104440519.464,,0.0,1726077.928526
2026-01-12,15460787326.0671,12097803440.06908,510354727.9249,1285541592.83124,313419317.1812,699019830.20831,4339539414.38494,279217453.85849,208003910.91386,203598339.836,,0.0,4576824.464124
2026-01-13,18702759214.6813,15083497161.28831,909033191.5095,1332738148.12399,340775177.8747,788981605.52113,4641001123.49927,333207137.88816,238182316.27901,238067506.672,,0.0,5188254.304613
2026-01-14,17517864908.3997,16313326709.51153,578220364.2691,1461153409.69398,325994689.143,727999472.13305,3530854807.33836,409639864.895,222503550.5971,193204658.54,,0.0,7729473.959221
2026-01-15,14354929430.5958,13732434224.8674,507535012.6007,1052190551.86089,301833943.1984,645955891.03586,2959557087.82573,487471874.88896,199087039.44877,179312649.579,,0.0,4209769.180852
2026-01-16,9631783779.4691,8390347154.81726,300819851.6269,721319448.09882,224554216.2773,516275631.28062,2298996879.04996,308256151.90901,144003084.93503,152374953.662,,0.0,2632410.093831
2026-01-17,3713666637.4187,3798184016.12259,316186375.4826,442858970.9686,146505059.6299,261576302.90492,1012347769.7831,136439086.66723,93063797.30839,87764193.777,,0.0,2732253.980939
2026-01-18,5933385909.8745,6038375566.59079,295817307.1503,649591193.22067,193902056.1355,399905784.66877,1790917384.98612,160071620.58019,126562564.38723,121130473.193,,0.0,2342638.141082
2026-01-19,10038160831.5419,11448614199.2606,627972409.0024,1266226230.16842,348579466.0616,818548765.06748,2901280258.14079,294252520.53184,201369961.04242,175862742.19,,0.0,6319035.646814
2026-01-20,17018198701.3769,17955207599.30427,627791224.9323,1212171996.79172,322757384.7653,661925521.1797,3643394041.37438,229229128.06787,208608077.55339,175563224.53,,0.0,6066865.890188
2026-01-21,18550738542.8682,19336222914.1736,701483134.2293,1444000026.39854,322570444.0176,827331930.61027,3482650751.37819,205918837.91544,232989264.60782,192272602.8,,0.0,4885203.185421
2026-01-22,9479318940.2308,10424393737.03718,300877445.1716,744755590.04637,201660141.2322,419676331.55724,1865759084.5041,105336220.51149,116735012.08604,106072985.33,,0.0,3852709.519806
2026-01-23,11205111434.1844,10092253959.87801,300319562.7442,827023590.24606,213623382.2152,471362074.12594,2080436484.9583,119955283.92392,132496828.56426,137575503.029,,0.0,4111711.991118
2026-01-24,2749562449.6091,2314502464.82381,127652037.8752,271330538.25792,81373424.4995,156814474.48208,575041594.1873,53215757.404,59715643.22679,52194202.502,,0.0,3988547.666671
2026-01-25,10926589926.8844,10425054712.51541,326724371.5312,910898599.70942,237095018.0623,488864940.46851,2809742026.6744,188224713.01324,182639726.54053,161915992.739,,0.0,6098419.799484
2026-01-26,11814857414.2917,15094744589.38012,300204943.4657,1117105621.56454,208332524.8502,498410839.65471,2436128327.8399,135425314.28342,153259922.93661,131620339.646,,0.0,4216798.775082
2026-01-27,10418692062.9808,11504547925.70945,344373045.4462,825499910.1497,205857023.5296,495055181.7402,2108788928.9732,122717618.44211,137999222.06444,144634348.173,,0.0,5139647.392786
2026-01-28,11091286350.5205,8965143376.7394,294124223.7817,789887541.68322,189934633.9813,464951698.92201,1959113459.3561,112719252.40952,145159784.40201,123454403.393,,0.0,3431461.836962
2026-01-29,19452002164.5236,16464783136.19275,734116026.8137,1374489358.56135,311866179.1621,750952719.94438,3462425832.1964,155696951.82305,230879081.02529,257359861.151,,0.0,6440785.333373
2026-01-30,21126748812.4862,19303148891.17319,763731197.8579,1771677250.94074,326314422.4946,766691943.20733,4119908217.484,174810429.41068,243974951.96781,240012069.365,,0.0,4963587.567771
2026-01-31,21725315465.7822,23874988096.82025,995850460.9869,2283836257.2133,478732465.3851,1101631374.83255,5408758968.9473,303789022.24246,355480852.8462,328854938.589,,0.0,11622149.238712
2026-02-01,14530348059.777,17587227056.44762,820350755.682,1480394342.84814,287462100.587,721137604.54323,3524889610.27999,156550365.93366,222957383.05999,192725273.276,,0.0,5194755.229269
2026-02-02,20033127365.0781,22274496868.95568,875784109.0498,1679222086.9586,331250953.3063,877324990.79317,3919251343.6983,185737207.63709,290681047.41634,217763739.857,,0.0,6681285.19453
2026-02-03,23507272161.9743,24435647737.9596,770995055.4418,1532118161.46354,347689834.9605,884989821.27895,3592608058.2803,163123585.01357,268640611.06172,226032280.248,,0.0,5433077.831756
2026-02-04,21772124047.9519,23038086218.26108,930762771.343,1515605667.05306,298119271.1039,694780353.38881,5152027238.6199,141557004.63299,249614247.88469,208004791.886,,0.0,9547653.269764
2026-02-05,45383453171.8165,33321590705.23254,1734082310.8311,4263919566.51417,564664909.1981,1555701105.28611,7300947228.046,345116743.53321,461382510.31936,424083644.284,,0.0,15638213.433642
2026-02-06,37147154675.9662,25258713376.55576,1370387341.3321,4089182832.43993,579851501.2428,1276221052.51253,6724452460.9519,306160338.02983,384661106.53836,347934522.38,,0.0,11918543.5285
2026-02-07,18436859331.9978,18982825602.80097,602058159.4246,2143860336.66571,269193057.6394,605526117.34943,2947958811.7981,139832096.60449,197037228.01278,176555066.97,,0.0,2993091.369335
2026-02-08,11477495028.2572,9588863227.21854,391993151.4527,1107122202.9453,137046514.9147,394711162.26417,1900535183.3798,82851795.84467,121191456.68245,101022950.202,,0.0,2167166.861448
2026-02-09,15536232970.8153,12673818355.94872,491183426.886,1405661972.43737,172772259.5022,422355518.20948,2532397258.9744,88534002.56067,144189097.289,128497741.682,,0.0,2731269.418561
2026-02-10,12702030089.136,11602593984.76758,415164937.4905,977739870.33838,150224862.9982,344979854.29909,1994642133.9561,80034646.91456,119788956.68452,113318035.083,,0.0,2349069.064281
2026-02-11,17245163504.0109,13695963301.93003,705341035.332,1465378757.11474,185757192.0547,491708322.50463,2714613284.896,98213071.83652,188350377.3207,161875216.273,,0.0,3770780.812154
2026-02-12,13358290840.2903,10231781788.6413,396507467.99,935850984.17093,175296376.2519,410583563.7577,2267973557.936,88331634.8441,137299440.38061,151543105.119,,0.0,3040012.772761
2026-02-13,12411102395.2804,9498998511.64008,559977450.2675,866857194.49523,142294576.792,399203594.45825,2171409583.8993,93845414.84309,125244301.59624,143088417.496,,0.0,3342854.041896
2026-02-14,7975934194.1541,5299908435.22112,352716299.943,892988522.51678,190786795.5164,759199985.86484,1588102690.7924,85937243.75908,114631529.65999,107898400.992,,0.0,2570806.278938
2026-02-15,10503980127.9098,10617145861.75579,454111992.633,2423662184.14227,236579826.3046,1258820219.43217,2496642600.46,97466990.20651,161862764.71893,151459820.164,,0.0,2858614.468077
2026-02-16,10246352235.4022,8341029821.68136,417450560.0527,1262525472.11139,152781566.1037,694773775.75727,2117040858.5867,104583752.11617,118432824.59543,135404829.733,,0.0,1943296.359374
2026-02-17,10110613783.2471,8740794927.86932,361834633.3086,971167233.98243,151205728.8316,567072514.96146,1968507987.5473,86660772.38773,110134589.44081,122734327.262,,0.0,1651831.592587
2026-02-18,11015902259.5555,9786269452.38242,398957683.4277,786477632.29601,141802752.7265,462962757.81021,1845354623.342,76291838.80477,107414733.88877,130809981.335,,0.0,2392176.673599
2026-02-19,9812064348.1862,8097564341.846,358368956.8189,861311521.27648,134045780.6261,460242895.50816,1574066482.6635,75899761.4361,98086012.47201,117256824.067,,0.0,2313563.038092
2026-02-20,15188111219.3469,9019949198.26163,407500955.7046,959297413.2246,213863056.7363,624616256.65259,2212598002.2991,100935431.51787,151487803.20126,180769834.244,,0.0,3790152.024481
2026-02-21,5962675788.0988,3860156024.46838,252520021.7209,479031622.62218,107896855.0436,284298892.96973,1065480864.6011,58754959.64356,84097119.25639,101425036.639,,0.0,1933204.416932
2026-02-22,5711913292.3926,4271790660.05216,240787850.9644,541472000.28702,107681857.2658,318134282.76276,1134762394.9817,56397398.90076,79752149.98182,97225495.229,,0.0,1651764.826524
2026-02-23,18105752523.7873,12433371157.59701,650138456.3317,1374783543.10879,212721206.8328,682880985.66086,3046675237.582,103674695.49084,163024858.99067,197892691.074,,0.0,3918903.66065
2026-02-24,14197862756.4856,9999540421.71525,495781876.1256,1057755875.88033,147043173.0446,472307856.80462,1973524910.5502,95357062.09892,109804056.18296,118963134.737,,0.0,3270440.899288
2026-02-25,20064546495.4116,16923300053.31844,648240869.9839,1473707311.13414,433436833.9993,935710516.61271,3616320661.4178,157565811.11047,238069738.86683,306066630.81,,0.0,4699878.618819
2026-02-26,12034418012.3577,10826829011.89361,404895438.2798,1202236897.85337,260798218.8164,589801434.64606,2267521183.8941,95917244.90551,152553569.40003,187324208.964,,0.0,3147540.242233
2026-02-27,13676652433.9822,11360747390.93571,384896325.8702,1020900130.78667,198696957.3527,542592564.33424,2398846126.2982,76107678.3939,137951295.51232,143341638.868,,0.0,2243909.640131
2026-02-28,16739946355.5953,12172091189.72073,546796233.666,1575367513.91532,291921163.9496,761410793.9363,2871698134.2624,106483250.46876,169671792.5759,184284579.559,,0.0,4632409.635258
2026-03-01,14595540041.5659,13519048482.19929,515717705.1202,1240254370.11525,233524730.8617,664903855.5436,2846011620.9335,93178406.2426,154740533.55634,163771265.377,,0.0,3538403.290158
2026-03-02,18797402666.4924,14218087624.82057,586208178.3671,1092291184.64466,230333359.3011,646049779.90104,3116260075.3763,98706484.29891,152835523.43922,179999598.223,,0.0,5378964.705388
2026-03-03,17427071396.1283,13311839797.91763,477852903.3735,948617376.85215,244549129.9773,681431270.76994,2860184165.1737,97369841.73653,136410511.24657,152949454.66,,0.0,3884336.500122
2026-03-04,25451510255.9959,17205720013.14975,585050305.5931,1228136693.54415,345357850.8579,1183882347.66053,3752169523.3098,111381689.68793,171024444.83209,201358056.889,,0.0,6185586.178431
2026-03-05,16281967883.7203,11861681490.81004,406585699.5664,841105612.74708,216241299.0595,749881736.1515,2539831895.185,92694168.96656,140117866.4776,136060295.431,,0.0,4942161.538697
2026-03-06,14828774016.9754,10349061522.8241,364626874.9567,705397275.91704,180708697.3101,555044586.62818,2250905999.6468,81010965.90803,119791918.63092,151728666.546,,0.0,4032753.642532
2026-03-07,6406934226.6605,4301277162.0393,178735525.8344,346872760.32828,146040114.4687,296330459.04699,1025924527.2167,47675167.73233,60971805.15505,59876958.078,,0.0,2232793.093087
2026-03-08,10426897603.0972,7982197268.9374,257709625.7922,559371465.98296,184940036.2684,499528134.74907,1702350795.6957,79090944.41735,89720105.05987,111957214.706,,0.0,2745588.317247
2026-03-09,16143343325.2073,12539756488.37013,450183612.7055,847890259.84423,206159313.7621,596050844.21271,2399837068.4827,77104977.26018,127062398.37075,211495348.714,,0.0,4067988.207156
2026-03-10,18671992004.4249,12290103291.4013,379833396.9051,1104377233.27564,235600596.5256,1119229226.05986,2424259256.7402,76835707.83464,127982173.90055,217505275.827,,0.0,4550796.583477
2026-03-11,13717861932.2764,9391004123.01922,433194969.8152,698970643.31447,172928165.1746,707735172.17755,2232847976.708,62619639.91721,117985348.29478,140386035.672,,0.0,4216861.154999
2026-03-12,13053987974.2205,11084558370.7927,332015757.85,662848777.76481,145791467.7813,604719873.16559,2064526381.0534,60392050.94501,114534035.77906,122793761.893,,0.0,4074224.061098
2026-03-13,21593507872.2023,16564573013.01872,593377212.151,1090046685.95444,227328858.9979,959042027.40535,3120563704.666,88081569.34197,174805632.84156,209261573.888,,0.0,6014867.27788
2026-03-14,5607440555.4348,4470800618.03992,154137830.7826,353759002.78076,113113206.0815,367674973.27806,915019441.4001,49479673.18995,86586512.22407,79163845.071,,0.0,1992661.159831
2026-03-15,9080449373.0048,8294757906.69499,304315142.843,699813899.74831,139355996.6425,436913239.04197,1586147890.3191,57926909.9196,114526281.2286,110239148.524,,0.0,3151409.302465
2026-03-16,19840157846.2003,21037410008.44173,510924639.9257,1261091587.91129,346017746.814,1051183684.55745,2989741887.9654,113603254.63136,207665169.05599,227876795.634,,0.0,3450738.941858
2026-03-17,16237908572.5667,12798423454.3513,398168767.3646,1636638807.87922,227855135.4484,674636856.30589,2030370919.3094,87771841.16396,123967826.91192,138261262.863,,0.0,7479603.957824
2026-03-18,16383639137.9523,15946554139.76757,421630859.1676,950324146.44745,241514951.9729,671868993.70714,2340782310.0023,91390182.65023,159726111.80581,172827461.239,,0.0,5375337.2431
2026-03-19,15294450396.1898,13404580257.13115,351440327.928,816800859.41289,158084247.9494,465361113.48714,2140002066.2707,60956937.78194,126878691.48582,110561750.824,,0.0,3332021.334137
2026-03-20,13081138829.4624,9555696884.78175,281183997.1983,557560039.26405,141865053.4818,410991635.02568,1508536723.0338,53734364.17729,93014426.15262,90161664.551,,0.0,2789122.660355
2026-03-21,5205605275.9253,4037233128.04885,149144364.734,371575804.58268,103015198.1693,294210825.08143,908321343.6828,47199523.01419,72020283.03783,67807562.61,,0.0,1757085.384276
2026-03-22,9248443589.3247,8755069596.9334,307017385.2896,578439415.6371,167415182.8879,429341924.09067,1602925775.6056,60497991.06491,94103356.01209,109065039.815,,0.0,2599565.036813
2026-03-23,20370260333.7558,17619801746.33515,583551336.9421,1155595592.29791,270306454.4802,751338848.16453,3136042953.9549,94145919.70604,210091871.10958,207335355.492,,0.0,3579444.353424
2026-03-24,13772645263.8223,10082660787.98355,321707941.3378,675508873.04198,153321600.4655,455174717.43601,2331873321.1922,55242104.62909,131793315.76396,120818956.404,,0.0,2820649.434228
2026-03-25,11849218843.5443,9270182769.24928,316158873.3543,622938199.85503,176075025.9257,505145243.30607,1842369528.6743,53868972.90414,112578153.08645,89605954.573,,0.0,1830413.279986
2026-03-26,12951042505.3498,11368507473.74588,294927344.4951,759074448.56635,170423685.4838,521763258.11573,2328866374.7358,55560873.88543,118327479.0776,120197695.79,,0.0,3091110.233557
2026-03-27,14210587774.4208,10101163807.7313,349805351.4912,774799547.17158,160725701.693,387538316.44854,2031432301.7984,62307702.00814,114421516.00321,110654291.748,,0.0,2677357.17166
2026-03-28,5950578006.8388,4978655148.31765,174060207.4592,366750168.79824,129530934.6731,460805063.92127,1232488815.67,43071121.42668,90219491.47192,60211961.193,,0.0,2056865.48586
2026-03-29,7312091384.9466,5632789978.94481,199334419.4432,478078805.24322,166718225.9049,360053703.73243,1364209795.4692,44226951.56702,96241261.28909,74820144.401,,0.0,1337998.938485
2026-03-30,12563731418.2445,11154426747.31524,331825704.583,589004390.43098,189235711.1713,535748205.57399,2125334518.5004,70095131.64858,139712242.15083,116318496.326,,0.0,2097811.95086
2026-03-31,16388241988.4435,13300070169.22609,417750428.8931,668542896.4636,214250280.8711,553995337.58422,2575665070.7688,55223304.7502,114561473.26253,114084842.503,,0.0,2453352.340097
2026-04-01,10762216842.0174,10067911831.45104,311272495.6297,507180824.97819,208790953.5255,453368020.09873,2539625689.3961,52962825.15341,119986976.37166,142477079.178,,0.0,4615879.038534
2026-04-02,12579517168.5344,11903711089.64816,572246898.6311,780241063.10305,244284442.2243,503561041.57488,2493846255.4026,76920517.64084,140952875.32654,141151036.931,,0.0,5529464.717699
2026-04-03,5293680077.2063,4392715659.63013,222008930.4908,428826323.28361,160308370.9695,345608279.33001,1243225565.8076,43044613.51267,75260060.84167,94127905.123,,0.0,2311206.975094
2026-04-04,3410098603.0277,2687646711.06367,156293030.5595,253078626.11311,97769859.959,256126838.54591,916693881.8482,30820695.63165,46582801.8648,69709358.312,,0.0,1804823.563134
2026-04-05,7083232336.5034,6446862526.47206,259220745.2801,581707806.21721,132923438.1877,423795390.7422,1338236964.606,38157190.51199,78102360.51129,85904323.557,,0.0,2015147.139724
2026-04-06,11569303168.5605,10984437823.35124,308152716.0284,650977050.63679,204650762.5655,535106265.25314,1738951367.6092,61780461.25062,142161737.87954,233141756.031,,0.0,2637198.698578
2026-04-07,16182279542.8739,14671800400.10454,409351010.8877,770322069.65673,239085106.4982,567435582.13927,2906674937.8358,63281843.20127,159258222.78101,292735840.991,,0.0,4122961.945992
2026-04-08,13133483725.5291,11286864440.33124,329630583.8997,684303361.20792,183663934.8903,540487266.86629,1816133069.9855,55375777.50304,120787485.1153,179425272.498,,0.0,3446955.840617
2026-04-09,12590015134.5603,9800427252.77979,281033696.3477,633046338.2316,145734710.7781,525916508.84536,1941192946.1432,41717891.15995,121603937.51419,171272791.494,,0.0,3113821.254512
2026-04-10,11339768854.1431,8354604317.01898,218895541.2325,456057711.82511,140402948.164,474001672.74914,1541921050.5638,40644095.96551,94295844.109,131889023.821,,0.0,2528436.902998
2026-04-11,5853687218.5443,6526388750.82707,185313718.2032,410544173.47448,170034490.7957,378962474.49882,1124788858.1972,35981898.18097,74257193.53372,108087564.72,,0.0,1955424.615316
2026-04-12,9619397053.2532,8189504742.41815,267204947.8327,463267270.42005,194659717.6282,432477227.09188,1536465853.1764,41097852.92418,95882965.61288,127200349.219,,0.0,2985116.63202
2026-04-13,15429798791.7153,13062032896.14409,345330504.3028,652186424.25148,213020102.8998,530734109.94862,2198144981.9687,66437085.22244,144646146.03666,186370802.182,,0.0,5102109.948429
2026-04-14,13694374804.034,12817285329.6406,367507205.2609,638600497.73377,189862581.6425,820093719.72506,2095295592.3503,58012146.41491,124341994.20017,155552306.386,,0.0,7575540.187211
2026-04-15,9730355811.3352,8551879330.17925,275620550.1136,651774669.90277,169970176.2476,463453214.84552,1716743456.2512,48819348.44404,91191606.40599,121004939.91,,0.0,5887009.056714
2026-04-16,11801394012.9651,10552845333.85908,370989496.9511,985061355.13789,284675702.0366,963873070.42297,2588907718.3894,75170225.91699,154220826.84434,221459412.586,,0.0,4493856.906389
2026-04-17,18324625150.3757,13620833660.11168,349766325.387,993195539.85346,228947560.2974,921077536.10503,2522031919.0597,70131647.75352,133147926.77754,173635668.16,,0.0,3722093.335528
2026-04-18,8076569348.8235,7149340638.99621,277011976.5059,586223003.49095,145398660.4179,554270728.48242,1246389954.8989,52745991.62391,100686857.47754,116491523.757,,0.0,2714225.682912
2026-04-19,9683836062.9599,8623771806.92172,290093365.8807,676723234.24078,168512231.6972,615231111.77963,1791892567.3718,57590810.92325,105414447.95785,126383140.966,,0.0,2971242.007959
2026-04-20,12510062747.3712,10248279667.76236,241138221.1831,639928621.11683,150197031.8175,398919415.80881,1644274937.2624,49690024.22135,113334035.99059,122108302.961,,0.0,4192831.127242
2026-04-21,12500416813.7038,9057460146.11613,280540499.0145,541673187.80199,153147943.3748,345642057.30805,1598391619.1729,50947068.38339,103083256.46375,131673176.936,,0.0,3244527.400158
2026-04-22,14938373139.3461,11597463287.75726,337171501.3591,532527370.86672,160611607.0263,577352924.52088,1923748653.2954,58657267.45928,102495328.14277,111803819.6,,0.0,3712190.678497
2026-04-23,13417395909.757,11131404277.77836,271388921.677,592855399.9105,166345137.1761,570941805.84796,1790589111.0446,60308628.76436,104313824.02069,118018291.508,,0.0,3086958.043918
2026-04-24,9945529700.8213,6725582229.39237,181645299.0078,500287545.38845,118787611.7588,475318999.12185,1326253119.786,41077433.29977,80118464.09004,82878710.992,,0.0,2876025.841071
2026-04-25,3610097135.4857,2322712023.97939,146869515.1306,245674225.50187,123580655.4317,263596112.23903,637456843.3257,34630110.83657,49901126.42341,64078249.055,,0.0,2689801.857363
2026-04-26,6242573929.5112,5590952692.8336,154191120.6233,289363919.38522,118878699.5066,327567044.13806,962833107.4863,35390496.21748,64177322.35514,88457067.795,,0.0,2893511.273189
2026-04-27,13145988361.7206,10397268595.41896,283623406.692,608597471.19778,183624648.3716,554528815.24138,1953868141.782,64182128.98587,100244119.62897,115904110.28,,0.0,2535691.307928
2026-04-28,7940395434.4344,6198676905.70273,149294821.3839,396164013.51608,124467705.9927,578549512.27944,1105565321.0633,40639943.43311,62684830.49539,85771610.343,,0.0,2933457.13221
2026-04-29,14249560003.828,12133049133.74266,275547199.982,644296588.75939,222910172.9727,1817633772.56413,2037135895.9976,101332860.21473,120607168.98695,149438537.497,,0.0,3827383.052143
2026-04-30,7592288630.2618,5846314944.71813,144923876.2334,378866954.74224,120966467.6972,1018397118.17368,1052633781.3357,38211247.21034,59016504.72705,85938699.968,,0.0,1498696.107321
2026-05-01,11910926993.1926,7156215555.26558,187923719.2921,402351306.65196,131604818.9638,862614705.05995,1187474687.3504,45592212.49918,75298287.57172,85496817.718,,0.0,1681788.321179
2026-05-02,4033520631.7541,2723435669.15341,118330485.1916,277257350.67361,91729683.7224,410672503.10723,699429902.4366,26713797.17927,53496953.73188,66335190.661,,0.0,1879909.625165
2026-05-03,5665696047.9264,4841477912.69421,144401124.0918,245267916.32438,112216797.6393,385255348.86199,807428598.131,32978209.19846,73072566.78411,96167964.329,,0.0,1610535.861958
2026-05-04,22352471036.6139,13653742569.78952,451304161.0964,715782877.22855,235962990.6874,1069776927.67819,2354637795.2535,80465269.64096,180068438.90191,194615930.695,,0.0,2376625.365003
2026-05-05,13859497343.3122,8749779445.17216,237730253.7145,491710236.28719,209750022.3281,642146985.68718,1654088273.2086,61529553.61475,124793210.76651,119960623.316,,0.0,3188979.408089
2026-05-06,12927894460.9271,12669419909.30159,469322858.7338,715294824.16891,222373815.4289,929388724.10811,2245324343.3905,78506685.64103,158364133.68861,140679889.897,,0.0,3985300.720536
2026-05-07,10847675002.3061,10013235171.70902,341270912.7175,614190522.16868,155468156.8219,698671359.18284,2200158879.0886,64056923.91256,110291343.42796,122653201.091,,0.0,5748711.258537
2026-05-08,8526573357.1195,7467547678.01854,248288201.644,538731124.0359,147542850.8147,486130427.67153,1987757424.9872,75742364.8618,150443335.67879,128416478.872,,0.0,4584189.091089
2026-05-09,4503617575.0946,4383197307.80287,190523702.9452,411199762.58845,108852450.0792,390769646.21266,1531888502.3396,62257060.51264,108492112.53878,90839028.564,,0.0,2627309.662319
2026-05-10,7710867902.2652,7848764923.30219,285266568.9487,1030848843.97227,237676421.4678,789418201.46522,2394217094.5916,98178224.48534,150917955.41225,174868245.103,,0.0,3211370.060922
2026-05-11,9914471000.5156,7203349254.09189,345270482.9655,821318601.60216,185617224.9922,820355194.55816,2710839262.3365,91335875.98092,123838355.77929,138556536.091,,0.0,2589894.243984
2026-05-12,9789139740.0945,7823498239.06062,463948131.0845,784293306.12856,184972776.491,617411826.37323,2154311643.6268,76928553.7274,136556438.44543,145740082.025,,0.0,2711019.223894
2026-05-13,11167790014.5136,8262514468.32443,575603603.6023,803620428.5005,189693498.5286,796307045.48584,2832975825.9213,77562898.31399,163065537.47715,139717754.048,,0.0,3129351.58953
2026-05-14,14166202818.0762,9531103712.27378,442151765.1204,1367115432.10401,190947451.8036,1301868083.42179,2463486854.3418,84159170.44574,149312070.02159,138450237.373,,0.0,8250008.903165
2026-05-15,12292172672.2623,9020114235.74348,515216505.875,1032225577.16724,172787714.3316,803517156.28648,1942540744.9782,70582039.34744,139939810.16617,134770516.265,,0.0,3792349.04338
2026-05-16,6745204001.3567,5214879791.71328,375676465.9548,566177837.55232,119232379.401,473010322.80043,1376117537.5177,57099112.8667,105897005.52779,86662110.264,,0.0,2547013.527153
2026-05-17,6712948169.9698,5378648081.2906,287637638.7423,542045843.97201,140847594.6171,526566146.25373,1279246477.1604,70018187.587,107172627.05865,92889022.159,,0.0,2202865.454269
2026-05-18,13699664123.4151,10804751722.33636,344028897.6232,770123284.69538,177094193.7679,789427150.62294,1775761019.4993,82656099.76446,126250747.39331,118496269.394,,0.0,3528729.300964
2026-05-19,7603377917.7864,6781252478.21783,199734976.1268,551671691.11458,105404135.9484,376148622.78918,1042689516.5353,46899778.92686,116839335.04711,75070579.24,,0.0,2533147.969647
2026-05-20,8314023123.8036,6005578655.00268,203558186.2276,473480407.38492,117123616.5425,367508303.32864,1511001483.0995,64259947.90247,98836742.45456,94508064.49,,0.0,5015710.767616
2026-05-21,9079126567.9011,7138635120.51499,257458080.9342,585529881.38867,183138021.686,467555965.40288,1695219630.4356,62536005.94014,127034336.45195,117848624.191,,0.0,2310230.84596
2026-05-22,8909928951.1865,7053054579.8852,322092450.6939,638419661.97051,192165489.9438,426163114.46065,1539515126.4774,77479775.67654,158949794.26592,120782487.39,,0.0,5260179.601444
2026-05-23,11619846136.9379,9874199839.09287,331331608.0085,690188486.08845,189796650.7919,568062130.32932,2099252082.69,66482359.78783,151887527.70176,145003548.435,,0.0,2647063.270921
2026-05-24,6995184441.0506,5459614752.76659,228035736.0556,399959931.45024,101749354.4243,291226419.97938,1361384072.8787,44510407.10083,90310379.47715,79815806.807,,0.0,2280759.945374
2026-05-25,5935318058.4616,4927473573.70826,334238315.8006,359492136.71377,121717784.4235,266170229.43713,921542283.1588,42770715.59561,77665852.25081,89486127.815,,0.0,2575513.456559
2026-05-26,12654056290.2857,9390528626.89166,305026187.8603,532801117.09653,161202224.8651,360851551.54255,1569870599.8836,56848911.87164,129586899.46956,114173393.139,,0.0,10055438.174757
2026-05-27,10884781930.5444,8076868611.66935,248988792.315,586083487.98251,166401188.4586,395593564.78252,1522719952.0934,53449816.42222,122592810.63533,97207211.821,,0.0,4844674.673734
2026-05-28,13158313710.1554,10103114235.60453,383598497.8046,817226158.51098,221267514.7221,461304318.80529,1734545989.0362,70100755.25238,149526641.32869,125764057.579,,0.0,14818089.336639
2026-05-29,10744239263.3423,8871285211.16649,261493950.5694,705582583.19433,163472287.7699,339865687.48797,1417408484.3376,43174723.5969,104045254.22554,104749848.784,,0.0,4198254.12101
2026-05-30,3872898602.558,2851791199.77103,1593240732.5135,532300162.99022,112067373.0208,244811856.63862,666598429.9882,37634172.32274,93405684.18922,59817307.732,,0.0,1937869.850287
2026-05-31,4298158210.9843,4264448024.4675,1667832190.3321,433993179.59305,116723129.4543,252338143.24793,821086432.3277,43106216.08039,79244319.48256,79491632.379,,0.0,1531444.694784
2026-06-01,15378872728.3725,9801437747.27397,1909357683.4671,722246986.89645,209809585.7364,501656481.16692,1789925905.2565,73091212.57683,106777223.85784,131774100.605,,0.0,13960413.088202
2026-06-02,23712505169.3278,15443333958.37715,992206466.4525,1024543881.10552,304141935.2135,751406613.08366,2426188824.3604,132286129.04455,185075005.68802,169975533.526,,0.0,7876585.804447
2026-06-03,20585781398.0473,14009175500.0448,790179405.9314,749086016.04914,250374978.5515,512052225.95243,2164296121.1412,87523654.41802,177179943.055,132138674.28,,0.0,4908849.127357
2026-06-04,27310650403.739,14886358168.04281,877359337.0382,1011859727.717,443616482.2659,716869398.28091,3000125140.0069,121471843.89069,181629446.96734,156321932.496,,0.0,6068100.194051
2026-06-05,29361378809.9244,23402300661.32043,1110042727.6482,1359581689.6044,577902712.7402,867496475.03705,3787485905.0175,149698392.78749,250639669.97046,294542761.41,,0.0,9253303.02618
2026-06-06,10605474090.515,10185700196.07712,428080634.6085,796785272.78216,292227352.1982,508566059.35307,1942257359.4844,102782272.24772,119186147.85603,170029340.766,,0.0,3858919.78434
2026-06-07,13517713522.3448,10056629504.46923,454191573.2146,757702350.88222,234806716.9006,409609298.17271,2080472200.8618,100881578.34651,120150079.74085,126288751.456,,0.0,3433541.455529
2026-06-08,11686149262.5016,9657504877.63944,336849340.2194,644213025.8674,193488853.6771,319189141.72062,1548384274.8833,60180626.7907,105834271.46942,103915599.903,,0.0,3438554.604049
2026-06-09,13747227695.6087,9645108935.53675,347292570.4826,664216637.38447,182517605.5956,405333362.42444,1883592783.4498,71398500.56631,103369670.9783,98587855.025,,0.0,3783320.238168
2026-06-10,11904619873.8146,9101592782.72717,298899685.1314,654678643.84193,221505364.6491,385450907.71315,1695520180.8189,72016013.93313,101080520.56564,105951050.134,,0.0,3128511.796901
2026-06-11,12203645517.4952,8557618159.26419,290028286.1331,578647260.0539,175740201.6068,314123811.17482,1632195435.2308,64602664.72826,87850843.86933,88382110.378,,0.0,11591805.947181
2026-06-12,9269070492.5146,6159375748.15496,245420538.8913,433850654.14111,172853920.5886,786798304.6305,1433250801.0548,45395633.8483,56321486.70339,64010040.192,,0.0,8862254.909712
2026-06-13,4875081330.9115,3098385514.20634,176844805.0484,263256900.86831,122440442.6359,299785492.94441,920044268.8828,40026253.78701,46922012.17478,50172092.805,,0.0,3058706.301304
2026-06-14,7543356645.1326,4869332773.45763,217107797.6484,381791326.84583,177170028.8973,281315161.72529,1206945555.3572,46386277.85745,57880325.91181,76494591.302,,0.0,2145439.459279
2026-06-15,11128369131.6187,11415816381.02132,382481952.9887,974877455.03905,261084909.0284,431783418.82003,2033403494.2524,79961170.57115,120133146.51186,113708798.059,,0.0,3368408.334275
2026-06-16,8530166441.4165,9563756046.06,343659377.8328,609436951.60195,183789429.9204,360312807.91017,1524415917.3672,65872506.40108,90734150.71548,85336068.701,,0.0,2419347.652008
2026-06-17,12993715717.6897,9864620729.3988,365976194.4969,618824188.13228,216635412.5567,348706103.53968,1910900160.343,51452005.56478,119182071.97786,109400657.443,,0.0,1865257.808552
2026-06-18,11913345414.7855,8756836492.50293,410819844.9067,647109189.12399,145607097.577,276927603.67058,1713570461.9231,47171800.11416,93934291.50291,114906260.548,,0.0,3122673.475328
2026-06-19,7054926729.8511,4861309484.30325,206455989.7441,377016746.67806,113698226.6023,184405109.85629,1143189895.2077,38588220.54532,72159728.33114,201886072.404,,0.0,3369203.502409
2026-06-20,6097926299.7573,4667576781.81196,192396601.4129,283798236.44474,87030595.1317,182946682.89617,1682383480.3891,28562807.03663,55009173.00164,141631882.385,,0.0,3002804.918066
2026-06-21,5440812226.5408,3755843017.43623,204813233.7966,331953702.75444,110411364.5516,163670691.94679,1458426927.556,54276411.04376,47025866.03666,76043306.946,,0.0,1975473.532981
2026-06-22,10442533457.2388,7533670615.73773,287994420.2759,506969092.06357,131729717.8474,239088943.98432,1847662079.7429,41089496.80131,83579225.40551,86857312.377,,0.0,1553070.555736
2026-06-23,10846658707.2452,7386269511.65433,278452502.2512,530639334.37177,161182303.5189,328486927.23863,1631272416.6845,69221754.07098,111953865.9577,132396060.347,,0.0,1494055.063508
2026-06-24,16952133814.0803,10385390894.52356,400106567.0669,670319948.58175,240939538.9943,445143597.08952,2245309811.6105,84928239.49851,112157060.27173,124645532.381,,0.0,4361477.56883
2026-06-25,18118740546.7246,10998093210.55176,387451666.2307,644662938.02479,169370232.6596,393017394.15913,2084712864.7531,68099209.75601,101837845.40216,122991123.909,,0.0,5158130.82192
2026-06-26,16822758418.5105,10420348023.48775,366183372.1289,676320501.94411,161675842.0576,336404066.42019,2852338937.0972,63189127.13341,96294841.47597,118528522.005,,0.0,3122440.574594
2026-06-27,4907885655.0171,3579324490.74527,175194403.2908,321613955.59723,77150903.4913,173911012.89298,1128192553.716,46274215.31641,45628626.32111,78336628.046,,0.0,2517788.432935
2026-06-28,6193593269.8492,4117603574.46833,198638416.5153,296348221.89738,71666413.9126,193613592.64635,1272636216.0076,41983553.20167,52675996.51014,52292502.586,,0.0,3698417.845506
2026-06-29,13640923265.6366,8727485059.7997,271030563.3544,490722780.65152,104203705.875,345247905.1171,2693520241.1824,52495666.90486,85409810.92489,103599979.809,,0.0,11080902.836488
2026-06-30,11294873694.8577,6029814926.38176,234161308.7086,362529542.82934,92430890.1049,371656912.66828,1618687360.7539,42616487.27981,68631803.09323,69885111.627,,0.0,3966769.233116
2026-07-01,15695432641.0252,8694460651.72534,366208657.5294,472789422.08068,228616533.4371,297461452.18518,2637734418.6127,59264649.79375,98459062.76747,83893575.783,,0.0,6180038.638505
2026-07-02,14413324176.5046,10027027780.64599,316229560.9674,529323814.71458,159112604.2077,302998129.64384,2833610886.419,52910797.81323,120882402.56759,76005994.455,,0.0,2953182.816471
2026-07-03,8221425342.5955,7304259552.97644,208467237.6777,516111009.1767,272786597.5307,282275009.4611,1468682751.8792,53055118.96874,74228376.08964,75159587.234,,0.0,4152724.303359
2026-07-04,5005363317.9037,5175967837.35655,201713160.9008,609284693.06351,325309119.2315,286842209.425,1344109680.7385,47948811.22248,67799033.30655,59217139.986,,0.0,1438397.697852
2026-07-05,5838939676.6096,4878719338.55951,369990828.9359,456394121.09634,240812177.3094,278312409.93578,1316479633.3845,57887065.13622,60267338.48733,68336250.211,,0.0,1899222.499882
2026-07-06,15274506289.3918,9827395046.08717,353384000.8786,630505705.03858,253972746.0774,351974015.3354,1966244826.7249,64877702.7208,103033958.20415,93599530.624,,0.0,2071013.150323
2026-07-07,11244581262.0986,7788028201.87085,247436133.4335,509419022.96507,170447021.4083,281540206.5393,1429386723.4089,46627379.03359,70269018.58811,81572361.528,,0.0,3941499.905617
2026-07-08,10156440443.1993,7298476098.98838,251550742.0223,538438713.8133,157640695.3471,275405717.01051,1764285702.2009,56759915.86721,83079859.2123,83764698.673,,0.0,3455565.434881
2026-07-09,9464862498.7085,5322638544.72311,177127770.6745,304453871.40883,124070425.9887,178786551.11097,1097865826.8506,37006794.48612,60549613.37176,78771045.179,,0.0,8371736.747146
2026-07-10,8884001490.3616,6035968317.5746,187764272.1306,352176559.48199,122775247.6594,199225629.43968,1268747606.4244,37048092.36395,62247190.37575,55603049.896,,0.0,4064544.85627
2026-07-11,3443175595.1301,4271423198.19284,142626811.6985,247917657.60517,128618561.9157,199150860.1151,759374877.469,25138796.61826,47692156.56661,38909013.392,,0.0,2056219.931813
2026-07-12,3842437074.5187,4353707091.18831,213286544.0353,305264412.13956,113662771.2747,177251146.98142,930404334.1551,24002438.13164,56684208.24208,77670942.025,,0.0,1280988.535495
2026-07-13,12292237296.2456,9076152857.27994,201675591.0335,477551486.5092,132203807.3343,251743787.0922,1448121976.9595,45500201.2993,87886701.39548,106627918.979,,0.0,1696400.776004
2026-07-14,12181241959.761,9767271249.85603,249314484.4588,472142166.73483,157771266.2621,285513719.27561,1307501394.0838,50199989.17363,89111623.36306,67541406.648,,0.0,2634456.252703
2026-07-15,8592277953.362,9068463403.21453,222514497.6213,450553048.84278,145350962.7698,268045952.15147,1386362345.4614,76968210.91595,90586217.61682,67612715.468,,0.0,74029803.945836
2026-07-16,8392177738.2678,8144210069.96647,210367195.1663,468280217.52378,99073878.1522,224134906.35272,1231238358.4355,45083438.28284,85367798.35517,58785910.972,,0.0,3478969.157975
2026-07-17,10503446852.1878,7849464070.00737,241024555.5309,433293141.26767,158461363.4495,218509045.72918,1110314527.3009,61109835.85054,84228055.07158,61968222.486,,0.0,2148895.883005
2026-07-18,3163687038.2765,2427308201.80217,114366618.6442,212026131.09838,89266019.7287,92481691.54096,433847609.3985,73523536.62564,40639316.25525,34402999.315,,0.0,1033657.224055
2026-07-19,4055891561.1265,3631537624.92145,105780478.968,243475942.99269,74865046.6318,126090669.6588,664607905.9034,54457393.29196,35771089.98428,47911444.225,,0.0,1114291.58363
2026-07-20,11632181714.2429,9263743222.32922,210517681.4287,527524244.91656,166498977.9862,334495159.42546,1410403927.2392,77194179.38942,94415335.64895,75212497.364,,0.0,2930093.554008
2026-07-21,9194862592.7125,6729496891.35654,170770039.1596,590189379.27405,158847761.5944,228710417.22725,883310291.208,59003556.88891,74742079.65857,53285733.899,,0.0,30782749.475722
2026-07-22,7707124517.2237,6933869707.52863,173319930.3378,423254657.48297,165281405.6161,245797270.95602,1100381615.7824,47497078.10787,75179509.3391,52525251.194,,0.0,4017324.541602
2026-07-23,8138975806.3191,6607190691.17787,133793059.653,456082851.0354,125764659.6246,386848076.42053,1105342286.581,50188922.88656,71127491.46528,80022365.572,,0.0,1572735.346231
2026-07-24,9530027824.8239,6425601588.50683,204979998.3148,389829584.89786,90975542.5569,317257313.71539,1088602302.0501,41540845.45756,59814397.92656,55895657.109,,0.0,5485722.728764
2026-07-25,2965064790.4038,2044238533.1212,89591177.4446,228012420.73164,64810984.9304,323337250.17865,553624046.7112,26449430.0064,37504491.79587,109164337.348,,0.0,4904331.111582
2026-07-26,4260757162.0434,5123450919.68906,120104894.7269,245781115.39502,55276896.0552,330738708.57555,764720254.3146,53961842.96195,77106368.24739,65336538.477,,0.0,964897.57782
2026-07-27,9585011782.5078,9228308685.01879,204538899.0847,500272009.76168,143465940.357,309822994.77515,1280691989.1059,50126762.99924,107634896.08085,77799923.608,,0.0,3749063.796352
2026-07-28,9155492233.058,8942284392.93945,191716151.7691,518367110.98534,132376283.7158,295584739.63388,1315943107.7929,34210166.5005,78322584.18448,51823247.847,,0.0,3579317.826626
2026-07-29,11532338882.8731,9109139841.41855,179329101.0098,628128490.78287,162611848.2209,260019254.77651,1326060732.3719,56686960.62262,86906960.9672,59210164.047,,0.0,2452585.794801
2026-07-30,7285615069.239,5765640477.36114,325464262.7204,317349715.39188,154916909.7334,189476446.95689,905151240.4556,34832013.93397,64457476.13339,37222513.58,,0.0,4196863.094915
2026-07-31,11118195413.6568,7517537304.44882,265410220.8907,373296929.56193,128266557.2808,270369592.32254,1141566524.6077,40250683.46977,90280950.27895,54439929.333,,0.0,5375481.724643
2026-08-01,3435251324.1728,3466959352.73297,226900636.9898,203438780.13397,127986087.6207,225169397.96056,840668567.9234,34123043.43986,64599330.5305,56048213.885,,0.0,1261010.341557
2026-08-02,5321527670.0529,5000246440.02179,206167310.4723,291958601.84903,246982106.1858,214530464.15329,822841115.6839,26711363.80593,77197063.93303,87711061.709,,0.0,973358.942652
2026-08-03,9601999380.3407,6764218596.19507,199329330.8414,368400579.54347,257476319.5732,231105273.86627,1049125555.4238,31599139.25706,60484340.48407,50822739.339,,0.0,2909167.413921
2026-08-04,8312596119.4757,5428029350.829,164105224.0367,317137976.5334,194385887.9657,166931398.58326,967046649.9483,34497827.47399,75492986.91282,91886129.637,,0.0,1981439.5735
2026-08-05,9345411514.1917,7113452202.68346,336237093.1174,393837443.09927,173873447.1688,203872323.9655,1142324060.1904,38309739.68602,66340149.12447,58046811.259,,0.0,2183698.451523
2026-08-06,6412456134.2091,5085441927.36283,175533221.5486,587036355.05626,319267431.8992,226511542.9552,1001049651.1195,37207433.00092,94270975.16163,77554784.839,,0.0,2058333.340448
2026-08-07,8062923719.9652,5556884631.18004,187041023.7217,567042223.24196,178275606.0251,196634861.03227,1046963604.3429,36526378.74709,73997640.09317,44453981.026,,0.0,1843015.083571
2026-08-08,1718341936.1319,1391281636.69678,252288416.9828,271133808.70483,74599647.6099,183195808.8187,948498639.9489,20314992.33805,48649734.5327,34198082.039,,0.0,3271573.397713
2026-08-09,3111939060.7236,2703784088.20286,185732994.7902,274837006.72822,99621613.4374,180415195.26568,874227315.0885,24958238.86102,51477899.79282,35236869.273,,0.0,1856398.803161
2026-08-10,8314792239.0839,6407415105.85985,179328770.0204,499631960.15532,105391907.457,193135006.87335,1065297688.2825,32412349.85612,89830229.02637,48150979.846,,0.0,2648673.037641
2026-08-11,6767717136.9969,4951898188.19022,268152782.138,647920480.05472,126153507.6366,329641520.83065,1195004703.6972,29206619.40502,177167325.97398,76809381.896,,0.0,2452900.560698
2026-08-12,7296912639.604,5559179864.53512,254384483.7673,355431517.86368,93667260.1322,357515779.21032,996048951.2583,33703110.14298,131972907.86337,83406726.739,,0.0,1705097.887636
2026-08-13,7789208113.2887,5218467948.13854,192768741.5591,351723967.19296,81387627.3365,221877936.87792,925461564.4042,21996343.77579,118896768.03766,63348438.123,,0.0,2639750.150953
2026-08-14,6629197390.3501,3481034035.01465,163805834.1897,400497653.51629,76171135.3334,148310514.89475,762742142.2504,32739526.81206,113577259.1741,39722210.887,,0.0,1914983.11431
2026-08-15,1584147765.8165,1184706377.78586,144794128.842,181019775.13284,52009654.0563,97545520.18051,392767507.3671,19800798.89012,278318527.0184,101431469.426,,0.0,878409.674387
2026-08-16,2516783709.7695,1883513736.84228,149286306.8676,219738340.36496,68288220.966,103847450.5552,587849267.1782,20765234.6023,130772927.5988,52129856.09,,0.0,1117100.982982
2026-08-17,8818500412.4621,5020479048.1944,176372037.4805,378420622.78935,86968876.4344,159526153.7564,970898960.8679,29032205.00481,114375681.89108,52218095.506,,0.0,1317873.550941
2026-08-18,6285075890.8312,4489808692.16187,153344065.286,352816297.22605,88582590.3592,176412074.64423,1014535214.1208,28368343.41779,108566613.08512,53335179.881,,0.0,1190141.769934
2026-08-19,21955019535.9597,20296113028.69307,489652378.4922,1231567558.72488,188487494.9244,532160486.1264,2768911470.21,71758112.09446,348953293.82831,141227600.442,,0.0,56325080.307261
2026-08-20,20683034859.6725,17469091948.75315,576886536.3073,2692240587.5452,262553526.0992,753127718.02523,2133824563.5673,74688058.23426,217938240.05391,170461803.181,,0.0,34871016.916802
2026-08-21,34557712020.4669,22027989963.12597,765019431.9795,3113780889.28857,418579080.6143,1091490676.62202,3400218320.7906,177325729.03376,438336030.25453,217616530.873,,0.0,8998970.048367
2026-08-22,9984280977.95,10936971005.15106,986718509.1231,4518408798.17829,426439431.8483,1399413459.68574,3625798840.7451,151275925.89849,356208723.7109,195970217.794,,0.0,5030979.211422
2026-08-23,10079189363.4479,10761726205.41168,449305932.4514,2174788163.87063,211464166.6634,722659894.53839,2411667198.6381,71746489.48156,217286579.52029,89450866.049,,0.0,2000879.544767
2026-08-24,18239977752.8047,14735316921.32264,502588281.1887,2024119965.34892,192311813.6341,721914749.84686,2815464483.0005,120083547.89121,188610023.76818,104510693.4,,0.0,68778303.538145
2026-08-25,19059809092.551,11009044336.92816,436113327.2508,1929381397.56744,183048887.4346,597179330.40359,3509871590.9532,88041731.76345,164851545.7872,96586964.159,,0.0,3902859.635365
2026-08-26,10545240245.3902,8247596949.01976,318249300.8013,1640883396.45633,135644304.7589,412096662.14112,2027897949.362,67250594.57175,116909317.81422,69527276.666,,0.0,5794195.493339
2026-08-27,13198367933.7274,11112358469.8515,308578140.1975,1461053801.22561,154504699.5389,445644644.00483,4215655245.95651,72658223.75526,151577214.90205,84958878.159,,0.0,2545414.136185
2026-08-28,17556593691.1423,11218833326.72674,397510834.2932,1483529434.42933,177219653.6228,487978808.04341,3861275429.24407,75993633.74465,153833831.20198,83821656.309,,0.0,2888722.872696
2026-08-29,3750001659.4129,2502511118.23717,140905187.3638,487985550.53946,57431965.5285,184293169.2784,1227283334.45028,30121129.44136,59112487.12113,30640589.124,,0.0,1430534.522242
2026-08-30,7049239577.6955,7948066382.90488,248033187.0262,936620643.36164,134302870.9924,386029014.38632,2021299630.61212,52416747.59767,125421192.11945,68959670.906,,0.0,1482774.940063
2026-08-31,10135558245.9069,7777752036.95859,221609256.905,948216855.85562,126807170.0949,312140138.025,2018197895.6495,44028790.11905,115872992.21418,57720230.005,,0.0,1793629.230638
