date,BTC,ETH,BNB,XRP,ADA,DOGE,SOL,LTC,LINK,AVAX,LUNA,FTT,USDC
2020-01-01,-0.00034406,1.2290000000000033e-05,,,,,,,,,,,
2020-01-02,0.00013766,0.00025047000000000003,,,,,,,,,,,
2020-01-03,6.783e-05,0.00030000000000000003,,,,,,,,,,,
2020-01-04,0.00017471,0.00030000000000000003,,,,,,,,,,,
2020-01-05,0.00030000000000000003,0.00030000000000000003,,,,,,,,,,,
2020-01-06,0.00030000000000000003,0.00030000000000000003,,0.004978890000000001,,,,,,,,,
2020-01-07,0.00030000000000000003,0.00030000000000000003,,0.00278122,,,,,,,,,
2020-01-08,0.00032514,0.00030000000000000003,,0.0021474800000000002,,,,,,,,,
2020-01-09,0.00030000000000000003,0.00030000000000000003,,0.00030000000000000003,,,,0.0002,,,,,
2020-01-10,0.00030000000000000003,0.00030000000000000003,,0.00030000000000000003,,,,3.4990000000000016e-05,,,,,
2020-01-11,0.00037846,0.00030000000000000003,,0.00030000000000000003,,,,0.00032475,,,,,
2020-01-12,0.00030000000000000003,0.00030000000000000003,,0.00030000000000000003,,,,0.00029409,,,,,
2020-01-13,0.00030000000000000003,0.00030000000000000003,,0.00042677000000000004,,,,0.00030000000000000003,,,,,
2020-01-14,0.000459,0.00030000000000000003,,0.00091372,,,,0.00030000000000000003,,,,,
2020-01-15,0.00078889,0.00063631,,0.00636777,,,,0.00120117,,,,,
2020-01-16,0.00082657,0.00097811,,0.00129311,,,,0.00030000000000000003,,,,,
2020-01-17,0.0008177600000000001,0.00049099,,0.00030000000000000003,,,,0.00190148,0.004193430000000001,,,,
2020-01-18,0.0007126299999999999,0.00031014,,0.00053018,,,,0.00229267,0.00216068,,,,
2020-01-19,0.00151837,0.00088365,,0.00436778,0.0001,,,0.00084943,0.00044236000000000004,,,,
2020-01-20,0.00050484,0.00140146,,0.00069196,0.00030000000000000003,,,0.00030000000000000003,0.00030000000000000003,,,,
2020-01-21,0.00043222000000000003,0.00057087,,0.00054253,0.00030000000000000003,,,0.0002,0.0002,,,,
2020-01-22,0.00041392,0.0003535,,0.00041192999999999997,0.00030000000000000003,,,5.852e-05,0.0,,,,
2020-01-23,0.00072304,0.00041994000000000005,,0.00081678,0.00030000000000000003,,,0.0,0.00737225,,,,
2020-01-24,0.00114791,0.00060785,,0.00030000000000000003,0.00030000000000000003,,,0.00072141,0.0019323600000000002,,,,
2020-01-25,0.00030000000000000003,0.00047793,,0.00030000000000000003,0.00030000000000000003,,,0.00036383,0.00298262,,,,
2020-01-26,0.00030000000000000003,0.00068346,,0.00030000000000000003,0.00030000000000000003,,,0.00047684,0.0016110500000000002,,,,
2020-01-27,0.00030000000000000003,0.00030000000000000003,,0.00030000000000000003,0.00030000000000000003,,,0.00037236,0.0,,,,
2020-01-28,0.00133083,0.0015116700000000001,,0.00064927,0.00030000000000000003,,,0.0,0.0,,,,
2020-01-29,0.00224211,0.00283957,,0.00349722,0.00030000000000000003,,,0.0009824,0.00291692,,,,
2020-01-30,0.00083329,0.00158891,,0.00284021,0.00030000000000000003,,,0.0012380100000000001,0.00047883,,,,
2020-01-31,0.00170563,0.00308347,,0.0036840700000000002,0.00030000000000000003,,,0.00113982,0.0029947100000000003,,,,
2020-02-01,0.0018971,0.00195646,,0.0006704300000000001,0.00030000000000000003,,,4.512e-05,0.0032997599999999997,,,,
2020-02-02,0.00128703,0.00061328,,0.0019736099999999998,0.00334325,,,0.0005912700000000001,0.0,,,,
2020-02-03,0.00106539,0.00030000000000000003,,0.00205403,0.0028331800000000002,,,0.0010384,0.00016181,,,,
2020-02-04,0.00191924,0.00090678,,0.00250383,0.0011893799999999999,,,0.0018539899999999998,0.00127118,,,,
2020-02-05,0.00072631,0.00115515,,0.00155603,0.00082486,,,0.00179989,0.000626,,,,
2020-02-06,0.00297988,0.00243217,,0.00469026,0.0070612800000000005,,,0.00180704,0.00424922,,,,
2020-02-07,0.0008996,0.00093406,,0.00424266,0.0045885,,,0.00134934,0.00444297,,,,
2020-02-08,0.00202088,0.00083782,,0.0019857599999999996,0.00445367,,,0.00171976,0.0,,,,
2020-02-09,0.00238271,0.00296514,,0.00309405,0.00491404,,,0.0030645200000000003,0.00433769,,,,
2020-02-10,0.0032967300000000003,0.00619823,0.00304635,0.00267566,0.00478853,,,0.00489995,0.0051632399999999995,,,,
2020-02-11,0.0015890600000000002,0.00376534,0.0057843600000000005,0.00183626,0.0027849100000000002,,,0.00275773,0.00158734,,,,
2020-02-12,0.00511939,0.00800644,0.0067218,0.00909082,0.00717776,,,0.00820108,0.00711939,,,,
2020-02-13,0.0024837,0.00439932,0.00457475,0.00732034,0.00579859,,,0.00515895,0.009166230000000001,,,,
2020-02-14,0.00193725,0.0031325299999999997,0.00128816,0.0023569100000000003,0.0024514,,,0.0036117,0.00361917,,,,
2020-02-15,0.00243342,0.00300311,0.005585110000000001,0.00369849,0.0030663,,,0.00508791,0.00214481,,,,
2020-02-16,0.00149022,0.00296663,0.0,0.0008555300000000001,0.00030000000000000003,,,0.0018102,0.0,,,,
2020-02-17,0.0019521500000000002,0.0020593399999999998,0.0014089600000000001,0.0004768,0.00030000000000000003,,,0.0014286899999999998,-1.5990000000000015e-05,,,,
2020-02-18,0.00070581,0.00060246,0.00024926,0.00132346,0.00030000000000000003,,,0.00205468,0.0015974700000000001,,,,
2020-02-19,0.0012564,0.00235701,0.00140107,0.0022193,0.00030000000000000003,,,0.00251424,0.00382731,,,,
2020-02-20,0.00030000000000000003,0.0008334099999999999,0.00139687,0.00034727,0.00030000000000000003,,,0.0007879299999999999,0.00031796,,,,
2020-02-21,0.00030000000000000003,0.0018084899999999998,0.00066626,0.0005193999999999999,0.00030000000000000003,,,0.0001417,0.0,,,,
2020-02-22,0.00032243,0.0015391200000000002,0.00167088,0.00093558,0.00030000000000000003,,,0.0002174,0.0,,,,
2020-02-23,0.0013398099999999999,0.00168785,0.0017732199999999998,0.00152699,0.0003625,,,0.0,0.0,,,,
2020-02-24,0.00073361,0.00112224,0.00102634,0.00075661,0.00050263,,,0.00130181,0.00037995000000000005,,,,
2020-02-25,0.00106701,0.00124051,0.00074721,0.00071829,0.00086285,,,0.00115749,0.00013417,,,,
2020-02-26,0.0012546,0.00198428,0.00033832,0.00032143,0.00030000000000000003,,,0.00036691,0.0,,,,
2020-02-27,0.00037363,0.00046167999999999996,0.0,0.00030000000000000003,0.00030000000000000003,,,0.0,-0.0012002900000000001,,,,
2020-02-28,0.00045263,0.00068276,0.0,0.00046033,0.00030000000000000003,,,0.00041928,-0.00058463,,,,
2020-02-29,0.0018404699999999999,0.0014422,0.00028972,0.000686,0.00030000000000000003,,,0.00039802,-0.00135378,,,,
2020-03-01,0.00108283,0.0006682999999999999,0.0008884300000000001,0.0004574,0.00030000000000000003,,,0.00076751,-0.00028419,,,,
2020-03-02,0.0003872,0.00040385,0.0,0.00050761,0.00030000000000000003,,,0.00054873,-0.00443715,,,,
2020-03-03,0.00030000000000000003,0.00051403,-0.0002225,0.00062088,0.00030000000000000003,,,0.00047679000000000005,-0.00254851,,,,
2020-03-04,0.00044328,0.00093984,-0.0006366,0.00059912,0.00030000000000000003,,,0.00072042,-0.00103559,,,,
2020-03-05,0.00053002,0.00104933,0.00020227,0.00074217,0.00059461,,,0.00088064,-0.00255084,,,,
2020-03-06,0.0007783800000000001,0.0005738,0.00098189,0.00089701,0.00030000000000000003,,,0.00110885,0.0,,,,
2020-03-07,0.00104276,0.00033739,0.0017541199999999999,0.00097523,0.00093258,,,0.00154112,0.0,,,,
2020-03-08,0.00147353,0.0011610000000000001,0.00200597,0.0012171,0.00030000000000000003,,,0.00087078,0.0,,,,
2020-03-09,0.00030000000000000003,0.0003762,0.00076211,0.00030000000000000003,0.00030000000000000003,,,0.00018345,-0.00395427,,,,
2020-03-10,0.00030000000000000003,0.0006042700000000001,0.0,0.00030000000000000003,0.00030000000000000003,,,8.665e-05,-0.00149536,,,,
2020-03-11,0.00042898000000000003,0.0006355099999999999,0.0,0.00030000000000000003,0.00030000000000000003,,,0.00026672,-0.00093477,,,,
2020-03-12,5.423e-05,0.00100917,-0.0004214,-0.00034364,-4.081999999999998e-05,,,7.548e-05,-0.00225138,,,,
2020-03-13,-0.00381451,-0.0029976900000000003,-0.007254340000000001,-0.00529466,-0.00215833,,,-0.0032041300000000003,-0.00166698,,,,
2020-03-14,-0.00131692,0.00030000000000000003,0.00196605,-0.00026517,0.00030000000000000003,,,-2.385e-05,-0.00207609,,,,
2020-03-15,-0.00150891,0.00030000000000000003,0.00081228,0.00026808,-0.00099676,,,0.0,-0.00186747,,,,
2020-03-16,-0.00155513,-2.9319999999999997e-05,-0.00025194,-0.00052875,-0.00181716,,,0.0,-0.00241,,,,
2020-03-17,-0.00038084,0.00030000000000000003,6.145e-05,0.00024151,-0.00040653,,,0.0,-0.00123445,,,,
2020-03-18,-0.0008360799999999999,0.00030000000000000003,0.0,0.00030000000000000003,-0.00239914,,,-0.00020985,-0.004403010000000001,,,,
2020-03-19,-0.00064135,0.00030000000000000003,0.0,0.00030000000000000003,-0.00196171,,,0.0,-0.00010727,,,,
2020-03-20,-6.639999999999999e-05,0.00030000000000000003,3.196e-05,0.00030000000000000003,0.00030000000000000003,,,0.0,0.0,,,,
2020-03-21,-4.145000000000002e-05,0.00030000000000000003,0.0,0.00030000000000000003,0.00030000000000000003,,,0.0,0.0,,,,
2020-03-22,7.382000000000001e-05,0.00030000000000000003,0.0,5.4630000000000004e-05,0.00030000000000000003,,,0.0,0.0,,,,
2020-03-23,-0.00023091000000000002,0.00030000000000000003,0.0,0.00030000000000000003,0.00030000000000000003,,,1.405e-05,-0.00065307,,,,
2020-03-24,0.00030000000000000003,0.00030000000000000003,0.0,0.00020071,0.00030000000000000003,,,0.00021089999999999998,0.0,,,,
2020-03-25,0.00029771,0.00030000000000000003,-0.00209042,0.00010828000000000001,0.00030000000000000003,,,0.0003975,0.0,,,,
2020-03-26,9.979e-05,0.00030000000000000003,-0.0023789199999999996,0.00025580000000000004,0.00030000000000000003,,,1.078e-05,0.0,,,,
2020-03-27,0.00013209000000000002,0.00030000000000000003,-0.00088447,0.00030000000000000003,0.00030000000000000003,,,1.128e-05,0.0,,,,
2020-03-28,-0.00075116,0.00017285,-0.00166027,0.00030000000000000003,0.00030000000000000003,,,0.0,-0.00085164,,,,
2020-03-29,-0.00078015,0.00030000000000000003,-0.00198578,0.00030000000000000003,0.00030000000000000003,,,0.0,-0.0023118,,,,
2020-03-30,-0.00105109,0.00010090000000000001,-0.0014716199999999999,0.00019817,0.00030000000000000003,,,0.00016172,-0.00148918,,,,
2020-03-31,-0.00036856,0.00030000000000000003,-0.00079252,0.00030000000000000003,0.00030000000000000003,,,0.0,-0.00086892,,,,
2020-04-01,-0.0009289999999999999,0.00012632000000000002,0.0,0.00030000000000000003,0.00030000000000000003,,,0.00012329,0.0,,,,
2020-04-02,-6.633000000000001e-05,0.0001483,-0.00092048,0.0002897,0.00030000000000000003,,,0.0,0.0,,,,
2020-04-03,0.00019126,0.00030000000000000003,-0.00099756,0.00030000000000000003,0.00030331,,,0.00043632,0.0,,,,
2020-04-04,4.068999999999999e-05,0.00024881,0.0,0.00017561,0.00030000000000000003,,,0.0,0.0,,,,
2020-04-05,3.562e-05,0.00023554,5.4120000000000004e-05,-2.5600000000000026e-06,0.00030000000000000003,,,0.00039983,0.0,,,,
2020-04-06,-5.4529999999999995e-05,0.00022567,0.00032474,0.00030000000000000003,0.00030000000000000003,,,2.064e-05,0.0,,,,
2020-04-07,-0.00014667,-0.00014175,0.00014939,0.00030000000000000003,0.00030000000000000003,,,0.00068596,0.0,,,,
2020-04-08,0.00013914,0.00030000000000000003,0.0,0.00030000000000000003,0.00050845,,,0.00031454,0.0,,,,
2020-04-09,-8.859e-05,0.00030000000000000003,0.0,0.00030000000000000003,0.00030000000000000003,,,0.00055096,-6.112e-05,,,,
2020-04-10,0.00014997,0.00030000000000000003,0.0,-7.239999999999992e-06,0.00030000000000000003,,,0.0,0.0,,,,
2020-04-11,0.00030000000000000003,0.00018577,-0.00012615,-6.330999999999999e-05,0.00030000000000000003,,,0.0,-0.0009914799999999999,,,,
2020-04-12,0.00028453,0.00021985,0.0,0.00019958,0.00030000000000000003,,,0.0,-0.0006649900000000001,,,,
2020-04-13,-0.00015198999999999996,0.00030000000000000003,-0.00106444,-5.852e-05,0.00030000000000000003,,,0.0,-0.00367282,,,,
2020-04-14,-0.00015818,0.00030000000000000003,-0.00317331,-3.955e-05,0.00030000000000000003,,,0.0,-0.00248645,,,,
2020-04-15,-0.00014508000000000001,0.00030000000000000003,-0.00216217,2.8120000000000022e-05,0.00030000000000000003,,,0.0,-0.00296091,,,,
2020-04-16,-0.00046654,0.00017474,-0.00339126,0.00025858,0.00030000000000000003,,,0.0,-0.00206398,,,,
2020-04-17,2.4999999999999998e-05,0.00030000000000000003,-0.00545048,0.00030000000000000003,0.00030000000000000003,,,0.0,0.0,,,,
2020-04-18,-0.00039919,0.00029454000000000004,-0.00131362,0.00030000000000000003,0.00030000000000000003,,,0.0,0.0,,,,
2020-04-19,-0.00016594,0.00030000000000000003,-0.00268627,0.00030000000000000003,0.00030000000000000003,,,0.0,0.0,,,,
2020-04-20,-8.946e-05,0.00030000000000000003,-0.00243545,0.00030000000000000003,0.00030000000000000003,,,0.0,0.0,,,,
2020-04-21,-6.718999999999999e-05,0.00030000000000000003,-0.00357796,0.00030000000000000003,0.00030000000000000003,,,0.0,0.0,,,,
2020-04-22,-0.00045308999999999996,0.00030000000000000003,-0.0014766900000000001,0.00030000000000000003,0.00030000000000000003,,,0.0,-0.00104536,,,,
2020-04-23,-0.00027831,0.00030000000000000003,-0.0005323,0.00030000000000000003,0.0003258,,,0.0,0.0,,,,
2020-04-24,0.00030000000000000003,0.00030000000000000003,0.0,0.00030000000000000003,0.00052333,,,0.0005806,0.0017517,,,,
2020-04-25,0.00030000000000000003,0.00030000000000000003,0.0,0.00030000000000000003,0.00185078,,,0.0020912,0.00106171,,,,
2020-04-26,0.00027493,0.00030000000000000003,-9.795e-05,5.5010000000000004e-05,0.00030000000000000003,,,0.00043329999999999996,0.0,,,,
2020-04-27,0.00030000000000000003,0.00030000000000000003,0.0,0.00017159,0.00030000000000000003,,,0.00047286,0.00030431,,,,
2020-04-28,0.00030000000000000003,0.00030000000000000003,-0.00064392,0.00030000000000000003,0.00030000000000000003,,,0.00045819000000000003,2.515e-05,,,,
2020-04-29,0.00030000000000000003,0.00030000000000000003,0.0,0.00030000000000000003,0.00030000000000000003,,,0.0014100200000000001,0.00084161,,,,
2020-04-30,0.00120725,0.00060543,-0.00272436,0.00033667,0.00038488,,,0.00138801,0.0034343999999999998,,,,
2020-05-01,0.00052485,0.00063171,-0.00197335,0.00030000000000000003,0.00130617,,,0.0009504800000000001,0.00098783,,,,
2020-05-02,0.00030144000000000004,0.0011457799999999999,-0.00156104,0.00030000000000000003,0.00065963,,,0.0005285,0.00095411,,,,
2020-05-03,0.00044971999999999997,0.00084527,-0.00121372,0.00030000000000000003,0.0016821499999999999,,,0.00111618,0.00072985,,,,
2020-05-04,0.00031925,0.00048612,-0.00119549,0.00030000000000000003,0.0003122,,,0.0006566499999999999,0.00042994999999999996,,,,
2020-05-05,0.00030000000000000003,0.00064747,0.0,0.00030000000000000003,0.00030000000000000003,,,3.588e-05,0.0007951,,,,
2020-05-06,0.00055981,0.0009129699999999999,-0.00136979,0.00030000000000000003,0.00048874,,,0.00042691,0.00106082,,,,
2020-05-07,0.00030000000000000003,0.00030111,-0.00021386,0.00030000000000000003,0.00030000000000000003,,,0.00037279,0.00069134,,,,
2020-05-08,0.001033,0.00117681,0.0,0.00030903,0.00112924,,,0.0017112,0.00252345,,,,
2020-05-09,0.0017587100000000001,0.00079581,0.0,0.00164096,0.00165717,,,0.00206597,0.00057246,,,,
2020-05-10,0.00062326,0.00035215,-0.0013958199999999999,0.00054151,0.00085016,,,0.0004453,0.00080157,,,,
2020-05-11,0.00030000000000000003,0.00030000000000000003,-0.00025328,0.00030000000000000003,0.00060032,,,0.0,0.00015496,,,,
2020-05-12,0.00030000000000000003,0.00030000000000000003,-0.00029358,0.00030000000000000003,0.00030000000000000003,,,0.0,0.0,,,,
2020-05-13,0.00030000000000000003,0.00030000000000000003,-0.0012460799999999999,0.00030000000000000003,0.00030000000000000003,,,0.0,0.0,,,,
2020-05-14,0.00030000000000000003,0.00030000000000000003,-0.0010507,0.00030000000000000003,0.0002773,,,0.0,5.976e-05,,,,
2020-05-15,0.00024400000000000002,0.00010529,0.0,0.00030000000000000003,0.00030000000000000003,,,0.0,0.0,,,,
2020-05-16,0.00030000000000000003,0.0001453,0.0,0.00030000000000000003,0.00030000000000000003,,,0.0,0.0,,,,
2020-05-17,0.00013014,0.00015943,0.0,0.00030000000000000003,0.00038495,,,0.0,0.0,,,,
2020-05-18,0.0001336,0.00030000000000000003,0.0,0.00030000000000000003,0.0014992,,,0.0,0.0,,,,
2020-05-19,0.00027892,0.00030000000000000003,0.0,0.00030000000000000003,0.0008416599999999999,,,1.779e-05,0.00039555,,,,
2020-05-20,0.00030000000000000003,0.00030000000000000003,0.0,0.00030000000000000003,0.00030000000000000003,,,0.0,2.02e-06,,,,
2020-05-21,7.782e-05,0.00030000000000000003,0.0,0.00026321,0.00045512000000000005,,,0.0,7.356e-05,,,,
2020-05-22,-6.789999999999994e-06,0.00023518,2.744e-05,-4.531999999999998e-05,0.00030000000000000003,,,0.0,0.0,,,,
2020-05-23,3.85e-05,0.00030000000000000003,0.00015213,0.00030000000000000003,0.00030000000000000003,,,0.0,0.0,,,,
2020-05-24,0.00024641,0.00030000000000000003,0.00029677,0.00030000000000000003,0.00030000000000000003,,,0.0,0.0,,,,
2020-05-25,-1.7279999999999997e-05,0.00030000000000000003,0.0,0.00030000000000000003,0.00030000000000000003,,,0.0,0.0,,,,
2020-05-26,0.00014564,0.00030000000000000003,0.0,0.00030000000000000003,8.972000000000002e-05,,,0.0,9.868e-05,,,,
2020-05-27,-1.9209999999999987e-05,0.00030000000000000003,0.0,0.00030000000000000003,0.00025815,,,0.0,7.56e-05,,,,
2020-05-28,-0.00019415,0.00030000000000000003,0.0,0.00030000000000000003,0.00030000000000000003,,,0.0,0.00011916,,,,
2020-05-29,3.8910000000000005e-05,0.00030000000000000003,0.0,0.00030000000000000003,0.0001854,,,0.0,0.0,,,,
2020-05-30,0.00030000000000000003,0.00030000000000000003,8.96e-06,0.00030000000000000003,0.00027541,,,0.0,0.0,,,,
2020-05-31,0.00030000000000000003,0.00030000000000000003,0.00039365,0.00030000000000000003,0.00030000000000000003,,,4.412e-05,0.0,,,,
2020-06-01,8.027e-05,0.00030000000000000003,0.0,0.00030000000000000003,0.00030000000000000003,,,7.816e-05,0.0,,,,
2020-06-02,0.0012278999999999999,0.00062986,0.0017426300000000002,0.00044373000000000004,0.00145187,,,0.00126292,0.0019302800000000001,,,,
2020-06-03,0.00028646,0.00030000000000000003,0.0,0.00030000000000000003,0.00030000000000000003,,,0.0,0.0,,,,
2020-06-04,0.00030000000000000003,0.00030000000000000003,0.0,0.00030000000000000003,0.00030000000000000003,,,0.0,0.00106966,,,,
2020-06-05,0.00030000000000000003,0.00030000000000000003,0.0,0.00030000000000000003,0.00030000000000000003,,,6.35e-05,0.00090168,,,,
2020-06-06,0.00030000000000000003,0.00030000000000000003,0.0,0.00030000000000000003,0.00030000000000000003,,,0.00025146,0.00111698,,,,
2020-06-07,0.00030000000000000003,0.00030000000000000003,3.662e-05,0.00030000000000000003,0.00030000000000000003,,,0.0,0.00076258,,,,
2020-06-08,0.00030000000000000003,0.00054751,0.0,0.00030000000000000003,0.00030000000000000003,,,0.00024228,0.00082822,,,,
2020-06-09,0.00030000000000000003,0.00043902,0.00028021,0.00030000000000000003,0.00030000000000000003,,,0.00010986,0.00096476,,,,
2020-06-10,0.00030000000000000003,0.00030000000000000003,0.0,0.00030000000000000003,0.00030000000000000003,,,0.00016796999999999998,0.00126693,,,,
2020-06-11,0.00030000000000000003,0.00043457,0.00032123,0.00030000000000000003,0.00030000000000000003,,,0.00024274,0.00174251,,,,
2020-06-12,0.00015898,0.00030000000000000003,0.0,0.00028437,0.00030000000000000003,,,0.0,0.0,,,,
2020-06-13,0.00015275,0.00030000000000000003,0.0,0.00028303,0.00030000000000000003,,,0.0,0.0,,,,
2020-06-14,0.00027102,0.00030000000000000003,0.0,7.902000000000001e-05,0.00030000000000000003,,,0.0,0.0,,,,
2020-06-15,-0.00012361999999999999,0.00030000000000000003,0.0,-4.747e-05,0.00030000000000000003,,,0.0,1.117e-05,,,,
2020-06-16,4.785e-05,0.00030000000000000003,0.0,0.00019291000000000002,0.00030000000000000003,,,0.0,0.0,,,,
2020-06-17,6.953999999999999e-05,0.00030000000000000003,0.0,0.00030000000000000003,0.00019311,,,0.0,0.0,,,,
2020-06-18,-0.0001397,0.00030000000000000003,0.0,0.00030000000000000003,-0.00028954999999999996,,,0.0,0.0,,,,
2020-06-19,0.00011783,0.00030000000000000003,0.0,0.00025391,0.00030000000000000003,,,0.0,0.0,,,,
2020-06-20,0.00021186000000000002,0.00030000000000000003,0.0,0.00028489,0.00011447000000000001,,,0.0,0.0,,,,
2020-06-21,5.653e-05,0.00030000000000000003,0.00058295,0.00023224,6.239e-05,,,0.0,0.0,,,,
2020-06-22,0.00026784,0.00030000000000000003,0.0012156900000000002,0.00021576,-0.00027114,,,0.0,0.0,,,,
2020-06-23,0.00032215,0.00030000000000000003,0.00096493,0.00030000000000000003,0.00030000000000000003,,,0.00013649,-2.766e-05,,,,
2020-06-24,0.00031286,0.00030000000000000003,0.00086503,0.00027674000000000004,0.00028385,,,0.00040706,0.0,,,,
2020-06-25,0.00030000000000000003,0.00030000000000000003,0.00065156,0.00017988,0.00014735,,,0.0,0.0,,,,
2020-06-26,0.00029401000000000004,0.00030000000000000003,0.0,0.0002544,5.109000000000001e-05,,,0.0,0.0,,,,
2020-06-27,0.00030000000000000003,0.00030000000000000003,0.0,0.00030000000000000003,0.00025621,,,0.00011586,0.0,,,,
2020-06-28,0.00024867,0.00030000000000000003,0.0,0.00011946000000000001,-0.00020528999999999998,,,0.0,0.0,,,,
2020-06-29,0.00030000000000000003,0.00030000000000000003,0.0,6.590000000000003e-06,-0.00251792,,,0.0,0.0,,,,
2020-06-30,0.00030000000000000003,0.00030000000000000003,7.46e-05,0.00023531000000000002,-0.00244121,,,0.0,0.0,,,,
2020-07-01,0.00030000000000000003,0.00030000000000000003,0.00032671,0.00030000000000000003,-0.002943,,,0.0,0.0,,,,
2020-07-02,0.00030000000000000003,0.00030000000000000003,0.0,0.00030000000000000003,-0.0024821500000000002,,,0.0,0.0,,,,
2020-07-03,0.00030000000000000003,0.00030000000000000003,0.00015225,0.00030000000000000003,-0.0015355,,,0.0,0.0,,,,
2020-07-04,0.00030000000000000003,0.00030000000000000003,0.00046477,0.00030000000000000003,-0.0034675599999999997,,,0.0,0.0,,,,
2020-07-05,0.00030000000000000003,0.00030000000000000003,0.0,0.00030000000000000003,-0.0023943899999999997,,,0.0,0.0,,,,
2020-07-06,0.00030000000000000003,0.00030000000000000003,0.0010617,0.00030000000000000003,-0.00027797,,,0.0,0.0,,,,
2020-07-07,0.00030000000000000003,0.00030000000000000003,0.00233489,0.00030000000000000003,0.00030000000000000003,,,0.00015105,0.00040056,,,,
2020-07-08,0.00030000000000000003,0.00030000000000000003,0.0009227,0.00031286,0.00032024,,,0.00017795000000000002,0.0016819299999999999,,,,
2020-07-09,0.00030000000000000003,0.00032967,0.00078365,0.0011047399999999999,0.0022668799999999998,,,0.00058552,0.00102979,,,,
2020-07-10,0.00030000000000000003,0.00030000000000000003,0.00021412,0.00030000000000000003,0.00089434,-0.0029139300000000003,,0.00034073,0.0002121,,,,
2020-07-11,0.00030000000000000003,0.00030000000000000003,0.00042435000000000004,0.0004563,0.00030000000000000003,0.00015396,,8.215e-05,0.0,,,,
2020-07-12,0.00030000000000000003,0.00030000000000000003,0.00078054,0.00030000000000000003,0.00030000000000000003,0.00030000000000000003,,0.00014492,0.0,,,,
2020-07-13,0.00030000000000000003,0.00032899000000000003,0.00195417,0.00051125,0.0013487100000000001,0.00036489,,0.00082209,0.00036151999999999994,,,,
2020-07-14,0.00030000000000000003,0.00030000000000000003,0.00162054,0.00030000000000000003,-0.00037472,-0.00182952,,6.683e-05,-0.00046901,,,,
2020-07-15,0.00030000000000000003,0.00030000000000000003,0.00098025,0.00030000000000000003,0.00134983,-0.00084869,,5.276e-05,-0.0018713,,,,
2020-07-16,0.00030000000000000003,0.00030000000000000003,0.00090376,0.00030000000000000003,0.00052854,0.00015010000000000002,,1.093e-05,-0.00274048,,,,
2020-07-17,0.00030000000000000003,0.00030000000000000003,0.0,0.00030000000000000003,0.00030000000000000003,0.00036338,,0.0,-0.00033867,,,,
2020-07-18,0.00030000000000000003,0.00030000000000000003,0.0,0.00032355000000000003,0.00030000000000000003,0.00030000000000000003,,0.0,0.0,,,,
2020-07-19,0.00030000000000000003,0.00030000000000000003,0.0,0.00035216,0.00026742,7.754000000000002e-05,,5.479e-05,0.0,,,,
2020-07-20,0.00030000000000000003,0.00030000000000000003,0.00100082,0.00048614000000000003,0.00030000000000000003,0.00030000000000000003,,4.184e-05,0.0,,,,
2020-07-21,0.00030000000000000003,0.00030000000000000003,0.0009666,0.00030000000000000003,-0.00015337,5.884e-05,,0.0,0.0,,,,
2020-07-22,0.00030000000000000003,0.00030000000000000003,0.00019297,0.00030000000000000003,0.00030000000000000003,0.00030000000000000003,,0.00017348,0.0,,,,
2020-07-23,0.00030000000000000003,0.00182207,0.00048441999999999995,0.00134068,0.00030000000000000003,0.00030000000000000003,,0.00201916,-0.00107109,,,,
2020-07-24,0.00030000000000000003,0.00195398,0.00021166999999999998,0.00180247,0.00030000000000000003,7.169000000000001e-05,,0.0014629,-0.0007434,,,,
2020-07-25,0.00030000000000000003,0.00075224,8.408e-05,0.00166732,0.00090046,0.00030000000000000003,,0.0019866,0.0,,,,
2020-07-26,0.00085437,0.00222894,0.0007975899999999999,0.00302466,0.00102673,0.00030000000000000003,,0.00311863,0.00032268,,,,
2020-07-27,0.0018601899999999998,0.00237815,0.00103313,0.00164091,0.00273505,0.00030000000000000003,,0.00185089,-0.00043596,,,,
2020-07-28,0.0035911199999999997,0.00348618,0.00117087,0.00229914,0.0027426300000000002,0.00030000000000000003,,0.00368338,-0.00090526,,,,
2020-07-29,0.00213685,0.00253636,0.00148697,0.00301898,0.00171649,0.00040605999999999997,,0.0030085,-0.00030848,,,,
2020-07-30,0.00203262,0.00191808,0.0014202,0.00305768,0.00087175,0.00060705,,0.0028830799999999997,0.0,,,,
2020-07-31,0.00159718,0.00240164,0.0013744999999999999,0.00295825,0.00219898,0.00030000000000000003,,0.00301663,-0.00138915,,,,
2020-08-01,0.00107691,0.00133107,0.00060488,0.00113655,0.00395907,0.0008808700000000001,,0.0022077,-0.00052439,,,,
2020-08-02,0.00162749,0.00291508,0.00129589,0.0028341,0.0056625,0.00157919,,0.0030582,-0.00239668,,,,
2020-08-03,0.0011551,0.00134192,0.00049705,0.00127513,0.00170232,0.00030000000000000003,,0.0015719699999999998,-0.00061964,,,,
2020-08-04,0.00100377,0.00154413,0.00174097,0.00040251,0.00237367,0.00067835,,0.0017921299999999999,-0.00287399,,,,
2020-08-05,0.0005255500000000001,0.0020407,0.00070504,0.00110009,0.00223795,0.0005325,,0.0015101200000000002,-0.00351533,,,,
2020-08-06,0.00113662,0.0018881599999999998,-0.00033927,0.0021273200000000003,0.00224751,0.00124193,,0.0018448000000000002,-0.0005717,,,,
2020-08-07,0.00076842,0.00128654,0.0,0.0021607700000000002,0.0024767500000000002,0.00067011,,0.0017051,-0.00066055,,,,
2020-08-08,0.00030000000000000003,0.00074833,-0.00426316,0.00063614,0.0017025500000000002,0.00030000000000000003,,0.00046311999999999997,-0.00257261,,,,
2020-08-09,0.0004564,0.00113777,-0.00125034,0.00199127,0.0037433699999999998,0.00055771,,0.00137813,0.00128294,,,,
2020-08-10,0.00172116,0.00194433,0.00035918,0.0023493399999999997,0.00481367,0.0005032600000000001,,0.00190859,0.0008264100000000001,,,,
2020-08-11,0.00095924,0.0015258899999999998,0.00066607,0.0015303299999999999,0.0027639400000000003,0.00041211,,0.00206942,0.00071327,,,,
2020-08-12,0.00030000000000000003,0.0009275900000000001,0.00019557,0.00030000000000000003,0.00057396,0.0012002599999999999,,0.00031493,0.00030000000000000003,,,,
2020-08-13,0.00030000000000000003,0.0014393000000000001,0.00137535,0.00090683,0.00065857,0.00030000000000000003,,0.00112275,0.00018448,,,,
2020-08-14,0.00089069,0.00407901,0.00230267,0.0028244200000000002,0.00140847,0.00094047,,0.00233081,0.0005543,,,,
2020-08-15,0.00068554,0.00239176,0.00106941,0.00282695,0.00193019,0.00160921,,0.00217095,0.00054312,,,,
2020-08-16,0.00095941,0.00225259,0.00074106,0.0027104399999999997,0.00276835,0.00050573,,0.00332016,0.00078834,,,,
2020-08-17,0.00151908,0.00239648,0.0017228599999999999,0.00367293,0.00309703,0.0012533400000000001,,0.00470177,0.00251656,,,,
2020-08-18,0.0029826699999999998,0.0027387699999999997,0.00284922,0.00353844,0.00390204,0.0010976999999999998,,0.0036966300000000002,0.0031674399999999997,,,,
2020-08-19,0.00156268,0.0009612900000000001,0.0006736,0.0006481200000000001,0.0011535500000000001,0.00041476,,0.00155074,0.00098606,,,,
2020-08-20,0.0005406,0.0007235900000000001,0.00219275,0.00030000000000000003,0.0019182700000000001,0.00030000000000000003,,0.0009580000000000001,0.00149254,,,,
2020-08-21,0.00030000000000000003,0.00041092,0.00112802,0.00030000000000000003,0.00148571,0.00033282,,0.0008092399999999999,0.00289389,,,,
2020-08-22,0.00030000000000000003,0.00030000000000000003,0.00023546,0.00030000000000000003,0.00048080999999999997,0.00030000000000000003,,0.00030000000000000003,0.00120287,,,,
2020-08-23,0.00030000000000000003,0.00061373,0.00057332,0.00030000000000000003,0.00039438,0.00045912,,0.00030000000000000003,0.00030000000000000003,,,,
2020-08-24,0.00030000000000000003,0.00086038,0.00044896,0.00030438000000000004,0.00122156,0.0007854,,0.0006268199999999999,0.00130981,,,,
2020-08-25,0.0006258,0.00045396,0.00082681,0.00044539000000000004,0.0009694599999999999,0.00030000000000000003,,0.00134462,0.00135585,,,,
2020-08-26,0.00046354,0.00045925,0.00059167,0.00030000000000000003,0.0011378400000000002,-0.00033636999999999995,,0.00127123,0.0008991,,,,
2020-08-27,0.00030000000000000003,0.00031281,0.00052126,0.00030000000000000003,0.0014719199999999998,0.00030000000000000003,,0.00142068,0.0011944199999999999,,,,
2020-08-28,0.00030000000000000003,0.00032226,0.00144757,0.00030000000000000003,0.00098508,0.00030000000000000003,,0.00030000000000000003,0.0010696199999999999,,,,
2020-08-29,0.00030000000000000003,0.00030000000000000003,0.00079981,0.00030842,0.00078685,0.00029560000000000003,,0.00080108,0.00129691,,,,
2020-08-30,0.00030000000000000003,0.00030000000000000003,0.00145313,0.00060173,0.00030000000000000003,0.00030000000000000003,,0.0008743399999999999,0.00030000000000000003,,,,
2020-08-31,0.00035461,0.00030000000000000003,0.0013823,0.00139616,0.00030000000000000003,0.00030000000000000003,,0.00185309,0.00157784,,,,
2020-09-01,0.0007982099999999999,0.0009218,0.0022750599999999998,0.00258427,0.00204661,0.00030000000000000003,,0.0026833,0.00195919,,,,
2020-09-02,0.00113007,0.0011591,0.0030917600000000003,0.00206429,0.00247871,0.00030000000000000003,,0.00225779,0.00249141,,,,
2020-09-03,0.00062931,0.00034859,0.00096137,0.00030000000000000003,0.00031497000000000003,0.00030000000000000003,,0.00030000000000000003,0.00030000000000000003,,,,
2020-09-04,0.00030000000000000003,0.00042741000000000003,-9.235e-05,0.00030000000000000003,5.823000000000002e-05,-0.00129691,,0.00030000000000000003,0.00030000000000000003,,,,
2020-09-05,0.00030000000000000003,0.00030000000000000003,-0.0013379899999999998,0.00030000000000000003,-0.00032063,-0.00066354,,0.00030000000000000003,0.00020038,,,,
2020-09-06,0.00030000000000000003,0.00030000000000000003,-0.00265818,0.00030000000000000003,-0.00018430999999999998,-0.0015427700000000002,,0.00030000000000000003,3.351000000000002e-05,,,,
2020-09-07,0.00030000000000000003,0.00026480000000000004,-0.00145349,0.00030000000000000003,0.00030000000000000003,0.00028700000000000004,,0.00030000000000000003,0.00025953,,,,
2020-09-08,0.00030000000000000003,0.00030000000000000003,-0.00363149,0.00030000000000000003,0.00030000000000000003,0.00030000000000000003,,0.00030000000000000003,0.00030000000000000003,,,,
2020-09-09,0.00030000000000000003,0.00030000000000000003,-0.0027150900000000003,0.00030000000000000003,0.00030000000000000003,0.00030000000000000003,,0.00030000000000000003,0.00030000000000000003,,,,
2020-09-10,0.00030000000000000003,0.00026538,-0.00019463,0.00030000000000000003,0.00030000000000000003,0.00030000000000000003,,0.00030000000000000003,0.00030000000000000003,,,,
2020-09-11,0.00030000000000000003,0.00019972,-0.00126787,0.00030000000000000003,0.00030000000000000003,-0.00158187,,0.00030000000000000003,0.00030000000000000003,,,,
2020-09-12,0.00030000000000000003,0.00023731000000000002,-0.00307707,0.00030000000000000003,0.00030000000000000003,0.00030000000000000003,,0.00030000000000000003,0.00030000000000000003,,,,
2020-09-13,0.00030000000000000003,0.00030000000000000003,-0.0040082799999999995,0.00030000000000000003,0.00030000000000000003,0.00030000000000000003,0.0001,0.00037674,0.00030000000000000003,,,,
2020-09-14,0.00020868000000000001,0.00030000000000000003,-0.00598255,0.00030000000000000003,0.00030000000000000003,0.00030000000000000003,0.00030000000000000003,0.00030000000000000003,0.00030000000000000003,,,,
2020-09-15,-0.00030221999999999996,0.00030000000000000003,-0.00429606,0.00030000000000000003,0.00030000000000000003,-6.903000000000001e-05,0.00030000000000000003,0.00030000000000000003,0.00030000000000000003,,,,
2020-09-16,-0.00015867,0.00030000000000000003,-0.00269557,0.00030000000000000003,0.00030000000000000003,-0.0017696699999999999,0.00030000000000000003,0.00030000000000000003,-0.00127315,,,,
2020-09-17,2.4920000000000002e-05,0.00030000000000000003,-0.00073195,0.00030000000000000003,0.00030000000000000003,0.00030000000000000003,0.00030000000000000003,0.00030000000000000003,3.0770000000000005e-05,,,,
2020-09-18,0.00019971,0.00030000000000000003,-0.00129353,0.00030000000000000003,0.00030000000000000003,0.00030000000000000003,0.00030000000000000003,0.00030000000000000003,0.00030000000000000003,,,,
2020-09-19,-0.00028279,0.00030000000000000003,0.00037037999999999996,0.00030000000000000003,0.00030000000000000003,6.53e-05,0.0001864,0.00030000000000000003,0.00030000000000000003,,,,
2020-09-20,-0.00024299,0.00019920000000000002,0.00088605,0.00030000000000000003,0.00030000000000000003,-0.00077933,-0.00053218,0.00030000000000000003,0.00030000000000000003,,,,
2020-09-21,-9.577e-05,0.00013594,6.052e-05,0.00030000000000000003,0.00030000000000000003,-0.0006353800000000001,0.00030000000000000003,0.00030000000000000003,-8.331999999999998e-05,,,,
2020-09-22,0.00030000000000000003,-0.0002165,0.0,0.00030000000000000003,0.00030000000000000003,-0.0018412,0.00015721000000000002,0.00030000000000000003,-0.00053474,0.0001,,,
2020-09-23,-3.789e-05,0.00021632000000000002,0.0,0.00030000000000000003,0.00030000000000000003,-0.00118318,0.00030000000000000003,0.00030000000000000003,-0.00052597,-0.00856541,,,
2020-09-24,0.0001199,7.083e-05,0.0,0.00020361,0.00030000000000000003,-0.00262721,0.00011083000000000001,0.00030000000000000003,-0.00133097,-0.0007911999999999999,,,
2020-09-25,-0.00010677000000000001,0.00025361000000000003,-0.00014236,0.00018415,0.00020916,-0.00036536999999999995,-0.00019395,0.00030000000000000003,-0.00177261,-0.00730385,,,
2020-09-26,0.00030000000000000003,0.00030000000000000003,0.0,0.00030000000000000003,0.00030000000000000003,-0.0014194400000000001,-0.00024892,0.00030000000000000003,-0.00106368,-0.0032175400000000005,,,
2020-09-27,0.00030000000000000003,0.00030000000000000003,-0.00269181,0.00030000000000000003,0.00030000000000000003,-0.00105976,0.00030000000000000003,0.00030000000000000003,-5.099999999999999e-05,-0.00082276,,,
2020-09-28,0.00030000000000000003,0.00030000000000000003,-0.00158781,0.00030000000000000003,0.00030000000000000003,0.00024844,0.00030000000000000003,0.00030000000000000003,-0.00023956,-0.00068707,,,
2020-09-29,0.00030000000000000003,0.00015862,-0.0044919999999999995,0.00030000000000000003,0.00030000000000000003,-0.00041097,0.00030000000000000003,0.00030000000000000003,9.440000000000003e-06,9.392000000000001e-05,,,
2020-09-30,0.00030000000000000003,0.00019720000000000002,-0.00571848,0.00030000000000000003,0.00030000000000000003,-0.00037077,0.00030000000000000003,0.00030000000000000003,-0.00037029,-0.00010181000000000002,,,
2020-10-01,0.00027412,0.00029937000000000003,-0.00267332,0.00030000000000000003,0.00030000000000000003,-0.00036784,0.00030000000000000003,0.00030000000000000003,3.3390000000000004e-05,-5.416000000000001e-05,,,
2020-10-02,8.085e-05,0.00010859000000000002,-0.00238396,0.00030000000000000003,0.00030000000000000003,9.732000000000001e-05,0.00030000000000000003,0.00030000000000000003,-0.00032737,0.0002223,,,
2020-10-03,0.00029749,-9.27e-05,-0.00408852,0.00030000000000000003,0.00030000000000000003,-8.084999999999999e-05,0.00030000000000000003,0.00030000000000000003,-0.00109066,-0.00109416,,,
2020-10-04,2.1389999999999997e-05,2.9460000000000006e-05,-0.006794420000000001,0.00030000000000000003,0.00030000000000000003,-5.363e-05,0.00030000000000000003,0.00030000000000000003,-0.00073896,-0.00267432,,,
2020-10-05,-0.00019436,8.863000000000001e-05,-0.0049814099999999995,0.00030000000000000003,0.00030000000000000003,-0.00034791,0.00030000000000000003,0.00030000000000000003,8.945e-05,-0.00359807,,,
2020-10-06,-1.5020000000000002e-05,5.059e-05,-0.0028044100000000002,0.00030000000000000003,0.00030000000000000003,-0.00038901,0.00030000000000000003,0.00030000000000000003,0.00030000000000000003,-0.0051100799999999995,,,
2020-10-07,1.206e-05,2.7130000000000006e-05,-0.00163314,0.00030000000000000003,0.00030000000000000003,0.00011313000000000001,0.00030000000000000003,0.00030000000000000003,-0.00013854,-0.00820998,,,
2020-10-08,0.00014797,0.00030000000000000003,-0.00053273,0.00030000000000000003,0.00030000000000000003,-0.00072451,0.00030000000000000003,0.00030000000000000003,-2.467000000000002e-05,-0.0059226800000000005,,,
2020-10-09,0.00026128,0.00030000000000000003,-0.00040054,0.00033621,0.00030000000000000003,0.00030000000000000003,0.00030000000000000003,0.00030000000000000003,6.862e-05,-0.00092261,,,
2020-10-10,0.00030000000000000003,0.00055247,-0.00087665,0.00030000000000000003,0.00030000000000000003,-9.996e-05,0.00058019,0.00037349,-0.00030694,-0.00024795000000000004,,,
2020-10-11,0.00030000000000000003,0.00035122,0.0,0.00030000000000000003,0.00030000000000000003,-0.0008447999999999999,0.00090989,0.00047664999999999996,0.00030000000000000003,0.00028774,,,
2020-10-12,0.00030000000000000003,0.00030000000000000003,-0.00041136,0.00030000000000000003,0.00030000000000000003,0.00010809,0.00042458,0.00063816,6.098e-05,8.456e-05,,,
2020-10-13,0.00030000000000000003,0.00041910000000000005,-0.0038886,0.0004006,0.00030000000000000003,0.00030000000000000003,0.00037596,0.00050393,-0.00036224,-0.00021098,,,
2020-10-14,0.00030000000000000003,0.00030000000000000003,-0.0025398499999999997,0.00046825999999999997,0.00030000000000000003,-0.00011737000000000002,0.00048415000000000003,0.00030000000000000003,0.00010764,7.501e-05,,,
2020-10-15,0.00030000000000000003,0.00030000000000000003,-0.00298097,0.00030000000000000003,0.00030000000000000003,0.00030000000000000003,0.00030000000000000003,0.00032978,0.00017625,0.00030000000000000003,,,
2020-10-16,0.00030000000000000003,0.00030000000000000003,-6.873e-05,0.00030000000000000003,0.00030000000000000003,0.00012522,0.00030000000000000003,0.00038534,-0.00010981999999999998,-0.00034988,,,
2020-10-17,0.00030000000000000003,0.00030000000000000003,-0.00012938,0.00030000000000000003,0.00030000000000000003,0.00017829,0.00030000000000000003,0.00030000000000000003,-6.0830000000000005e-05,-0.00252889,,,
2020-10-18,0.00030000000000000003,0.00030000000000000003,-0.00015302,0.00030000000000000003,0.00030000000000000003,0.00030000000000000003,0.00030000000000000003,0.00030000000000000003,7.029e-05,0.00030000000000000003,,,
2020-10-19,0.00030000000000000003,0.00030000000000000003,-0.00044859999999999995,0.00030000000000000003,0.00030000000000000003,0.00030000000000000003,0.00030000000000000003,0.00030000000000000003,0.00030000000000000003,-0.00136811,,,
2020-10-20,0.00023742000000000001,0.0005927,0.0,0.00030000000000000003,0.00038499,-0.00018998,0.00030000000000000003,0.00030000000000000003,0.00030000000000000003,-0.00371325,,,
2020-10-21,0.00019778,0.0009271,0.0,0.00036535,0.00056453,0.00030000000000000003,0.00030000000000000003,0.00037395,0.00030000000000000003,-0.0012838,,,
2020-10-22,0.00030000000000000003,0.0021057000000000003,0.00067238,0.0012289,0.00113962,0.00015446,0.00055786,0.00080404,0.00030000000000000003,-0.0011215399999999999,,,
2020-10-23,0.00030000000000000003,0.00111033,0.00015567,0.00057209,0.00211901,0.00030000000000000003,0.00064808,0.00084752,0.00030000000000000003,0.00030000000000000003,,,
2020-10-24,0.00030000000000000003,0.0012826,0.0,0.00033556,0.00071179,0.00030000000000000003,0.0015489000000000002,0.00040285,0.00030000000000000003,0.00030000000000000003,,,
2020-10-25,0.00030000000000000003,0.00059795,0.0,0.00030000000000000003,0.00127594,0.00030000000000000003,0.00106334,0.00055546,0.00030000000000000003,0.00030000000000000003,,,
2020-10-26,0.00030000000000000003,0.0004133,-0.00029603,0.00035593,0.00045675,0.00030000000000000003,0.00030000000000000003,0.0005639400000000001,0.00030000000000000003,0.00030000000000000003,,,
2020-10-27,0.00025401,0.00038409,-0.00033136,0.00030000000000000003,0.00030023,0.00079905,0.00030000000000000003,0.00070046,-0.00017925,0.00030000000000000003,,,
2020-10-28,0.00023725,0.00035253,0.0,0.00030000000000000003,0.00030000000000000003,0.00030000000000000003,0.00030000000000000003,0.00030000000000000003,0.00030000000000000003,0.00030000000000000003,,,
2020-10-29,-0.00037247,0.00030000000000000003,0.0,0.00030000000000000003,0.00030000000000000003,0.00059265,0.00030000000000000003,0.00050492,-0.00015104,0.00016867,,,
2020-10-30,-0.0002965,0.00030000000000000003,-0.00055634,0.0002089,0.00030000000000000003,0.00030000000000000003,0.00019727000000000001,0.00030000000000000003,0.00018715000000000002,0.00026883,,,
2020-10-31,-0.00032355000000000003,0.00030000000000000003,4.857e-05,4.918e-05,0.00030000000000000003,0.00030000000000000003,-0.0009315,0.00030000000000000003,0.00030000000000000003,0.00030000000000000003,,,
2020-11-01,-0.00015525,0.00030000000000000003,0.00017913,0.00030000000000000003,0.00030000000000000003,0.00030000000000000003,-0.0012978999999999998,0.00030000000000000003,0.00030000000000000003,0.00010779000000000001,,,
2020-11-02,0.00013323,0.00050095,0.00018021,0.00030000000000000003,0.00030000000000000003,0.00030000000000000003,0.00030000000000000003,0.00030000000000000003,0.00030000000000000003,0.00030000000000000003,,,
2020-11-03,-0.00026112,0.00030000000000000003,0.0,0.00021234000000000002,0.00030000000000000003,0.00030000000000000003,0.00030000000000000003,0.00030000000000000003,-0.00069425,0.00030000000000000003,,,
2020-11-04,-0.00034255,0.00030000000000000003,8.636e-05,0.0002191,0.00030000000000000003,0.00012919,0.00030000000000000003,0.00030000000000000003,0.00017970999999999997,0.00030000000000000003,,,
2020-11-05,0.00030000000000000003,0.00219072,0.00026077,0.00030000000000000003,0.00030000000000000003,-0.0006718999999999999,0.00030000000000000003,0.00037851,0.00030000000000000003,0.00012529000000000002,,,
2020-11-06,0.00067605,0.00184851,0.0015159499999999998,0.0007936099999999999,0.00134859,-8.659999999999999e-05,6.620000000000001e-05,0.0018190300000000001,0.00036356,0.00030000000000000003,,,
2020-11-07,0.00098752,0.00210006,0.00199526,0.0009296400000000001,0.0025728,0.00030000000000000003,-0.00115273,0.00172149,0.00215479,0.00030000000000000003,,,
2020-11-08,0.00030000000000000003,0.0011459499999999997,0.00030554,0.00030000000000000003,0.00119385,-0.0021835000000000005,0.00030028,0.00032505,0.00029119,0.00030000000000000003,,,
2020-11-09,0.00030000000000000003,0.00104491,0.00075883,0.00030000000000000003,0.0005203,-8.584000000000002e-05,0.00047346,0.00030000000000000003,0.00017768000000000002,0.00030000000000000003,,,
2020-11-10,0.00030000000000000003,0.00086826,0.00128503,0.00032121,0.0011790099999999999,0.0007239900000000001,0.00056412,0.0006627,0.0005198399999999999,0.00030000000000000003,,,
2020-11-11,0.00030000000000000003,0.00102657,0.00139503,0.00030000000000000003,0.0012542400000000002,0.00058919,0.00055643,0.00066394,0.00039155,0.00030000000000000003,,,
2020-11-12,0.00030000000000000003,0.00059191,0.0009032300000000001,0.00037311,0.00065454,0.0009009900000000001,0.00030000000000000003,0.00045438,0.00025255000000000004,0.00030000000000000003,,,
2020-11-13,0.00030000000000000003,0.00071032,0.00080993,0.0005377,0.00061317,-4.618999999999999e-05,0.00030000000000000003,0.00078495,0.00030000000000000003,0.00022094,,,
2020-11-14,0.00024277,0.0008063800000000001,0.00079017,0.00124775,0.00030000000000000003,0.0008788,0.00030000000000000003,0.00036093,0.00030000000000000003,0.00030000000000000003,,,
2020-11-15,0.00030000000000000003,0.00030000000000000003,0.0,0.00059132,0.00132094,0.00130945,0.00044228,0.00030000000000000003,0.00030000000000000003,0.00030000000000000003,,,
2020-11-16,0.00030000000000000003,0.00030000000000000003,0.00047924,0.00099413,0.00031696000000000003,0.0011391,0.00030000000000000003,0.00046265,0.00030000000000000003,0.00030000000000000003,,,
2020-11-17,0.00030000000000000003,0.0007206199999999999,0.00134655,0.00126427,0.00147517,0.00011938000000000001,0.0010395200000000002,0.00042211,0.00067602,0.00030000000000000003,,,
2020-11-18,0.00100196,0.00137637,0.0017584900000000001,0.00106693,0.00214472,0.00109877,0.00164955,0.0013249099999999999,0.00176139,0.00036732,,,
2020-11-19,0.0008722199999999999,0.0006309,0.00084907,0.00041631999999999997,0.00088729,-0.00084952,-0.00078885,0.0005388600000000001,0.00100853,0.00030000000000000003,,,
2020-11-20,0.00114914,0.00174577,0.00073079,0.0017923000000000001,0.0019444899999999999,0.00116196,0.00045095,0.0009021299999999999,0.0019204299999999999,0.00085021,,,
2020-11-21,0.00079438,0.00099054,0.00295877,0.00250298,0.00276835,0.00458569,0.00121282,0.0016693200000000002,0.0019344499999999999,0.00173534,,,
2020-11-22,0.00233885,0.0023936499999999998,0.00214335,0.00227671,0.0024601000000000002,0.00200503,-0.00028640999999999996,0.00262306,0.00155022,0.00060022,,,
2020-11-23,0.00285749,0.0035807,0.00471058,0.00480149,0.0038307899999999997,0.0031000900000000002,-0.00062429,0.00473837,0.0034860299999999998,0.0007165800000000001,,,
2020-11-24,0.00192343,0.00272945,0.0038266999999999997,0.00182632,0.00381119,0.00297773,0.00050371,0.00340411,0.00288922,0.00150703,,,
2020-11-25,0.00197606,0.00243656,0.00289337,0.00290747,0.00394549,0.00242793,0.00120802,0.0023897199999999997,0.00260859,0.00267103,,,
2020-11-26,0.0007734,0.00072112,0.00023057,0.00024701,0.00046620999999999994,0.00041643,-0.005419439999999999,0.00048048000000000003,0.00017748999999999998,0.00052436,,,
2020-11-27,0.00030773,0.0004475,0.00017518,0.0005857600000000001,0.00030000000000000003,0.00030000000000000003,-0.00696982,0.00030000000000000003,0.00030000000000000003,0.00018509,,,
2020-11-28,0.00030000000000000003,0.00030000000000000003,0.00029054000000000005,0.0008482,0.00074652,0.00030000000000000003,-0.00348758,0.00030000000000000003,0.000343,-6.741999999999999e-05,,,
2020-11-29,0.00030000000000000003,0.00030000000000000003,0.00025588,0.00051469,0.0009580500000000001,0.00030000000000000003,-0.0038100399999999998,0.00030000000000000003,0.00030000000000000003,0.00030000000000000003,,,
2020-11-30,0.00049481,0.00137081,0.00072924,0.00171452,0.0014311900000000002,0.00030000000000000003,-0.00222382,0.00046374000000000003,0.0016680100000000002,0.00030000000000000003,,,
2020-12-01,0.00100762,0.0013021299999999999,0.00163084,0.00152552,0.0019219200000000001,0.00047303,-0.0031659699999999997,0.00104815,0.00140338,0.00030000000000000003,,,
2020-12-02,0.00030000000000000003,0.00075234,0.00129607,0.00065375,0.00031491,0.00030000000000000003,-0.00249702,0.00110171,0.00059231,0.00030000000000000003,,,
2020-12-03,0.00045454999999999996,0.00097331,0.00195775,0.0017463399999999999,0.0008604999999999999,0.00030000000000000003,0.00030000000000000003,0.00147349,0.00175186,0.00030000000000000003,,,
2020-12-04,0.00032703,0.0006225800000000001,0.00106613,0.00062255,0.0009327,0.00030000000000000003,-0.00125726,0.00063065,0.00040448000000000003,0.00030000000000000003,,,
2020-12-05,0.00030000000000000003,0.00053855,0.0008326799999999999,0.00030000000000000003,0.00045861999999999997,0.00022994,-0.0005188899999999999,0.00032556,0.00030000000000000003,0.0002747,,,
2020-12-06,0.00030000000000000003,0.00030000000000000003,0.0,0.00030000000000000003,0.00030000000000000003,0.00030000000000000003,0.00030000000000000003,0.00030000000000000003,0.00036835,5.207e-05,,,
2020-12-07,0.00030000000000000003,0.00030000000000000003,7.966e-05,0.0006330800000000001,0.00048568,0.00030000000000000003,0.00030000000000000003,0.00049168,0.0009478399999999999,-0.00128031,,,
2020-12-08,0.00030000000000000003,0.0005711000000000001,1.597e-05,0.00030000000000000003,0.0004996600000000001,0.00030000000000000003,0.00030000000000000003,0.00030000000000000003,0.0004415,-0.00360496,,,
2020-12-09,0.00030000000000000003,0.00033842,0.0,-0.00054091,0.00030000000000000003,0.00030000000000000003,0.0001221,0.00030000000000000003,0.00030000000000000003,-0.00167669,,,
2020-12-10,0.00030000000000000003,0.00030000000000000003,0.0,-0.00065224,0.00030000000000000003,0.00030000000000000003,-0.0007948199999999999,0.00030000000000000003,0.00030000000000000003,0.00030000000000000003,,,
2020-12-11,0.00030000000000000003,0.00039782,0.0,-0.00959925,0.00030000000000000003,0.00030000000000000003,-0.0005354099999999999,0.00030000000000000003,0.00030000000000000003,0.00030000000000000003,,,
2020-12-12,0.00012179,0.00030000000000000003,0.00021507,-0.004925,0.00030000000000000003,0.00030000000000000003,-0.0037013,0.00030000000000000003,0.00030000000000000003,0.00030000000000000003,,,
2020-12-13,0.00030000000000000003,0.00030000000000000003,0.00075115,0.00030000000000000003,0.00030000000000000003,0.00030000000000000003,-0.00301263,0.00030000000000000003,0.00030000000000000003,0.00030000000000000003,,,
2020-12-14,0.00030000000000000003,0.00030000000000000003,0.00084764,0.00030000000000000003,0.00035108000000000003,-0.00013323000000000002,-0.00054022,0.00030000000000000003,0.00030000000000000003,0.00032951,,,
2020-12-15,0.00030000000000000003,0.00030000000000000003,0.0,0.00105711,0.00032284,0.00030000000000000003,-0.00181186,0.00030000000000000003,0.00030000000000000003,0.00073361,,,
2020-12-16,0.00066054,0.0012246000000000002,0.00031585,0.0010038199999999999,0.00062037,0.00030000000000000003,-0.00015194,0.00067341,0.00101638,0.00030000000000000003,,,
2020-12-17,0.00085973,0.00257168,0.0030199,0.0010058,0.0025337099999999998,0.00030000000000000003,0.00030000000000000003,0.0018692,0.00292836,0.00055006,,,
2020-12-18,0.00127112,0.00138872,0.00172769,0.00068695,0.0015348999999999998,0.00041995,0.00030000000000000003,0.00143166,0.0016618499999999999,0.00039178,,,
2020-12-19,0.0011857600000000001,0.00204796,0.00304281,0.00159248,0.00151754,0.00055258,0.00030000000000000003,0.00172134,0.00175382,0.00153229,,,
2020-12-20,0.0015461,0.00162126,0.00418418,0.0013083,0.00132956,0.00199731,0.00030000000000000003,0.00169202,0.00192104,0.0026200800000000003,,,
2020-12-21,0.00095785,0.00078672,0.0017224599999999999,0.0009292300000000001,0.00052673,0.00093414,0.00047015,0.00115018,0.0009048,0.00057051,,,
2020-12-22,0.00039956,0.00035699,0.00023339,0.00059663,0.00030000000000000003,0.00030000000000000003,0.00030000000000000003,0.00053658,0.00030000000000000003,0.00030000000000000003,,,
2020-12-23,0.00031524,0.00062856,0.00034247,-0.0006461,0.00030000000000000003,0.00037552,0.00015573,0.00030000000000000003,0.00030000000000000003,0.00036711000000000003,,,
2020-12-24,0.00047216,0.00030000000000000003,0.0,-0.00392682,0.00030000000000000003,0.00030000000000000003,-0.00117491,0.00030000000000000003,-0.00118623,0.00030000000000000003,,,
2020-12-25,0.00063433,0.00030889000000000003,0.00010832,7.073000000000002e-05,0.00059522,0.00030000000000000003,-0.0028923300000000002,0.0005729999999999999,-0.00015655,0.00030000000000000003,,,
2020-12-26,0.00036965,0.00030000000000000003,0.00011354,-0.00018123999999999997,0.00050653,0.00030000000000000003,-0.00518384,0.00040779,-7.302e-05,0.00030000000000000003,,,
2020-12-27,0.0011657199999999999,0.00154923,0.0011148299999999998,0.00074963,0.00145602,0.0006415699999999999,-0.00336432,0.00109292,0.00055749,0.00030000000000000003,,,
2020-12-28,0.00150874,0.00241656,0.0018327399999999998,0.00139797,0.0012739000000000001,0.001065,-0.00075127,0.00137473,0.00155433,0.00035272,,,
2020-12-29,0.00126537,0.0020363300000000003,0.00248599,-0.00266339,0.00123749,0.00125538,-0.00256472,0.00125076,0.00088976,0.00044295,,,
2020-12-30,0.00188695,0.00221517,0.00188546,-0.001565,0.0004339,0.00108212,-0.0031265800000000003,0.00096274,0.00030000000000000003,0.00032533,,,
2020-12-31,0.00150381,0.00152031,0.0017400900000000001,-0.00244749,0.00052175,0.00120142,-0.00344607,0.00087542,0.00030000000000000003,0.00030000000000000003,,,
2021-01-01,0.00083546,0.0015243499999999998,0.00203346,0.00036416,0.0011737100000000001,0.00183837,-0.00450371,0.00188967,0.0007653299999999999,-0.00288578,,,
2021-01-02,0.00145622,0.0018399100000000002,0.0011246399999999999,0.00030000000000000003,0.00065234,-0.0005859299999999999,-0.00118438,0.0014306499999999999,0.0015047799999999998,0.00096123,,,
2021-01-03,0.00393808,0.00307906,0.0038941,0.00378753,0.00148352,0.00026928,-0.0031090299999999996,0.00411773,0.00374387,0.0026518699999999997,,,
2021-01-04,0.004567450000000001,0.00755981,0.0074277,0.00701449,0.00255883,0.00371669,-0.00533106,0.0054314,0.00671204,0.00554262,,,
2021-01-05,0.00198408,0.00248387,0.00217496,0.0011653500000000001,0.00030000000000000003,0.00030000000000000003,-0.01435035,0.00209163,0.00174837,0.00057162,,,
2021-01-06,0.00486454,0.00657956,0.0066389,0.00430287,0.00124682,0.00354001,-0.0225,0.004878840000000001,0.0048393099999999994,0.00378616,,,
2021-01-07,0.0034290099999999997,0.0045707,0.0047953200000000005,0.00490609,0.00131883,0.00271695,-0.015,0.00406076,0.00525492,0.0019178700000000001,,,
2021-01-08,0.00437453,0.0038655300000000003,0.00222723,0.00294282,0.00225946,0.00082058,-0.00010134000000000003,0.0036636,0.0029127800000000002,0.00041377000000000004,,,
2021-01-09,0.00276814,0.0029321,0.0006513599999999999,0.0036559799999999996,0.00291332,0.0013047699999999998,0.0022335600000000003,0.00322183,0.00258171,0.00030000000000000003,,,
2021-01-10,0.0031922400000000003,0.0066949,0.0023361799999999998,0.006290319999999999,0.0036861499999999996,0.00454097,0.00599783,0.00549895,0.00445712,-0.00114428,,,
2021-01-11,0.00221483,0.00283478,0.0,0.0013748800000000002,0.00052866,0.00106554,0.00121715,0.00115791,0.00090699,0.00030000000000000003,,,
2021-01-12,0.00139326,0.0011314300000000001,0.0,0.00168216,0.00129774,0.00030000000000000003,0.00015925,0.0008074099999999999,0.00106937,-0.0015027,,,
2021-01-13,0.00107888,0.00089675,0.00059377,0.00241918,0.00189571,0.00030000000000000003,0.00069191,0.00069261,0.0006175499999999999,-0.0011182800000000001,,,
2021-01-14,0.00219461,0.00178744,0.00204617,0.00214634,0.00095217,0.0007042799999999999,0.00150239,0.00162004,0.00240987,-0.0006289,,,
2021-01-15,0.00238296,0.00170524,0.00203453,0.00237391,0.00111545,0.0016170099999999999,0.0011985700000000001,0.00172405,0.00363633,0.00030000000000000003,,,
2021-01-16,0.00111069,0.00221535,0.00211445,0.00260976,0.00159103,0.00047981,0.00344779,0.00125444,0.00262936,-0.00419633,,,
2021-01-17,0.00073385,0.00207653,0.00274487,0.00211478,0.00218575,0.0006603900000000001,0.00227823,0.00103755,0.00188707,-0.0065831299999999995,,,
2021-01-18,0.00208246,0.00246957,0.00337294,0.00274463,0.00095436,0.00205066,0.0034127100000000002,0.00233123,0.00224315,-0.00307933,,,
2021-01-19,0.0036022700000000003,0.005190480000000001,0.00472355,0.004753449999999999,0.0027172,0.00404017,0.0025364,0.004063,0.00499854,-0.00429324,,,
2021-01-20,0.00122627,0.0027514,0.0,0.00209632,0.00056101,0.00200329,-0.00014720999999999997,0.0017335,0.0018924599999999999,-0.00418505,,,
2021-01-21,0.00117024,0.00138237,0.00044775,0.00226475,0.00117661,0.00037504,-3.0249999999999997e-05,0.00102711,0.00206378,-0.0025046499999999998,,,
2021-01-22,0.00030000000000000003,0.00046988,0.00030046,0.0003922,0.00030000000000000003,0.00030000000000000003,-0.00073001,0.00040293,0.00061584,-0.00097788,,,
2021-01-23,0.00032182,0.00064409,-0.00015448,0.00104802,0.00030000000000000003,0.00030000000000000003,0.00030000000000000003,0.00069693,0.00184388,9.316000000000001e-05,,,
2021-01-24,0.00065756,0.00246076,0.0011163800000000001,0.0016759000000000001,0.00136502,0.00030147,0.00034037,0.0011410699999999999,0.0011086899999999998,0.00030000000000000003,,,
2021-01-25,0.00104667,0.0024974100000000003,0.00175399,0.00251838,0.00193817,0.00033764,0.00142934,0.00162757,0.00119245,-0.00086529,,,
2021-01-26,0.00033506,0.00075988,0.00101864,0.00107832,0.00034987,0.00030000000000000003,0.00030000000000000003,0.00071046,0.00050409,-0.00383171,,,
2021-01-27,0.00030000000000000003,0.00056342,0.00049687,0.00066172,0.00065361,0.00026670000000000003,0.00030000000000000003,0.00034041999999999997,0.0006096200000000001,-0.00228436,,,
2021-01-28,0.00042262,0.00081678,0.00031545,0.0007568200000000001,0.00030000000000000003,0.00132508,0.00052246,0.00038491,0.00132368,-0.00147884,-0.00040781000000000004,,
2021-01-29,0.0024159200000000002,0.00415624,0.0007952500000000001,0.0027816100000000003,0.00170652,-0.011265589999999999,0.00192694,0.0018636100000000001,0.00333197,-0.0015379,-0.006600969999999999,,
2021-01-30,0.00124836,0.0020471,-0.00038647,0.0024507699999999997,0.0009543900000000001,-0.00383838,0.0020098900000000003,0.00061478,0.0020892899999999997,-0.00162967,-0.0005303399999999999,,
2021-01-31,0.00145295,0.00300844,-0.00031549999999999997,0.00352407,0.00235914,-0.0031818799999999998,0.00330473,0.00115914,0.00386382,-9.034e-05,0.0037235000000000002,,
2021-02-01,0.00118341,0.00142137,-0.00210508,0.0038923300000000003,0.00176332,-0.00690339,0.00085779,0.00133103,0.00232904,0.00030000000000000003,0.00128227,,
2021-02-02,0.00203246,0.00336949,-0.00111428,0.003964260000000001,0.00113277,0.00058725,0.00276465,0.00273622,0.00351102,0.00032136,0.00153896,,
2021-02-03,0.00233389,0.0047538,-0.0013815799999999999,0.00537403,0.00232939,0.00314706,0.00379248,0.00610562,0.0063725299999999995,0.00023370999999999998,0.007944360000000001,,
2021-02-04,0.00165285,0.0042663,-0.00047691,0.00524495,0.00302593,0.00399463,0.004271769999999999,0.00497149,0.0044364,0.00113496,0.00850743,,
2021-02-05,0.00230627,0.00445631,0.0003885,0.00546758,0.00579842,0.00156372,0.00639162,0.00516071,0.00562144,0.00060426,0.01077918,,
2021-02-06,0.0020698,0.0036809300000000002,0.00014089000000000007,0.0043236,0.00072866,0.00320545,0.00457952,0.00447251,0.00357687,-0.00396217,0.00364304,,
2021-02-07,0.00326873,0.00287981,-0.00106803,0.0038715499999999996,0.00125426,0.00382738,0.00089317,0.00392431,0.00367236,-0.00132461,0.0036139099999999997,,
2021-02-08,0.00366147,0.00334285,0.0010827699999999998,0.00472641,0.00282598,0.0053722,0.00320262,0.00428087,0.00421367,-0.00249481,0.0033331100000000002,,
2021-02-09,0.00478857,0.00564097,0.00547918,0.00731166,0.0028210500000000003,0.0066051700000000005,0.00800924,0.00612584,0.00620377,0.00177077,0.01274816,,
2021-02-10,0.0041206,0.00460005,0.00865584,0.00683863,0.00479135,0.003195,0.00689853,0.00597631,0.00663121,0.00073699,0.01236889,,
2021-02-11,0.00333922,0.00318406,0.0057455399999999995,0.00474374,0.00523609,0.0056879,0.0044304,0.00427394,0.00360666,-2.8719999999999983e-05,0.01072372,,
2021-02-12,0.00359935,0.0029648499999999998,0.0073094200000000005,0.0048343,0.00362418,0.007097330000000001,0.0037539799999999996,0.00508443,0.00440414,0.0073431600000000005,0.01368028,,
2021-02-13,0.0035755400000000003,0.0049604,0.00466162,0.00500012,0.00422286,0.00945915,0.00590627,0.0071055,0.0058099,0.01303848,0.01169065,,
2021-02-14,0.00380722,0.00411867,0.006976359999999999,0.00457659,0.004579689999999999,0.00726194,0.00761264,0.0055314200000000004,0.0066891699999999995,0.00986859,0.01110601,,
2021-02-15,0.0022661,0.00174433,0.00210067,0.0014506200000000001,0.0009943,0.00265174,0.00086418,0.00187974,0.0023657,0.0013023700000000002,0.00214267,,
2021-02-16,0.00364964,0.00331863,0.00174772,0.00210042,0.00030000000000000003,0.0030066299999999997,0.0031655800000000003,0.00319081,0.00285117,-0.00266052,0.00286936,,
2021-02-17,0.00344614,0.004311260000000001,0.00271289,0.0029147699999999997,0.00108811,0.00337469,0.00252231,0.0032688,0.0039793699999999994,0.00182909,0.00340561,,
2021-02-18,0.0041239399999999996,0.00516012,0.00502371,0.0068851,0.00674107,0.00794633,0.00342682,0.006168,0.00692922,0.00663731,0.00777392,,
2021-02-19,0.00304572,0.00390847,0.006898929999999999,0.00580866,0.00719051,0.00638838,0.00266789,0.00594103,0.00724196,0.0044513,0.00489524,,
2021-02-20,0.00395318,0.00571985,0.00964435,0.00870535,0.00954852,0.01041968,0.00549735,0.00622001,0.00610966,0.010587929999999999,0.00969497,,
2021-02-21,0.0032519899999999997,0.00202299,0.0031382,0.0029922200000000003,0.00221027,0.0030191899999999997,0.00287296,0.00277291,0.00122256,0.0009437,0.0005222100000000001,,
2021-02-22,0.00286695,0.00159548,0.00197554,0.00229947,6.530000000000034e-06,0.00237246,0.00161343,0.00193376,0.00131248,-0.00456936,-0.00208966,,
2021-02-23,0.00067848,0.00046167999999999996,-0.00015019000000000002,0.0013205,0.00030000000000000003,0.00030000000000000003,-0.0009445800000000001,0.00030000000000000003,0.00030000000000000003,-0.00683677,-0.00089022,,
2021-02-24,0.0009908,0.0008152400000000001,-0.00104003,0.00055543,0.00030000000000000003,-0.0017953,0.00051868,0.00042105,0.00091008,-0.00202718,0.00106634,,
2021-02-25,0.00070006,0.00072948,0.00042186999999999997,0.0007711300000000001,0.00060473,-0.0010039699999999999,0.00058425,0.00080192,0.00046782000000000003,-0.0009356300000000001,0.00159035,,
2021-02-26,0.00030000000000000003,0.00062588,-0.00059456,0.0004301,0.00030000000000000003,-0.00098542,0.00030000000000000003,0.00053087,0.00034376999999999997,-0.0034643,0.0006026499999999999,,
2021-02-27,0.0008477199999999999,0.0009014100000000001,9.595e-05,0.00057705,0.0006718200000000001,-4.812999999999999e-05,0.00033802,0.00040654,0.00082553,-0.00172303,0.0012416,,
2021-02-28,0.00057706,0.00030000000000000003,0.0001051,0.00044642,0.00030000000000000003,0.00030000000000000003,0.00030000000000000003,0.00030125,0.0003406,-0.0016730500000000001,0.00030000000000000003,,
2021-03-01,0.00036921,0.0009254599999999999,3.391e-05,0.00067611,0.00043049,0.00030000000000000003,0.00060709,0.00056576,0.00077189,-0.0007845700000000001,0.0005843,,
2021-03-02,0.00030000000000000003,0.00124405,0.00034725,0.00071335,0.00030000000000000003,0.00030000000000000003,0.00096648,0.00056008,0.00081057,0.00074592,0.0008064299999999999,,
2021-03-03,0.00065078,0.00107091,0.0004679,0.00116953,0.00086869,-0.00075339,0.0019477399999999999,0.00068395,0.00117699,0.00064545,0.00195994,,
2021-03-04,0.00030000000000000003,0.0009654,0.00051492,0.00127321,0.00127856,0.0005825299999999999,0.00124355,0.00049553,0.00122687,0.00142972,0.00191109,,
2021-03-05,0.00030000000000000003,0.00057446,0.0,0.0009216000000000001,0.00030000000000000003,0.00049211,0.00047676,0.00030000000000000003,0.00068722,0.00068894,0.00181539,,
2021-03-06,0.00030000000000000003,0.00121879,0.0,0.0011108,0.00030000000000000003,0.00030000000000000003,0.00133487,0.00053826,0.0005238,0.00069355,0.001328,,
2021-03-07,0.00037606,0.00146686,0.00097354,0.00067324,0.00031702,0.00030000000000000003,0.00205782,0.001272,0.00063745,0.00271667,0.0020753300000000002,,
2021-03-08,0.00044757,0.0011230300000000001,0.00170557,0.0017942000000000001,0.00084088,0.0011019200000000002,0.0022577200000000004,0.00105979,0.0006942599999999999,0.0016821600000000003,0.0018179399999999999,,
2021-03-09,0.00171433,0.00201731,0.00324608,0.00347426,0.00370398,0.00271469,0.00413851,0.00278941,0.00237354,0.0048569,0.00379027,,
2021-03-10,0.00129845,0.0021563100000000003,0.00213922,0.00262254,0.00304377,0.00273743,0.00355574,0.00175263,0.00172399,0.00551295,0.00286986,,
2021-03-11,0.0028067500000000002,0.00194291,0.00275579,0.00129922,0.0019411600000000002,0.00190116,0.00192836,0.00211935,0.00205768,0.00404005,0.0023029900000000004,,
2021-03-12,0.00220348,0.00239347,0.0034163400000000003,0.00178569,0.00285052,0.0030128,0.00209599,0.00173794,0.00223597,0.00324846,0.00511132,,
2021-03-13,0.0016551500000000002,0.0022552099999999997,0.0024157600000000003,0.00208427,0.00215876,0.00349569,0.00266394,0.0015114,0.00112724,0.00333835,0.00326162,,
2021-03-14,0.0028149,0.0033087900000000003,0.0033534999999999997,0.0032182,0.00348203,0.00419861,0.0036961,0.00179406,0.00226749,0.00514178,0.00437166,,
2021-03-15,0.00202996,0.00171886,0.00249921,0.00223844,0.0033524799999999997,0.00326915,0.00295508,0.00162774,0.00144817,0.00310088,0.00088083,,
2021-03-16,0.00099108,0.00095321,0.00107925,0.0017527600000000001,0.00149665,0.00187919,0.0021636900000000002,0.00042749,0.00068629,0.00266319,-0.00034355999999999997,,
2021-03-17,0.00079176,0.00131004,0.00230137,0.00153414,0.00181486,0.00242759,0.00272945,0.00101745,0.00150049,0.0019231600000000001,-0.00181945,,
2021-03-18,0.00092071,0.0020534,0.00203464,0.00340101,0.00527341,0.00419979,0.0042828499999999995,0.0019100900000000001,0.00283468,0.00408779,-0.00029123,,
2021-03-19,0.00078153,0.00057762,0.00173761,0.00205348,0.00190998,0.00326853,0.00086487,0.00123693,0.0017071999999999999,0.00251967,-0.00123551,,
2021-03-20,0.00142668,0.00215557,0.00317659,0.00349527,0.00301548,0.00376763,0.00049906,0.0027115999999999998,0.002615,0.0045020400000000006,-0.00468574,,
2021-03-21,0.00083741,0.00097328,0.00178047,0.0016874,0.00235395,0.00325018,0.00032711999999999997,0.00178881,0.00177838,0.0038757,-0.00095482,,
2021-03-22,0.00146458,0.00141372,0.00221524,0.0026296799999999997,0.00357416,0.0034709600000000004,0.00012786999999999998,0.0018834300000000002,0.00239817,0.00419292,-0.00268245,,
2021-03-23,0.00093074,0.0006298899999999999,0.00025164999999999996,0.0016437399999999999,0.00102806,0.00085578,0.00027387,0.00066978,0.0011705,0.00131787,-0.0027636600000000002,,
2021-03-24,0.0009644300000000001,0.00102953,0.00041160000000000003,0.0014433100000000002,0.00134841,0.00078846,0.00030000000000000003,0.0011857999999999999,0.00212476,0.00149023,-0.0017425499999999998,,
2021-03-25,0.00031828,0.0005593800000000001,-0.00042256,0.00030000000000000003,0.00085825,0.00030000000000000003,0.00030000000000000003,0.00038394000000000004,0.00055605,0.00030000000000000003,-0.00187931,,
2021-03-26,0.00036,0.00062431,-0.00054376,0.00074084,0.00172037,0.00066989,0.00051536,0.00072806,0.0012085,0.00120331,0.00055681,,
2021-03-27,0.00030000000000000003,0.0005998900000000001,-0.00032468,0.00070626,0.0016455600000000001,0.00121674,0.0005879500000000001,0.00080716,0.00097269,0.0014335200000000002,0.00040463,,
2021-03-28,0.00030000000000000003,0.0008671600000000001,0.00044283,0.00119655,0.00189946,0.0014872,0.00149863,0.00136606,0.00166514,0.00355952,0.00060862,,
2021-03-29,0.00038171,0.00150071,0.00086308,0.00164124,0.00221814,0.00208616,0.00239053,0.00075233,0.0017929600000000001,0.0028867,0.00147218,,
2021-03-30,0.00142785,0.0016731,0.00196206,0.00397282,0.00358584,0.00267784,0.00299927,0.0025755500000000002,0.00236467,0.00492183,0.0027059099999999997,,
2021-03-31,0.00210057,0.0022219,0.00172138,0.00243517,0.00349172,0.00262869,0.00202127,0.0025672299999999998,0.0022062,0.0033168900000000003,0.00178089,,
2021-04-01,0.00256456,0.00330758,0.00185955,0.00469626,0.0048547799999999995,0.0036393800000000002,0.00292389,0.00391228,0.00368615,0.005997519999999999,0.00256032,,
2021-04-02,0.00279249,0.00288819,0.00314592,0.00544095,0.00561825,0.0040204,0.0030322500000000002,0.00434826,0.00369409,0.00667332,0.00354977,,
2021-04-03,0.0027242300000000002,0.00312506,0.00313907,0.00431178,0.00662534,0.00685455,0.0040037399999999996,0.00542403,0.00524431,0.00779316,0.00578024,,
2021-04-04,0.00127106,0.00204783,0.00073937,0.0019177,0.00330635,0.00246444,0.0010693,0.0024471,0.0020756999999999998,0.0023961399999999997,0.00144574,,
2021-04-05,0.0012009,0.00232702,0.00182612,0.00510227,0.00519629,0.0038258700000000003,0.00233432,0.0042476300000000005,0.00362996,0.00602189,0.00387428,,
2021-04-06,0.00238701,0.00287097,0.0030065900000000004,0.00589925,0.00665605,0.00432922,0.00337338,0.00558819,0.00578508,0.00706414,0.00295124,,
2021-04-07,0.00165018,0.00151648,0.00121774,0.0029741,0.0033066,0.00174191,0.00030000000000000003,0.0028969499999999997,0.00259971,0.00280035,0.00365402,,
2021-04-08,0.0009195200000000001,0.00079998,0.00093871,0.0033054,0.00271259,0.00201547,0.0005865,0.00258744,0.00231512,0.00244085,0.0038285999999999997,,
2021-04-09,0.00067697,0.00146258,0.00124651,0.00427803,0.0026549900000000003,0.0035813499999999996,0.00047232000000000003,0.00271074,0.0030158700000000004,0.00323123,0.00390966,,
2021-04-10,0.00281235,0.0033992,0.00265016,0.0053169,0.00449282,0.0050716500000000005,0.00185278,0.00453833,0.00515054,0.00441102,0.00520061,,
2021-04-11,0.0029216,0.0023334899999999997,0.00431763,0.00416156,0.0053221499999999995,0.00566491,0.00195047,0.00539634,0.0047545700000000005,0.0057443600000000004,0.00514472,,
2021-04-12,0.00294494,0.00332031,0.00422905,0.0056968900000000005,0.0055753,0.00573869,0.00265265,0.00448431,0.0046254,0.00635505,0.00536337,,
2021-04-13,0.0029667,0.00332562,0.00628777,0.00627235,0.00536514,0.006532639999999999,0.0033370500000000003,0.006296909999999999,0.00560771,0.00716524,0.00545535,,
2021-04-14,0.0030386099999999997,0.00452007,0.00697125,0.00564395,0.00710445,0.00555202,0.00291916,0.00645222,0.006649240000000001,0.00831263,0.00554626,,
2021-04-15,0.00268741,0.00328521,0.00473964,0.00540905,0.00515296,0.00192875,0.00302285,0.0048357899999999995,0.00496115,0.00590667,0.00664378,,
2021-04-16,0.00345188,0.00390636,0.00700328,0.00733049,0.0049580299999999996,-0.00319833,0.0031557399999999998,0.00519152,0.0050852,0.00782785,0.0077005500000000005,,
2021-04-17,0.0019648499999999998,0.0023856800000000003,0.00380667,0.0065435400000000005,0.00499133,0.00459935,0.00282988,0.00395222,0.00323531,0.00669437,0.0072109,,
2021-04-18,0.0015007199999999999,0.0011875499999999999,0.0003722,0.00119607,0.00150154,0.0015192,0.00025915,0.00153188,0.00115563,0.0005410100000000002,0.0014902899999999998,,
2021-04-19,0.00030000000000000003,0.0007192,0.0009243000000000001,0.00049119,0.0005627799999999999,0.00195844,0.0007470600000000001,0.00073416,0.00075849,0.00046100000000000004,0.00030000000000000003,,
2021-04-20,0.00030000000000000003,0.00041279,0.0,0.00041526,0.00053192,0.0007316800000000001,0.00114499,0.00059415,0.00056469,0.00030000000000000003,-0.00012570000000000002,,
2021-04-21,0.00030000000000000003,0.00030000000000000003,0.00133707,0.00104196,0.00030000000000000003,0.00030000000000000003,0.00049116,0.0008136700000000001,0.00035860000000000004,0.00037321,0.00063603,,
2021-04-22,0.00030000000000000003,0.00044466,0.0015781200000000001,0.0007956,0.00069151,0.00050095,0.00030000000000000003,0.00089881,0.00072636,0.00057244,-2.476e-05,,
2021-04-23,0.00067618,0.00090243,0.00072461,0.00030000000000000003,0.00030000000000000003,0.00022864,0.00042517,0.00030000000000000003,0.00030000000000000003,0.00029187,-0.00023743,,
2021-04-24,0.00054432,0.00050391,0.00025756,0.00030000000000000003,0.00030000000000000003,3.0469999999999998e-05,0.00030000000000000003,0.00030000000000000003,0.00030000000000000003,0.00030000000000000003,0.00012386,,
2021-04-25,0.00070258,0.00030000000000000003,0.0,0.00050806,0.00033992,-0.00031555,0.00030619999999999996,0.00036777,0.00030000000000000003,0.00030000000000000003,-0.0006053,,
2021-04-26,0.00030000000000000003,0.00030000000000000003,0.0007443,0.00059846,0.00033354,-0.00061562,0.00030000000000000003,0.00045810999999999996,0.0005341,0.00030000000000000003,-0.00071934,,
2021-04-27,0.00030000000000000003,0.00060663,0.00046534,0.00088346,0.00082243,0.00113334,0.00125221,0.0006240800000000001,0.00070457,0.00030000000000000003,-3.796000000000001e-05,,
2021-04-28,0.00030000000000000003,0.00063355,0.00114421,0.0016457,0.0008152,0.00118934,0.001079,0.0007978200000000001,0.0007309199999999999,0.00048614999999999997,-0.00012046,,
2021-04-29,0.00030000000000000003,0.00030000000000000003,0.00079465,0.00171652,0.00109524,0.00082431,0.00070538,0.00067526,0.00153684,0.0012017500000000001,-0.00104416,,
2021-04-30,0.00030000000000000003,0.0007749,0.0011338799999999999,0.00128513,0.00061579,0.00157684,0.0009887300000000002,0.00112922,0.0010931,0.00078904,0.00127722,,
2021-05-01,0.0005370500000000001,0.0005741699999999999,0.0019416099999999999,0.00223269,0.00129011,0.00198292,0.0019555799999999997,0.0015605900000000002,0.0010214,0.00184146,0.00212291,,
2021-05-02,0.00106387,0.00073173,0.00128852,0.0019947,0.00155937,0.00222492,0.0016476400000000001,0.00187346,0.0020423200000000002,0.0019376900000000002,0.00243438,,
2021-05-03,0.00143808,0.00081627,0.00164957,0.00283321,0.0024773599999999996,0.00336287,0.00143114,0.00205745,0.00155701,0.00270104,0.00267369,,
2021-05-04,0.0012957099999999998,0.0017403100000000001,0.00160036,0.00214797,0.00110466,0.00280848,0.00171654,0.00215348,0.001578,0.00146673,0.00305338,,
2021-05-05,0.00098893,0.00204659,0.0009027499999999999,0.00225895,0.0008826799999999999,0.00120051,0.0015749800000000001,0.00203914,0.00252211,0.00030000000000000003,0.00217851,,
2021-05-06,0.0022960899999999998,0.00245773,0.00360781,0.00494624,0.0043950199999999995,0.00283718,0.00368126,0.00422905,0.00302373,0.00300787,0.00461474,,
2021-05-07,0.00115102,0.00113204,0.00210064,0.00262497,0.0020396900000000003,0.00216911,0.00296295,0.0018145000000000001,0.00129695,0.00180615,0.0028196000000000002,,
2021-05-08,0.00152075,0.00147484,0.00212334,0.00343718,0.0022638,0.00284326,0.0022962,0.00329329,0.00237738,0.00225412,0.0034886500000000003,,
2021-05-09,0.00156651,0.00154661,0.0013622,0.0024901,0.00102671,0.00015767,0.00144252,0.00205875,0.00194531,0.00241513,0.0028687599999999997,,
2021-05-10,0.00222442,0.00210916,0.0017904700000000002,0.00346666,0.00063667,-0.0005434,0.0024267,0.00246555,0.00133168,0.00237622,0.0029515599999999998,,
2021-05-11,0.0011605600000000002,0.00114022,0.0,0.00049642,0.00054193,0.00034469,0.00057151,0.00041902,0.00060163,0.00030000000000000003,0.0007279000000000001,,
2021-05-12,0.00090156,0.0011184300000000001,-2.5330000000000003e-05,0.00129425,0.00043566000000000004,0.00030000000000000003,0.0008101499999999999,0.00112784,0.0009358600000000001,0.00030000000000000003,0.00093786,,
2021-05-13,0.00044501,0.0006567000000000001,0.0005173,0.00054707,0.00053027,0.00010143000000000001,0.00042113000000000003,0.00030000000000000003,0.00042908,0.00030000000000000003,0.00048514,,
2021-05-14,0.00090328,0.00030000000000000003,0.00025001,0.00064291,0.00052225,0.00030000000000000003,0.00034439,0.00030000000000000003,0.00038412,0.00030000000000000003,0.00039694,,
2021-05-15,0.00040276,0.00136942,0.00143585,0.0007967600000000001,0.0005618,0.00030000000000000003,0.00107989,0.0009343999999999999,0.00084072,0.0010276600000000001,0.00041118999999999997,,
2021-05-16,0.0009312599999999999,0.0006266500000000001,0.00114627,0.00157151,0.00040585,0.00030000000000000003,0.00116796,0.00106157,0.00108575,0.00074384,0.00068569,,
2021-05-17,0.0013328300000000001,0.00119118,0.00090995,0.0011914999999999999,0.0004288,0.00030000000000000003,0.0014032699999999999,0.0008339900000000001,0.00092455,0.00058907,0.00095453,,
2021-05-18,0.00091175,0.00089919,0.00119413,0.00156076,0.00062063,0.0003313,0.00079571,0.0008783899999999999,0.00060597,0.0003881,0.00096801,,
2021-05-19,-0.00043883999999999997,-0.00293021,-0.0026409600000000004,-0.00149137,-0.004675,-0.00105657,-0.00502794,-0.0044068,-0.0045730400000000004,-0.0073,-0.008585049999999999,,
2021-05-20,0.00030000000000000003,0.00031828,-0.00087888,0.00030000000000000003,-0.00034842999999999994,-0.00051203,0.00031177,0.00030000000000000003,0.00030000000000000003,-0.00210114,-0.00108548,,
2021-05-21,0.00016545,0.00030000000000000003,-0.0004058,0.00030000000000000003,0.00025427,-0.00022074999999999997,0.00030000000000000003,0.00030000000000000003,0.00030000000000000003,-0.0013801500000000001,-0.0005276899999999999,,
2021-05-22,-4.447999999999998e-05,0.00030000000000000003,-0.00043913,0.00035674000000000003,0.00026983,-0.0006212,0.00030000000000000003,0.00030000000000000003,0.00030000000000000003,-0.0018408399999999998,-0.00199587,,
2021-05-23,-1.374e-05,0.00030000000000000003,-0.00019009,0.00021427000000000002,-5.408000000000001e-05,-0.00034423000000000006,0.00030000000000000003,0.00027176,0.00030000000000000003,-0.00089553,-0.00116033,,
2021-05-24,-0.0001635,0.00030000000000000003,-0.00254516,-0.00016340999999999998,-0.001641,0.00027206,0.00030000000000000003,0.00012600000000000003,0.00030000000000000003,-0.0012980399999999999,0.00030000000000000003,,
2021-05-25,0.00030000000000000003,0.00030000000000000003,-0.0002195,9.472000000000001e-05,0.00017358,-0.00013151,0.00030000000000000003,0.00030000000000000003,0.00030000000000000003,0.00030000000000000003,0.00030000000000000003,,
2021-05-26,0.00030000000000000003,0.00030000000000000003,0.00044532,0.00051489,0.00030000000000000003,-5.686999999999999e-05,0.00030000000000000003,0.00030000000000000003,0.00030000000000000003,0.00030000000000000003,0.00030000000000000003,,
2021-05-27,0.00030000000000000003,0.00030000000000000003,-1.668e-05,0.00035665,0.00024027,-4.089999999999998e-05,0.00030000000000000003,0.00030000000000000003,0.00030000000000000003,0.00030000000000000003,0.00030000000000000003,,
2021-05-28,0.00030000000000000003,0.00030000000000000003,-0.0009382100000000001,-0.00013365,0.00030000000000000003,0.00030000000000000003,0.00030000000000000003,0.00030000000000000003,0.00030000000000000003,0.00030000000000000003,0.00030000000000000003,,
2021-05-29,0.00030375,0.00030000000000000003,0.0,0.0004353,0.00030000000000000003,0.00030000000000000003,0.00030000000000000003,0.00030000000000000003,0.00030000000000000003,0.00020032,0.00030000000000000003,,
2021-05-30,0.00030000000000000003,0.00030000000000000003,-0.00199599,0.00014696000000000002,-0.0007676999999999998,0.00030000000000000003,0.00030000000000000003,0.00030000000000000003,0.00028266,8.193000000000001e-05,0.00030000000000000003,,
2021-05-31,0.00030000000000000003,0.00030000000000000003,-0.00066724,0.00030000000000000003,-0.00011468000000000002,0.00030000000000000003,0.00030000000000000003,0.00030000000000000003,0.00030000000000000003,0.0001707,-0.00018003000000000002,,
2021-06-01,0.00030000000000000003,0.00030000000000000003,-7.534e-05,0.00030000000000000003,0.00030000000000000003,0.00030000000000000003,0.00030000000000000003,0.00030000000000000003,0.00030000000000000003,0.00030000000000000003,0.00030000000000000003,,
2021-06-02,0.00030000000000000003,0.00030000000000000003,-8.31e-06,0.00030000000000000003,0.00030000000000000003,0.00030000000000000003,0.00030000000000000003,0.00030000000000000003,0.00030000000000000003,0.00030000000000000003,0.00030000000000000003,,
2021-06-03,0.00030000000000000003,0.00030000000000000003,-0.00013549,0.00030000000000000003,0.00030000000000000003,0.00030000000000000003,0.00030000000000000003,0.00030000000000000003,0.00030000000000000003,0.00030000000000000003,0.00030000000000000003,,
2021-06-04,0.00040566,0.00030000000000000003,0.0,0.00030000000000000003,0.00030000000000000003,0.00030000000000000003,0.00030000000000000003,0.00030000000000000003,0.00030000000000000003,0.00030000000000000003,0.00030000000000000003,,
2021-06-05,0.00030000000000000003,0.00030000000000000003,0.0,0.00030000000000000003,0.00030000000000000003,0.00030000000000000003,0.00030000000000000003,0.00030000000000000003,0.00030000000000000003,-7.690000000000003e-06,0.00030000000000000003,,
2021-06-06,0.00030000000000000003,0.00030000000000000003,0.0,0.00030000000000000003,0.00030000000000000003,0.00030000000000000003,0.00030000000000000003,0.00030000000000000003,0.00030000000000000003,-0.00016282999999999998,0.00030000000000000003,,
2021-06-07,0.00030000000000000003,0.00030000000000000003,0.0,0.00030000000000000003,0.00030000000000000003,0.00030000000000000003,0.00030000000000000003,0.00030000000000000003,0.00030000000000000003,-5.6549999999999965e-05,0.00030000000000000003,,
2021-06-08,0.00021015,0.00030000000000000003,0.0,0.00025006,0.00030000000000000003,4.811e-05,0.00030000000000000003,0.00030000000000000003,0.00030000000000000003,-0.00022937,0.00030000000000000003,,
2021-06-09,-0.00010238999999999999,0.00030000000000000003,-6.007e-05,3.1089999999999995e-05,-3.842e-05,0.0001383,-6.665e-05,-0.00018606,0.00030000000000000003,-0.0009706,0.00021159,,
2021-06-10,-7.659999999999991e-06,0.00030000000000000003,0.0,0.00023160000000000002,0.00026102000000000005,0.00030000000000000003,0.00030000000000000003,0.00017286,0.00030000000000000003,0.00029084,0.00030000000000000003,,
2021-06-11,0.00017388,0.00028683,0.0,0.00030000000000000003,0.00030000000000000003,0.00030000000000000003,0.00030000000000000003,0.00028717,0.00030000000000000003,0.00030000000000000003,0.00030000000000000003,,
2021-06-12,1.4060000000000011e-05,0.00030000000000000003,-1.534e-05,0.00030000000000000003,0.00018785,7.164000000000001e-05,0.00030000000000000003,0.00030000000000000003,0.00030000000000000003,-5.4540000000000017e-05,0.00030000000000000003,,
2021-06-13,5.933e-05,0.00030000000000000003,0.0,0.00030000000000000003,0.00012857,0.00030000000000000003,0.00030000000000000003,0.00030000000000000003,0.00030000000000000003,9.385e-05,0.00030000000000000003,,
2021-06-14,0.00016856,0.00023785,0.0,0.00030000000000000003,0.00020634,0.00030000000000000003,0.00030000000000000003,0.00030000000000000003,0.00030000000000000003,0.00020131,0.00030000000000000003,,
2021-06-15,0.00028002,0.00030000000000000003,0.0,0.00030000000000000003,0.00030000000000000003,0.00030000000000000003,0.00030000000000000003,0.00030000000000000003,0.00030000000000000003,0.00030000000000000003,0.00030000000000000003,,
2021-06-16,0.00030000000000000003,0.00030000000000000003,0.0,0.00030000000000000003,0.00030000000000000003,0.00030000000000000003,0.00030000000000000003,0.00030000000000000003,0.00030000000000000003,0.00030000000000000003,0.00030000000000000003,,
2021-06-17,0.00030000000000000003,0.00030000000000000003,-8.312e-05,0.00030000000000000003,0.00025164,0.00030000000000000003,0.00030000000000000003,0.00024719,0.00030000000000000003,0.00030000000000000003,0.00030000000000000003,,
2021-06-18,0.00015687,0.00018971,-7.25e-06,0.00015322,0.00019251,0.00030000000000000003,0.00030000000000000003,0.00016894000000000002,0.00030000000000000003,0.00030000000000000003,0.00030000000000000003,,
2021-06-19,-7.170999999999999e-05,-8.379e-05,-0.00035235,1.1889999999999996e-05,0.0001848,0.00029486,0.00025286000000000004,0.00027594,0.00030000000000000003,0.00029203,0.00030000000000000003,,
2021-06-20,1.563000000000001e-05,-0.00019034000000000002,-0.00059779,-7.376e-05,-4.234999999999997e-05,-0.00027182,-9.124e-05,9.645000000000001e-05,0.00030000000000000003,0.00018668000000000002,0.00030000000000000003,,
2021-06-21,-0.00011471,-0.00010245999999999999,-0.00030215,0.00021547,-0.00014066,-0.00071342,-0.00016749,8.659000000000001e-05,0.0002968,0.00015603,0.0002596,,
2021-06-22,-0.00014859000000000004,0.00013675,-0.0017969599999999998,-6.341e-05,-0.00011617000000000002,-0.0022646899999999998,-0.00070956,-5.719999999999993e-06,0.00023746,-7.435e-05,-0.00016896999999999998,,
2021-06-23,-0.00033521,-0.00011752,-0.00085715,1.1199999999999988e-05,-8.106e-05,-0.00118911,-0.0006158100000000001,-0.00049164,0.00023801,0.00011171,-3.656999999999999e-05,,
2021-06-24,-0.00016648,0.00015568,-0.00063293,0.00017720000000000002,-0.0001578,-0.00018049,-0.00047767,-0.00019102,0.00030000000000000003,1.6740000000000006e-05,0.00018382,,
2021-06-25,0.00022372,0.00027207,-5.993e-05,0.00030000000000000003,0.00030000000000000003,-6.424999999999999e-05,7.128e-05,-0.00016559,0.00025896000000000003,0.00030000000000000003,0.00030000000000000003,,
2021-06-26,-0.00034521,-0.00016521,-0.00011292999999999999,0.00026357,0.00013268,-0.00013274,-0.00024036,-0.00025191,0.00026791,0.00030000000000000003,9.486000000000001e-05,,
2021-06-27,-0.00102585,-0.0004709,-0.00075458,0.0001611,-0.00019559000000000002,-1.1050000000000001e-05,9.233e-05,-0.00060781,0.00015371000000000002,0.00012272,0.00013841,,
2021-06-28,0.00010398,3.3310000000000005e-05,-0.00038173,0.00014135,-2.846999999999999e-05,7.132000000000002e-05,0.00030000000000000003,0.00016364,0.00029941,0.00030000000000000003,0.00030000000000000003,,
2021-06-29,0.00022229000000000001,2.7339999999999992e-05,0.0,0.00025822,0.00019418000000000001,-0.00010766999999999998,0.00015186,0.00030000000000000003,0.00030000000000000003,0.00030000000000000003,0.00030000000000000003,,
2021-06-30,0.00030000000000000003,0.00030000000000000003,-0.00014264,0.00030000000000000003,0.00030000000000000003,0.00025643,0.00030000000000000003,0.00030000000000000003,0.00030000000000000003,0.00030000000000000003,0.00030000000000000003,,
2021-07-01,0.00030000000000000003,0.00024853,-0.0005878000000000001,0.00030000000000000003,2.762000000000001e-05,8.781e-05,0.00028824,2.7160000000000008e-05,0.00030000000000000003,0.00030000000000000003,0.00030000000000000003,,
2021-07-02,6.117000000000001e-05,-0.00017226999999999998,-0.0016837,0.00030000000000000003,-0.00010005999999999999,0.00028837000000000003,0.00030000000000000003,0.00012732,0.00030000000000000003,-0.00022948999999999997,0.00030000000000000003,,
2021-07-03,-0.00014886,6.121e-05,-0.0007193,0.00017803,9.865e-05,0.00030000000000000003,0.00030000000000000003,3.515e-05,0.00030000000000000003,-5.370000000000011e-06,0.00030000000000000003,,
2021-07-04,-7.607e-05,0.00030000000000000003,-2.51e-06,0.00030000000000000003,0.00019956,0.00030000000000000003,0.00030000000000000003,0.00030000000000000003,0.00030000000000000003,0.00030000000000000003,0.00030000000000000003,,
2021-07-05,9.56e-05,0.00019822,-0.00025236,0.00017054,-0.00018146000000000001,-0.00012559,0.00030000000000000003,0.00029514,0.00017930000000000002,0.00030000000000000003,0.00030000000000000003,,
2021-07-06,-0.00020034,8.549e-05,-0.00023345,0.00022673000000000002,-0.00018192000000000002,0.00011729000000000001,0.00030000000000000003,0.00021444,0.00025138,0.00030000000000000003,0.00030000000000000003,,
2021-07-07,6.638e-05,0.00023042,-0.00065987,0.00030000000000000003,5.880000000000002e-05,0.00030000000000000003,0.00030000000000000003,0.00026967,0.00030000000000000003,0.00030000000000000003,0.00030000000000000003,,
2021-07-08,-0.00033100999999999996,0.00017564000000000002,-0.0001198,6.63e-05,0.00020258,0.00030000000000000003,0.00030000000000000003,0.00018552,0.00030000000000000003,0.00030000000000000003,0.00030000000000000003,,
2021-07-09,-0.00047094,0.00022471,-0.00058529,0.00019965,2.8410000000000008e-05,0.00017063,0.00022573,0.00021043,0.00025634000000000003,0.00030000000000000003,0.00030000000000000003,,
2021-07-10,7.838e-05,0.00030000000000000003,-0.00143388,0.00021794000000000002,0.00027253,0.00030000000000000003,0.00030000000000000003,-2.2730000000000008e-05,0.00030000000000000003,0.00030000000000000003,0.00030000000000000003,,
2021-07-11,0.00014412,0.00030000000000000003,-0.00093172,0.00030000000000000003,0.0001326,0.00030000000000000003,0.00030000000000000003,0.00019857000000000002,0.00030000000000000003,0.00030000000000000003,0.00030000000000000003,,
2021-07-12,0.00022314,0.00030000000000000003,-0.0006070100000000001,0.00022501000000000002,5.0640000000000017e-05,0.00030000000000000003,0.00030000000000000003,0.00027316,0.00030000000000000003,0.00030000000000000003,0.00030000000000000003,,
2021-07-13,0.00020052,0.00018564,-0.00127417,0.00015940000000000003,0.0001451,0.00030000000000000003,0.00030000000000000003,0.00012997,0.00030000000000000003,0.00030000000000000003,0.00030000000000000003,,
2021-07-14,-4.359999999999992e-06,0.0001845,-0.00037142,0.00019987000000000002,-8.034999999999999e-05,0.00025711,0.00030000000000000003,1.429e-05,0.00030000000000000003,0.00019431,0.00030000000000000003,,
2021-07-15,6.693000000000001e-05,0.00025655000000000003,-0.00086608,0.00030000000000000003,0.000263,0.00030000000000000003,0.00030000000000000003,0.00024887,-0.0015723999999999998,0.00030000000000000003,0.00030000000000000003,,
2021-07-16,-4.3509999999999995e-05,0.00026785000000000003,-0.00259499,0.00018790000000000001,7.688000000000001e-05,0.00030000000000000003,0.00030000000000000003,0.00016942000000000001,0.00030000000000000003,0.00030000000000000003,0.00030000000000000003,,
2021-07-17,8.022e-05,0.00025313,-0.0021120699999999997,0.00030000000000000003,0.00010036,0.00020721999999999998,0.00030000000000000003,0.00023242,0.00030000000000000003,0.00030000000000000003,0.00030000000000000003,,
2021-07-18,0.00015566,0.00030000000000000003,-0.00232965,-5.2459999999999996e-05,0.00011998,0.00023454000000000001,0.00030000000000000003,6.390000000000001e-05,0.00030000000000000003,0.00030000000000000003,0.00030000000000000003,,
2021-07-19,-5.557e-05,1.1989999999999999e-05,-0.00156859,0.00019802,-7.258e-05,0.00011561,0.00030000000000000003,6.805e-05,0.00029469,0.00018029,9.803000000000001e-05,,
2021-07-20,-0.00047195,-0.00048893,-0.0017957999999999997,-0.00010829000000000001,-0.00050638,-0.00018332,-2.273999999999999e-05,-0.00029604,0.00019623,0.00012415,-0.00144548,,
2021-07-21,-0.00094322,-0.0005418199999999999,-0.0014774,-0.00028713,-0.00087068,6.882e-05,-1.9300000000000035e-06,-0.00038365999999999997,-1.2730000000000002e-05,-0.00020026,-0.00130071,,
2021-07-22,-0.00013524999999999998,0.00030000000000000003,0.0,0.00030000000000000003,0.00030000000000000003,0.00030000000000000003,0.00030000000000000003,0.00019899000000000002,0.00030000000000000003,0.00030000000000000003,1.7940000000000008e-05,,
2021-07-23,-0.00017631,0.00028643,-0.00098945,0.00030000000000000003,0.00030000000000000003,0.00030000000000000003,0.00030000000000000003,0.00025169,0.00030000000000000003,0.00030000000000000003,-0.00075617,,
2021-07-24,-0.00031228,0.00017386000000000002,0.0,0.00030000000000000003,0.00030000000000000003,0.00030000000000000003,0.00030000000000000003,0.00030000000000000003,0.00030000000000000003,0.00030000000000000003,0.00025067000000000004,,
2021-07-25,-0.00052591,0.00013448,-0.00013077,0.00023834000000000003,0.00030000000000000003,0.00030000000000000003,0.00030000000000000003,0.00015094000000000002,0.00030000000000000003,0.00030000000000000003,-9.985999999999998e-05,,
2021-07-26,-0.00034841000000000006,0.00030000000000000003,-0.00024538,0.00030000000000000003,0.00030000000000000003,0.00030000000000000003,0.00030000000000000003,0.00030000000000000003,0.00030000000000000003,0.00030000000000000003,0.00030000000000000003,,
2021-07-27,0.00017752000000000002,0.00030000000000000003,-0.00036867000000000003,0.00030000000000000003,0.00025347,0.00030000000000000003,0.00030000000000000003,0.00027557,0.00030000000000000003,0.00030000000000000003,0.00030000000000000003,,
2021-07-28,0.00017963,0.00025618,0.0,0.00030000000000000003,0.00030000000000000003,0.00030000000000000003,0.00030000000000000003,0.00030000000000000003,0.00030000000000000003,0.00030000000000000003,0.00030000000000000003,,
2021-07-29,0.00019768999999999999,0.00025723,0.0,0.00030000000000000003,0.00030000000000000003,0.00030000000000000003,0.00030000000000000003,0.00030000000000000003,0.00030000000000000003,0.00030000000000000003,-0.0003055,,
2021-07-30,0.00017623,0.00030000000000000003,-0.00016185,0.00030000000000000003,0.00014833,0.00030000000000000003,0.00030000000000000003,0.00030000000000000003,0.00030000000000000003,0.00030000000000000003,4.788000000000001e-05,,
2021-07-31,0.00030000000000000003,0.00030000000000000003,0.0,0.00030000000000000003,0.00030000000000000003,0.00030000000000000003,0.00030000000000000003,0.00030000000000000003,0.00030000000000000003,0.00030000000000000003,0.00030000000000000003,,
2021-08-01,0.00030000000000000003,0.00030000000000000003,0.0,0.00030000000000000003,0.00026706,0.0005004,0.00030000000000000003,0.00030000000000000003,0.00030000000000000003,0.00030000000000000003,0.00030000000000000003,,
2021-08-02,0.00030000000000000003,0.00030000000000000003,0.0,0.00030000000000000003,0.00030000000000000003,0.00030000000000000003,0.00030000000000000003,0.00030000000000000003,0.00030000000000000003,0.00030000000000000003,0.00030000000000000003,,
2021-08-03,0.00030000000000000003,0.00020759,0.0,0.00030000000000000003,0.00030000000000000003,0.00030000000000000003,0.00030000000000000003,0.00030000000000000003,0.00030000000000000003,0.00030000000000000003,0.00029994,,
2021-08-04,0.00021272,0.00019663,0.0,0.00030000000000000003,0.00030000000000000003,0.00030000000000000003,0.00030000000000000003,0.00030000000000000003,0.00030000000000000003,0.00030000000000000003,-0.00142219,,
2021-08-05,0.00030000000000000003,0.00030000000000000003,0.0,0.00030000000000000003,0.00030000000000000003,0.00030000000000000003,0.00030194,0.00030000000000000003,0.00030000000000000003,0.00030000000000000003,0.00059549,,
2021-08-06,0.00030000000000000003,0.00030000000000000003,0.0,0.00030000000000000003,0.00030000000000000003,0.00044257,0.00030000000000000003,0.00030000000000000003,0.00030000000000000003,0.00030000000000000003,0.0005989,,
2021-08-07,0.00030000000000000003,0.00038202,0.00025174,0.00042099,0.00063436,0.00170646,0.00089507,0.00030000000000000003,0.00031784,0.00083004,0.0016851700000000002,,
2021-08-08,0.00030000000000000003,0.00033627,5.377e-05,0.0005553,0.00030000000000000003,0.0016603,0.00078715,0.00030000000000000003,0.00030000000000000003,0.0010011100000000002,0.00123151,,
2021-08-09,0.00030000000000000003,0.00045395,0.0,0.00041034999999999997,0.00030000000000000003,0.00101969,0.00032233,0.00030000000000000003,0.00030000000000000003,0.00032039000000000004,0.00030000000000000003,,
2021-08-10,0.00030000000000000003,0.00065734,0.00015928,0.00052089,0.00059814,0.0007205600000000001,0.0005606,0.00039225,0.00033334,0.00065611,0.00081471,,
2021-08-11,0.00030000000000000003,0.0007886,0.00021664999999999998,0.0008206299999999999,0.00061694,0.00232248,0.00089157,0.00037003000000000003,0.00079285,0.00118772,0.0007326500000000001,,
2021-08-12,0.00030000000000000003,0.00042186999999999997,0.0013679999999999999,0.00170828,0.00143177,0.00108306,0.00056762,0.00040676000000000004,0.00067855,0.00082446,0.00030000000000000003,,
2021-08-13,0.00030000000000000003,0.00062196,0.00048693,0.00053092,0.00064192,0.00074722,0.00033008,0.00063554,0.00042608,0.00094085,0.00030000000000000003,,
2021-08-14,0.00030000000000000003,0.00086691,0.0009717199999999999,0.0011272600000000002,0.00093156,0.00159596,0.00051189,0.00030000000000000003,0.00090194,0.00066049,0.00030000000000000003,,
2021-08-15,0.00030000000000000003,0.00062763,0.00011936,0.0013562,0.0016278199999999999,0.00162422,0.00089641,0.00030000000000000003,0.00084951,0.00109141,0.00030000000000000003,,
2021-08-16,0.00033924,0.00045793000000000006,0.00119083,0.0014836699999999999,0.0016175,0.00183329,0.00177088,0.00093745,0.00170882,0.00194211,0.00201599,,
2021-08-17,0.00030000000000000003,0.00030000000000000003,0.00081727,0.00043238,0.00050646,0.00066301,0.00192727,0.00030995,0.0003254,0.00143677,0.00055833,,
2021-08-18,0.00030000000000000003,0.00030000000000000003,0.0001167,0.00030000000000000003,0.00031012,0.00030000000000000003,0.00030000000000000003,0.00030000000000000003,0.00030000000000000003,0.00043147,0.00015706000000000002,,
2021-08-19,0.00030000000000000003,0.00030000000000000003,0.0,0.00030000000000000003,0.00030000000000000003,0.00037454,0.00073361,0.00030000000000000003,0.00030000000000000003,0.00062927,0.00030000000000000003,,
2021-08-20,0.00035761,0.0007505,0.00036196,0.00097316,0.0020307,0.00141219,0.0012541700000000002,0.00049638,0.00070922,0.001026,0.00106365,,
2021-08-21,0.00046707,0.00056746,0.0014018,0.0015601999999999999,0.00119935,0.00121846,0.00134884,0.00098118,0.0012113,0.00119262,0.00200335,,
2021-08-22,0.00034813,0.00050666,0.00124635,0.0011683800000000001,0.00115658,0.00121651,0.00057172,0.00127941,0.0008368200000000001,0.00233832,0.000328,,
2021-08-23,0.00073163,0.00158683,0.00157705,0.0018681700000000002,0.001115,0.0018609299999999998,0.00091108,0.00126259,0.00162761,0.00249791,0.0015772199999999998,,
2021-08-24,0.00080648,0.00118924,0.00160656,0.00103652,0.00199251,0.00242302,0.0013532799999999999,0.00120656,0.00152979,0.00212827,0.0015542800000000001,,
2021-08-25,0.00039568000000000003,0.00046461,0.0007096100000000001,0.00045204,0.00049773,0.00032255,0.00030000000000000003,0.00030000000000000003,0.00030000000000000003,0.00111359,0.00030000000000000003,,
2021-08-26,0.00041865,0.00030000000000000003,0.0006912,0.0008678399999999999,0.00051008,0.00055581,0.00030000000000000003,0.00030000000000000003,0.00036013,0.00075489,0.00030000000000000003,,
2021-08-27,0.00030000000000000003,0.00030000000000000003,0.0,0.0007028,0.00030000000000000003,0.00060578,0.00030000000000000003,0.00030000000000000003,0.00030000000000000003,0.00062696,-0.00065947,,
2021-08-28,0.0006537699999999999,0.00035499,0.00072928,0.0012995200000000002,0.00092124,0.00106747,0.00029474000000000004,0.00041852999999999997,0.0006824,0.00057005,0.00076122,,
2021-08-29,0.00030000000000000003,0.00036779,0.00113558,0.00112817,0.00073923,0.00089397,0.00034102000000000004,0.00040602000000000005,0.00054537,0.00104067,0.00076627,,
2021-08-30,0.0004255,0.00030000000000000003,0.00143498,0.00147237,0.00050179,0.00188443,0.0004077,0.00030356000000000003,0.00041657,0.0011043300000000002,0.00124579,,
2021-08-31,0.00087311,0.00040707000000000004,0.00102531,0.00136414,0.0008499600000000001,0.00094871,0.00100829,0.00059751,0.00093267,0.00091254,0.00054693,,
2021-09-01,0.00105841,0.00030000000000000003,0.00141378,0.0010065,0.00071835,0.00137462,0.00141959,0.00096196,0.00094504,0.00155891,0.0014901100000000002,,
2021-09-02,0.00146615,0.0013444,0.00090431,0.0022748300000000003,0.00222873,0.0025940299999999998,0.00263709,0.00143598,0.00178679,0.00210843,0.00309983,,
2021-09-03,0.00105606,0.00130504,0.00112311,0.00178704,0.00183516,0.0020105,0.00162174,0.00184582,0.00175636,0.00325865,0.00330422,,
2021-09-04,0.00074946,0.00223973,0.00189237,0.0019494199999999999,0.0022927,0.0032000199999999996,0.00181219,0.0021893900000000003,0.00179561,0.00199022,0.00280204,,
2021-09-05,0.00030000000000000003,0.00209457,0.0018955999999999999,0.001529,0.0020940200000000003,0.00310929,0.00267368,0.00112503,0.00159697,0.00356742,0.00318307,,
2021-09-06,0.00046783,0.0017132,0.00216481,0.00208366,0.0025975399999999997,0.0031601299999999997,0.00199473,0.0013515900000000002,0.00170166,0.0033047199999999997,0.0025716,,
2021-09-07,0.00042977,0.0013461599999999999,-0.0003150100000000001,0.0007334400000000001,0.00026704000000000007,-0.00202246,0.00030000000000000003,0.00100072,0.00112085,-0.0021887499999999997,-0.0007701699999999999,,
2021-09-08,0.00030000000000000003,0.00030000000000000003,-0.00041319,0.00042892,0.00030000000000000003,0.00066722,0.0009054099999999999,0.00030000000000000003,0.00030000000000000003,0.0007674400000000001,0.00030000000000000003,,
2021-09-09,0.00030000000000000003,0.00030000000000000003,0.0,0.00036614,0.00030000000000000003,0.00030000000000000003,0.0005082800000000001,0.00030000000000000003,0.00030000000000000003,0.00053338,0.00030000000000000003,,
2021-09-10,0.00031115,0.00030000000000000003,0.0,0.00030000000000000003,0.00030000000000000003,0.00030000000000000003,0.00062168,0.00030000000000000003,0.00030000000000000003,0.0006102600000000001,0.00030000000000000003,,
2021-09-11,0.00030000000000000003,0.00030000000000000003,0.0,0.00030000000000000003,0.00030000000000000003,0.00030000000000000003,0.00034182,0.00030000000000000003,0.00030000000000000003,0.00049314,0.00030000000000000003,,
2021-09-12,0.00030000000000000003,0.00030000000000000003,0.0,0.00030000000000000003,0.00030000000000000003,0.00030000000000000003,0.00064583,0.00030000000000000003,0.00030000000000000003,0.0004988600000000001,0.00046721,,
2021-09-13,0.00030000000000000003,0.00030000000000000003,0.0,0.00030000000000000003,0.00030000000000000003,0.00030000000000000003,0.00050508,-0.00045482,0.00030000000000000003,0.00052172,0.00030000000000000003,,
2021-09-14,0.00030000000000000003,0.00030000000000000003,0.0,0.00030000000000000003,0.00030000000000000003,0.00030000000000000003,0.00030000000000000003,0.00030000000000000003,0.00030000000000000003,0.00030000000000000003,0.00030000000000000003,,
2021-09-15,0.00030000000000000003,0.00030000000000000003,0.0,0.00030000000000000003,0.00030000000000000003,0.00030000000000000003,0.00080472,0.00030000000000000003,0.00030000000000000003,0.00030000000000000003,0.00033244000000000004,,
2021-09-16,0.00030000000000000003,0.00030000000000000003,0.0,0.00042384,0.00030000000000000003,0.00034227,0.00146951,0.00032765,0.00030000000000000003,0.00038718,0.00116822,,
2021-09-17,0.00030000000000000003,0.00030000000000000003,0.00023074,0.00032551,0.00030000000000000003,0.00056756,0.0011995,0.00030000000000000003,0.00035229,0.0004019,0.00047072,,
2021-09-18,0.00030000000000000003,0.00030000000000000003,2.763e-05,0.00031145,0.00041614,0.00030000000000000003,0.00030000000000000003,0.00030000000000000003,0.00032982,0.00030000000000000003,0.00057471,,
2021-09-19,0.00030000000000000003,0.00030000000000000003,0.00010744,0.00030000000000000003,0.00030000000000000003,0.00030000000000000003,0.00032745,0.00030000000000000003,0.00030000000000000003,0.00047023,0.00064679,,
2021-09-20,0.00030000000000000003,0.00030000000000000003,0.0,0.00030000000000000003,0.00023807,0.00030000000000000003,0.00040317,0.00030000000000000003,0.00030000000000000003,0.00030000000000000003,0.00030000000000000003,,
2021-09-21,0.00030000000000000003,0.00030000000000000003,0.0,0.00030000000000000003,0.00030000000000000003,0.00030000000000000003,0.00030000000000000003,0.00030000000000000003,0.00030000000000000003,0.00030000000000000003,0.00030000000000000003,,
2021-09-22,0.00030000000000000003,0.00030000000000000003,-0.00018317,0.00030000000000000003,5.274e-05,0.00030000000000000003,0.00030000000000000003,0.00030000000000000003,0.00030000000000000003,0.00030000000000000003,-0.00042714,,
2021-09-23,0.00022579,0.00030000000000000003,-0.00050831,0.00030000000000000003,-7.315e-05,0.00027657,0.00030000000000000003,0.00030000000000000003,0.00030000000000000003,0.00030000000000000003,0.00030000000000000003,,
2021-09-24,-0.00012414,-0.00010290000000000001,-0.00025781,0.00030000000000000003,0.00012008,0.00021386,0.00030000000000000003,0.00030000000000000003,0.00030000000000000003,0.00030000000000000003,0.00026574,,
2021-09-25,0.00025629,7.429999999999998e-06,-0.00013273,0.00030000000000000003,0.00030000000000000003,0.00010472000000000001,0.00030000000000000003,0.00029102,0.00030000000000000003,0.00030000000000000003,0.00030000000000000003,,
2021-09-26,0.00010771000000000001,0.00015461,-0.00072627,0.00029173000000000003,0.00020418000000000001,6.575000000000001e-05,0.00030000000000000003,0.00022238,0.00030000000000000003,0.00030000000000000003,0.00030000000000000003,,
2021-09-27,0.00030000000000000003,0.00030000000000000003,0.0,0.00030000000000000003,0.00027288,0.00013049,0.00030000000000000003,0.00019557,0.00030000000000000003,0.00030000000000000003,0.00030000000000000003,,
2021-09-28,0.00015623,3.4739999999999996e-05,-7.669e-05,0.00020768000000000002,0.00030000000000000003,0.00026632,0.00030000000000000003,-0.00039692,0.00030000000000000003,0.00030000000000000003,0.00030000000000000003,,
2021-09-29,0.00013866,-6.129999999999997e-06,-0.00040927,0.00030000000000000003,0.00028616000000000004,0.00029593,0.00030000000000000003,-0.00038354000000000003,0.00030000000000000003,0.00030000000000000003,0.00030000000000000003,,
2021-09-30,0.00029235000000000003,7.049000000000001e-05,-0.00213651,0.00020773,0.00030000000000000003,0.00030000000000000003,0.00030000000000000003,9.307e-05,0.00030000000000000003,0.00030000000000000003,0.00030000000000000003,,
2021-10-01,9.509e-05,0.00016671,-0.0019364900000000001,0.00030000000000000003,0.00030000000000000003,0.00030000000000000003,0.00030000000000000003,0.00011894,0.00030000000000000003,0.00030000000000000003,0.00030000000000000003,,
2021-10-02,0.00014733999999999998,0.00030000000000000003,-0.00123434,0.00030000000000000003,0.00030000000000000003,0.00030000000000000003,0.00030000000000000003,0.00030000000000000003,0.00030000000000000003,0.00049807,0.00050427,,
2021-10-03,0.00030000000000000003,0.00030000000000000003,-0.0015715199999999999,0.00030000000000000003,0.00030000000000000003,0.00030000000000000003,0.00030000000000000003,0.00030000000000000003,0.00030000000000000003,0.00069408,0.00081877,,
2021-10-04,0.00030000000000000003,0.00030000000000000003,-0.0010208700000000001,0.00030000000000000003,0.00034622,0.00030000000000000003,0.00030000000000000003,0.00030000000000000003,0.00030000000000000003,0.00033029,0.00030908,,
2021-10-05,7.734e-05,0.00030000000000000003,-0.00029131000000000003,0.00030000000000000003,0.00030000000000000003,0.00055928,0.00031849,0.00030000000000000003,0.00030000000000000003,0.00030000000000000003,0.00034767,,
2021-10-06,0.00030000000000000003,0.00034323000000000003,-0.00130338,0.00030000000000000003,0.00060476,0.0007864199999999999,0.00083939,0.00030000000000000003,0.00030000000000000003,0.00038726,0.00030000000000000003,,
2021-10-07,0.00071849,0.0007624,-1.46e-06,0.00088358,0.0012045900000000002,0.00125204,0.00121544,0.00061512,0.00065461,0.00129899,0.00108034,,
2021-10-08,0.00070151,0.00055305,0.00034226,0.00096302,0.00129934,0.00138894,0.0005301,0.00041795,0.0012988,0.00055085,0.00099792,,
2021-10-09,0.00035716999999999997,0.00030000000000000003,9.908000000000001e-05,0.00070484,0.00096976,0.0010506299999999999,0.00068988,0.00030000000000000003,0.0005155,0.00079865,0.00121483,,
2021-10-10,0.00040906,0.00030000000000000003,0.0007713500000000001,0.00146119,0.00115442,0.00142702,0.00111827,0.00051384,0.00058507,0.00154524,0.00158128,,
2021-10-11,0.00030000000000000003,0.0005307,0.00043581,0.0009058,0.00071874,0.00040129,0.0005121699999999999,0.00040008999999999997,0.00030000000000000003,0.00042082,0.0008889800000000002,,
2021-10-12,0.00030000000000000003,0.00030000000000000003,0.0,0.00030000000000000003,0.00030000000000000003,0.00030000000000000003,0.00030000000000000003,0.00030000000000000003,0.00030000000000000003,0.00030000000000000003,0.00030000000000000003,,
2021-10-13,0.00030000000000000003,0.00030000000000000003,0.00035739,0.00030000000000000003,0.00030000000000000003,0.00030000000000000003,0.00030000000000000003,0.00030000000000000003,0.00030000000000000003,0.00030000000000000003,0.00065096,,
2021-10-14,0.00050079,0.00079431,-0.00065859,0.00054316,0.00055238,0.00079146,0.00052334,0.00068413,0.00049922,0.00073105,0.00117323,,
2021-10-15,0.00056685,0.00103552,-0.0003603,0.00092874,0.00124404,0.00124843,0.00044479999999999997,0.00107219,0.00093129,0.00094491,0.0012545899999999999,,
2021-10-16,0.00119263,0.00108005,-0.00099912,0.0018379099999999999,0.001666,0.00182983,0.0006851100000000001,0.00157063,0.0013629,0.00181641,0.0019910600000000002,,
2021-10-17,0.0011566200000000001,0.00124516,-0.0018146899999999999,0.0015161299999999999,0.0016991200000000001,0.00136185,0.00095578,0.00078246,0.00094318,0.00158569,0.00158542,,
2021-10-18,0.00070642,0.00081874,-0.00178942,0.00056136,0.0012235,0.0014817699999999999,0.00051949,0.00049405,0.00066418,0.00065153,0.00101311,,
2021-10-19,0.00034974,0.0009287099999999999,-0.00162336,0.00086248,0.00115875,0.00130502,0.00081538,0.0009549599999999999,0.00084117,0.00051181,0.00096653,,
2021-10-20,0.00083237,0.00125327,-0.00127984,0.00127468,0.00142012,0.00117794,0.00052403,0.00106369,0.00091025,0.00087995,0.00057959,,
2021-10-21,0.00188234,0.00182558,-0.00015730000000000008,0.00216658,0.0020353,0.00199706,0.0012748899999999999,0.00195829,0.00140497,0.0018410100000000001,0.00237242,,
2021-10-22,0.0009121800000000001,0.00101814,0.00098274,0.00071411,0.00070444,0.00131554,0.00082194,0.00067243,0.00062733,0.00073774,0.00124431,,
2021-10-23,0.00058427,0.0006364599999999999,0.00099497,0.00130604,0.0009504100000000001,0.0016032400000000001,0.00121375,0.00056656,0.0005020000000000001,0.00069951,0.00100672,,
2021-10-24,0.00100435,0.00104658,0.0012152299999999999,0.00163429,0.0018091700000000001,0.00255527,0.00196497,0.00085195,0.0010062299999999999,0.00113421,0.0016102299999999998,,
2021-10-25,0.00086666,0.00115648,0.00112745,0.0014545600000000001,0.00196556,0.00193543,0.0009156500000000001,0.0005237099999999999,0.0009192499999999999,0.0009605200000000001,0.0016147,,
2021-10-26,0.00157625,0.00119986,0.00140521,0.00211701,0.00238738,0.0022596400000000003,0.00154268,0.00176362,0.00177483,0.0019697300000000003,0.00223853,,
2021-10-27,0.00086501,0.00102908,0.00067034,0.00132921,0.00165673,0.0012671,0.0009608100000000001,0.00080996,0.00085564,0.00070666,0.00161524,,
2021-10-28,0.00039356,0.00039556,0.0,0.00030000000000000003,0.00030000000000000003,0.00050389,0.00030000000000000003,0.00030000000000000003,0.00030000000000000003,0.00030000000000000003,0.00030000000000000003,,
2021-10-29,0.0006561,0.00103684,0.0,0.00049425,0.0006417,0.00116507,0.00030000000000000003,0.00030000000000000003,0.00036732,0.00046339000000000005,0.00036232,,
2021-10-30,0.00078636,0.00083954,0.0007105600000000001,0.0009556600000000001,0.00113238,0.00135163,0.00030269,0.00052483,0.00054676,0.00077827,0.00123862,,
2021-10-31,0.00111877,0.00045461,0.0,0.00093385,0.00149713,0.0013785199999999998,0.00047856,0.0005395,0.00052958,0.00075292,0.00096789,,
2021-11-01,0.00120803,0.00064573,-0.00036528,0.00088518,0.00162986,0.0013425199999999998,0.00078439,0.00067867,0.00063629,0.00055243,0.00082154,,
2021-11-02,0.00096537,0.0011798199999999998,-1.756e-05,0.0016420200000000001,0.00201401,0.0016440699999999999,0.0011066700000000001,0.00127701,0.00127246,0.00129199,0.00192705,,
2021-11-03,0.00157434,0.00080178,0.0,0.0020307199999999997,0.00183315,0.00157129,0.0009901200000000001,0.0013148399999999998,0.00130206,0.0007130200000000001,0.00236127,,
2021-11-04,0.0014310500000000001,0.00107448,0.0,0.00120687,0.00202557,0.0021384999999999998,0.00030000000000000003,0.00136688,0.0012912700000000002,0.00147465,0.001127,,
2021-11-05,0.00078107,0.0007012,0.00023238,0.00129633,0.0010952,0.00161364,0.00059814,0.00111919,0.00075897,0.00031211,0.00101804,,
2021-11-06,0.00136168,0.00093391,-0.00060288,0.00094858,0.00098875,0.00132837,0.00030000000000000003,0.0007551,0.00071756,0.0003031,0.0008301,,
2021-11-07,0.00090959,0.00073944,-0.00062379,0.00044709,0.00130059,0.00158775,0.00030000000000000003,0.0007463299999999999,0.00044658,0.00057825,0.0016755,,
2021-11-08,0.00123949,0.0007271900000000001,1.202e-05,0.00204712,0.00172222,0.00208117,0.0015409999999999998,0.00164986,0.00179633,0.00063896,0.0016262,,
2021-11-09,0.00145773,0.00030000000000000003,3.602e-05,0.00175629,0.0008384999999999999,0.00157448,0.0010317899999999999,0.0012665,0.00139066,0.00189119,0.00157481,,
2021-11-10,0.00163426,0.0006941,0.00051539,0.00164559,0.00121496,0.0019767400000000003,0.00118346,0.0008222500000000001,0.00111918,0.0013196,0.00099977,,
2021-11-11,0.0005502300000000001,0.00042974,-0.00047654,0.00039831,0.00030000000000000003,0.0005375099999999999,0.00045837000000000004,0.00031099999999999997,0.00030000000000000003,0.00030000000000000003,0.00049482,,
2021-11-12,0.00090418,0.00030000000000000003,-0.00113814,0.00030000000000000003,0.00031298000000000003,0.00090986,0.00030000000000000003,0.0005988899999999999,0.00030000000000000003,0.00030000000000000003,0.0006541,,
2021-11-13,0.00069016,0.00030000000000000003,-0.00124548,0.00044795999999999996,0.00030863,0.00056113,0.00042258,0.00042253,0.00030000000000000003,0.00030000000000000003,0.00047866,,
2021-11-14,0.00037021,0.00030000000000000003,-0.00111724,0.00059299,0.0005283,0.0005315,0.00030000000000000003,0.0005161,0.00030000000000000003,0.00051623,0.00065877,,
2021-11-15,0.0007786,0.00057533,-7.715e-05,0.0007709500000000001,0.00126681,0.00082221,0.00030613,0.0007433299999999999,0.00075842,0.00084824,0.0009782200000000001,,
2021-11-16,0.00055998,0.00035753,-0.00037642,0.00036443,0.00058254,0.00049746,0.00030000000000000003,0.00030000000000000003,0.00049356,0.00030000000000000003,0.00048278000000000004,,
2021-11-17,0.00033155,0.00030000000000000003,0.00012726,0.00030000000000000003,0.00030000000000000003,0.00030000000000000003,0.00030000000000000003,0.00030000000000000003,0.00030000000000000003,0.00030000000000000003,0.00030000000000000003,,
2021-11-18,0.00031235,0.00030000000000000003,3.624e-05,0.00030000000000000003,0.00030000000000000003,0.00030000000000000003,0.00030000000000000003,0.00030000000000000003,0.00030000000000000003,0.00030000000000000003,0.00030000000000000003,,
2021-11-19,0.00030000000000000003,0.00030000000000000003,0.0,0.00030000000000000003,0.00030000000000000003,0.00030000000000000003,0.00030000000000000003,0.00030000000000000003,0.00030000000000000003,0.00030000000000000003,0.00034885,,
2021-11-20,0.00030000000000000003,0.00030000000000000003,4.6e-07,0.00033046,0.00030000000000000003,0.00030000000000000003,0.00030000000000000003,0.00030000000000000003,0.00030000000000000003,0.00030000000000000003,0.00030000000000000003,,
2021-11-21,0.00030000000000000003,0.00030000000000000003,0.0001056,0.00043743,0.00030000000000000003,0.00030000000000000003,0.00035517999999999997,0.00030000000000000003,0.00030000000000000003,0.00030000000000000003,0.00068544,,
2021-11-22,0.00030000000000000003,0.00030000000000000003,0.00015492,0.00033991,0.00038981,0.00030000000000000003,0.00030000000000000003,0.00030000000000000003,0.00030000000000000003,0.00030362,0.00041272,,
2021-11-23,0.00032897,0.00030000000000000003,0.00015094,0.00037402,0.00047615000000000005,0.00030000000000000003,0.00030000000000000003,0.00030000000000000003,0.00030000000000000003,0.00036125,0.00045549,,
2021-11-24,0.00032010000000000003,0.00030000000000000003,0.00039897,0.00060298,0.00110922,0.00042952,0.00030000000000000003,0.00035966000000000004,0.00055668,0.00092676,0.00073523,,
2021-11-25,0.00043212000000000003,0.00055137,0.0010285799999999999,0.0008654299999999999,0.00036845,0.00038015,0.00060662,0.00062276,0.00075554,0.00043072,0.0005567899999999999,,
2021-11-26,0.00057604,0.00063245,0.00056459,0.00084776,0.0009474,0.00054842,0.00076275,0.00068145,0.00096485,0.00054527,0.0005001000000000001,,
2021-11-27,0.00030824,0.00030000000000000003,0.0,0.00030000000000000003,0.00030000000000000003,0.00030000000000000003,0.00030000000000000003,0.00030000000000000003,0.00030000000000000003,0.00030000000000000003,0.00030000000000000003,,
2021-11-28,0.00030000000000000003,0.00030000000000000003,0.00024979,0.00030000000000000003,0.00030000000000000003,0.00030000000000000003,0.00030000000000000003,0.00030000000000000003,0.00030000000000000003,0.00030000000000000003,0.00030000000000000003,,
2021-11-29,0.00040774,0.00030000000000000003,7.466e-05,0.00030000000000000003,0.00030000000000000003,0.00030000000000000003,0.00030000000000000003,0.00030000000000000003,0.00030000000000000003,0.00030000000000000003,0.00030000000000000003,,
2021-11-30,0.00047809999999999997,0.00039202,7.319e-05,0.00030000000000000003,0.00030000000000000003,0.00030000000000000003,0.00030000000000000003,0.00030000000000000003,0.00030000000000000003,0.00030000000000000003,0.00041801,,
2021-12-01,0.00051835,0.0003625,2.764e-05,0.00030000000000000003,0.00032507,0.00030000000000000003,0.00030000000000000003,0.00030000000000000003,0.00031195,0.00030000000000000003,0.00034043,,
2021-12-02,0.00035951,0.00030000000000000003,0.00021658000000000002,0.00030000000000000003,0.00030000000000000003,0.00030000000000000003,0.00030000000000000003,0.00030000000000000003,0.00030000000000000003,0.00030000000000000003,0.00030000000000000003,,
2021-12-03,0.00048884,0.00032562,3.977e-05,0.00030000000000000003,0.00030000000000000003,0.00030000000000000003,0.00030000000000000003,0.00030000000000000003,0.00030000000000000003,0.000347,0.00030000000000000003,,
2021-12-04,0.00019178,0.00026583,-0.00025801000000000003,-0.00199334,-0.000295,-0.0011548399999999999,9.462000000000001e-05,9.48e-05,0.00030000000000000003,-0.00025304,0.00013881,,
2021-12-05,0.00027273,0.00030000000000000003,-0.00026037,0.00026147000000000003,0.00021599,0.00021765,0.00030000000000000003,0.00023361,0.00020724000000000003,0.00030000000000000003,0.00030000000000000003,,
2021-12-06,0.00030000000000000003,0.00030000000000000003,-9.407e-05,0.00030000000000000003,0.00010381,-9.059999999999998e-06,0.00030000000000000003,0.0002748,0.00030000000000000003,0.00030000000000000003,0.00027330000000000003,,
2021-12-07,0.00023977000000000002,0.0002706,-0.00211515,0.00030000000000000003,3.251000000000001e-05,7.194e-05,0.00017126,-0.00010342,0.00030000000000000003,0.00021948,0.00014142,,
2021-12-08,0.00030000000000000003,0.00030000000000000003,-0.00121376,0.00030000000000000003,3.116000000000001e-05,6.709000000000001e-05,0.00030000000000000003,0.00022494000000000002,0.00030000000000000003,0.00030000000000000003,0.00030000000000000003,,
2021-12-09,0.00030000000000000003,0.00030000000000000003,-0.0010650500000000001,0.00030000000000000003,0.00013506,-3.175e-05,0.00030000000000000003,0.00018595,0.00030000000000000003,0.00030000000000000003,0.00030000000000000003,,
2021-12-10,0.00030000000000000003,0.00018963,-0.00183821,0.00028995000000000003,7.649000000000001e-05,0.00015674,0.00030000000000000003,-0.00014908,0.0002729,0.00030000000000000003,0.0001224,,
2021-12-11,0.00030000000000000003,0.00028719,-0.0011170099999999999,5.402e-05,-2.272e-05,0.00022816,0.00030000000000000003,-6.999e-05,0.00028913,0.00030000000000000003,-3.953e-05,,
2021-12-12,0.00030000000000000003,0.00030000000000000003,-0.00132403,0.00010470000000000001,4.303e-05,0.00017903,0.00030000000000000003,0.00010385,0.00030000000000000003,0.00017033,-0.00032405,,
2021-12-13,0.00030000000000000003,8.189e-05,-0.0010542400000000001,0.00030000000000000003,0.00030000000000000003,6.032999999999999e-05,0.00030000000000000003,0.00012292,0.00030000000000000003,0.00030000000000000003,-4.003999999999999e-05,,
2021-12-14,0.00018345000000000001,0.00014733000000000001,-0.0005219900000000001,0.00024933,0.00020262,-2.3840000000000002e-05,7.487000000000002e-05,-1.375999999999999e-05,0.00029373,0.00023555,4.408e-05,,
2021-12-15,0.00030000000000000003,0.00030000000000000003,0.0,0.00030000000000000003,0.00023709000000000002,0.00012404,0.00030000000000000003,0.00016323,0.00030000000000000003,0.00030000000000000003,2.293e-05,,
2021-12-16,0.00030000000000000003,0.00023234000000000002,0.0,0.00030000000000000003,0.00030000000000000003,0.00030000000000000003,0.00027386,0.00030000000000000003,0.00030000000000000003,0.00021442,0.00029533,,
2021-12-17,0.00024678,0.00030000000000000003,0.0,0.00030000000000000003,0.00021858,0.00030000000000000003,0.00030000000000000003,4.934000000000001e-05,0.00030000000000000003,0.00030000000000000003,0.00030000000000000003,,
2021-12-18,0.00026742,0.00025422,0.0,0.00030000000000000003,0.00028423,0.00030000000000000003,0.00030000000000000003,0.00026312000000000004,0.00029845,0.00020198000000000001,-6.734999999999998e-05,,
2021-12-19,0.0002708,0.00024353,0.0,0.00030000000000000003,0.00030000000000000003,0.00030000000000000003,0.00030000000000000003,0.00030000000000000003,0.00030000000000000003,0.00030000000000000003,-0.00194045,,
2021-12-20,0.00030000000000000003,0.00030000000000000003,0.0,0.00030000000000000003,0.00030000000000000003,0.0002199,0.00030000000000000003,0.00030000000000000003,0.00030000000000000003,0.00030000000000000003,-0.00112258,,
2021-12-21,0.00029184,0.00030000000000000003,0.0,1.946e-05,0.00030000000000000003,0.00011986000000000001,0.00030000000000000003,0.00030000000000000003,0.00030000000000000003,0.00019305,-0.00238263,,
2021-12-22,0.00030000000000000003,0.00030000000000000003,0.0,-0.00042521999999999997,0.00030000000000000003,0.00030000000000000003,0.00030000000000000003,0.00030000000000000003,0.00030000000000000003,0.00030000000000000003,-0.00185132,,
2021-12-23,0.00023738,0.00023383,0.0,-0.00138651,0.00030000000000000003,0.00030000000000000003,0.00030000000000000003,0.00030000000000000003,0.00030000000000000003,0.00030000000000000003,-0.0016264,,
2021-12-24,0.00030000000000000003,0.00030000000000000003,0.0,-0.00431702,0.00030000000000000003,0.00030000000000000003,0.00030000000000000003,0.00030000000000000003,0.00030000000000000003,0.00030000000000000003,-0.0014179,,
2021-12-25,0.00030000000000000003,0.00030000000000000003,0.0,-0.00021845,0.00030000000000000003,0.00030000000000000003,0.00030000000000000003,0.00030000000000000003,0.00030000000000000003,0.00030000000000000003,-0.00175833,,
2021-12-26,0.00030000000000000003,0.00030000000000000003,0.0,0.00030000000000000003,0.00030000000000000003,0.00030000000000000003,0.00030000000000000003,0.00030000000000000003,0.00030000000000000003,0.00030000000000000003,-0.001126,,
2021-12-27,0.00030000000000000003,0.00030000000000000003,0.0,0.00030000000000000003,0.00030000000000000003,0.00030000000000000003,0.00030000000000000003,0.00030000000000000003,0.00030000000000000003,0.00030000000000000003,-0.00113211,,
2021-12-28,0.00030000000000000003,0.0001648,0.0,0.00030000000000000003,0.00030000000000000003,0.00030000000000000003,0.00030000000000000003,0.00026773,0.00030000000000000003,0.00030000000000000003,-0.00018116999999999997,,
2021-12-29,0.00030000000000000003,0.00024923,0.0,0.00030000000000000003,0.00026979,0.00026869000000000003,0.00030000000000000003,0.00030000000000000003,0.00030000000000000003,0.00030000000000000003,-0.000202,,
2021-12-30,0.00030000000000000003,0.00018468,0.0,0.00030000000000000003,-2.7749999999999994e-05,0.00030000000000000003,0.00030000000000000003,0.00030000000000000003,0.00030000000000000003,0.00030000000000000003,-4.4449999999999996e-05,,
2021-12-31,0.00016898,0.00017821,0.0,0.00030000000000000003,0.00024828999999999997,0.00030000000000000003,0.00030000000000000003,0.00030000000000000003,0.00030000000000000003,0.00030000000000000003,-0.00018131,,
2022-01-01,0.00030000000000000003,0.00030000000000000003,0.0,0.00030000000000000003,0.00025821000000000004,0.00030000000000000003,0.00030000000000000003,0.00030000000000000003,0.00030000000000000003,0.00030000000000000003,-3.852e-05,,
2022-01-02,0.00030000000000000003,0.00012853,0.0,0.00030000000000000003,0.00021754,0.00030000000000000003,0.00030000000000000003,0.00030000000000000003,0.00030000000000000003,0.00030000000000000003,0.00011346000000000001,,
2022-01-03,0.00030000000000000003,0.00019451,0.0,0.00030000000000000003,0.00030000000000000003,0.00030000000000000003,0.00030000000000000003,0.00030000000000000003,0.00030000000000000003,0.00030000000000000003,0.00020657,,
2022-01-04,0.00030000000000000003,0.00030000000000000003,7.356e-05,0.00030000000000000003,0.00030000000000000003,0.00030000000000000003,0.00030000000000000003,0.00030000000000000003,0.00030000000000000003,0.00030000000000000003,0.00030000000000000003,,
2022-01-05,0.00030000000000000003,0.00030000000000000003,0.0,0.00030000000000000003,0.00030000000000000003,0.00030000000000000003,0.00030000000000000003,0.00030000000000000003,0.00030000000000000003,0.00030000000000000003,0.00030000000000000003,,
2022-01-06,0.00030000000000000003,0.00019708,0.0,0.00015602,0.00030000000000000003,-0.00026504,0.00030000000000000003,0.0002687,0.00030000000000000003,0.00030000000000000003,0.00030000000000000003,,
2022-01-07,0.00030000000000000003,0.00021935,0.0,0.00029487000000000003,0.00022384,-0.00026158999999999997,0.00030000000000000003,0.00028625,0.00030000000000000003,0.00025564,0.00021463,,
2022-01-08,0.00030000000000000003,0.00030000000000000003,0.0,0.00030000000000000003,0.00030000000000000003,0.0001761,0.00030000000000000003,0.00030000000000000003,0.00030000000000000003,0.00030000000000000003,0.00030000000000000003,,
2022-01-09,0.00030000000000000003,8.236e-05,-0.00028092000000000004,0.00030000000000000003,0.00028452,-0.00028404,0.00030000000000000003,0.00028676,0.00030000000000000003,0.00029328000000000004,-2.157e-05,,
2022-01-10,0.00024522,-0.00019355000000000002,-0.00045591999999999996,0.00022969,0.00028503000000000003,-0.00075257,0.00030000000000000003,0.00026487,0.00012631,7.673e-05,-0.0007215,,
2022-01-11,0.00027394,0.00018916,-0.0002741,0.00023468000000000002,0.00017227,-0.00015289000000000004,0.00030000000000000003,0.00022323000000000002,0.00030000000000000003,0.00012401,0.00025885999999999997,,
2022-01-12,-4.890000000000002e-06,-0.00018654,-0.00290798,0.00024367,-8.562e-05,-0.00014763,0.00030000000000000003,0.00014191,0.00030000000000000003,8.285000000000001e-05,-0.00032699,,
2022-01-13,-3.587e-05,6.241000000000001e-05,-0.0030357,0.00029336,0.00029538000000000003,0.00030000000000000003,0.00030000000000000003,0.00030000000000000003,0.00030000000000000003,0.00030000000000000003,-0.00041908,,
2022-01-14,-0.00015233,0.00018706000000000001,-0.0026653600000000003,0.00030000000000000003,0.00030000000000000003,2.1960000000000013e-05,0.00030000000000000003,0.00030000000000000003,0.00030000000000000003,0.00030000000000000003,-7.803999999999998e-05,,
2022-01-15,0.00014943,0.00029632,-0.00241024,0.00030000000000000003,0.00030000000000000003,0.00030000000000000003,0.00030000000000000003,0.00019932,0.00030000000000000003,0.00030000000000000003,-0.00026643,,
2022-01-16,0.0001036,0.00020594,-0.0027882,0.00030000000000000003,0.00025132,0.00030000000000000003,0.00030000000000000003,0.00030000000000000003,0.00030000000000000003,0.00030000000000000003,-4.316e-05,,
2022-01-17,0.00018398,9.890000000000002e-06,-0.00256925,0.00029406,0.00030000000000000003,0.00030000000000000003,0.00030000000000000003,0.00030000000000000003,0.00030000000000000003,0.00030000000000000003,-0.00030378,,
2022-01-18,0.00029998000000000004,0.00021175,-0.00148137,0.00030000000000000003,0.00025552,0.00030000000000000003,0.00030000000000000003,0.00019278,0.00030000000000000003,0.00028591,0.00025867,,
2022-01-19,0.00024973,0.0001828,-0.00187715,0.00021492,0.00021538000000000001,0.00024905,0.00030000000000000003,-6.267e-05,0.00030000000000000003,0.00030000000000000003,-0.00063905,,
2022-01-20,0.00030000000000000003,0.00030000000000000003,-0.0008999100000000001,0.00030000000000000003,6.319999999999999e-05,0.00030000000000000003,0.00030000000000000003,0.00027075,0.00030000000000000003,0.00030000000000000003,-0.0006220399999999999,,
2022-01-21,0.00022749,1.7270000000000002e-05,0.0,0.00011179000000000001,-0.00011117999999999999,-0.00033441,0.00024765000000000003,-0.00017010999999999998,0.00026201,1.778000000000001e-05,0.00010717,,
2022-01-22,0.00013071,0.00026472,-0.00033295,-6.583000000000001e-05,-6.252999999999999e-05,-0.00069199,0.00017091,0.00021607,9.967e-05,0.00010630000000000001,0.00012138,,
2022-01-23,7.171e-05,-8.528000000000001e-05,-0.00012949,5.662000000000001e-05,-0.00036333000000000003,-0.0006162,-0.0005143600000000001,5.1450000000000004e-05,0.00014535,-0.00039313,-0.00113768,,
2022-01-24,0.00014094,8.225000000000001e-05,-7.805e-05,9.736e-05,-0.00016314,-0.0001366,-0.00014539000000000002,0.00018749,0.00022053,-7.416999999999996e-05,-6.884e-05,,
2022-01-25,8.118e-05,-3.54000000000001e-06,-0.00012173,1.0359999999999999e-05,-0.00046885,-0.00015738999999999998,-0.00025163,0.00019198000000000002,0.00030000000000000003,0.00021744,0.00012933,,
2022-01-26,-5.359e-05,-0.00032058,-0.00029715,3.710000000000001e-05,-0.0006793600000000001,-0.00032363,-0.00045305,0.0002311,7.233000000000001e-05,-3.187999999999999e-05,2.549000000000001e-05,,
2022-01-27,-0.00022609,-0.00020173,-0.00062349,0.00012928,-0.00052288,-0.00018562,-0.00053153,3.9269999999999995e-05,5.636e-05,-0.00054617,-0.00067013,,
2022-01-28,9.552e-05,-0.00016807999999999998,-0.00045306999999999997,0.00014186,-0.00059903,-0.00018370000000000002,-0.00042509000000000004,7.342000000000001e-05,0.00027415,-0.00034635,3.286e-05,,
2022-01-29,1.117e-05,8.153e-05,-2.128e-05,0.00022882000000000002,-0.00027079999999999997,0.00014631000000000003,2.6470000000000002e-05,0.0002108,0.00025843000000000003,6.478000000000001e-05,0.00010409,,
2022-01-30,0.00025176,-6.989999999999999e-06,-0.00015692,0.00028519,-0.00026358,0.00021462,-0.00025005000000000003,0.00013804,0.00030000000000000003,-1.1679999999999997e-05,5.706000000000001e-05,,
2022-01-31,-4.089999999999999e-05,-6.699e-05,-0.00029476999999999997,-0.00016627,-0.0007941,-0.00034292999999999997,-0.00041663000000000003,-0.00096909,0.00018428,-0.00023323000000000001,-0.00020198000000000004,,
2022-02-01,-4.1429999999999995e-05,-0.00021073,-5.12e-05,0.00020805,-0.00022400000000000002,0.00024451000000000003,-0.00010863,-0.00016742,0.00016733,0.00025953,-0.00031195999999999996,,
2022-02-02,9.648e-05,-5.866e-05,-3.712e-05,0.00024262,6.522e-05,0.00026119,-0.00011401,-4.4000000000000006e-05,0.00024652,0.00018993,0.00030000000000000003,,
2022-02-03,-8.081000000000001e-05,-0.00051765,-0.00021278000000000003,-0.00013584,-0.00011951000000000001,-0.00031409,-7.559e-05,-0.00061349,3.979999999999999e-05,-0.00046365,0.00010022000000000001,,
2022-02-04,2.8910000000000006e-05,0.00028786,-0.00010614,7.971000000000001e-05,2.018e-05,-0.00033111,-0.00026375,-6.0889999999999995e-05,7.266e-05,-0.00015875999999999998,0.00030000000000000003,,
2022-02-05,0.00027457,0.00021807,-0.0003478,0.00030000000000000003,0.00024266,0.00030000000000000003,0.00025279,0.00027038,0.00022818000000000003,0.00030000000000000003,0.00030000000000000003,,
2022-02-06,0.00030000000000000003,0.00030000000000000003,-0.00020896,0.00026744000000000003,0.00011567,0.00026821,0.00023195,0.00030000000000000003,0.00030000000000000003,0.00029668,0.00030000000000000003,,
2022-02-07,-2.8760000000000002e-05,8.916000000000001e-05,-0.00028556,0.00025642000000000004,0.00022185,0.00024035000000000001,5.5610000000000005e-05,-9.164000000000001e-05,0.00030000000000000003,0.00020761,0.00030000000000000003,,
2022-02-08,0.00030000000000000003,0.00019338,-7.65e-05,0.00025152,0.00021546,0.00027065,-0.0004081,0.00022119000000000002,0.00030000000000000003,-0.0013186,0.00017767,,
2022-02-09,0.00019161999999999998,0.00016954,0.0,0.00022841000000000002,4.202000000000001e-05,0.00016481000000000002,-1.4840000000000014e-05,-4.2199999999999996e-05,0.00030000000000000003,5.912e-05,0.00030000000000000003,,
2022-02-10,0.00018201000000000003,-4.128e-05,-0.0001222,0.00016921,0.00030000000000000003,0.00023379,-0.00026019,7.545e-05,0.00024048,7.0900000000000016e-06,0.00020914000000000002,,
2022-02-11,-8.986000000000001e-05,-6.11e-05,-0.00022849,0.00030000000000000003,0.00013028,9.076e-05,-0.00017976,-0.00016452,8.101e-05,0.00023286000000000002,2.660000000000005e-06,,
2022-02-12,0.00030000000000000003,0.00030000000000000003,0.0,0.0002677,0.00016956000000000002,-0.00023280000000000002,-0.0001195,2.090000000000002e-06,0.00030000000000000003,0.00030000000000000003,0.00027177,,
2022-02-13,0.00022797999999999997,5.0249999999999995e-05,0.0,0.00017928,-0.00016439,-0.00014945,-0.0006487999999999999,-0.00031286,8.627e-05,5.889999999999996e-06,-4.58e-06,,
2022-02-14,0.00019029,0.00025513,0.0,0.00017852,-0.00010435999999999998,-0.00015383,-0.0001053,-4.233e-05,0.00023174,0.000163,0.0001824,,
2022-02-15,7.702e-05,6.852e-05,0.0,-5.570000000000001e-05,0.00021716000000000001,-9.392999999999998e-05,-7.579e-05,3.4219999999999994e-05,3.519000000000001e-05,0.00014167999999999999,0.00010372,,
2022-02-16,0.00030000000000000003,0.00030000000000000003,-1.311e-05,0.00021087,0.00030000000000000003,0.00030000000000000003,0.00028325000000000003,0.00030000000000000003,0.00030000000000000003,0.00030000000000000003,0.00029153,,
2022-02-17,0.00030000000000000003,0.00016382000000000001,-0.00023939,0.00024155,0.00030000000000000003,0.00030000000000000003,0.00020798000000000002,-0.00018868,0.0002862,0.00030000000000000003,0.00030000000000000003,,
2022-02-18,-4.2970000000000004e-05,-9.544e-05,-0.00037877,-0.00014338999999999997,0.00018571,-0.00017252,5.6699999999999915e-06,-5.147e-05,0.00012593,0.00020111,0.00013787,,
2022-02-19,0.00018671,0.00021922,-0.00033711,0.00027684,-2.9860000000000002e-05,0.00012259,5.584e-05,-8.65e-06,0.00030000000000000003,6.771e-05,0.00021917,,
2022-02-20,2.0869999999999995e-05,5.329e-05,-0.00074178,0.00030000000000000003,-0.00038578,7.311e-05,0.00011064000000000001,-0.00022461,0.0002332,0.00019723,0.00030000000000000003,,
2022-02-21,-1.4710000000000007e-05,1.5999999999999847e-07,-0.00042221999999999995,-4.459e-05,-0.00034700999999999997,0.0002718,-7.717999999999999e-05,-0.000251,0.00014765,-0.00015455,2.2019999999999996e-05,,
2022-02-22,-5.965e-05,3.197e-05,-0.00028742,-0.00054721,-0.00071181,-0.00040605000000000003,-0.00072483,-0.00029734,-9.352e-05,-0.00023233,-0.00017624000000000003,,
2022-02-23,-0.00018558000000000002,1.6179999999999998e-05,-5.677e-05,-0.00044013,-0.0006833399999999999,-0.00022484,-0.00026541,-0.00022547,8.564e-05,4.605000000000001e-05,-0.0003833,,
2022-02-24,-0.0001878,-0.00010813,-0.00024014999999999998,-0.00028503,-0.0006037799999999999,-0.00109646,0.00023882,-0.00038889,-0.00014286000000000002,3.126e-05,-2.561e-05,,
2022-02-25,0.00017218,0.00030000000000000003,-0.00037547000000000004,0.00011958,-0.00034515,-0.00072697,0.00020940000000000002,-4.8730000000000016e-05,0.00010400000000000001,0.00016187,-0.00040487,,
2022-02-26,0.00026946,0.00030000000000000003,-2.515e-05,0.00027885000000000003,-2.3110000000000007e-05,-0.00020274,-0.00010957,2.678000000000001e-05,0.00021622,0.00012553,-0.00197504,,
2022-02-27,6.748999999999999e-05,0.00020507000000000001,-7.2999999999999996e-06,0.000254,-0.00016741,-0.0002379,-8.537999999999999e-05,-4.0850000000000004e-05,0.00027678,-0.00023178,-0.00200349,,
2022-02-28,-0.00035539,-0.00018511,-8.48e-06,0.00019008,5.926e-05,-0.00017366,-2.053999999999999e-05,-0.00028867,0.00030000000000000003,-0.0009963,-0.00113256,,
2022-03-01,0.00024369000000000002,0.00030000000000000003,0.0,0.00030000000000000003,0.00028843,0.00030000000000000003,0.00030000000000000003,0.00018289,0.00030000000000000003,0.00030000000000000003,0.00014871,,
2022-03-02,0.00019493,0.00030000000000000003,-0.00027335,0.00021811,-3.268e-05,0.00030000000000000003,0.00030000000000000003,9.362000000000002e-05,0.00030000000000000003,0.00030000000000000003,-0.00047643999999999996,,
2022-03-03,0.00030000000000000003,0.00030000000000000003,-0.00024162,0.00030000000000000003,-0.00042720000000000003,0.00030000000000000003,0.00030000000000000003,-0.0005134899999999999,0.00030000000000000003,0.00023996,0.00019788,,
2022-03-04,0.00030000000000000003,0.00030000000000000003,-0.00062909,0.0001205,-0.00016329,0.0002428,0.00022142,-0.00084828,0.00030000000000000003,0.00022799000000000002,-0.00016579,,
2022-03-05,0.00021656,9.776e-05,-0.00110904,7.090000000000008e-06,-0.00052768,5.9510000000000005e-05,3.571e-05,-0.001201,0.00023467,0.00013728999999999998,-0.00052463,,
2022-03-06,5.112e-05,4.293999999999999e-05,-0.00114741,7.623000000000001e-05,-0.00035774,-3.484999999999999e-05,0.00019910000000000001,-0.00055739,0.00023999,4.290000000000001e-06,-0.00115665,,
2022-03-07,-0.00011842,0.00011578,-0.00109119,9.479999999999997e-06,-0.00050315,2.704e-05,-9.031e-05,-0.0007913,0.00028056,1.0839999999999998e-05,-0.0006927400000000001,,
2022-03-08,0.00023378,9.976000000000001e-05,-0.00087391,-1.0179999999999987e-05,-1.7409999999999998e-05,-8.417e-05,0.00022814,-0.00033651,0.00016537,0.00022023000000000002,8.550000000000001e-06,,
2022-03-09,0.00026776,0.00026224,-0.00038425,6.146e-05,-0.00019871,0.00023903,0.00014978000000000002,4.957e-05,0.00024607000000000003,0.00025622000000000004,-0.00068582,,
2022-03-10,9.360999999999999e-05,0.00011609000000000001,-2.639e-05,0.00020648000000000002,-0.00012348999999999997,-7.104999999999999e-05,0.00013119,-0.00023877,0.00030000000000000003,0.00013369,0.00016737000000000002,,
2022-03-11,-0.00013272,4.8429999999999995e-05,-0.00026596,0.0002615,-0.00029443000000000004,0.00015768,1.979e-05,-0.00043165,0.00030000000000000003,0.00010197000000000001,-0.0010239300000000002,,
2022-03-12,-7.039999999999997e-06,0.00021280000000000002,0.0,0.00026687,0.00013262000000000001,0.00030000000000000003,0.00027313,-3.628000000000001e-05,0.00030000000000000003,-0.00014561,-0.00113041,,
2022-03-13,-0.00010983,9.418e-05,-0.00010674,8.204000000000001e-05,1.0520000000000014e-05,4.7220000000000005e-05,0.0002332,5.089e-05,0.00028062,-1.9549999999999997e-05,-0.00077102,,
2022-03-14,-0.00011999999999999999,9.648000000000001e-05,-0.00029642000000000004,9.149999999999992e-06,-0.00023297,8.025e-05,0.00030000000000000003,5.915000000000001e-05,0.00020489,-5.344e-05,-0.00091108,,
2022-03-15,0.00019263,4.8230000000000004e-05,-0.00022082999999999998,0.00020934,-0.00010918000000000001,7.701e-05,0.00030000000000000003,-1.826e-05,0.00030000000000000003,-4.162999999999999e-05,-0.00132563,,
2022-03-16,0.00025871,0.00024447,0.0,0.00023516000000000002,0.00030000000000000003,0.00022198,0.00030000000000000003,9.455000000000001e-05,0.00030000000000000003,0.00025689,-0.0009115799999999999,,
2022-03-17,0.00030000000000000003,0.00030000000000000003,0.0,0.00030000000000000003,0.00030000000000000003,0.00030000000000000003,0.00030000000000000003,0.00010819,0.00030000000000000003,0.00030000000000000003,-0.00020005,,
2022-03-18,0.00021662,0.00020626,-5.118e-05,0.00030000000000000003,0.00030000000000000003,0.00030000000000000003,0.00030000000000000003,0.0002557,0.00030000000000000003,0.00030000000000000003,0.00027145,,
2022-03-19,0.00030000000000000003,0.00030000000000000003,0.0,0.00030000000000000003,0.00029555,0.00030000000000000003,0.00030000000000000003,0.00025098000000000004,0.00030000000000000003,0.00030000000000000003,0.00012561,,
2022-03-20,0.00030000000000000003,0.00030000000000000003,0.0,0.00030000000000000003,0.00030000000000000003,0.00027235,0.00030000000000000003,0.0001367,0.00030000000000000003,0.00030000000000000003,-0.00054913,,
2022-03-21,8.953e-05,0.00030000000000000003,0.0,0.00030000000000000003,0.00017771,0.00021979,0.00020551,0.00014066000000000003,0.00030000000000000003,0.00023590000000000001,-0.00078806,,
2022-03-22,0.00030000000000000003,0.00030000000000000003,0.0,0.00030000000000000003,0.00014606,0.00026083,0.00030000000000000003,0.00029108,0.00030000000000000003,8.804e-05,-0.00017966,,
2022-03-23,0.00027014,0.00014922,0.0,0.00030000000000000003,-0.00014741,0.00030000000000000003,0.00030000000000000003,0.00019801,0.00030000000000000003,-0.00013461,-0.00012495,,
2022-03-24,1.5570000000000002e-05,0.00018187,0.0,0.00030000000000000003,-0.00017490000000000002,0.00030000000000000003,0.00030000000000000003,0.00023229000000000001,0.00030000000000000003,7.838e-05,-0.00010193,,
2022-03-25,0.00015429000000000002,0.00030000000000000003,0.0,0.00030000000000000003,0.00030000000000000003,0.00030000000000000003,0.00030000000000000003,0.00030000000000000003,0.00030000000000000003,8.042e-05,-0.00031007,,
2022-03-26,0.00012628,0.00024979,0.0,0.00030000000000000003,0.00030000000000000003,0.00030000000000000003,0.00030000000000000003,0.00030000000000000003,0.00030000000000000003,8.996e-05,-0.00070334,,
2022-03-27,3.053000000000001e-05,6.595e-05,0.0,0.00030000000000000003,0.00030000000000000003,0.00030000000000000003,0.00028569,0.00014098,0.00030000000000000003,0.00030000000000000003,-0.00050398,,
2022-03-28,0.00030000000000000003,0.00030000000000000003,0.0,0.00030000000000000003,0.00030000000000000003,0.00030000000000000003,0.00023885,0.00028434,0.00030000000000000003,0.00030000000000000003,1.1499999999999995e-05,,
2022-03-29,0.00029594,0.00028269,0.0,0.00030000000000000003,0.00030000000000000003,0.00030000000000000003,0.00030000000000000003,0.00030000000000000003,0.00030000000000000003,0.00030000000000000003,0.00022894000000000001,,
2022-03-30,0.00030000000000000003,0.00030000000000000003,8.729e-05,0.00030000000000000003,0.00030000000000000003,0.00030000000000000003,0.00030000000000000003,0.00030000000000000003,0.00030000000000000003,0.00030000000000000003,9.311000000000001e-05,,
2022-03-31,0.00030000000000000003,0.00030000000000000003,0.0,0.00030000000000000003,0.00030000000000000003,0.00030000000000000003,0.00030000000000000003,0.00030000000000000003,0.00030000000000000003,0.00030000000000000003,-0.00025717,,
2022-04-01,0.00026819,0.00030000000000000003,0.0,0.00030000000000000003,0.00030000000000000003,0.00030000000000000003,0.00030000000000000003,0.00030000000000000003,0.00030000000000000003,0.00030000000000000003,-0.00019653,,
2022-04-02,0.00030000000000000003,0.00030000000000000003,0.0,0.00030000000000000003,0.00030000000000000003,0.00030000000000000003,0.00030000000000000003,0.00030000000000000003,0.00030000000000000003,0.00030000000000000003,-0.00031488999999999996,,
2022-04-03,0.00030000000000000003,0.00030000000000000003,0.0,0.00030000000000000003,0.00030000000000000003,0.00030000000000000003,0.00030000000000000003,0.00030000000000000003,0.00030000000000000003,0.00030000000000000003,-0.00033171000000000003,,
2022-04-04,0.00030000000000000003,0.00022896,0.0,0.00030000000000000003,0.00030000000000000003,0.00030000000000000003,0.00030000000000000003,0.00030000000000000003,0.00030000000000000003,0.00030000000000000003,-0.00042120000000000005,,
2022-04-05,0.00030000000000000003,0.00027974,0.0,0.00030000000000000003,0.00030000000000000003,0.00030000000000000003,0.00030000000000000003,0.00030000000000000003,0.00030000000000000003,0.00020527000000000002,-0.00038048,,
2022-04-06,0.00029898,1.0270000000000008e-05,0.0,0.00028063000000000003,0.00022564000000000001,0.00030000000000000003,0.00030000000000000003,0.00017460000000000002,0.00029289,0.00025217,-0.00056193,,
2022-04-07,0.00022421000000000002,3.494e-05,-2.767e-05,0.00016167999999999998,-0.00012873,0.00030000000000000003,0.00018001,-0.00017927,0.00025978000000000004,-7.435e-05,-0.00060429,,
2022-04-08,0.00024306000000000002,-3.177e-05,0.0,0.00030000000000000003,0.00024410000000000002,0.00030000000000000003,0.00016274,9.629000000000001e-05,0.00030000000000000003,-0.00015769,-0.00023409,,
2022-04-09,0.00029279,0.00030000000000000003,0.0,0.00030000000000000003,0.00017948,0.00024680000000000004,-0.00017074,0.00014691,0.00030000000000000003,-2.286000000000001e-05,6.359e-05,,
2022-04-10,0.00018952000000000002,0.0002598,0.0,0.00030000000000000003,0.00026722,0.00030000000000000003,-1.602e-05,0.00017010000000000001,0.00030000000000000003,0.00016969,-0.00037944,,
2022-04-11,0.00020243000000000003,0.00024676,-2.485e-05,0.00010128,0.00018317,0.0002401,0.0002877,-0.00011017000000000001,0.00030000000000000003,0.00024676,-8.005999999999999e-05,,
2022-04-12,-0.00023808,-0.00023406000000000002,-5.075e-05,0.00014038,-0.00026857,-0.00017675,-5.8979999999999994e-05,-0.00021848,0.00026151,-0.00017598,0.00016222,,
2022-04-13,-2.4240000000000002e-05,-0.00015916,-0.00012415,0.00012778,-0.00020404,0.00030000000000000003,1.424e-05,-0.00021894999999999998,0.00025663,4.7700000000000035e-06,0.00021059,,
2022-04-14,0.00012974,3.420000000000001e-06,-0.00031837,0.00029739,-0.00037394999999999996,0.00026468,0.00011051,0.00029815,0.00027841,0.0002411,3.6290000000000007e-05,0.0001,
2022-04-15,-0.00012341,-0.00016232,0.0,0.00028196,-0.00012726,0.00030000000000000003,8.888e-05,0.00014873000000000002,0.0001403,0.00018777,-9.549e-05,0.00030000000000000003,
2022-04-16,0.00013597000000000001,-0.00018537,-9.686999999999999e-05,7.478000000000001e-05,0.00011763000000000001,0.00028938,6.347e-05,0.00029725,0.00030000000000000003,0.0002345,-0.00022984,0.00030000000000000003,
2022-04-17,0.00020558000000000002,-1.0409999999999997e-05,0.0,-3.1599999999999935e-06,0.00020351,0.00015211,0.00026873,0.00021484,0.00030000000000000003,0.00030000000000000003,-0.00013137,0.00027735,
2022-04-18,-0.00025864,-0.00022836000000000002,-0.00017403999999999998,0.00016244,-0.00046115,-6.892e-05,-9.857e-05,-0.00011661,0.00029486,1.9890000000000004e-05,-0.00052957,0.00030000000000000003,
2022-04-19,0.00011223,0.00014705,0.0,0.00027301,0.00017919,0.00017886,0.00027619,0.00030000000000000003,0.00030000000000000003,0.00030000000000000003,-0.0002469,0.00028371,
2022-04-20,0.00022707,0.0001649,0.0,0.00030000000000000003,0.00030000000000000003,0.00030000000000000003,0.00030000000000000003,0.00030000000000000003,0.00030000000000000003,0.00030000000000000003,-0.00060206,0.00030000000000000003,
2022-04-21,2.9099999999999975e-06,-0.00023524000000000003,0.0,0.00019651,0.00016051,0.00030000000000000003,0.00030000000000000003,0.00030000000000000003,0.00030000000000000003,0.00024648,-0.00070043,0.00030000000000000003,
2022-04-22,-0.00014372999999999998,-0.00031721,-2.719e-05,0.00017593,-0.00010367,0.00018155,0.00024562,-7.036999999999998e-05,0.00027212,-1.7199999999999998e-05,-0.00046630999999999995,0.00030000000000000003,
2022-04-23,-0.00028468,-0.00014911,-8.577e-05,0.00030000000000000003,0.00025111,0.00028187,9.622000000000001e-05,6.892e-05,0.00030000000000000003,0.00030000000000000003,-0.00027443,0.00030000000000000003,
2022-04-24,-0.00037203,-0.00014402,-0.00011321,0.00030000000000000003,0.00028883,0.00017599,1.8630000000000003e-05,5.5799999999999994e-05,0.00030000000000000003,-2.0579999999999986e-05,-0.00046309,0.00030000000000000003,
2022-04-25,-9.528999999999999e-05,-0.00033263,-0.0002475,1.3960000000000009e-05,1.718000000000001e-05,5.5720000000000015e-05,-8.149000000000001e-05,-0.00018492999999999998,0.0001408,-0.00011575999999999999,-0.00041826,0.00030000000000000003,
2022-04-26,0.00030000000000000003,0.00024991,0.0,5.862000000000001e-05,0.00028582,0.00030000000000000003,4.035000000000001e-05,0.00027933,0.0002619,0.0001806,-0.00013478,0.00030000000000000003,
2022-04-27,-0.00021706,-0.00037341,-0.00011378999999999999,8.558e-05,-7.234e-05,-8.936e-05,7.429999999999995e-06,-7.345e-05,0.00011988,-3.2799999999999957e-06,-0.00066088,0.00023706,
2022-04-28,-1.2599999999999995e-05,2.549e-05,-8.404e-05,0.00023896,0.00027823,0.00016561,-0.00018994000000000001,0.0001875,0.00030000000000000003,9.251e-05,-0.00019232,0.00030000000000000003,
2022-04-29,0.00022628,0.00024578,-0.00020929,0.00029318,0.00020384,0.00030000000000000003,0.00016546,0.00020063,0.00030000000000000003,-0.00022131,0.00025469,8.444999999999999e-05,
2022-04-30,1.0910000000000002e-05,-0.00019834,-0.0001572,0.00015335000000000001,0.00013230000000000002,0.00024246,0.00013908,0.00022326000000000003,0.00024377,-5.361000000000001e-05,0.00014293000000000002,0.00020911,
2022-05-01,0.00012498,-0.00027798,-0.0006720999999999999,2.4040000000000007e-05,-0.00016787,8.93e-06,-0.00053313,-0.00019383,0.00011025,-0.0006915000000000001,-0.00022983999999999998,0.00030000000000000003,
2022-05-02,0.00029,-3.0199999999999992e-05,-0.00051868,0.00012529000000000002,-0.00014576000000000001,2.968e-05,-0.00017058999999999998,0.00020108000000000002,0.00017398999999999998,-0.00039416,-0.00059713,0.00030000000000000003,
2022-05-03,0.00030000000000000003,0.00023933,-0.00040419,0.00024471,0.00016594,0.00021438000000000002,6.051e-05,0.00029506,0.00020265000000000002,-0.00018793,-0.00048128,0.00010425,
2022-05-04,0.00022504000000000003,0.00029221,-0.0003764,0.00026538,-5.012e-05,0.00012316,-1.329e-05,0.00017141000000000001,9.003e-05,-0.00024678,-0.00049329,-0.00050674,
2022-05-05,0.00030000000000000003,0.00030000000000000003,0.0,0.00030000000000000003,0.00030000000000000003,0.00013079,0.00012612,0.00030000000000000003,0.00030000000000000003,0.00022819000000000002,-0.00039601,-0.00018581,
2022-05-06,-0.00014997,-9.918000000000001e-05,-0.0006996799999999999,9.023000000000001e-05,0.00011078,8.16e-05,-0.00019271000000000002,-3.103e-05,-3.231000000000001e-05,-0.00039682,-0.0007326800000000001,-0.00013154,
2022-05-07,1.4380000000000001e-05,0.00023118,0.0,0.00015275,-3.63e-05,0.00025987000000000004,-7.167999999999999e-05,5.8830000000000004e-05,0.00026205,-0.00027929,-0.00061364,0.00023541,
2022-05-08,0.00017341,0.00029867,-9.014e-05,-2.2809999999999993e-05,2.674e-05,0.00023055,4.191e-05,0.00018638,0.00026425,0.00018591000000000001,-0.00060085,-0.00033076000000000004,
2022-05-09,0.00030000000000000003,0.00029193000000000003,-9.253e-05,0.00014141,-0.0003785,-4.4200000000000004e-05,-0.00031800999999999997,0.00012064,0.00012695000000000002,3.849999999999999e-06,-0.00040526,0.00014558,
2022-05-10,0.00030000000000000003,0.00025931,-0.0009878999999999999,-0.00029351999999999997,-0.00024434,-7.803e-05,-0.00015046,4.196e-05,-0.00011934999999999999,-0.00064316,-0.0061068500000000005,-0.00115523,
2022-05-11,0.00011007,0.00025237,-0.00123111,-8.046e-05,-0.00039531,-0.00060804,-0.00205368,-0.00038139,-0.00042642,-0.00163783,-0.02360039,-0.00038354,
2022-05-12,-0.00075446,-0.00126929,-0.00339377,-0.00179603,-0.00205196,-0.00249607,-0.00390411,-0.0012723,-0.0013573600000000002,-0.00205703,-0.02400968,-0.00356282,
2022-05-13,-1.687e-05,-0.00027857,-0.00121347,0.0002167,-2.6229999999999998e-05,-0.00035992,-0.00187517,-0.00024701,-0.0007326699999999999,-0.0003287,0.0001,-9.481000000000001e-05,
2022-05-14,0.00030000000000000003,0.00021037,-0.0014618,0.00024819,0.00030000000000000003,-0.0004819,-0.0007398,5.449999999999997e-06,-0.00036048,-0.00038165000000000003,,-0.00032134,
2022-05-15,0.00027343,0.00024304,-0.00102998,3.1719999999999994e-05,-0.00017071,-0.00019374,-0.00020423000000000001,-1.7570000000000003e-05,-0.00014767,0.00026411,,-0.00027105,
2022-05-16,0.00023823,0.00019666,-0.00126938,-0.00013555000000000002,-0.00049654,-0.00033929,-0.000389,-0.00016183000000000001,0.00010776,2.1859999999999984e-05,,-0.00029547000000000004,
2022-05-17,0.00013995000000000001,-7.465e-05,-0.0010842999999999998,-0.0005074000000000001,-0.00060478,-0.00041975,-0.00033729,-8.43e-05,0.00015438,-0.00028712,,-0.00046018999999999997,
2022-05-18,-9.816000000000001e-05,-1.6480000000000005e-05,-0.00158364,-0.00081917,-0.0005195,-0.0005563300000000001,-0.00017920000000000002,-1.924e-05,0.00017402000000000002,-0.00068366,,-0.00024441,
2022-05-19,0.00012748,-1.1260000000000004e-05,-0.00122872,-0.00059077,-0.0006676399999999999,-0.00031967000000000003,-9.301e-05,-8.788e-05,0.00010516,-0.00064247,,-0.00019357,
2022-05-20,0.00030000000000000003,0.00026647,-0.0008131200000000001,8.79e-05,-0.00042153000000000004,0.00010472,-4.659e-05,-5.3649999999999996e-05,0.00021135000000000001,-0.00022325999999999997,,-0.00047904,
2022-05-21,2.0099999999999994e-06,6.962e-05,-0.00082214,-0.00030193,-0.00026162,-0.00012790000000000002,-0.00014334,-0.00027751,1.4550000000000001e-05,-0.00121982,,-0.00061768,
2022-05-22,9.347e-05,0.00019604,-0.00032684,-0.00016873000000000002,2.2290000000000005e-05,4.524e-05,5.183e-05,5.0860000000000004e-05,0.00023694000000000002,-0.00018371,,-0.00075878,
2022-05-23,0.00030000000000000003,0.00030000000000000003,-0.00029873000000000004,7.55e-05,4.7890000000000004e-05,0.00026009000000000004,0.00021451,0.00012379,0.00030000000000000003,-0.00024283999999999997,,-0.0003206,
2022-05-24,-0.00010155999999999998,-0.00016771,-0.0009703,-0.0003917,-0.00054144,-0.00052424,-0.00038731,-0.00031936,-9.682e-05,-0.00132911,,-0.00013944,
2022-05-25,0.00023679000000000001,0.00017652,-0.00024618,-0.00037027,-0.0002238,0.0001192,0.00011083999999999999,4.409999999999998e-06,4.329e-05,-0.00105602,,-7.307e-05,
2022-05-26,0.00018237,-1.0560000000000007e-05,-0.00118686,-0.00042435,-0.00043835,-0.00025829,-0.00023295,-0.00015676,-0.00018099,-0.00087726,,-0.00017657,
2022-05-27,0.00030000000000000003,0.00015197,-0.00081131,-7.728999999999999e-05,-0.0006619999999999999,-0.00023984,-0.00014971,-0.00032306,-0.00011041,-0.0006061700000000001,,1.587000000000001e-05,
2022-05-28,0.00028712000000000003,0.00019508,-0.00062327,-9.447e-05,-0.0004267,-0.00022313,-2.546e-05,-0.00015897,3.1339999999999995e-05,-0.00023614000000000003,,1.3119999999999996e-05,
2022-05-29,0.00030000000000000003,0.00013594,-0.00041705999999999997,-0.00040222999999999995,-0.00055806,-0.0001328,9.425e-05,-0.00014715,8.287e-05,-0.00016116999999999998,,3.9559999999999994e-05,
2022-05-30,0.00030000000000000003,0.00018114,-1.633e-05,0.00019678000000000002,5.466e-05,0.00030000000000000003,0.00028839,0.00017313000000000002,0.00024453,-0.00019291000000000002,,0.00019716,
2022-05-31,0.00030000000000000003,0.00027761,-5.989e-05,0.00023066000000000002,0.00011201,0.00030000000000000003,0.00030000000000000003,0.00030000000000000003,0.00030000000000000003,-3.892e-05,,0.00022769,
2022-06-01,0.00030000000000000003,0.00030000000000000003,0.0,-4.414e-05,0.00025767,0.00030000000000000003,0.00030000000000000003,0.00030000000000000003,0.00030000000000000003,-0.00022756,,-8.450000000000002e-06,
2022-06-02,2.92e-05,-2.779999999999997e-06,-0.00027588,-0.00023397999999999998,-5.120999999999999e-05,-0.00013694,-0.00015353,-6.994999999999999e-05,5.133e-05,-0.00024850999999999996,,-0.00019130999999999998,
2022-06-03,2.1029999999999993e-05,0.00017999,-0.00024768,0.00011656000000000001,-0.00023544,8.104999999999999e-05,7.017e-05,-0.00011813,9.809e-05,-0.00027772,,-0.00024977,
2022-06-04,0.00010570999999999999,0.00023,-0.00027990000000000003,7.355e-05,-0.00013005999999999998,0.00010611,-0.00012377,-4.4859999999999994e-05,0.00020053,-0.00021565,,-0.00043976,
2022-06-05,0.00011939000000000001,0.00014518000000000002,-0.00040262999999999996,-4.8349999999999996e-05,-0.00013075,0.00014819,-0.00022666,4.001e-05,0.00021001,2.762000000000001e-05,,-0.00025947,
2022-06-06,0.00025692,0.00029597,0.0,0.00026363,2.5339999999999998e-05,0.00029267000000000003,0.00015040000000000002,0.00020577,0.00023952,0.00030000000000000003,,0.00025339000000000004,
2022-06-07,-3.9389999999999994e-05,8.085e-05,-0.00084663,-0.00015388,-5.326e-05,-3.5350000000000005e-05,-2.5600000000000026e-05,-0.00029719,0.00026371,-5.541e-05,,-0.00012076,
2022-06-08,0.00030000000000000003,0.00027041,-0.00034017,0.00016401,0.00021328000000000002,0.00019412999999999999,-3.937000000000001e-05,6.0950000000000004e-05,0.00027517000000000004,0.00025066,,0.00025269,
2022-06-09,0.00029106,0.00025421,-0.00017685000000000002,1.0920000000000002e-05,6.13e-05,0.00030000000000000003,5.310000000000002e-06,0.00011204,-0.00017759999999999998,0.00012114,,-6.630000000000009e-06,
2022-06-10,0.00022792,9.154000000000001e-05,-0.00060945,6.104e-05,-3.723000000000001e-05,-4.9100000000000014e-05,4.439e-05,-0.00041994,0.00011343,-0.00023936,,-3.9829999999999996e-05,
2022-06-11,8.747e-05,-0.0004139,-0.00063995,-0.00050989,-0.00072343,-0.00050995,-0.00050842,-0.00038183,-6.632e-05,-0.0007648799999999999,,-0.00011971000000000002,
2022-06-12,0.00011002000000000001,-0.00022766,-0.0009399,-0.0002558,-0.00067685,-0.00078777,-0.00084194,-0.00041544,-0.0009341200000000001,-0.00100261,,0.00016156,
2022-06-13,1.8540000000000002e-05,-3.7840000000000004e-05,-0.00055272,-0.00033261,-0.00117515,-0.00051384,-0.0008148,-0.00059638,-0.0009588999999999999,-0.00117436,,-0.00035174999999999996,
2022-06-14,-0.00011135,-0.00012126,-3.66e-05,-0.00034502999999999997,-0.00044601,6.733e-05,-0.0005583000000000001,-0.00028178000000000003,-0.00072438,-0.00094054,,-0.00022205,
2022-06-15,-9.983e-05,-0.00022752000000000002,-0.00045361999999999996,-0.00044564,-0.00024922000000000003,-0.00010104999999999999,-0.00020855,-0.00020329000000000001,-8.358e-05,-0.0009207099999999999,,-0.00014501,
2022-06-16,-4.9160000000000004e-05,-5.2520000000000005e-05,-4.671e-05,2.137e-05,-0.0001479,0.00026051000000000004,-0.00018318000000000002,0.00030000000000000003,2.2920000000000004e-05,-0.00040874,,-0.00066756,
2022-06-17,-6.616e-05,-0.00033022,-0.00019355000000000002,-1.8039999999999983e-05,-2.4220000000000002e-05,0.00024341,-0.00052762,0.00030000000000000003,-0.00015108,-0.0008604,,-0.00089277,
2022-06-18,0.00017158,-0.00044047,-0.00070876,-0.00023407000000000001,6.799e-05,0.00017968,-0.00025097,-8.927e-05,9.574e-05,-0.00108803,,-0.0006190400000000001,
2022-06-19,6.923e-05,-0.00026412,-0.00078517,-6.320000000000002e-05,-9.819e-05,-0.0003712,-0.00020243,-2.8200000000000004e-05,-4.0309999999999985e-05,-0.00034897,,-0.00029781,
2022-06-20,6.413e-05,0.00016268,-0.00047919,0.00018768,0.00010307,0.00029532,0.00019257,0.00030000000000000003,0.00029322,0.00030000000000000003,,-3.662e-05,
2022-06-21,0.00016995,0.00016043,-0.00025958999999999997,0.00018818,0.00030000000000000003,0.00028484,-0.00014649,0.00019043,0.00030000000000000003,0.00030000000000000003,,1.6460000000000005e-05,
2022-06-22,-4.444e-05,-0.00016120000000000002,-0.00075202,-0.00014093,-0.00024281,0.00015247,-0.0002855,0.00014888,0.00022631,-0.00018975,,-0.00116687,
2022-06-23,-5.1049999999999994e-05,-0.00021055,-0.00044607,-0.00016572,-0.00058477,0.00018739,-1.1239999999999994e-05,0.00026157999999999997,0.0001825,8.649999999999999e-05,,-0.00116681,
2022-06-24,0.00026006,0.00022049,-0.00018108,0.00019179,0.00014724,0.00020646,-9.929999999999995e-06,0.000175,0.00014458,0.00030000000000000003,,-0.00024727,
2022-06-25,0.00022621000000000002,-1.2999999999999935e-06,-0.00037209,0.00015790000000000002,0.00020087000000000002,0.00025263,9.402e-05,-2.869999999999991e-06,0.00027003,9.122000000000001e-05,,0.00023979,
2022-06-26,0.00020669000000000001,4.3150000000000005e-05,-0.0002327,0.00011537,0.00022599000000000002,0.00030000000000000003,0.00018406,0.00019197000000000002,0.00018712,0.00010979,,0.00019659,
2022-06-27,0.00017455000000000001,-0.00018181,-0.00055616,6.979e-05,-3.6320000000000005e-05,6.770000000000002e-05,-0.0001953,9.92e-06,-0.00023282,0.00016641,,3.422000000000001e-05,
2022-06-28,-5.764e-05,4.817e-05,-0.00031554,-3.13e-05,-0.00019882,5.661e-05,-0.00022212,-8.865e-05,-0.00019179,-0.00017669,,-0.00010239000000000001,
2022-06-29,0.00017842,6.047e-05,-0.00061277,-0.00018093,-0.00024951,5.857e-05,6.91e-06,-6.467e-05,-0.00028776,-0.00024053,,-0.00046648999999999996,
2022-06-30,-0.00020713999999999997,-0.00024991,-0.00043453,-0.00034020000000000003,-0.00060682,5.489999999999999e-05,-9.782000000000001e-05,-0.00015217,-2.604e-05,-0.00075559,,-0.0009630099999999999,
2022-07-01,-0.00013741,-0.00018238,-0.00019690000000000002,-0.0002836,-0.00077702,7.706e-05,-0.00024136,0.00012248,-0.00014613,-0.00111251,,-0.00050038,
2022-07-02,4.425e-05,-9.255e-05,-0.00033493,6.78e-05,-0.00034123000000000004,0.00029468,-0.00017569,0.00018595,5.946e-05,-0.00027426999999999996,,-0.00057411,
2022-07-03,0.000156,8.09999999999998e-06,-0.00028084,7.599999999999995e-06,-0.00021894999999999998,8.739e-05,-5.825e-05,0.00013387000000000002,0.00013625,-0.00045664,,-0.0007150100000000001,
2022-07-04,0.0001467,5.999999999999997e-06,-0.00023629,-8.496e-05,5.936e-05,0.00026717,-0.00014056,0.00013309,0.0002022,-0.00074259,,-0.000419,
2022-07-05,0.00015411,6.865e-05,-0.00024821,-8.837000000000001e-05,-4.145000000000003e-05,0.00030000000000000003,-0.00015629,0.0002831,0.00030000000000000003,-0.00034661,,-0.0005074999999999999,
2022-07-06,0.00028373,0.00024373,-0.00018907,-7.667e-05,-4.9999999999999996e-05,0.00030000000000000003,8.423e-05,0.00024502,0.00030000000000000003,-5.912e-05,,-0.0012464099999999999,
2022-07-07,0.00025274,0.00026891,-0.00019788,-3.535e-05,0.00023274,0.00030000000000000003,1.2950000000000003e-05,0.00030000000000000003,0.00030000000000000003,-0.00017063,,-0.00174099,
2022-07-08,0.00020212000000000002,0.00025505,-0.00017703,0.00016762,7.510000000000001e-05,0.00020939,2.1930000000000002e-05,0.00030000000000000003,0.00030000000000000003,3.746999999999999e-05,,-0.0009383300000000001,
2022-07-09,0.00026143,0.00011009,-0.00011787,0.00017332,0.000138,0.00022812,0.00021249000000000002,0.00029628,0.00030000000000000003,-0.00022054,,1.2380000000000003e-05,
2022-07-10,0.00029962,0.00021148,-0.00016454000000000002,0.00019736,-0.00010487,0.00027518,0.00025998000000000004,0.00030000000000000003,0.00030000000000000003,-1.7409999999999998e-05,,-0.00233094,
2022-07-11,0.00020279,0.00011187,-0.000141,-4.2340000000000005e-05,-0.00053642,2.209e-05,0.00026141,0.00019905,0.00015261000000000002,-6.86e-05,,-0.00144764,
2022-07-12,0.00017103000000000002,-6.177e-05,-0.00057847,-0.0002808,-0.00059147,-0.00018627,-2.7759999999999995e-05,-0.00014844,0.00015045,-0.00022375000000000002,,-0.00153532,
2022-07-13,-1.8049999999999998e-05,-0.00050349,-0.00037434,-0.00044878,-0.00063034,-0.0005667599999999999,-0.00031146,-0.00026408,0.00010726,-0.00076775,,-0.00156348,
2022-07-14,0.00013508000000000001,-0.00016674,-0.00025409,-0.00031337,-0.00044593,-0.00052268,0.00011604000000000001,2.209e-05,0.00024066000000000002,-8.49999999999999e-06,,-6.693e-05,
2022-07-15,0.00012259,0.00014214,-8.42e-06,0.00012366,-3.702999999999999e-05,0.00014596,0.00022787,0.00027097000000000004,0.00030000000000000003,0.00028818,,0.00018555,
2022-07-16,0.00014851,0.00016149000000000003,-2.607e-05,-0.00024378,6.509999999999997e-06,0.00030000000000000003,0.00022573,0.00030000000000000003,0.00030000000000000003,0.00013329,,0.00030000000000000003,
2022-07-17,0.00026747,9.369e-05,0.0,0.00011867,0.00011269000000000001,0.00028166,0.00030000000000000003,0.00030000000000000003,0.00030000000000000003,0.00030000000000000003,,0.00030000000000000003,
2022-07-18,0.00030000000000000003,4.368e-05,0.0,0.00013275,0.00021881,0.00030000000000000003,0.00024956,0.00030000000000000003,0.00030000000000000003,0.00030000000000000003,,0.00030000000000000003,
2022-07-19,0.00030000000000000003,0.00024242,0.0,2.8630000000000002e-05,0.00030000000000000003,0.00030000000000000003,0.00030000000000000003,0.00030000000000000003,0.00030000000000000003,0.00030000000000000003,,0.00022803,
2022-07-20,0.00028118,4.1290000000000006e-05,-7.38e-06,2.380000000000001e-05,0.00030000000000000003,0.00030000000000000003,0.00030000000000000003,0.00030000000000000003,0.00030000000000000003,0.00030000000000000003,,0.00027487000000000003,
2022-07-21,0.00030000000000000003,0.00030000000000000003,0.0,-0.00026422999999999996,0.00030000000000000003,0.00030000000000000003,0.00030000000000000003,0.00030000000000000003,0.00030000000000000003,0.00030000000000000003,,0.00023172,
2022-07-22,0.00025172,0.00029317000000000004,0.0,-6.856e-05,0.00029392000000000003,0.00030000000000000003,0.00030000000000000003,0.00030000000000000003,0.00030000000000000003,0.00026143,,0.00030000000000000003,
2022-07-23,0.00020064,0.00022004000000000001,0.0,-0.0002894,0.00030000000000000003,0.00025293,0.00023201,0.00018171,0.00017903,0.00012604,,0.00029474000000000004,
2022-07-24,0.00022062999999999998,0.00030000000000000003,-0.00018212,0.00019773000000000002,0.00030000000000000003,0.00022309,0.00014416,0.00030000000000000003,0.00026631,-9.494e-05,,0.00030000000000000003,
2022-07-25,0.00013557,0.000163,-0.00022869,-0.0003082,0.00025725,6.453000000000001e-05,8.342000000000001e-05,0.00020144,0.00026888,0.00019281000000000002,,0.00021371,
2022-07-26,0.00022312999999999999,0.00023841,-0.0003276,-0.00033494,0.00010820000000000001,-0.0001762,0.00014481999999999999,-4.3769999999999996e-05,0.00024507,-0.00026515999999999996,,0.00028345,
2022-07-27,0.00012627,0.0001227,-9.596e-05,-0.00033424,1.4419999999999997e-05,9.502e-05,6.028e-05,5.5049999999999996e-05,0.00010601,-0.0004877,,0.0002825,
2022-07-28,0.00029229,0.00030000000000000003,0.0,4.7810000000000005e-05,0.00030000000000000003,0.00030000000000000003,0.00030000000000000003,0.00030000000000000003,0.00030000000000000003,3.436e-05,,0.00030000000000000003,
2022-07-29,0.00030000000000000003,0.00030000000000000003,0.0,0.00022282,0.00030000000000000003,0.00030000000000000003,0.00030000000000000003,0.00030000000000000003,0.00030000000000000003,0.00026543,,0.00030000000000000003,
2022-07-30,0.00030000000000000003,0.00025049,4.073e-05,0.00021302000000000002,0.00030000000000000003,0.00030000000000000003,0.00030000000000000003,0.00030000000000000003,0.00030000000000000003,0.00030000000000000003,,0.00030000000000000003,
2022-07-31,0.00026281000000000004,0.00019959,0.0,0.0002747,0.00030000000000000003,0.00030000000000000003,0.00030000000000000003,0.00030000000000000003,0.00030000000000000003,0.00030000000000000003,,0.00026471000000000003,
2022-08-01,0.00026449000000000004,0.00026108,0.0,0.00010619000000000001,0.00030000000000000003,0.00030000000000000003,0.0002122,0.00030000000000000003,0.00030000000000000003,0.00016134,,0.00022526000000000002,
2022-08-02,0.00025618,0.0001321,0.0,-5.880000000000001e-06,0.00018648,0.00025456000000000003,7.9e-05,2.721e-05,0.00030000000000000003,-5.993999999999999e-05,,-0.00012502,
2022-08-03,7.499999999999999e-06,4.209e-05,0.0,-5.0339999999999996e-05,0.00029779000000000003,0.0002618,-0.00022570999999999998,0.00021702,0.00029891,-3.2149999999999995e-05,,-0.00023926999999999998,
2022-08-04,3.023e-05,0.00016004000000000002,0.0,-0.00019447,0.0002056,0.0002745,-9.22e-05,0.00016044,0.00026667,0.00023801,,-0.00033454,
2022-08-05,0.00010580999999999999,0.00027649,0.0,-2.779999999999997e-06,0.00024370000000000001,0.00030000000000000003,0.00022368,0.00023723,0.00030000000000000003,0.00030000000000000003,,-4.164e-05,
2022-08-06,0.00025477000000000003,0.00030000000000000003,0.0,0.00016022,0.00030000000000000003,0.00030000000000000003,0.00030000000000000003,0.00030000000000000003,0.00030000000000000003,0.00030000000000000003,,0.00030000000000000003,
2022-08-07,0.00011664000000000001,0.00010523000000000001,0.0,-0.00015813999999999997,0.00030000000000000003,0.00030000000000000003,0.00024806000000000003,0.00030000000000000003,0.00030000000000000003,0.00030000000000000003,,0.00028213,
2022-08-08,0.0002279,0.00011475000000000001,0.0,0.00022983000000000001,0.00030000000000000003,0.00030000000000000003,0.00030000000000000003,0.00030000000000000003,0.00030000000000000003,0.00010827,,0.00024274000000000002,
2022-08-09,0.0002792,-8.677e-05,-0.00010067,4.585e-05,0.00017388,0.00030000000000000003,0.00030000000000000003,0.00020483,0.00030000000000000003,0.00030000000000000003,,3.864000000000002e-05,
2022-08-10,8.707e-05,-3.6129999999999995e-05,0.0,-0.00064844,6.956e-05,0.0002255,0.00026131,2.626000000000001e-05,0.00030000000000000003,0.00030000000000000003,,-0.0003378,
2022-08-11,0.00022117,0.00016175,-0.00010494,0.00025226000000000003,0.00030000000000000003,0.00030000000000000003,0.00030000000000000003,0.00030000000000000003,0.00024787,0.00010521,,0.00025624,
2022-08-12,7.052e-05,0.00016118,-0.00012899,0.00025879,0.00028649000000000003,0.00030000000000000003,0.00030000000000000003,0.00025119,0.00030000000000000003,0.00030000000000000003,,0.00017808,
2022-08-13,7.049999999999999e-05,0.00014457,0.0,0.00023494,0.00030000000000000003,0.00030000000000000003,0.00030000000000000003,0.00029612,0.0001974,0.00030000000000000003,,0.00019698,
2022-08-14,3.302e-05,0.00011655,-0.00017257999999999998,0.00027495,0.00030000000000000003,0.00030000000000000003,0.00025903,0.00030000000000000003,0.00014560000000000002,0.00010714000000000001,,0.00029971,
2022-08-15,-4.028e-05,-7.620000000000001e-05,-0.00012482000000000001,-0.00031916,9.593999999999999e-05,0.00025489,0.00030000000000000003,0.00010565,5.538e-05,-3.37e-05,,-0.00011495,
2022-08-16,6.269e-05,2.3000000000000085e-06,0.0,4.728e-05,0.00013357,0.00030000000000000003,0.00022382,9.883e-05,0.00028012,2.3539999999999998e-05,,-0.00013818,
2022-08-17,0.00010092,0.00016586999999999998,-7.47e-05,0.00011163000000000001,0.00030000000000000003,0.00026043,9.287e-05,0.00023128,8.798000000000001e-05,0.000111,,-3.4699999999999996e-05,
2022-08-18,0.00025562,0.00015225999999999998,-6.488e-05,-8.931999999999999e-05,0.0001573,0.00028645,-0.00021239000000000002,9.727999999999999e-05,0.00030000000000000003,-0.00022809000000000002,,-0.00030710000000000004,
2022-08-19,5.362000000000002e-05,0.00016710000000000002,-0.00024248,-0.00058398,-0.00041905999999999996,-2.7130000000000003e-05,-0.0007160000000000001,-0.00019155000000000002,-8.649999999999993e-06,-0.00101595,,-0.00083624,
2022-08-20,-0.00010219,1.8049999999999998e-05,-0.00041252,-0.0005032400000000001,-0.00044607,5.902e-05,-0.00018931,-0.00022106,-0.00016279,-0.00097772,,-0.00028987,
2022-08-21,-8.779999999999999e-05,-5.355e-05,-0.00041816,-0.00029622,-0.0009085199999999999,-9.967e-05,-0.00045259,-5.541e-05,-0.00049002,-6.610999999999999e-05,,3.865000000000002e-05,
2022-08-22,-7.286e-05,8.762e-05,-0.00013977,-0.00022780000000000003,-0.0006972899999999999,-8.547e-05,-0.00044997,-4.836999999999999e-05,-0.000158,-0.00014115999999999998,,0.00018295,
2022-08-23,-6.53e-05,-4.5560000000000004e-05,-0.00024089,-0.00022223999999999999,-0.00037809,0.00028619,6.431000000000001e-05,0.00025188,7.513e-05,8.499999999999999e-07,,0.00030000000000000003,
2022-08-24,-5.3819999999999996e-05,-0.00010653999999999999,-0.00024737,-0.00021909999999999999,-0.00053698,0.00027948000000000003,-1.2699999999999992e-05,0.00018384,3.272000000000001e-05,0.00010919,,0.00030000000000000003,
2022-08-25,6.156e-05,-8.46e-05,0.0,-0.00025763,-0.00040011,9.129e-05,-0.000242,6.709e-05,0.00012118,-0.00027741,,0.00024277,
2022-08-26,4.099e-05,0.00016005000000000001,-0.00043417,0.00012408999999999999,9.420000000000001e-06,5.938e-05,-0.00051361,0.00011679,0.00012977,-0.0003061,,0.00023605000000000002,
2022-08-27,-0.00013494,-0.00055704,-0.00054953,-0.00027369,-0.0008314199999999999,-0.00014071,-0.0011067199999999998,-0.00024537,-0.00041536,-0.00085243,,0.00015124,
2022-08-28,-0.00012597,-0.00050357,-0.00022894,2.9999999999999967e-07,-0.00041308,-0.00028974999999999997,-0.00093328,6.08e-05,-0.00020344999999999999,-0.00085586,,1.6790000000000004e-05,
2022-08-29,-0.00029872,-0.00048507000000000004,-0.00036753999999999997,-0.00057962,-0.000357,-0.00017575,-0.0007524000000000001,3.101e-05,-0.00038433,-0.00132736,,6.874000000000002e-05,
2022-08-30,-8.136e-05,-0.00021949,-0.00014826,-0.00033821000000000003,-0.00020007,0.00012133,-6.139e-05,0.00017077,-0.00024138,-0.00073785,,0.00024503000000000003,
2022-08-31,8.64e-05,-4.0709999999999995e-05,-0.00019462,-0.00035716,8.253000000000001e-05,-6.551000000000001e-05,6.858999999999999e-05,0.00016350000000000002,7.259999999999995e-06,-0.00027422,,1.5940000000000007e-05,
2022-09-01,0.00015286,-8.353000000000001e-05,-0.00039228,-0.00032383,-0.00010907,-0.00016152,-9.203999999999999e-05,0.00018135,-9.351e-05,-0.00014624,,-3.828e-05,
2022-09-02,0.00011846,6.92e-05,-0.00023385,-4.222e-05,0.0001773,0.00023259000000000002,0.0002278,4.088e-05,0.00011588000000000001,-0.00018679,,-0.00018138,
2022-09-03,0.00010358,-0.00032181,-0.00029367,-0.00010329,7.876000000000001e-05,9.016e-05,-0.00033162999999999997,0.00016578,0.00025888,-0.00068535,,-0.00036102000000000004,
2022-09-04,8.17e-05,-0.00011872,-0.00010652,0.00015465999999999999,-0.0002128,0.00026186,0.00015345000000000002,4.215e-05,0.00020786,-0.00041473,,8.081000000000001e-05,
2022-09-05,0.00012267000000000002,-0.00014419,-0.00021111,2.353e-05,0.00015956,0.0002819,0.00020075,0.0001309,0.00023115,-0.00043355,,-0.00031096,
2022-09-06,3.571e-05,-0.00032211,-1.297e-05,0.00017468,0.00029178,0.00030000000000000003,0.00029084,3.577e-05,0.00024,-5.2570000000000007e-05,,-0.00017633999999999998,
2022-09-07,-9.352e-05,-0.00062633,-0.0009346199999999999,-0.00053351,-0.00015800999999999999,-0.00016899,-0.00025632,-0.00032225,-0.00017622,-0.00069407,,-0.00066369,
2022-09-08,9.614e-05,-6.064e-05,0.0,8.596e-05,-1.6869999999999993e-05,0.00022622,0.00030000000000000003,-0.00021747,0.00011154,0.00022831000000000001,,-0.00022816,
2022-09-09,0.00021312000000000002,-0.00024585,0.0,0.00013073000000000002,0.00029067000000000003,0.00030000000000000003,0.00030000000000000003,0.00015668000000000002,0.00030000000000000003,0.00025195,,0.00012137000000000001,
2022-09-10,0.00029764,-0.0004167,0.0,0.00022232000000000003,0.00028945,0.00030000000000000003,0.00030000000000000003,0.00030000000000000003,0.00022424,0.00025078000000000004,,0.00030000000000000003,
2022-09-11,0.00023827,-0.00059858,0.0,0.00010698,0.00023193,0.00030000000000000003,0.00024804,0.00027105,0.00016010999999999998,0.00030000000000000003,,0.00030000000000000003,
2022-09-12,0.00028246,-0.00100954,-7e-07,0.00015557,0.00015470000000000002,0.00024763,0.00022135,0.00014918,0.00014921999999999998,0.00024618000000000003,,0.00030000000000000003,
2022-09-13,0.00029965,-0.00123002,-9.387e-05,-0.00010256999999999999,0.00011073,0.00021757000000000002,0.00012219,0.00022878999999999998,5.394e-05,-0.00018962,,0.00019338000000000002,
2022-09-14,-2.222e-05,-0.00465782,-0.00036736,-0.00092134,-0.00040742,6.19e-05,-0.00046221,-0.00012609,-0.00024650999999999997,-0.00070131,,-6.677e-05,
2022-09-15,0.00011137000000000001,-0.00529317,-0.00043944000000000003,-0.00045636,-0.00025043,0.00021564000000000002,-8.829999999999997e-06,3.239000000000001e-05,-6.928e-05,-0.00042343,,5.1340000000000007e-05,
2022-09-16,0.00015323,8.989000000000001e-05,-0.00027466000000000003,-0.00036092,-0.00013967,0.00012299,0.00021308999999999998,0.00010106000000000001,0.000254,-0.0007949599999999999,,0.00014365,
2022-09-17,8.827e-05,0.00019423999999999998,-0.00020268,6.35e-05,-8.127e-05,9.298e-05,0.00010611,-0.00016359,0.00030000000000000003,-0.00066738,,0.00030000000000000003,
2022-09-18,0.00017812,0.00015417,-0.00039501,7.185999999999999e-05,0.00014217,0.00023087,0.00016838,4.314999999999999e-05,0.00025658,-0.00040372,,0.00020432000000000002,
2022-09-19,-5.1080000000000006e-05,-0.00020509,-0.0006253700000000001,2.781e-05,-0.00023307999999999998,-0.0001447,-0.00011341,-0.00023858,0.00023294,-0.00120407,,-2.0499999999999983e-05,
2022-09-20,0.00015389,-0.00022599,-0.00015129,-5.16e-05,-5.670000000000002e-06,3.083e-05,0.00016459,-0.00011617000000000001,3.4980000000000014e-05,-0.00089121,,8.66e-05,
2022-09-21,9.395000000000001e-05,-0.0001379,-3.35e-05,-0.00021291,5.428e-05,-1.592e-05,-2.6929999999999998e-05,-5.290000000000002e-06,6.076e-05,-0.0007554,,-4.0090000000000004e-05,
2022-09-22,-0.00010947,-0.0006071799999999999,-0.00045016,-0.00041003000000000003,-0.00058161,-0.00015450000000000001,-0.00022279,-0.00015043,-0.00012018,-0.00088497,,-3.889999999999998e-05,
2022-09-23,5.2119999999999996e-05,-0.00011256999999999999,-0.00013531999999999997,-0.00043238,0.00018324999999999998,0.00026074,9.836000000000001e-05,0.00010492,0.00023044,-0.00028808,,0.0002929,
2022-09-24,9.968e-05,-2.1559999999999997e-05,-9.65e-06,-0.00057769,0.00026018000000000005,0.00030000000000000003,0.00030000000000000003,0.00030000000000000003,0.00030000000000000003,2.11e-05,,0.00030000000000000003,
2022-09-25,7.245e-05,-3.7210000000000005e-05,-6.67e-05,-0.00026442999999999996,0.00018528,8.156999999999999e-05,0.00030000000000000003,0.00023184,0.00030000000000000003,-1.8289999999999996e-05,,0.00029194000000000003,
2022-09-26,7.533e-05,9.044000000000001e-05,-0.00012121,-0.00026766,-0.00012654000000000002,0.00021079,0.00019359,9.043e-05,0.00030000000000000003,-0.00023061000000000002,,0.00025491,
2022-09-27,0.00020782,5.274e-05,0.0,-0.0003273,0.00018538,0.00012692,0.00029514,0.00022222000000000002,0.0002675,1.9440000000000004e-05,,5.9940000000000005e-05,
2022-09-28,5.4019999999999994e-05,-0.00010939,-0.00043252,-0.00072879,-0.0002561,0.00010362,-0.00024004,-0.00017727,0.000186,-0.0006607399999999999,,2.8249999999999995e-05,
2022-09-29,0.00020007,0.00018153,0.0,-0.00032564000000000003,0.00010643,0.0002544,0.00019328,0.00025488,4.817e-05,-0.00010981000000000001,,0.00025305,
2022-09-30,0.00030000000000000003,0.00018346,0.0,0.00010234000000000001,0.00028474,0.00028766,0.00018882000000000003,0.00030000000000000003,0.00022618,6.0400000000000004e-05,,0.00030000000000000003,
2022-10-01,0.00020203000000000002,0.00020159,0.0,0.00030000000000000003,0.00027636,0.00029886,-3.666e-05,4.9220000000000006e-05,0.00030000000000000003,0.00019443,,0.00022753,
2022-10-02,0.00015462,3.451e-05,-0.00013995,9.055e-05,8.320000000000002e-06,6.293999999999999e-05,-0.00018086,-2.5529999999999994e-05,0.00028432,-0.00038187,,0.00025588,
2022-10-03,0.00022312,-9.990000000000001e-06,0.0,-1.6259999999999997e-05,0.00018229999999999999,0.00020410000000000003,0.00016021,0.00016892,1.5899999999999899e-06,-0.00042785999999999996,,0.0001321,
2022-10-04,0.00030000000000000003,0.00021433,-1.955e-05,-6.945000000000001e-05,0.00021189,0.00030000000000000003,9.017000000000001e-05,0.00024129000000000002,-6.329e-05,0.00020974,,-0.00023266999999999998,
2022-10-05,0.00030000000000000003,-8.530000000000001e-06,-2.347e-05,1.2639999999999998e-05,0.00010578000000000001,0.00030000000000000003,0.00010684,0.00012082,0.00015935,0.00012998,,-0.00027722,
2022-10-06,0.00030000000000000003,6.456e-05,0.0,0.00010539,0.00013617000000000002,0.00026618000000000003,0.00013003,0.00016975,4.5129999999999997e-05,-4.1469999999999994e-05,,-0.00022496,
2022-10-07,0.00027513,5.795e-05,-0.00014306,1.348e-05,7.48e-05,0.00030000000000000003,-6.328999999999999e-05,4.215e-05,0.00013113,-0.0005575,,-0.00048509,
2022-10-08,0.00015344,0.00021836000000000002,0.0,0.00028647000000000004,0.00030000000000000003,0.00022276000000000002,0.00019920000000000002,0.00017244,0.00030000000000000003,-0.00023493000000000003,,-0.00036406000000000003,
2022-10-09,6.973e-05,5.560000000000001e-06,0.0,0.00030000000000000003,0.00022946000000000002,0.00021879,-9.865000000000001e-05,0.00021495,6.335e-05,3.624000000000002e-05,,-0.00026222,
2022-10-10,0.0002231,9.885e-05,0.0,0.00023461,0.0001894,0.00026529,0.00030000000000000003,0.00020992,0.00029036000000000003,0.00016907,,-6.277999999999999e-05,
2022-10-11,0.00030000000000000003,0.00015089999999999998,0.0,0.000115,-0.00023166,0.000211,0.00021173,0.00011274000000000001,0.00017187000000000002,-0.00026486,,-0.00017539999999999998,
2022-10-12,0.00030000000000000003,7.97e-05,0.0,7.852e-05,-0.00013139,0.00024238,6.852e-05,0.00023086,0.00015959,-0.00034114000000000003,,6.495e-05,
2022-10-13,0.00021402,-0.00020185,-0.00017328,-5.550000000000002e-05,-0.00101358,5.829e-05,-0.00016203,8.905e-05,-6.915e-05,-0.00066969,,-0.00010175,
2022-10-14,0.0002163,0.000202,-3.764e-05,3.3999999999999878e-06,4.58e-06,0.00027445,7.680999999999999e-05,0.00020436,-1.4080000000000004e-05,-0.00016332000000000006,,0.00023202000000000002,
2022-10-15,0.00012652,4.601e-05,-7.828e-05,-1.294e-05,-0.00040704,0.00018708,-0.00012307,-0.00015532,7.885e-05,0.00013712000000000002,,0.00025334,
2022-10-16,6.59e-05,-4.000000000000002e-06,-9.323e-05,-2.8350000000000005e-05,-0.00041195,0.00029185,-0.00016503999999999998,-7.101e-05,0.00012371,-6.79e-05,,-5.863e-05,
2022-10-17,0.00011628999999999999,9.955000000000001e-05,-9.58e-05,2.3970000000000006e-05,-0.00012303,0.00022653000000000001,-4.332e-05,0.00012825,7.047e-05,-2.3099999999999992e-05,,0.00025959,
2022-10-18,0.00030000000000000003,0.00020448,-9.061e-05,0.00011469,-0.00060628,0.00025193,0.00021271000000000001,0.00021362,0.00021634,0.00021021,,-0.00019019,
2022-10-19,0.00027598,0.00020796,0.0,0.00016295000000000003,-0.00067504,0.00026825000000000004,0.00023131,0.0001589,0.00027421,0.00030000000000000003,,0.00024842,
2022-10-20,0.00018116,1.9529999999999998e-05,0.0,0.00011007000000000001,-0.00020954,0.00016415,0.00028450000000000003,0.00011252,0.00011156,0.00011200000000000001,,3.1150000000000005e-05,
2022-10-21,8.301e-05,0.00014534000000000001,-0.00022192000000000002,-0.0004346,-0.00031283000000000005,0.00015854,0.00014846,8.123e-05,0.00017658,-0.00035909,,-0.00043444999999999996,
2022-10-22,0.00011762,-1.954e-05,-0.00034202,-0.00027979,-0.00073516,0.00022028,-0.00026942,0.00016460999999999998,-0.00012701,-1.3550000000000004e-05,,-0.00016681,
2022-10-23,0.00010497,0.00013377000000000002,-0.00016858,0.00021576,-0.00034266,0.00030000000000000003,0.00012812,0.00024537,8.959e-05,0.00022404,,-0.00010756000000000001,
2022-10-24,0.00022328000000000002,0.00016589,-5.435e-05,0.00012789,-0.0004843,0.00030000000000000003,0.00016791,0.00025212,0.00022013000000000002,0.00020006,,-0.00021354000000000002,
2022-10-25,0.0001318,-1.3299999999999991e-06,-7.74e-06,-2.2110000000000003e-05,-0.00046564,0.00023613,9.168999999999998e-05,0.00017044,0.00020993,-0.00013193,,-0.00035315,
2022-10-26,0.0001403,0.00017548,-7.773e-05,0.00010765,5.085e-05,0.00030000000000000003,0.00020893000000000002,0.00028819,0.00028261,0.00030000000000000003,,-0.00015445000000000001,
2022-10-27,-8.869999999999998e-06,9.934000000000001e-05,-3.774e-05,5.651e-05,0.00015570999999999998,0.00030000000000000003,0.00025306,0.00023144000000000002,0.00028353,0.00015866,,7.244e-05,
2022-10-28,-3.159999999999997e-06,8.184e-05,-2.242e-05,-6.944000000000001e-05,-7.383e-05,4.082e-05,6.987e-05,0.00012272,3.372000000000001e-05,5.306000000000001e-05,,0.0001024,
2022-10-29,0.00011444,0.0002441,0.0,0.00015284,0.00025058000000000003,-0.00020195,0.00030000000000000003,0.00025722,0.00030000000000000003,0.00012586999999999999,,0.00028236,
2022-10-30,5.832e-05,0.00027031,0.0,0.00020088000000000001,0.00016124,0.00023045000000000002,0.00027022,0.00029454000000000004,0.00030000000000000003,6.829000000000001e-05,,0.00018878,
2022-10-31,4.912e-05,0.0001602,0.0,0.00010034,0.00017011,0.00023268,0.00025671,0.00023710000000000002,0.00030000000000000003,0.00018896,,0.00022470000000000001,
2022-11-01,9.360000000000002e-06,-3.584999999999999e-05,-0.00030666,5.4430000000000006e-05,4.146e-05,0.00017758999999999999,-0.00017825,0.00024772,0.0002974,-6.108e-05,,2.1999999999999993e-05,
2022-11-02,0.00012035999999999999,0.00016404,-0.00043823,-4.8410000000000006e-05,-0.0002738,1.037e-05,2.141e-05,0.0001519,0.00029297000000000004,-0.00018847999999999998,,7.962e-05,
2022-11-03,0.0001006,-0.00016369,-0.00024064,-5.368999999999998e-05,-0.00022336,7.814e-05,-0.00016448000000000002,0.00019674000000000002,0.00022442000000000002,-0.00033747,,-0.00033551,
2022-11-04,0.00012476,0.00020691,-0.00042208,0.00013319,7.023000000000001e-05,0.00010482,0.00010972000000000001,0.00025540000000000003,0.00024821,-4.244000000000001e-05,,9.926e-05,
2022-11-05,0.0001895,0.0001649,-0.00044966,0.00028024,0.0002991,0.00028258,0.00030000000000000003,0.000273,0.00030000000000000003,0.00014992,,0.00022368,
2022-11-06,0.00023088999999999998,0.0002204,-0.00014303,0.00027624,0.00026972,0.00027383,0.00030000000000000003,4.8639999999999995e-05,0.00030000000000000003,0.00017910000000000002,,-0.00028597,
2022-11-07,0.00027813,0.00012322,0.0,0.00029937000000000003,0.0001742,0.00012439,0.00029319000000000003,0.00022714000000000002,0.00025167,-0.00017504,,-0.00123382,
2022-11-08,0.00015172999999999999,-9.384e-05,-0.00095844,-6.134e-05,-0.00039673,3.8350000000000004e-05,-0.00219023,0.00010939000000000001,0.0002346,-0.0012444500000000002,,-0.00837055,
2022-11-09,-0.00039555,-0.00105347,-0.00075685,-0.00124447,-0.00027093,-0.00044101000000000003,-0.05,-0.00011994,-0.00048833,-0.0026359,,-0.01955843,
2022-11-10,-0.00254958,-0.00129913,-0.0028528299999999998,-0.00285945,-0.00024095000000000003,0.00010992,-0.17166137,-0.00023803,-0.00018999000000000002,-0.0059210899999999995,,-0.15555753,
2022-11-11,-0.00032531,-0.00027549000000000003,-0.00018763999999999999,-0.00024777,0.00029461,0.00017756,-0.03584739,0.00030000000000000003,0.00030000000000000003,0.00028443,,-0.11003309,
2022-11-12,9.415e-05,0.00024832,-0.00049627,0.00014395,0.00022824,0.00010406,-0.0177,0.00030000000000000003,0.00030000000000000003,-0.00066882,,-0.05390732,
2022-11-13,-4.2080000000000004e-05,-0.00011125,-0.00045344,-0.00016349,0.00025781,-2.7790000000000003e-05,-0.00869353,0.00028319,0.00022799000000000002,-0.00158359,,-0.06629673999999999,
2022-11-14,-0.00012586000000000002,0.00010301,-5.498e-05,-0.00011132999999999999,0.00029828,0.00020466,-0.01439738,0.00023581,0.00019623,-0.00040527000000000006,,-0.06129785,
2022-11-15,-0.00026314,-7.890000000000001e-05,-1.388e-05,-0.0005950100000000001,0.00020647,0.00030000000000000003,-0.00506481,0.00022353,0.00028633,-0.00068907,,0.00030000000000000003,
2022-11-16,-0.00018712,-0.00013574,0.0,1.715000000000001e-05,0.00019887000000000003,0.00014939,-0.0077782,0.00011354,0.00022306,-0.00109921,,0.00030000000000000003,
2022-11-17,-0.00012381,-0.00017685,0.0,-0.00010598,0.00023275,6.630000000000003e-06,-0.00768396,8.799e-05,0.00018594,-0.0027061,,0.00030000000000000003,
2022-11-18,5.170000000000001e-06,-0.00020738,-0.00012602000000000002,2.5839999999999997e-05,0.00016803,5.1920000000000004e-05,-0.00323504,0.00023508,0.00023501000000000001,-0.00039267,,0.00030000000000000003,
2022-11-19,0.00012284,0.00016884,0.0,0.00019534,-4.025e-05,0.00022584,-0.00235907,0.00014412,6.947e-05,-0.00071269,,0.00030000000000000003,
2022-11-20,1.794e-05,4.099e-05,-3.401e-05,-3.2930000000000005e-05,0.00012765,0.00020257,-0.00197901,-6.831e-05,0.00012922,-0.00038832,,0.00030000000000000003,
2022-11-21,8.982e-05,-0.00017962999999999999,0.0,-0.00010322,0.00014244,-0.00022917,-0.00242879,0.00013722,2.7909999999999995e-05,-0.0019852999999999997,,0.00030000000000000003,
2022-11-22,2.429e-05,-3.076e-05,-8.432e-05,-0.00021451,0.00022982,0.00011138000000000001,-0.00163166,0.00026098,0.00030000000000000003,-0.0012034,,0.00030000000000000003,
2022-11-23,0.00019016,-7.405000000000001e-05,-0.00089682,0.00017532000000000002,0.00026000000000000003,0.00025063,-0.0015057999999999998,0.00030000000000000003,0.00026985,-0.00011825,,0.00030000000000000003,
2022-11-24,0.00013704,2.621e-05,-0.0030897299999999997,4.9980000000000006e-05,0.00022058,0.00019,-0.00455619,0.00030000000000000003,0.00022561,-0.00035800000000000003,,0.00030000000000000003,
2022-11-25,3.848e-05,7.997000000000001e-05,-0.00337259,6.237000000000001e-05,0.00028408000000000003,0.00023756,-0.00149173,0.00029662000000000004,0.00027077000000000004,-0.00016563,,0.00030000000000000003,
2022-11-26,4.927e-05,-0.00016692,-0.0017767400000000002,5.6279999999999996e-05,0.00028734,0.00025509,-0.0010576499999999998,0.00028417000000000004,0.00019411,-0.00027918,,0.00030000000000000003,
2022-11-27,1.7809999999999994e-05,-0.0001233,-0.00183041,-9.662e-05,0.00016004000000000002,0.00023258000000000003,-0.00223857,6.308e-05,0.0002356,-0.00020333,,0.00030000000000000003,
2022-11-28,2.86e-05,-0.00014532,-0.0025683,-6.426999999999999e-05,5.36e-05,1.1290000000000012e-05,-0.00838202,8.752e-05,8.914e-05,-0.0007145700000000001,,0.00030000000000000003,
2022-11-29,8.546e-05,0.00016778,-0.0007402999999999999,0.00013646,0.00030000000000000003,0.00030000000000000003,-0.00140554,0.00023277999999999998,0.00028191,-0.00018376000000000002,,0.00030000000000000003,
2022-11-30,0.00016953,0.00029218,-0.00167578,3.3430000000000003e-05,0.00028257,0.00011584,-0.00230822,0.00015357,8.123e-05,-6.670000000000004e-06,,0.00030000000000000003,
2022-12-01,6.0280000000000006e-05,0.00011656000000000001,-0.00266205,0.00015821999999999999,0.00025259,3.998e-05,-0.00118273,8.76e-05,0.00010858000000000001,-0.00017267999999999998,,0.00030000000000000003,
2022-12-02,7.274999999999999e-05,0.00014626,0.0,0.00012022,0.00020162,-6.426e-05,-0.0027346500000000004,0.00015359,0.0001999,-4.760000000000002e-06,,0.00030000000000000003,
2022-12-03,0.00018425,-5.511e-05,0.0,-3.638e-05,0.00030000000000000003,-2.2729999999999994e-05,-0.00038283999999999996,3.82e-05,0.00018391000000000002,-0.00023547,,0.00030000000000000003,
2022-12-04,0.00017192,-1.547e-05,0.0,-8.417e-05,0.00024775000000000003,0.00019963,-0.00019403999999999998,5.2249999999999996e-05,9.251e-05,-0.00023408,,0.00030000000000000003,
2022-12-05,4.389999999999997e-06,8.685e-05,0.0,9.13e-05,0.00022769,0.00015282,0.00013394,0.00018784999999999999,1.3240000000000002e-05,5.942000000000001e-05,,0.00030000000000000003,
2022-12-06,8.629e-05,9.934000000000001e-05,0.0,-0.0001331,0.00022133,9.956e-05,0.00017885,0.00018089,0.0002263,-6.884e-05,,0.00030000000000000003,
2022-12-07,7.052999999999999e-05,8.391e-05,0.0,-3.19e-05,0.00016314,-2.37e-05,0.00012660999999999998,3.1129999999999995e-05,-0.00021311,-0.00028709,,0.00030000000000000003,
2022-12-08,3.502e-05,1.7149999999999997e-05,0.0,-0.00066965,-1.4940000000000001e-05,0.00011079,-0.00021310000000000003,-1.1159999999999998e-05,-3.950000000000001e-06,-0.00026879,,0.00030000000000000003,
2022-12-09,8.383e-05,0.00021755,0.0,1.505e-05,0.00028255,0.00015091,-5.2130000000000004e-05,0.00011599,-0.00013404,-0.0001071,,0.00030000000000000003,
2022-12-10,-6.450000000000001e-06,0.00011574,0.0,-0.00027173,0.00016562,0.00019077,-0.00021599,0.00017302,0.00014333,0.00022305,,0.00030000000000000003,
2022-12-11,2.4940000000000002e-05,1.017e-05,0.0,-0.00067851,0.00017385,0.00022024000000000002,-0.00015448,0.00011736,0.00021175,2.9189999999999997e-05,,0.00030000000000000003,
2022-12-12,3.374e-05,-1.2079999999999996e-05,0.0,-0.00024727,-1.0960000000000017e-05,-0.00010659,-0.00059453,0.00010784,-0.00010198,-0.00020942999999999998,,0.00030000000000000003,
2022-12-13,0.00014973999999999999,0.00028949,0.0,-0.00014272999999999998,-9.500000000000014e-06,0.00018487,8.366000000000001e-05,0.00018941999999999999,0.00017408000000000001,2.949999999999997e-06,,0.00030000000000000003,
2022-12-14,0.00030000000000000003,0.00030000000000000003,6.44e-05,0.00030000000000000003,0.00030000000000000003,0.00030000000000000003,0.00030000000000000003,0.00030000000000000003,0.00030000000000000003,2.8030000000000015e-05,,0.00030000000000000003,
2022-12-15,0.0002518,0.00030000000000000003,0.0,9.846000000000002e-05,0.00026878,0.00019597,0.00030000000000000003,0.00030000000000000003,0.00030000000000000003,0.00030000000000000003,,0.00030000000000000003,
2022-12-16,8.561e-05,0.0001622,-2.001e-05,0.00027688,-0.00022721999999999998,0.00022354,0.00016068,0.00022962,0.00026641,0.00010298,,0.00030000000000000003,
2022-12-17,0.0001953,5.681000000000001e-05,-0.00267478,-0.00020309,-0.0002943,-0.00015277999999999998,-0.00087348,5.969999999999999e-06,0.00021273,-0.0006371300000000001,,0.00030000000000000003,
2022-12-18,0.00012455,0.0001796,-0.0017160600000000002,-0.00023232,-0.00039791,0.00010232000000000001,-0.00109235,-8.896e-05,0.00015499,-0.00051345,,0.00030000000000000003,
2022-12-19,0.00014457,-3.426e-05,-0.00184493,-0.0006016000000000001,3.2210000000000005e-05,0.00017604,-0.0010162399999999999,0.00021665,0.00024379000000000002,-0.0002054,,0.00030000000000000003,
2022-12-20,9e-05,0.00022422,-0.00034393,-0.00029305,-0.00036430999999999996,-0.00014034,-0.00074002,0.00024019,0.00023001,-0.00011371000000000001,,0.00030000000000000003,
2022-12-21,0.00019102000000000002,0.00019766,-0.00044969,-0.00016524,-0.00038104999999999997,6.902e-05,-0.00076454,-6.414999999999999e-05,0.00026407000000000004,0.00018462,,0.00030000000000000003,
2022-12-22,0.00018282999999999998,0.00026623,-0.00076118,-0.00021113000000000002,-0.00014872,-5.6529999999999996e-05,-0.00065681,-1.6859999999999994e-05,0.00030000000000000003,-0.00020365999999999998,,0.00030000000000000003,
2022-12-23,0.00028903,0.0001674,-0.00022704,-0.00037989,0.00030000000000000003,-1.4859999999999997e-05,-6.889000000000001e-05,0.00017319,0.00025169,0.00027192000000000004,,0.00030000000000000003,
2022-12-24,0.0002097,0.00017294,-0.00045529999999999995,-0.00024972,0.00016722000000000002,0.00016628,-0.00276907,0.00011235000000000001,8.566e-05,0.00018587,,0.00030000000000000003,
2022-12-25,5.436e-05,1e-05,-0.00071477,-0.00030855,0.00013258,-3.072999999999999e-05,-0.00161977,4.583000000000001e-05,0.00015105,-7.358000000000001e-05,,0.00030000000000000003,
2022-12-26,1.1259999999999997e-05,0.00010579,-5.251e-05,-0.0006454200000000001,0.0001628,-8.591000000000001e-05,-0.00088032,-0.00013260000000000002,0.00023552,0.00020461,,0.00030000000000000003,
2022-12-27,0.00011708000000000001,0.00019772,0.0,-0.00018195,0.00014951,5.279e-05,-0.0003071,0.00017317,0.00018581,0.00010185000000000001,,0.00030000000000000003,
2022-12-28,0.00016126999999999998,0.00013901,-0.00014317,-6.674999999999998e-05,7.224e-05,4.184e-05,-0.00102126,0.00020138000000000003,0.00017546,0.00025053,,0.00030000000000000003,
2022-12-29,0.00028517,0.00025835,-7.553e-05,0.00012714,-0.00071057,0.00025374,-0.0007444299999999999,5.633e-05,0.00028538,0.00018815,,0.00030000000000000003,
2022-12-30,0.00027132,0.00030000000000000003,-0.00016837,0.00018033,-0.00056744,9.900000000000024e-07,-0.00734818,0.00019508,6.0280000000000006e-05,-0.0005717,,0.00030000000000000003,
2022-12-31,0.00030000000000000003,0.00030000000000000003,0.0,-2.2229999999999982e-05,-0.00074354,-0.00015661,-0.00559667,9.551000000000001e-05,0.00020716000000000002,-6.92e-05,,0.00030000000000000003,
2023-01-01,0.00020691,0.00030000000000000003,-1.05e-05,0.00030000000000000003,-0.00036867000000000003,0.00028475,-0.00229626,0.00015727,0.00030000000000000003,-7.701999999999999e-05,,0.00030000000000000003,
2023-01-02,-3.1740000000000004e-05,0.00026342,-7.526e-05,-0.00056349,-0.00040694,0.00021969,-0.00215677,-0.00022017,0.00016526,0.0001048,,0.00030000000000000003,
2023-01-03,0.00022299,9.066e-05,-0.00015484,-0.0004045,4.3660000000000005e-05,0.00030000000000000003,-0.01279568,0.00018286,0.00028211,-6.739e-05,,0.00030000000000000003,
2023-01-04,0.00014808,0.00027609,0.0,-1.259999999999998e-06,0.00020732,0.00021074,-0.01422725,0.00026439,0.00016226,-0.00015397000000000002,,0.00030000000000000003,
2023-01-05,0.00017117,0.00030000000000000003,-0.00118816,-0.00011576999999999998,0.00012548000000000003,0.00030000000000000003,-0.0025117900000000003,0.00026098,0.00030000000000000003,0.00011738,,0.00030000000000000003,
2023-01-06,0.00020836,0.00030000000000000003,-0.00071509,0.00017603,0.00019602,0.00030000000000000003,-0.00388916,0.00030000000000000003,0.00018659,0.00030000000000000003,,0.00030000000000000003,
2023-01-07,0.00013179,0.00016833,-0.00066435,0.00023289,0.00015276,0.00030000000000000003,-0.00120637,0.00015871,0.00015514,0.00030000000000000003,,0.00030000000000000003,
2023-01-08,0.00023109,0.00019614,-0.00053277,0.00018388,-0.00013931,0.00030000000000000003,-0.00097178,0.00023663000000000002,0.00030000000000000003,0.00030000000000000003,,0.00030000000000000003,
2023-01-09,6.035e-05,0.00021929000000000002,-5.51e-05,0.00013893,-2.2289999999999978e-05,0.00030000000000000003,-2.749999999999999e-05,0.00030000000000000003,0.00030000000000000003,0.00030000000000000003,,0.00030000000000000003,
2023-01-10,0.00015231,0.00030000000000000003,-1.944e-05,0.00030000000000000003,0.00030000000000000003,0.00030000000000000003,4.6530000000000003e-05,0.00030000000000000003,0.00030000000000000003,0.00030000000000000003,,0.00030000000000000003,
2023-01-11,5.027e-05,0.00022778000000000002,-0.00052775,0.00030000000000000003,0.00030000000000000003,0.00030000000000000003,-0.00016618,0.00030000000000000003,0.00030000000000000003,0.00023283,,0.00030000000000000003,
2023-01-12,0.00027549,0.00030000000000000003,-7.73e-06,0.00030000000000000003,0.00030000000000000003,0.00030000000000000003,-0.00024772,0.00030000000000000003,0.00030000000000000003,-0.00024600999999999996,,0.00030000000000000003,
2023-01-13,0.0002716,0.00030000000000000003,-0.00053647,0.00030000000000000003,0.00030000000000000003,0.00030000000000000003,-0.00061915,0.00030000000000000003,0.00030000000000000003,0.00030000000000000003,,0.00030000000000000003,
2023-01-14,0.0006459300000000001,0.0011759399999999999,0.00047174,0.00030000000000000003,0.00058884,0.00114683,0.00047702,0.00043834,0.00053745,0.00054109,,0.00030000000000000003,
2023-01-15,0.00046038,0.0006171600000000001,9.249e-05,0.00030000000000000003,0.00030000000000000003,0.00093241,0.00072789,0.00030000000000000003,0.00036118999999999995,0.00078842,,0.00030000000000000003,
2023-01-16,0.00030000000000000003,0.00034183,0.0,0.00030000000000000003,0.00030000000000000003,0.0006596200000000001,0.0007160300000000001,0.00030000000000000003,0.00045976999999999997,0.00056648,,0.00030000000000000003,
2023-01-17,0.00030000000000000003,0.00030000000000000003,0.0,0.00030000000000000003,0.00030000000000000003,0.00037841999999999997,0.00032293,0.00030000000000000003,0.00030000000000000003,0.00030000000000000003,,0.00030000000000000003,
2023-01-18,0.00030000000000000003,0.00030000000000000003,0.0,0.00030000000000000003,0.00030000000000000003,0.00030000000000000003,0.00030000000000000003,0.00030000000000000003,0.00030000000000000003,0.00030000000000000003,,0.00030000000000000003,
2023-01-19,0.00030000000000000003,0.00030000000000000003,-0.00030825000000000004,0.00030000000000000003,0.00030000000000000003,0.00030000000000000003,0.00030000000000000003,0.00030000000000000003,0.00030000000000000003,0.00030000000000000003,,0.00030000000000000003,
2023-01-20,0.00030000000000000003,0.00030000000000000003,-7.95e-06,0.0001733,0.00030000000000000003,0.00030000000000000003,0.00030000000000000003,0.00030000000000000003,0.00030000000000000003,0.00030000000000000003,,0.00030000000000000003,
2023-01-21,0.00030000000000000003,0.00030000000000000003,0.00029256,0.00023695,0.00030000000000000003,0.00068202,0.00050268,0.00033743,0.00039732,0.00066904,,0.00030000000000000003,
2023-01-22,0.00030000000000000003,0.00030000000000000003,0.00026179999999999997,0.00030000000000000003,0.00030000000000000003,0.00054873,0.00030000000000000003,0.00030000000000000003,0.00040196,0.00060474,,0.00030000000000000003,
2023-01-23,0.00030000000000000003,0.00030356000000000003,0.00020777,0.00030000000000000003,0.00030000000000000003,0.00063411,0.00030000000000000003,0.00030000000000000003,0.00030000000000000003,0.00038525,,0.00030000000000000003,
2023-01-24,0.00030000000000000003,0.00030000000000000003,0.00054994,0.00030000000000000003,0.00030000000000000003,0.00045128,0.00033079,0.00030000000000000003,0.00030000000000000003,0.00048888,,0.00030000000000000003,
2023-01-25,0.00030000000000000003,0.00030000000000000003,0.0,0.00030000000000000003,0.00020688,0.00030000000000000003,0.00021239000000000002,0.00030000000000000003,0.00030000000000000003,0.00030000000000000003,,0.00030000000000000003,
2023-01-26,0.00030000000000000003,0.00030000000000000003,0.0,0.00030000000000000003,0.00030000000000000003,0.00030000000000000003,0.00030000000000000003,0.00030000000000000003,0.00030000000000000003,0.00030000000000000003,,0.00030000000000000003,
2023-01-27,0.00029541,0.00030000000000000003,0.0,0.00030000000000000003,0.00030000000000000003,0.00030000000000000003,0.00030000000000000003,0.00030000000000000003,0.00030000000000000003,0.00030000000000000003,,0.00030000000000000003,
2023-01-28,0.00030000000000000003,0.00030000000000000003,0.0,0.00030000000000000003,0.00030000000000000003,0.0003978,0.00033046,0.00030000000000000003,0.00030000000000000003,0.00067626,,0.00030000000000000003,
2023-01-29,0.00030000000000000003,0.00030000000000000003,0.0,0.00030000000000000003,0.00030000000000000003,0.00030000000000000003,0.00030000000000000003,0.00030462,0.00030000000000000003,0.0003396,,0.00030000000000000003,
2023-01-30,0.00030000000000000003,0.00030000000000000003,2.222e-05,0.00030000000000000003,0.00030000000000000003,0.00036215,0.00070275,0.00032,0.00030000000000000003,0.00030000000000000003,,0.00030000000000000003,
2023-01-31,0.00030000000000000003,0.00030000000000000003,0.0,0.00029172,0.00030000000000000003,0.00030000000000000003,0.00030000000000000003,0.00030000000000000003,0.00030000000000000003,0.00030000000000000003,,0.00030000000000000003,
2023-02-01,0.00030000000000000003,0.00030000000000000003,0.0,0.00030000000000000003,0.00030000000000000003,0.00038747,0.00030000000000000003,0.00030000000000000003,0.00030000000000000003,0.00030000000000000003,,0.00030000000000000003,
2023-02-02,0.00030000000000000003,0.00030000000000000003,0.00074774,0.00030000000000000003,0.00034391,0.00081857,0.00046236,0.00031211,0.0008845900000000001,0.00089537,,0.00030000000000000003,
2023-02-03,0.00030000000000000003,0.00030000000000000003,0.00026744,0.00030000000000000003,0.00030000000000000003,0.00046226000000000004,0.00023579,0.00030000000000000003,0.00037034000000000004,0.00030000000000000003,,0.00030000000000000003,
2023-02-04,0.00030000000000000003,0.00030000000000000003,0.00011652,0.00030000000000000003,0.00036389,0.00033731,0.00030000000000000003,0.00030000000000000003,0.00033496999999999997,0.00037297999999999997,,0.00030000000000000003,
2023-02-05,0.00030000000000000003,0.00030000000000000003,0.0,0.00030000000000000003,0.00030000000000000003,0.00030000000000000003,-0.00017960999999999997,0.00030000000000000003,0.00030000000000000003,0.00030000000000000003,,0.00030000000000000003,
2023-02-06,0.00030000000000000003,0.00030000000000000003,0.0,0.00026447,0.00030000000000000003,0.00030000000000000003,0.00015932,0.00030000000000000003,0.00030000000000000003,0.00030000000000000003,,0.00030000000000000003,
2023-02-07,0.00030000000000000003,0.00030000000000000003,0.0,0.00030000000000000003,0.00030000000000000003,0.00030000000000000003,1.7749999999999998e-05,0.00030000000000000003,0.00030000000000000003,0.00030000000000000003,,0.00030000000000000003,
2023-02-08,0.00030000000000000003,0.00030000000000000003,0.0,0.00030000000000000003,0.00030000000000000003,0.00030000000000000003,0.00018969,0.00030000000000000003,0.00030000000000000003,0.00030000000000000003,,0.00030000000000000003,
2023-02-09,0.00030000000000000003,0.00030000000000000003,0.0,0.00030000000000000003,0.00030000000000000003,0.00030000000000000003,1.0910000000000016e-05,0.00030000000000000003,0.00030000000000000003,0.00030000000000000003,,0.00030000000000000003,
2023-02-10,0.00030000000000000003,0.00026828,-7.142e-05,3.151e-05,0.00024821,0.00015877,-0.00020233,0.00028439000000000003,0.00030000000000000003,0.00028138,,0.00030000000000000003,
2023-02-11,0.00018497,7.324e-05,-0.00066676,0.00028736,5.0969999999999995e-05,3.9280000000000003e-05,-0.00057645,0.00027709,0.00030000000000000003,4.8110000000000005e-05,,0.00030000000000000003,
2023-02-12,0.00017613,0.00016673,-0.0006725,-2.457999999999999e-05,0.00018453,0.00011166999999999999,-0.00114292,0.00017695000000000002,0.00030000000000000003,0.00010146,,0.00030000000000000003,
2023-02-13,0.00018397,0.00018549000000000001,-0.00050876,-0.00034311000000000004,0.00022741,0.00015552,-0.00033055,0.00018994000000000001,0.00014985,6.79e-05,,0.00030000000000000003,
2023-02-14,0.00028887,9.261999999999999e-05,-0.00028797999999999996,0.00020407000000000002,0.00019801,0.00030000000000000003,-0.00041838,0.00021269,0.00030000000000000003,0.00030000000000000003,,0.00030000000000000003,
2023-02-15,0.00014078000000000002,0.00011435,-0.00038124000000000003,0.00028026,0.00027587,0.00021485,0.00011030999999999999,0.00022997000000000002,0.00030000000000000003,0.00024914,,0.00030000000000000003,
2023-02-16,0.00043170999999999997,0.00034101,5.284e-05,0.00030000000000000003,2.7020000000000023e-05,0.00035425,0.00030000000000000003,0.00030000000000000003,0.00030000000000000003,0.00034513,,0.00030000000000000003,
2023-02-17,0.00030000000000000003,0.00030000000000000003,-8.97e-06,0.00029383,0.00030000000000000003,0.00030000000000000003,0.00030000000000000003,0.00030000000000000003,0.00030000000000000003,0.00030000000000000003,,0.00030000000000000003,
2023-02-18,0.00030000000000000003,0.00030000000000000003,0.0,0.00030000000000000003,0.00030000000000000003,0.00030000000000000003,0.00030000000000000003,0.00030000000000000003,0.00030000000000000003,0.00030000000000000003,,0.00030000000000000003,
2023-02-19,0.00030000000000000003,0.00030000000000000003,0.0,0.00030000000000000003,0.00030000000000000003,0.00031716000000000003,0.00034645,0.00030000000000000003,0.00033227,0.00030000000000000003,,0.00030000000000000003,
2023-02-20,0.00030000000000000003,0.00030000000000000003,0.0,0.00020169000000000003,0.00030000000000000003,0.00030000000000000003,0.0004907,0.00030000000000000003,0.00031246000000000003,0.00030000000000000003,,0.00030000000000000003,
2023-02-21,0.00030000000000000003,0.00030000000000000003,-8.599000000000001e-05,0.00030000000000000003,0.00030000000000000003,0.00045578000000000003,0.00036004,0.00030000000000000003,0.00030000000000000003,0.00043564,,0.00030000000000000003,
2023-02-22,0.00030000000000000003,0.00030000000000000003,-0.00012542,0.00030000000000000003,0.00030000000000000003,0.00030000000000000003,0.00030000000000000003,0.00030000000000000003,0.00030000000000000003,0.00047946,,0.00030000000000000003,
2023-02-23,0.00017137,0.00021275,0.0,0.00030000000000000003,0.00030000000000000003,0.00030000000000000003,0.00030000000000000003,0.00030000000000000003,0.00030000000000000003,0.00030000000000000003,,0.00030000000000000003,
2023-02-24,0.00015367,0.00018598000000000003,-7.966e-05,0.00030000000000000003,0.00030000000000000003,0.00030000000000000003,0.00030000000000000003,0.00030000000000000003,0.00030000000000000003,0.00030000000000000003,,0.00030000000000000003,
2023-02-25,1.745e-05,0.0002306,-0.00020733999999999998,0.00023113000000000002,0.00022064,0.00011957000000000001,0.00016781,0.00030000000000000003,0.00030000000000000003,0.00018406,,0.00030000000000000003,
2023-02-26,0.00016713,7.048e-05,-0.00041176000000000006,0.0001594,0.00015566,5.536e-05,-0.0001388,0.00030000000000000003,0.00030000000000000003,0.00015645,,0.00030000000000000003,
2023-02-27,0.00016166,0.00024658,-2.797e-05,0.00030000000000000003,0.00020935000000000002,0.00012931,0.00024164,0.00030000000000000003,0.00025988,0.00030000000000000003,,0.00030000000000000003,
2023-02-28,0.00011349,0.00015746,-0.00021388,0.00030000000000000003,0.00024266,0.00027662,0.00024109,0.00029311,0.00025051,0.00026177000000000004,,0.00030000000000000003,
2023-03-01,0.00020185,0.00020342,-0.00025319,0.00030000000000000003,3.8429999999999996e-05,0.00030000000000000003,0.00025877,0.00030000000000000003,0.00030000000000000003,0.00024757,,0.00030000000000000003,
2023-03-02,0.0002571,0.00027746,-0.00051596,0.00030000000000000003,0.00015647,0.00011980000000000001,0.00011899000000000001,0.00030000000000000003,0.00030000000000000003,0.00030000000000000003,,0.00030000000000000003,
2023-03-03,5.571e-05,5.334e-05,-0.00013592999999999998,0.00024167,6.332000000000001e-05,2.569999999999994e-06,0.00014419,0.00015686,0.00015741,0.00013949,,0.00030000000000000003,
2023-03-04,6.446e-05,0.00010737999999999999,-0.00031714,0.00030000000000000003,0.00020036,0.00026263,0.00020592,0.00020155,0.00013681,0.00030000000000000003,,0.00030000000000000003,
2023-03-05,6.124e-05,0.00013768,-9.205e-05,0.00016061,0.00022421000000000002,0.00019118,0.00030000000000000003,0.00017632,0.00022357,5.9319999999999994e-05,,0.00030000000000000003,
2023-03-06,0.00014928,0.00015308999999999999,-0.00016146,8.49e-05,0.00015659,0.00017044,0.00011418000000000001,0.00020378,0.00013924,2.3829999999999994e-05,,0.00030000000000000003,
2023-03-07,8.179e-05,0.0001387,-0.00044251999999999996,0.00024475,-3.0159999999999996e-05,0.00025745,-0.00029228,0.00017563,0.00012308000000000002,0.0002522,,0.00030000000000000003,
2023-03-08,0.00016733,0.00023659,0.0,0.00023871,0.00029077,0.00026179,-0.00036839,0.00025228,0.00025108,0.00030000000000000003,,0.00030000000000000003,
2023-03-09,0.00030000000000000003,0.00020326,0.0,0.00030000000000000003,0.00021588,0.00025941,-0.00010049,0.00027494,0.00020064,9.144e-05,,0.00030000000000000003,
2023-03-10,-0.00010015999999999999,-8.915e-05,-0.00070548,0.00010301,-0.00027817,-0.00028151,-0.00029436,4.080000000000001e-05,7.235e-05,-0.00091871,,0.00030000000000000003,
2023-03-11,-2.273e-05,1.707e-05,-0.0011279,-7.350999999999999e-05,-2.5899999999999993e-05,0.00014165,-0.00091462,7.760000000000002e-06,0.00027474,-0.00019323999999999999,,0.00030000000000000003,
2023-03-12,5.3960000000000005e-05,3.318000000000001e-05,-8.385e-05,5.430000000000034e-06,-0.00023533999999999998,0.00030000000000000003,-0.00026112,2.6300000000000206e-06,-2.8979999999999983e-05,7.723000000000002e-05,,0.00030000000000000003,
2023-03-13,0.00026011000000000003,0.00030000000000000003,0.0,5.4540000000000017e-05,0.00019082000000000002,0.00030000000000000003,0.00030000000000000003,-1.557000000000001e-05,8.646e-05,0.00030000000000000003,,0.00030000000000000003,0.00171418
2023-03-14,0.00054853,0.00030000000000000003,7.236e-05,0.00018729,0.00029984,0.00025422,0.00030000000000000003,0.00025448,0.00030000000000000003,0.00030000000000000003,,0.00030000000000000003,0.00036395
2023-03-15,0.00056253,0.00060094,0.00022563,0.00030000000000000003,0.00010139999999999997,0.00060826,0.00038064,0.00030000000000000003,0.00030000000000000003,0.00037393,,0.00030000000000000003,0.00040071
2023-03-16,0.00030000000000000003,0.00030000000000000003,9.329e-05,0.00027786,0.00021004000000000002,0.00030000000000000003,-0.00017658,0.00030000000000000003,0.00030000000000000003,0.00018744,,0.00030000000000000003,0.00022985
2023-03-17,0.00023311000000000002,0.00021905,-0.00271484,-3.79e-05,0.00015196,0.00030000000000000003,-9.08e-05,0.00023476,0.00023264,4.8150000000000005e-05,,0.00030000000000000003,-0.0001114
2023-03-18,0.00030000000000000003,0.00030000000000000003,-0.0030065499999999998,0.00030000000000000003,0.00030000000000000003,0.00030000000000000003,0.00047580999999999996,0.00030000000000000003,0.00030000000000000003,0.00030000000000000003,,0.00030000000000000003,-0.00011891999999999999
2023-03-19,0.00030000000000000003,0.00030000000000000003,-0.0045503,0.00030000000000000003,0.00030000000000000003,0.00030000000000000003,0.00030000000000000003,0.00030000000000000003,0.00030000000000000003,0.00030000000000000003,,0.00030000000000000003,-4.235e-05
2023-03-20,0.00029081,0.00028194,-0.00477977,0.00030000000000000003,0.00028769,0.00030000000000000003,0.00030000000000000003,0.00030000000000000003,0.00030000000000000003,0.00030000000000000003,,0.00030000000000000003,9.639999999999996e-06
2023-03-21,9.664000000000001e-05,0.00020707,-0.00341063,0.00019063,-6.909999999999999e-05,0.00023105,0.00030000000000000003,0.00011106000000000001,0.00013016,0.00030000000000000003,,0.00030000000000000003,-0.0005265199999999999
2023-03-22,5.608e-05,0.00011952999999999999,-0.00364921,0.00030000000000000003,0.00030000000000000003,0.00030000000000000003,0.00026109,0.00030000000000000003,0.00030000000000000003,0.00030000000000000003,,0.00030000000000000003,-0.00016288
2023-03-23,9.158e-05,0.00017983000000000002,-0.00020584,9.521e-05,0.00030000000000000003,0.00030000000000000003,2.940000000000001e-05,0.00030000000000000003,0.00027942,0.00021005,,0.00030000000000000003,-0.00016397999999999999
2023-03-24,0.00030000000000000003,0.00030000000000000003,-0.00070378,0.00016426,0.00030000000000000003,0.00030000000000000003,0.00030000000000000003,0.00030000000000000003,0.00030000000000000003,0.00030000000000000003,,0.00030000000000000003,-7.453999999999999e-05
2023-03-25,4.07e-06,2.6569999999999998e-05,-0.00024952,0.00019070000000000003,0.00023505,0.00028523000000000003,-0.00016976,0.00030000000000000003,0.00024370000000000001,0.00019885,,0.00030000000000000003,-0.00038854
2023-03-26,3.690000000000007e-06,6.209e-05,-0.0001002,0.00012978,3.7040000000000005e-05,0.00015639,-0.00016843,0.00023318999999999998,0.00017434999999999998,6.117999999999998e-05,,0.00030000000000000003,0.00016882
2023-03-27,4.918e-05,1.079e-05,-0.00082445,0.0001017,6.751e-05,0.00011038,0.00015901,0.00019164,0.00024454,0.00028561,,0.00030000000000000003,-7.199999999999999e-07
2023-03-28,7.225999999999999e-05,8.573e-05,-0.00080634,0.00011999,0.00028326,5.261e-05,-0.00011222,-2.6680000000000002e-05,0.00013235,0.00030000000000000003,,0.00030000000000000003,-0.00021321
2023-03-29,0.00023173,0.00027584,-9.211e-05,0.00018564,0.00030000000000000003,0.00028974000000000003,2.173000000000001e-05,0.00010448,0.00018543,0.00030000000000000003,,0.00030000000000000003,-0.00026903
2023-03-30,0.00013748,0.00011067,-0.00017248,0.00016709,0.00029482,0.00030000000000000003,5.877000000000001e-05,0.00011376,0.00030000000000000003,0.00030000000000000003,,0.00030000000000000003,-0.00013074
2023-03-31,0.00013646,0.00024185,-0.00088555,0.00016355,0.00028973,0.00015284,-0.0001739,2.019e-05,0.00021417000000000002,0.00030000000000000003,,0.00030000000000000003,9.551000000000001e-05
2023-04-01,0.0002884,0.00026306,-0.00102813,8.71e-05,0.00028596000000000003,0.00030000000000000003,0.00030000000000000003,0.00026887,0.00030000000000000003,0.00030000000000000003,,0.00030000000000000003,-0.00040825
2023-04-02,0.00015934,0.00012508000000000002,-0.00065343,1.2699999999999997e-06,0.00013883,0.00030000000000000003,0.00020611000000000002,0.00030000000000000003,0.00029032,0.00030000000000000003,,0.00030000000000000003,-0.00057303
2023-04-03,6.207e-05,-5.3689999999999996e-05,-0.0006590599999999999,0.00014305,0.00021763000000000002,0.00014305,-4.6649999999999996e-05,0.00024775999999999997,0.00016155,0.00021975,,0.00030000000000000003,-0.00026773
2023-04-04,-8.642e-05,0.00019598,-0.0007538800000000001,-7.298000000000001e-05,0.00017667,0.00030000000000000003,0.00020298,0.00030000000000000003,0.00030000000000000003,0.00030000000000000003,,0.00030000000000000003,-0.00011326000000000001
2023-04-05,0.00016542,0.00026853,0.0,0.00014855,0.00021908000000000002,0.00030000000000000003,0.00030000000000000003,0.00030000000000000003,0.00030000000000000003,0.00030000000000000003,,0.00030000000000000003,-5.112999999999999e-05
2023-04-06,2.0649999999999997e-05,0.00011478999999999999,0.0,-4.799999999999995e-06,0.00015641,0.00030000000000000003,0.00019040000000000002,7.461999999999999e-05,0.000298,0.00030000000000000003,,0.00030000000000000003,2.828e-05
2023-04-07,5.8600000000000015e-06,0.00012819,-0.00051019,4.209999999999997e-06,0.0001219,0.00012194000000000001,-6.960000000000001e-05,0.00010034,0.0001039,0.00030000000000000003,,0.00030000000000000003,-9.170000000000002e-06
2023-04-08,3.926e-05,6.981e-05,-5.522e-05,0.00013658000000000002,0.00029166,0.00019468,0.00022836000000000002,0.00028959,0.00027215,0.0002074,,0.00030000000000000003,-0.00017807
2023-04-09,-8.069999999999999e-06,1.98e-05,0.0,1.1470000000000004e-05,0.00020157,0.00016173,8.441e-05,0.00028541,0.00014851,0.00016289,,0.00030000000000000003,-0.00014007
2023-04-10,0.00026167,4.520000000000001e-06,0.0,-8.372999999999999e-05,0.00012595,0.00030000000000000003,0.00026116,0.00025712,0.00029575,0.00030000000000000003,,0.00030000000000000003,-0.00012823
2023-04-11,0.00030000000000000003,0.00018012,-1.8579999999999995e-05,0.00013195,0.00030000000000000003,0.00030000000000000003,0.00030000000000000003,0.00030000000000000003,0.00030000000000000003,0.00030000000000000003,,0.00030000000000000003,0.00016844
2023-04-12,0.00019524,5.955e-05,0.0,0.00029553,0.00026546,0.00025985,0.00030000000000000003,0.00020317000000000002,0.00026667,0.00030000000000000003,,0.00030000000000000003,-0.00012778
2023-04-13,0.00021092,0.00030000000000000003,1.014e-05,-0.00014609,0.00030000000000000003,0.00030000000000000003,0.00019787,0.00023736,0.00030000000000000003,0.00030000000000000003,,0.00030000000000000003,-0.00025375
2023-04-14,0.00013307,0.00030000000000000003,0.00031292,0.00030000000000000003,0.00030000000000000003,0.00040602,0.00030000000000000003,0.00030000000000000003,0.00030000000000000003,0.00030000000000000003,,0.00030000000000000003,-2.84e-06
2023-04-15,0.0001348,0.00030000000000000003,0.00030972,0.00030000000000000003,0.00030000000000000003,0.00035161999999999997,0.00030000000000000003,0.00030000000000000003,0.00030000000000000003,0.00032998,,0.00030000000000000003,-0.00011851
2023-04-16,0.00027144,0.00030000000000000003,0.0006157199999999999,0.00030000000000000003,0.00030000000000000003,0.00037558,0.00045575,0.00030000000000000003,0.00030000000000000003,0.00034755,,0.00030000000000000003,-0.00011499
2023-04-17,0.00027376,0.00030000000000000003,0.0007660200000000001,0.00030000000000000003,0.00030000000000000003,0.00064911,0.00078717,0.00047060000000000005,0.00039307999999999997,0.00107589,,0.00030000000000000003,-4.921e-05
2023-04-18,0.00010944999999999999,0.00030000000000000003,0.00030887,0.00030000000000000003,0.00030000000000000003,0.00036293,0.00030000000000000003,0.00030000000000000003,0.00042175000000000003,0.0008615700000000001,,0.00030000000000000003,-0.00011038
2023-04-19,0.00016150000000000002,0.00018985,0.0,-2.7129999999999993e-05,0.0002852,0.00030000000000000003,0.00014426,0.00030000000000000003,0.0003169,0.00029762,,0.00030000000000000003,-0.00015709
2023-04-20,0.00018145,8.719999999999999e-05,0.0,-7.594000000000001e-05,0.00030000000000000003,0.00022613,0.00030000000000000003,0.00023948,0.00030000000000000003,0.00030000000000000003,,0.00030000000000000003,-4.552e-05
2023-04-21,0.00026297,0.00024010999999999998,-0.00010197,-0.00010360999999999999,0.00030000000000000003,0.00012382,0.00016425,0.00016728,0.00030000000000000003,0.00028371,,0.00030000000000000003,-0.00016111
2023-04-22,0.00018948,7.753e-05,-0.00065868,-0.00042999,0.00015669000000000002,-0.00010319999999999999,-3.2409999999999996e-05,1.948e-05,0.00012241000000000002,-0.00018617,,0.00030000000000000003,-0.00019513
2023-04-23,7.513e-05,-9.899999999999997e-06,-0.00171856,3.778e-05,0.00029295,0.00026446,0.00012169,0.00014102,0.00015501,-0.00029115,,0.00030000000000000003,-0.00011242999999999999
2023-04-24,0.00011003,0.00015391,-0.00201731,-8.929999999999998e-06,0.00030000000000000003,0.00021356,0.0001968,0.00027577,0.00030000000000000003,0.00010566,,0.00030000000000000003,3.238e-05
2023-04-25,0.00020213000000000002,0.00023337,-0.0026585899999999997,-8.918000000000001e-05,0.00014718,0.0001534,-2.8359999999999996e-05,0.00022312999999999999,0.00021684000000000002,0.00010416,,0.00030000000000000003,3.5999999999999994e-05
2023-04-26,0.00016032,0.00013793,-0.0017191300000000001,-1.828999999999999e-05,0.000297,0.00030000000000000003,0.00017204,0.00016155,0.00026064,0.000132,,0.00030000000000000003,-0.000128
2023-04-27,0.00011552,7.055e-05,-0.0025170899999999996,-0.00039701,0.00028763,0.00011083000000000001,-4.907e-05,0.00011431000000000001,0.0001079,0.00011146000000000001,,0.00030000000000000003,2.0460000000000004e-05
2023-04-28,0.00024476,0.0002517,-0.0029666299999999996,3.990000000000021e-06,0.00027389,0.00025032,0.00030000000000000003,0.00027493,0.00028835000000000004,0.0002172,,0.00030000000000000003,2.969e-05
2023-04-29,0.00014614,0.00016551,-0.00030554,0.00025146,0.00023863,0.00025258,0.00026328,0.00030000000000000003,0.00030000000000000003,0.00022006,,0.00030000000000000003,-0.00016890999999999998
2023-04-30,0.00012711,0.00014381,-0.00012369,0.00030000000000000003,0.00022074999999999997,0.00023936999999999998,0.00022542,0.00023148,0.00027942,0.00016966,,0.00030000000000000003,-0.00014551
2023-05-01,-3.369000000000001e-05,5.549999999999999e-06,-0.00320585,0.00024303,-1.925e-05,0.0002331,0.00021535,5.869e-05,0.00017817,5.614e-05,,0.00030000000000000003,-8.449e-05
2023-05-02,8.307e-05,0.00020617999999999998,-0.00395037,0.00020666,0.00016062,0.00025684,-1.4500000000000014e-06,0.00027019,0.00027099000000000003,7.762e-05,,0.00030000000000000003,7.339e-05
2023-05-03,0.00019704,0.00026072,-0.00146523,-0.00016502000000000002,4.361e-05,0.00020423000000000001,9.056e-05,0.00012227,0.00025264,8.588999999999999e-05,,0.00030000000000000003,0.00011292
2023-05-04,0.00024306000000000002,0.000299,-2.435e-05,0.00015857000000000002,0.00030000000000000003,0.00025805,0.00019773000000000002,0.00030000000000000003,0.00030000000000000003,0.00021121,,0.00030000000000000003,4.3459999999999994e-05
2023-05-05,0.00022188,0.00019234999999999999,-4.602e-05,0.00029699,0.00030000000000000003,0.00030000000000000003,0.00023223000000000002,0.0002596,0.00030000000000000003,0.00023192000000000002,,0.00030000000000000003,-6.009e-05
2023-05-06,0.00030000000000000003,0.00020694000000000002,-0.000435,0.00010316,0.00012312,0.00011817000000000002,0.00022441,0.00020576,0.00030000000000000003,0.00016921000000000001,,0.00030000000000000003,0.0001652
2023-05-07,0.00014414,8.5e-05,-0.0002342,0.00010287999999999999,0.00021127,4.97e-05,7.777000000000001e-05,5.717e-05,0.00020042,-0.00030966,,0.00030000000000000003,5.98e-06
2023-05-08,5.029e-05,0.00010290000000000001,-0.0007172,-0.00012122000000000001,0.00025067,6.857e-05,4.8530000000000005e-05,0.00024461000000000003,0.00024129000000000002,1.1989999999999999e-05,,0.00030000000000000003,7.199e-05
2023-05-09,0.00012329,0.00024845,-0.0009156100000000001,-0.00031627,7.028e-05,-0.00016806,-0.00030642,4.881e-05,0.00013512000000000002,-0.00029468,,0.00030000000000000003,-6.147999999999999e-05
2023-05-10,0.00012329,0.00013449,-0.0007110599999999999,-0.0003278,-7.000000000000441e-08,3.051e-05,-1.5070000000000001e-05,0.00012030000000000001,0.00021203,-0.00018559000000000002,,0.00030000000000000003,-0.00013448
2023-05-11,0.00013729,7.227999999999999e-05,-0.00031335,-5.1019999999999996e-05,0.00016051,0.00015866,0.00012843,0.00021512,0.00025291,0.00020689000000000002,,0.00030000000000000003,-4.4059999999999995e-05
2023-05-12,0.00010359,1.367e-05,-0.00045076000000000003,0.00014664000000000002,0.00026118,0.00028516,0.00010196,0.00023720000000000002,0.00022224,5.654999999999999e-05,,0.00030000000000000003,0.000162
2023-05-13,9.868999999999999e-05,6.081e-05,-0.00010156000000000001,3.8520000000000004e-05,0.00030000000000000003,0.00022123,0.00018198,0.00022643,0.0001871,0.00018921999999999998,,0.00030000000000000003,-3.861e-05
2023-05-14,8.291e-05,8.804e-05,0.0,7.500000000000001e-05,0.00030000000000000003,0.00020559000000000002,0.00020938,0.00020312,0.00026499,0.00020253,,0.00030000000000000003,6.0769999999999996e-05
2023-05-15,2.6410000000000003e-05,-4.1320000000000004e-05,-0.00018597,2.8149999999999993e-05,0.00025817,0.00023498,0.00015832,7.973e-05,0.00027181,0.00016094000000000001,,0.00030000000000000003,-0.00023256999999999998
2023-05-16,0.00017625,5.704e-05,-0.00012656,-0.00020229,0.00024005,0.00020139,0.00026067,0.00014835,0.00025011,0.00014479,,0.00030000000000000003,5.8139999999999996e-05
2023-05-17,0.00019882,0.00011214,-6.496e-05,0.00015634,0.00029385,0.00030000000000000003,0.00022746000000000002,0.00020462,0.00027929,0.00014213,,0.00030000000000000003,8.44e-06
2023-05-18,0.00028342,0.00019569999999999999,0.0,8.602e-05,0.00023981000000000002,0.00030000000000000003,0.0002295,0.00022818,0.00022273,0.00029472,,0.00030000000000000003,0.00018857
2023-05-19,0.00011005,0.00017578,0.0,0.00030000000000000003,0.00022213000000000002,0.00030000000000000003,2.7699999999999996e-05,0.00023388,0.00010606999999999999,-3.593e-05,,0.00030000000000000003,0.00021797
2023-05-20,6.919e-05,8.545e-05,-5.92e-06,0.00018734,-0.00017177000000000002,0.00027178,0.00015127,0.00018578,0.00012264,-0.00013113,,0.00030000000000000003,0.00018752
2023-05-21,0.00017109,6.558e-05,0.0,0.00028245,-8.219e-05,0.00022962000000000001,0.00029479,0.00020842,0.0001004,6.429e-05,,0.00030000000000000003,-0.00021495
2023-05-22,7.999e-05,0.00016949,0.0,0.00022367,0.00019556,4.7440000000000007e-05,0.00020809000000000002,0.00025212,0.00025235000000000004,0.00015052000000000002,,0.00030000000000000003,2.714e-05
2023-05-23,0.00030000000000000003,0.00020169,4.33e-06,0.00012222,0.00030000000000000003,0.00030000000000000003,0.00029997,0.00027235,0.00030000000000000003,0.00030000000000000003,,0.00030000000000000003,4.464e-05
2023-05-24,0.00016429,0.00015001,0.0,0.00023485000000000002,0.00030000000000000003,0.00018448,0.00026235,0.00030000000000000003,0.00027357,0.00030000000000000003,,0.00030000000000000003,6.060000000000006e-06
2023-05-25,0.0002582,8.202e-05,0.0,0.00010424,8.827000000000001e-05,0.0002274,0.00021553000000000002,0.00022594,0.00028093,0.00013429000000000002,,0.00030000000000000003,-0.00010387
2023-05-26,0.00024536,0.00020368,0.0,0.00014048,0.00029451,0.00030000000000000003,0.00030000000000000003,0.00026956,0.00030000000000000003,0.00030000000000000003,,0.00030000000000000003,0.00030000000000000003
2023-05-27,0.00023072000000000001,7.76e-05,0.0,0.00025656,0.00030000000000000003,0.00030000000000000003,0.00030000000000000003,0.00029321,0.00030000000000000003,0.00030000000000000003,,0.00030000000000000003,0.00030000000000000003
2023-05-28,0.0002988,1.2750000000000002e-05,0.0,0.00025483,0.00030000000000000003,0.00030000000000000003,0.00030000000000000003,0.00030000000000000003,0.00030000000000000003,0.00030000000000000003,,0.00030000000000000003,0.00030000000000000003
2023-05-29,0.00030000000000000003,0.00030000000000000003,0.00023942,0.00030000000000000003,0.00030000000000000003,0.00030000000000000003,0.00030000000000000003,0.00030000000000000003,0.00030000000000000003,0.00030000000000000003,,0.00030000000000000003,0.00023519
2023-05-30,0.00019084,0.00024386,0.00044399,0.00022729,0.00030000000000000003,0.00030000000000000003,0.00030000000000000003,0.00030000000000000003,0.00030000000000000003,0.00030000000000000003,,0.00030000000000000003,0.00030000000000000003
2023-05-31,0.00015073000000000002,0.00013359,0.0,0.00030000000000000003,0.00030000000000000003,0.00027972,0.00030000000000000003,0.00027708,0.00030000000000000003,0.00027884000000000003,,0.00030000000000000003,0.00030000000000000003
2023-06-01,0.00021737,0.00025856,8.187e-05,0.00028647000000000004,0.00019364000000000002,0.00030000000000000003,0.00030000000000000003,0.00020316000000000003,0.00029138,0.00018130000000000002,,0.00030000000000000003,9.643e-05
2023-06-02,0.00023982,0.00022922,4.057e-05,0.00025157,0.00018764,0.00030000000000000003,0.00030000000000000003,0.00030000000000000003,0.00030000000000000003,0.00030000000000000003,,0.00030000000000000003,-6.0370000000000006e-05
2023-06-03,0.00022986,0.00018807,0.00013366,0.00030000000000000003,0.00030000000000000003,0.00030000000000000003,0.00030000000000000003,0.00030000000000000003,0.00030000000000000003,0.00030000000000000003,,0.00030000000000000003,8.400000000000001e-06
2023-06-04,0.0002485,0.00015705,0.00019143,0.00030000000000000003,0.00030000000000000003,0.00030000000000000003,0.00030000000000000003,0.00030000000000000003,0.00030000000000000003,0.00030000000000000003,,0.00030000000000000003,6.135e-05
2023-06-05,0.00027393999999999997,0.00010106999999999999,0.00010125,0.00030000000000000003,0.00030000000000000003,0.00030000000000000003,0.00030000000000000003,0.00030000000000000003,0.00030000000000000003,0.00030000000000000003,,0.00030000000000000003,-1.1840000000000002e-05
2023-06-06,-5.9159999999999996e-05,3.8839999999999994e-05,0.0,8.31e-05,4.2739999999999994e-05,-0.00031523,-2.492e-05,0.00016670999999999998,0.00010564,0.00021323000000000002,,0.00030000000000000003,-6.455e-05
2023-06-07,0.00024005,0.00022658000000000002,0.0,0.00029314,0.00016289,0.00013198000000000002,0.00028161,0.00029678,0.00030000000000000003,0.00030000000000000003,,0.00030000000000000003,-0.00022134999999999999
2023-06-08,0.00012605,0.00018296000000000002,0.0,0.00018736000000000002,0.00030000000000000003,0.00024891,-0.00013098,0.00017872,0.00018726,0.0002786,,0.00030000000000000003,-0.00034869999999999996
2023-06-09,0.00018908,0.00015641,0.0,0.0002504,0.00030000000000000003,0.00030000000000000003,5.01e-05,0.00028258,0.00030000000000000003,0.00028752,,0.00030000000000000003,-0.00034403
2023-06-10,0.00014973,0.00013209999999999999,-0.00035925999999999997,-0.00017591999999999998,-0.00067182,-0.00010658999999999997,-0.00059945,0.00018849,7.776000000000001e-05,-0.0008551699999999999,,0.00030000000000000003,-6.0270000000000004e-05
2023-06-11,0.00013571999999999998,0.00010465999999999999,-0.00046824000000000003,-0.00027108,-0.00134424,-0.00041618,-0.00076533,-8.775e-05,-0.00023877,-0.0013185,,0.00030000000000000003,-0.00025456000000000003
2023-06-12,0.00015349,0.00020058,-0.00076728,0.0002474,-0.0005021,-3.550000000000005e-06,-5.803e-05,0.00014041,0.00025332999999999996,-0.00085336,,0.00030000000000000003,-0.00013845
2023-06-13,0.00022683000000000002,0.00017829,-0.00040573,2.5640000000000005e-05,-0.0003638,0.00020516,-1.509e-05,0.00014104999999999999,0.00017751,-0.00040928000000000004,,0.00030000000000000003,-0.0002204
2023-06-14,8.815e-05,0.00013449,-0.0009036599999999999,-0.00017918,-9.069000000000001e-05,0.00018299,-0.00020024,0.00013064,7.188e-05,-0.00025918,,0.00030000000000000003,-0.00032671
2023-06-15,9.615e-05,-0.00012674,-0.00038953,-0.00016078999999999998,7.099e-05,-0.00012984000000000002,-4.872999999999999e-05,-1.2100000000000004e-05,0.00021406000000000002,-0.00028058,,0.00030000000000000003,3.0170000000000004e-05
2023-06-16,4.988e-05,-0.00014498,-0.00028702999999999997,-0.00035498,-0.00014889,0.00030000000000000003,6.007e-05,7.827999999999999e-05,4.812e-05,-9.290999999999999e-05,,0.00030000000000000003,0.00030000000000000003
2023-06-17,0.00027411,0.00016566,0.0,-0.00057735,8.858e-05,0.00020256,8.339e-05,6.604999999999999e-05,0.00012715,-0.00011137000000000001,,0.00030000000000000003,0.00030000000000000003
2023-06-18,0.00018644,3.712e-05,0.0,-0.00039617,-6.892e-05,0.00018499,-8.488e-05,0.0001668,-0.00010915999999999999,-0.00035281,,0.00030000000000000003,0.00030000000000000003
2023-06-19,0.00017127,0.00011995,0.0,-0.00017551,-0.00026872,0.00010743,-0.00020276,0.00022262,-0.00022647,-0.00055876,,0.00030000000000000003,0.00023858
2023-06-20,1.3049999999999999e-05,3.5419999999999996e-05,0.0,-7.432e-05,-0.00040371,0.00021649,-0.00015182000000000002,0.00011109999999999999,-0.00024553,-0.00040007,,0.00030000000000000003,0.00011626999999999998
2023-06-21,0.00018846,0.00010782000000000001,0.0,0.00014355,9.518999999999999e-05,0.00017799,9.748e-05,0.00028014,0.00027317,0.00019754,,0.00030000000000000003,0.00014197
2023-06-22,0.00029236,0.00030000000000000003,0.0,9.084e-05,0.00013868,0.00030000000000000003,5.954e-05,0.00025487999999999997,0.00030000000000000003,0.00024087000000000002,,0.00030000000000000003,3.215e-05
2023-06-23,0.00030000000000000003,0.00024288,0.0,0.00019060000000000003,-2.6049999999999996e-05,0.00030000000000000003,0.00018533000000000002,0.00030000000000000003,0.00030000000000000003,0.00030000000000000003,,0.00030000000000000003,7.261e-05
2023-06-24,0.00030000000000000003,0.00023414,1.262e-05,0.00026892,-0.00057857,0.00026193,4.425e-05,0.00030000000000000003,0.00029363,0.00026331,,0.00030000000000000003,0.00029878
2023-06-25,0.00030000000000000003,0.00030000000000000003,0.0,0.00029622000000000003,5.125e-05,0.00028440000000000003,-3.309000000000001e-05,0.00030000000000000003,0.00029628,0.00030000000000000003,,0.00030000000000000003,8.688e-05
2023-06-26,0.00030000000000000003,0.00024191000000000002,0.0,0.00014245,-0.0001411,0.00030000000000000003,1.6879999999999994e-05,0.00030000000000000003,0.00030000000000000003,0.00030000000000000003,,0.00030000000000000003,2.902e-05
2023-06-27,0.00030000000000000003,0.00011897999999999999,0.00011361999999999999,6.852e-05,-0.00058662,2.9879999999999992e-05,0.00017114000000000002,0.00030000000000000003,0.00029227,0.00030000000000000003,,0.00030000000000000003,-1.8619999999999998e-05
2023-06-28,0.000239,0.00016075,0.0,0.00022285000000000002,-0.00029397,0.00021818,0.00013657,0.00025419,0.00029239,0.0002425,,0.00030000000000000003,-1.8999999999999987e-07
2023-06-29,0.00025874000000000003,0.00012685000000000002,0.0,-0.00034107,-7.980000000000002e-06,-0.00038978000000000005,0.00021700000000000002,0.00019037,0.00030000000000000003,-6.384e-05,,0.00030000000000000003,-2.773e-05
2023-06-30,0.00030000000000000003,0.00023965,0.0,0.00013355000000000002,0.00012534000000000002,0.00022841000000000002,0.00024827,0.00028154,0.00030000000000000003,0.00016048,,0.00030000000000000003,4.534e-05
2023-07-01,0.00030000000000000003,0.00030000000000000003,0.00025247,0.00026554,2.6270000000000004e-05,0.0002919,0.00022201000000000002,0.00030000000000000003,0.00030000000000000003,0.00030000000000000003,,0.00030000000000000003,2.0130000000000005e-05
2023-07-02,0.00030000000000000003,0.00030000000000000003,0.00041200000000000004,0.00030000000000000003,0.00030000000000000003,0.00030000000000000003,0.00030000000000000003,0.00030000000000000003,0.00030000000000000003,0.00020773,,0.00030000000000000003,2.803e-05
2023-07-03,0.00030000000000000003,0.00030000000000000003,0.00037803,0.00030000000000000003,0.00030000000000000003,0.00030000000000000003,0.00030000000000000003,0.00035537000000000003,0.00030000000000000003,0.00030000000000000003,,0.00030000000000000003,-7.345e-05
2023-07-04,0.00030000000000000003,0.00030000000000000003,0.0,0.00030000000000000003,0.00030000000000000003,0.00030000000000000003,0.00026327,0.00030000000000000003,0.00030000000000000003,0.00030000000000000003,,0.00030000000000000003,0.00012919
2023-07-05,0.00030000000000000003,0.00030000000000000003,0.0,0.00022599000000000002,0.0001395,0.00013314000000000002,0.00024304,0.00030000000000000003,0.00030000000000000003,2.1660000000000006e-05,,0.00030000000000000003,-4.58e-05
2023-07-06,0.00019212,0.00022778000000000002,0.0,7.946e-05,4.3100000000000045e-06,-0.00013061,0.00019471,0.00023495000000000002,0.00015213,-5.7119999999999995e-05,,0.00030000000000000003,-0.00010664
2023-07-07,4.2609999999999994e-05,0.00013396,-0.00071913,5.336e-05,-2.5769999999999996e-05,-2.5629999999999997e-05,-4.002999999999998e-05,0.00016795,0.00019881,-0.00012207,,0.00030000000000000003,9.051e-05
2023-07-08,8.074e-05,4.7180000000000006e-05,-0.00016977000000000002,4.615000000000001e-05,-0.00018758000000000002,-8.601999999999999e-05,5.6120000000000005e-05,0.0001979,0.00013750999999999998,0.000253,,0.00030000000000000003,0.00015495
2023-07-09,0.00018680999999999998,9.284e-05,-8.72e-05,0.00018269,-1.6800000000000002e-05,-2.7329999999999998e-05,-2.9599999999999988e-06,0.0001763,0.00026558,0.00029046,,0.00030000000000000003,7.23e-06
2023-07-10,5.663e-05,0.00014429,-0.00025498000000000003,0.00018353,8.41000000000001e-06,6.121e-05,0.00014654000000000002,0.00014853,0.00025173000000000003,0.00021720000000000002,,0.00030000000000000003,1.872e-05
2023-07-11,0.00020229,0.00019729,-0.00174685,0.00019576,0.00030000000000000003,0.00026298,-0.00013437,0.00015239,0.00029896,0.00018426,,0.00030000000000000003,7.889e-05
2023-07-12,0.0001817,0.0002561,-0.00160764,0.00019672,0.00030000000000000003,0.00021013,2.9029999999999998e-05,0.00012106,0.00023040000000000002,0.00021897,,0.00030000000000000003,4.2149999999999995e-05
2023-07-13,5.514e-05,2.1899999999999977e-06,-0.0026531700000000003,-8.549000000000001e-05,-0.00012536,6.967e-05,-0.00012766999999999998,-4.583e-05,0.00012821000000000002,-3.520000000000007e-06,,0.00030000000000000003,-0.00025152
2023-07-14,0.00030000000000000003,0.00030000000000000003,-0.0009196300000000001,0.00063286,0.00030000000000000003,0.00030000000000000003,0.00057435,0.00030000000000000003,0.00030000000000000003,0.00030000000000000003,,0.00030000000000000003,0.00022514
2023-07-15,-1.3220000000000002e-05,0.00016771,-0.0023799299999999997,0.00030000000000000003,0.00030000000000000003,0.00030000000000000003,0.00030000000000000003,0.00015296,0.00030000000000000003,0.00030000000000000003,,0.00030000000000000003,0.00018717
2023-07-16,0.00014348,0.00014354,-0.00236583,0.00030000000000000003,-0.00019713,0.00030000000000000003,0.00030000000000000003,0.00024972,0.0001418,0.00030000000000000003,,0.00030000000000000003,6.633e-05
2023-07-17,0.00015324000000000002,9.085e-05,-0.00240067,0.00030000000000000003,-0.00011904999999999998,0.00021500000000000002,0.00030000000000000003,0.00015142,1.846000000000001e-05,0.00028030000000000004,,0.00030000000000000003,0.00013838
2023-07-18,0.00018258,0.00022396,-0.0005037800000000001,0.00025528,0.00030000000000000003,0.00030000000000000003,0.00029171000000000004,0.00028929,0.00030000000000000003,0.00030000000000000003,,0.00030000000000000003,2.5289999999999997e-05
2023-07-19,0.00022914000000000002,0.00025699,0.00024376,0.00030000000000000003,0.00030000000000000003,0.00030000000000000003,0.00030000000000000003,0.00030000000000000003,0.00030000000000000003,0.00030000000000000003,,0.00030000000000000003,-2.8130000000000003e-05
2023-07-20,0.00017856,0.00018976,0.00017592,0.00024362,0.00025928,0.00030000000000000003,0.00027165,0.00019684000000000002,0.00030000000000000003,0.00030000000000000003,,0.00030000000000000003,-6.21e-05
2023-07-21,7.371e-05,9.647e-05,0.00035267999999999996,0.00017623,0.00030000000000000003,0.00023175000000000002,9.076e-05,0.00026146000000000003,0.00030000000000000003,0.0002242,,0.00030000000000000003,-3.526e-05
2023-07-22,3.316e-05,7.003e-05,0.00020523999999999998,0.00018726000000000002,0.00030000000000000003,0.00023107,0.00022099,0.00023353,0.00030000000000000003,0.00016089,,0.00030000000000000003,9.549999999999998e-06
2023-07-23,0.0002228,0.00010392999999999999,0.00015333000000000002,0.00020174,0.00030000000000000003,0.00030000000000000003,0.00024831,0.0002946,0.00030000000000000003,0.00019085,,0.00030000000000000003,0.00016590000000000002
2023-07-24,0.00024338000000000002,0.00017087,1.192e-05,0.00019575000000000001,0.00030000000000000003,0.00027991,0.00024329,0.00017821999999999998,0.00030000000000000003,0.00028705,,0.00030000000000000003,0.00023647000000000002
2023-07-25,0.0002408,0.00025879,8.855e-05,0.00012147,0.00030000000000000003,8.274e-05,5.3349999999999996e-05,-1.999999999999998e-06,0.00018680000000000001,0.0001246,,0.00030000000000000003,0.00024249
2023-07-26,0.00025219,0.00025697999999999997,1.89e-06,0.00018896,0.00030000000000000003,0.00019054,0.00013752,0.0001374,0.00015981,0.00016101,,0.00030000000000000003,0.00021013
2023-07-27,9.842e-05,0.00022112,7.437000000000001e-05,0.00018522,0.00030000000000000003,0.00028733000000000003,0.00013521,0.00011513,0.00015994,1.636e-05,,0.00030000000000000003,-3.390000000000003e-06
2023-07-28,0.00021048,0.00019717999999999998,7.312e-05,0.00030000000000000003,0.00030000000000000003,0.00020585,0.00030000000000000003,0.00029511,0.00020968,0.00026501,,0.00030000000000000003,-0.00010319
2023-07-29,0.00022097000000000002,0.00021485,9.95e-05,0.00030000000000000003,0.00030000000000000003,0.00023675,0.00028555000000000003,0.00027352,0.00019597,0.00019332000000000003,,0.00030000000000000003,-2.431e-05
2023-07-30,0.00018068,0.00015635,0.00024243000000000002,0.00030000000000000003,0.00030000000000000003,0.00030000000000000003,0.00029213000000000004,0.00029982,0.00026076,0.00029068000000000003,,0.00030000000000000003,4.518e-05
2023-07-31,0.0001797,4.4399999999999995e-05,0.00020701,0.00029110000000000003,0.00030000000000000003,9.452999999999999e-05,0.00011376999999999999,0.00023451,0.00018131,0.00014826,,0.00030000000000000003,3.2099999999999994e-05
2023-08-01,0.00023068,0.00021038000000000003,0.00014076,0.00017254,0.00030000000000000003,0.00019764,0.00024913,0.00026896,0.00026223,4.464e-05,,0.00030000000000000003,-4.023e-05
2023-08-02,0.00030000000000000003,0.00030000000000000003,0.0,0.00030000000000000003,0.00030000000000000003,0.00029463,6.234e-05,0.00024844,0.00030000000000000003,0.00014368,,0.00030000000000000003,-0.00020925
2023-08-03,0.00030000000000000003,0.00030000000000000003,0.0,0.00020837,0.00021298,0.00025775,4.4449999999999996e-05,0.0001807,0.00028164,3.742e-05,,0.00030000000000000003,0.00023679000000000001
2023-08-04,0.00028116,0.0002483,0.0,0.00030000000000000003,-0.00013621,0.00025899,8.626e-05,8.787e-05,0.00024554000000000004,-0.00010228,,0.00030000000000000003,0.00025277000000000003
2023-08-05,0.00024181000000000002,0.00026081,0.0,0.00027068000000000003,0.00030000000000000003,0.00022926,0.00016512,0.00030000000000000003,0.00022862000000000002,-7.865000000000001e-05,,0.00030000000000000003,0.00030000000000000003
2023-08-06,0.00030000000000000003,0.00021885,1.099e-05,0.00019534,0.00030000000000000003,0.00026287,0.00016502000000000002,0.00024741,0.00023710000000000002,9.740000000000001e-05,,0.00030000000000000003,0.00012846
2023-08-07,0.00027669,0.00029331,0.0,0.00030000000000000003,0.00030000000000000003,0.00025665000000000003,0.00027203000000000004,0.00030000000000000003,0.00030000000000000003,0.00030000000000000003,,0.00030000000000000003,0.00029522
2023-08-08,0.0002508,0.00021637000000000002,0.0,0.00023003000000000002,0.00026479,0.00027843000000000003,0.0002721,0.0002943,0.00030000000000000003,0.00018186,,0.00030000000000000003,0.00030000000000000003
2023-08-09,0.00026514,0.00018274,0.00015375,9.01e-05,0.00030000000000000003,0.00030000000000000003,0.00016402,0.00012848999999999998,0.00025002,0.00030000000000000003,,0.00030000000000000003,0.00027215000000000003
2023-08-10,0.00028277,0.00027595,0.0,0.00028597000000000003,0.00030000000000000003,0.00030000000000000003,0.00030000000000000003,0.00025699,0.00030000000000000003,0.00022031,,0.00030000000000000003,-0.00020649999999999998
2023-08-11,0.00027123,8.57e-05,-0.00065706,0.00030000000000000003,0.00030000000000000003,0.00030000000000000003,0.00025018,0.00017514,0.00030000000000000003,1.9260000000000002e-05,,0.00030000000000000003,-3.757e-05
2023-08-12,0.00029305,0.00017558,-0.00059254,0.00030000000000000003,0.00028895,0.00029396,0.00030000000000000003,0.00024863,0.00030000000000000003,0.00012476999999999999,,0.00030000000000000003,6.585e-05
2023-08-13,0.00024637,0.00018191,-0.00049746,0.00027326,0.00021272,0.00030000000000000003,0.00022619,0.0002196,0.00030000000000000003,-0.00033932,,0.00030000000000000003,0.0001367
2023-08-14,0.00030000000000000003,0.00029882,-9.373e-05,0.00030000000000000003,0.00026163,0.00030000000000000003,0.00020226,0.00024687,0.00030000000000000003,0.00019393,,0.00030000000000000003,0.00011412
2023-08-15,0.00030000000000000003,0.00026382,-0.00029777,0.00027825,0.00014352,0.00025154,0.00027225000000000003,0.00030000000000000003,0.00030000000000000003,0.00030000000000000003,,0.00030000000000000003,0.00011549
2023-08-16,0.00030000000000000003,0.00026773,-0.00104814,0.00012769000000000002,-0.00018078,-0.00029727999999999997,0.00025907,-8.871e-05,0.00013729,-0.00032061,,0.00030000000000000003,0.00013984999999999998
2023-08-17,0.00030000000000000003,0.00024572,-0.00045356,0.00021529,-0.0003565,0.00020469,0.00013088,-5.138e-05,0.00025298,-0.00010499000000000001,,0.00030000000000000003,0.00013918
2023-08-18,0.0001512,-5.945e-05,-0.00091718,-6.352e-05,-0.0005191,-0.00036306,-0.00023562,-3.322999999999999e-05,-6.573999999999999e-05,-0.00107485,,0.00030000000000000003,0.00010457999999999999
2023-08-19,-5.8819999999999996e-05,-0.0002079,-0.0007700700000000001,-0.00010591999999999999,-0.0004004,2.197999999999999e-05,-0.00018771,-0.00055985,0.00028255,-9.106e-05,,0.00030000000000000003,0.000121
2023-08-20,-7.626e-05,-0.00022162,-0.00040457000000000004,-5.891e-05,-0.0001715,-0.0001,-0.00016722,-0.00056589,0.00011686,-0.0005579199999999999,,0.00030000000000000003,5.773e-05
2023-08-21,-3.6e-05,-7.782999999999999e-05,-0.00108081,0.00012895000000000002,4.899999999999997e-06,0.00013617000000000002,-0.00011525999999999999,-0.00038828,0.00014675,-0.00010913999999999999,,0.00030000000000000003,4.132e-05
2023-08-22,8.12e-06,-6.664e-05,-0.00104268,-7.357e-05,6.332999999999999e-05,7.902e-05,8.768e-05,-0.00019892,0.00028069,-0.0006279,,0.00030000000000000003,-7.117999999999999e-05
2023-08-23,2.9659999999999997e-05,-1.885e-05,-0.00057918,1.7910000000000003e-05,-0.00028817999999999997,8.109999999999999e-05,-0.00012464000000000003,0.00010324,0.00016936,-0.0008271299999999999,,0.00030000000000000003,-3.813e-05
2023-08-24,4.5839999999999995e-05,-1.95e-06,-0.00023809,-8.669999999999999e-05,5.431e-05,-5.885999999999999e-05,-0.00017553,1.7400000000000003e-05,0.00017798,-0.00047935999999999996,,0.00030000000000000003,-3.222e-05
2023-08-25,7.361e-05,-3.723e-05,0.0,9.192e-05,0.00019096,0.00016124,-0.00032477,6.764000000000001e-05,2.349e-05,-0.00061029,,0.00030000000000000003,-5.88e-06
2023-08-26,0.0001125,-2.798e-05,0.0,0.00010357000000000001,-0.00037441000000000004,9.397e-05,-0.0005691299999999999,0.0002709,9.898e-05,-0.00038518000000000005,,0.00030000000000000003,-1.139e-05
2023-08-27,5.3070000000000005e-05,4.63e-05,0.0,0.00019107,-0.00031009,-0.00010395999999999999,-0.00046310000000000004,0.0002836,0.00010225,0.00014121,,0.00030000000000000003,-0.00017537
2023-08-28,8.553e-05,7.130000000000001e-06,0.0,0.00011435,-5.977999999999999e-05,0.00019666,-2.8349999999999998e-05,0.00018626,0.00017766,1.2609999999999996e-05,,0.00030000000000000003,-0.00013267
2023-08-29,-6.340999999999999e-05,-8.446000000000001e-05,0.0,-0.00014620000000000003,0.00014818,9.396000000000002e-05,-0.0003146,0.00014888,-0.00019748,-0.0002807,,0.00030000000000000003,-0.00030052
2023-08-30,0.00014543,0.00019381000000000002,0.0,0.00023076,7.281e-05,0.0002245,0.00020957000000000001,0.00029418,0.00014722000000000002,0.00020114,,0.00030000000000000003,0.00018584
2023-08-31,0.00017873000000000002,0.00011957999999999999,0.0,0.00014397000000000002,9.353000000000001e-05,0.00016667,-0.00022774,0.0002071,-0.00014239,1.76e-05,,0.00030000000000000003,9.436000000000001e-05
2023-09-01,0.00014805,4.177e-05,0.0,2.6150000000000005e-05,-0.00019217,0.00029791,-0.00017735,-7.211e-05,-5.465e-05,-0.00049,,0.00030000000000000003,8.822999999999999e-05
2023-09-02,4.917e-05,-2.11e-06,0.0,-0.00018647,3.067999999999999e-05,0.00020798,-0.00013141000000000002,-0.00015399,-1.799e-05,-0.00047433,,0.00030000000000000003,0.00013899
2023-09-03,7.964e-05,-1.7059999999999996e-05,0.0,-0.00010653,-0.00032828,-9.012e-05,-7.56e-05,3.069e-05,-9.439e-05,-0.00030968,,0.00030000000000000003,0.0002664
2023-09-04,3.1e-05,-6.847000000000001e-05,0.0,0.00011423999999999999,-0.00016954,-4.075e-05,-3.382999999999999e-05,7.656e-05,3.6809999999999995e-05,-5.8449999999999984e-05,,0.00030000000000000003,4.3119999999999994e-05
2023-09-05,5.394e-05,4.393e-05,0.0,0.00021818,0.00018706000000000001,0.00016599000000000003,-0.00015254,0.00012497,0.00010911,-8.58e-05,,0.00030000000000000003,4.3400000000000025e-06
2023-09-06,1.109e-05,5.4369999999999996e-05,0.0,5.0480000000000005e-05,0.00013043,9.859e-05,2.302e-05,8.416e-05,9.015e-05,6.797e-05,,0.00030000000000000003,6.029e-05
2023-09-07,0.00014637,0.00016687,0.0,0.00023333000000000002,0.00025962,0.00015521,-2.4659999999999998e-05,0.00010306,0.00012884,-3.909000000000001e-05,,0.00030000000000000003,-7.58e-05
2023-09-08,-2.704e-05,0.00010778,0.0,-1.5129999999999999e-05,3.977000000000001e-05,9.601000000000001e-05,-0.00043625,2.6839999999999994e-05,4.553e-05,-0.0002053,,0.00030000000000000003,-0.00010272999999999999
2023-09-09,-4.011e-05,0.00012469,0.0,0.00019189,-0.00013785999999999998,0.00027131000000000003,-0.00048634000000000004,-0.0001255,9.782e-05,-9.23e-05,,0.00030000000000000003,8.044000000000001e-05
2023-09-10,5.8299999999999994e-05,6.249e-05,0.0,0.00020671,-0.00039413999999999996,-0.00034376000000000003,-0.00110387,-2.678e-05,0.00018555,-0.00098358,,0.00030000000000000003,2.9970000000000003e-05
2023-09-11,3.361e-05,9.96e-05,0.0,-4.243e-05,-0.00014414,1.452e-05,-0.00065799,7.918e-05,-3.325e-05,-0.00043816,,0.00030000000000000003,-3.964000000000001e-05
2023-09-12,4.653e-05,-7.806000000000001e-05,0.0,-0.00033188,9.552999999999999e-05,7.312e-05,-0.00017032,-2.146e-05,-7.013e-05,0.00017758,,0.00030000000000000003,-5.8660000000000004e-05
2023-09-13,6.701e-05,2.614e-05,0.0,-4.632e-05,0.00015804,0.00024161,-0.0003864,8.957e-05,0.0001383,-0.00029644000000000003,,0.00030000000000000003,0.00018715
2023-09-14,-8.590000000000004e-06,-1.0279999999999996e-05,0.0,0.00015157000000000001,-1.0329999999999998e-05,6.359e-05,-0.00055771,0.00012373,-5.2879999999999995e-05,-0.00017743000000000001,,0.00030000000000000003,0.00024438
2023-09-15,4.159e-05,2.130000000000001e-05,-5.152e-05,0.00019512000000000002,0.00010754,0.00019674999999999998,-0.00034166999999999997,0.00014638999999999999,0.00020823,8.181999999999999e-05,,0.00030000000000000003,0.00026625
2023-09-16,-8.862e-05,0.00011154,0.0,0.00017811,3.733e-05,0.00010504,-0.00018214000000000001,0.00026558,0.00026677,0.00011525000000000001,,0.00030000000000000003,0.00030000000000000003
2023-09-17,2.688e-05,5.513e-05,0.0,0.00018538000000000002,-0.00022915999999999998,0.00023184,-0.00034065,0.00016649000000000001,0.00019988,-0.00024293,,0.00030000000000000003,0.00024952
2023-09-18,-6.703e-05,4.963e-05,0.0,0.00019521000000000002,-0.00016378999999999998,0.00014999000000000002,-0.00052766,0.00016692,0.00025131999999999997,-0.00026972,,0.00030000000000000003,0.00022062
2023-09-19,-1.2600000000000001e-05,-1.393e-05,2.55e-05,0.00024772,0.00013896,0.00019443,-6.741e-05,8.069e-05,4.344e-05,-5.843000000000001e-05,,0.00030000000000000003,0.0002485
2023-09-20,-7.382000000000001e-05,9.91e-05,0.0,1.6999999999999973e-06,0.00012237,-5.459e-05,-0.00032153,0.00018979,0.00023319,-0.00013088,,0.00030000000000000003,0.00010054000000000001
2023-09-21,0.00011703,0.00010821000000000001,0.0,0.00020228,-0.00064233,0.00023696,2.7340000000000006e-05,9.419e-05,0.00020675,-5.965e-05,,0.00030000000000000003,8.125999999999999e-05
2023-09-22,3.1079999999999994e-05,8.629e-05,0.0,0.00027371000000000003,0.00028523000000000003,0.0001741,6.823e-05,6.788999999999999e-05,0.00025901,-3.5430000000000005e-05,,0.00030000000000000003,5.008e-05
2023-09-23,8.441e-05,8.101e-05,0.0,0.00018198,0.00030000000000000003,0.00023221,0.00021927,7.774e-05,0.0001149,0.00015214000000000002,,0.00030000000000000003,0.000149
2023-09-24,6.215999999999999e-05,7.104e-05,0.0,0.00024218000000000002,0.00030000000000000003,0.00024133,0.00015926,8.317e-05,9.599000000000001e-05,0.00024587000000000003,,0.00030000000000000003,1.534e-05
2023-09-25,0.00012097,0.00012292,0.0,0.0001694,0.00030000000000000003,3.421e-05,1.0560000000000004e-05,0.00020978000000000001,0.00019864,2.4200000000000005e-05,,0.00030000000000000003,-9.956e-05
2023-09-26,5.009999999999994e-06,0.00013702,9.838e-05,5.886e-05,0.00027286,0.00023891,-2.4750000000000005e-05,0.00026102000000000005,0.00019312000000000002,0.00011115,,0.00030000000000000003,-2.3609999999999992e-05
2023-09-27,0.00015396,0.00015649000000000001,7.212000000000001e-05,5.507e-05,0.00030000000000000003,0.00027165,0.00013258,0.00028652,0.00023612,0.00030000000000000003,,0.00030000000000000003,-0.00025214
2023-09-28,-5.639e-05,7.357e-05,0.00010234,0.0002745,0.00023525,0.00030000000000000003,-0.00010045999999999997,0.00025241,0.00012473,0.00030000000000000003,,0.00030000000000000003,-4.361e-05
2023-09-29,-5.9850000000000005e-05,4.048e-05,5.45e-06,0.00025692,0.00025024,0.0002541,-0.00014352,0.00024724999999999997,4.915e-05,0.00023949000000000003,,0.00030000000000000003,0.00012852000000000002
2023-09-30,4.032e-05,-3.3800000000000015e-06,0.0,0.00024739,0.00030000000000000003,0.00024172,-0.0005639499999999999,0.00019161,0.00012064,0.00029778,,0.00030000000000000003,0.00022799
2023-10-01,-2.5869999999999998e-05,3.145e-05,0.00017526,0.00030000000000000003,0.00026517,8.765e-05,-0.00035046000000000003,0.00030000000000000003,2.2879999999999998e-05,0.00026585,,0.00030000000000000003,0.00025286000000000004
2023-10-02,5.0820000000000005e-05,0.0002268,0.00012119999999999999,0.00025756,-3.766e-05,0.00023875,0.00012041000000000001,0.00019701,3.4250000000000006e-05,0.00021914,,0.00030000000000000003,0.00024928
2023-10-03,8.339e-05,8.854e-05,0.0,0.00022286000000000002,0.00026336,0.00020798,-0.00016043999999999997,0.00020878,-4.807e-05,0.00023812,,0.00030000000000000003,0.00016316
2023-10-04,9.374000000000001e-05,7.976e-05,0.0,0.00017777,0.00019753000000000001,-9.292e-05,-0.00033803,0.00011768,3.03e-05,0.00020799,,0.00030000000000000003,0.00012862
2023-10-05,-0.00010376999999999999,6.822e-05,5.114e-05,0.00013986,9.659e-05,1.2990000000000003e-05,-0.00051404,0.0001035,1.910000000000002e-06,0.00029092,,0.00030000000000000003,9.942e-05
2023-10-06,-2.819e-05,0.00024378,5.307e-05,0.0001674,0.00022374,0.00022389,-0.00010075,8.849e-05,3.339e-05,-9.817e-05,,0.00030000000000000003,4.437e-05
2023-10-07,7.056e-05,0.00015819,5.017e-05,0.00010952000000000001,0.00030000000000000003,0.00024996,-0.00015936,5.853e-05,0.00029177,7.772000000000001e-05,,0.00030000000000000003,0.00025501
2023-10-08,6.451e-05,0.00028085,0.00015689,0.00023134000000000002,0.00029134,0.00023555,-0.00014371000000000002,0.00019061,0.00023692,0.00028389,,0.00030000000000000003,0.00024976
2023-10-09,0.00015345000000000002,0.00020507000000000001,0.0,-2.3550000000000003e-05,3.512e-05,-0.0003469,-0.0002096,0.00020917,0.00020583,0.00020428999999999998,,0.00030000000000000003,4.918e-05
2023-10-10,0.00012791000000000001,0.00020636,0.0,-0.00012983,0.00024099,-0.00025127,-0.00042926,0.00022619,0.00018098,6.649999999999999e-06,,0.00030000000000000003,5.9669999999999996e-05
2023-10-11,0.00020567,0.00012374,0.0,8.891e-05,0.00026104000000000004,-1.9640000000000002e-05,-0.00020233000000000002,0.00012505,0.00030000000000000003,7.946e-05,,0.00030000000000000003,-3.631e-05
2023-10-12,0.00019965,0.00013828,0.0,0.00010887,0.00027215000000000003,-0.00013031999999999996,-4.624e-05,0.00023101,0.00028373,0.00021608,,0.00030000000000000003,-0.00015003
2023-10-13,6.659e-05,9.859e-05,0.0,0.00024452,0.00017664999999999998,0.00016861,-0.00019459,-1.744e-05,0.00013686999999999998,9.829e-05,,0.00030000000000000003,-0.00016204000000000001
2023-10-14,4.772e-05,0.00010826,0.0,0.00018174,-3.151e-05,0.00018125000000000001,-0.00054204,6.225000000000001e-05,0.00013131,-2.9900000000000036e-06,,0.00030000000000000003,-7.006e-05
2023-10-15,5.007e-05,0.00014398,0.0,0.00025162000000000003,0.00014416,0.00026255,-4.979999999999999e-05,0.00010908,9.053e-05,0.00015032,,0.00030000000000000003,-6.693999999999999e-05
2023-10-16,0.00010183,0.00017985,1.842e-05,0.00014861,6.301999999999999e-05,0.00026969,-0.00030237,0.00015184,2.027e-05,0.00021287,,0.00030000000000000003,-6.057999999999999e-05
2023-10-17,-6.140000000000002e-06,0.00011256,0.00017813,0.00021235,-7.908000000000001e-05,0.00022544,-0.00011026,0.00025957,0.00022824,0.00010381,,0.00030000000000000003,-2.1769999999999997e-05
2023-10-18,-2.9149999999999997e-05,0.00013827000000000002,0.0,0.00019239000000000002,-0.00023912,0.00027912,0.00013979,0.00027396,0.00016782,0.00021218000000000002,,0.00030000000000000003,0.00014481
2023-10-19,-0.00012658,0.00013081,0.0,-2.63e-05,-0.0002296,7.163999999999998e-05,-0.00027338,-4.441e-05,0.00025553,-6.324999999999999e-05,,0.00030000000000000003,1.848e-05
2023-10-20,-4.647000000000001e-05,0.00016852000000000002,0.00023009000000000001,0.00013456,-3.0499999999999996e-06,0.00026732000000000004,-0.0006226900000000001,0.00019452,0.00024012000000000003,0.00012908,,0.00030000000000000003,8.177e-05
2023-10-21,8.616e-05,0.00010408,0.00018132,0.00012257000000000001,0.00011876000000000001,0.00027590000000000004,-0.00011852999999999999,5.829e-05,0.00030000000000000003,0.00016128,,0.00030000000000000003,0.00030000000000000003
2023-10-22,8.261e-05,0.00010805999999999999,0.00030505,0.00023084,0.00015058,0.00016221,-8.889999999999999e-05,0.00024655,0.00026596,0.00013296,,0.00030000000000000003,0.00030000000000000003
2023-10-23,0.00018488,0.00012738000000000002,0.00032812,0.00030000000000000003,0.00026354000000000004,0.00030000000000000003,1.609e-05,0.00020145999999999999,0.00023223000000000002,0.00025204000000000003,,0.00030000000000000003,0.00030000000000000003
2023-10-24,0.00030000000000000003,0.00030000000000000003,0.00040091,0.00030000000000000003,0.00030000000000000003,0.00030000000000000003,0.00030000000000000003,0.00030000000000000003,0.00030000000000000003,0.00030000000000000003,,0.00030000000000000003,0.00021605000000000002
2023-10-25,0.00030000000000000003,0.00030000000000000003,0.00045671,0.00030000000000000003,0.00030000000000000003,0.00030000000000000003,0.00030000000000000003,0.00030000000000000003,0.00030000000000000003,0.00030000000000000003,,0.00030000000000000003,0.00019071
2023-10-26,0.00030000000000000003,0.00030000000000000003,0.00062142,0.00030000000000000003,0.00030000000000000003,0.00030000000000000003,0.00024969,0.00030000000000000003,0.00030000000000000003,0.00030000000000000003,,0.00030000000000000003,0.00028415
2023-10-27,0.00030000000000000003,0.00030000000000000003,0.00045704000000000003,0.00030000000000000003,0.00030000000000000003,0.00030000000000000003,0.00030000000000000003,0.00030000000000000003,0.00030000000000000003,0.00030000000000000003,,0.00030000000000000003,0.00023252
2023-10-28,0.00030000000000000003,0.00030000000000000003,0.00010917,0.00030000000000000003,0.00030000000000000003,0.00030000000000000003,0.00030000000000000003,0.00030000000000000003,0.00030000000000000003,0.00030000000000000003,,0.00030000000000000003,0.00028738
2023-10-29,0.00030000000000000003,0.00030000000000000003,0.00015066,0.00030000000000000003,0.00030000000000000003,0.00040663,0.00030000000000000003,0.00030000000000000003,0.00030000000000000003,0.00030000000000000003,,0.00030000000000000003,0.00014992
2023-10-30,0.00030000000000000003,0.00030000000000000003,0.00032596,0.00031666,0.00030000000000000003,0.00030494,0.00029376,0.00030000000000000003,0.00030000000000000003,0.00030000000000000003,,0.00030000000000000003,0.00023606
2023-10-31,0.00030000000000000003,0.00030000000000000003,0.00035048999999999996,0.00035788,0.00030000000000000003,0.00062471,0.00024712000000000003,0.00030000000000000003,0.00030000000000000003,0.00038155999999999997,,0.00030000000000000003,0.00010171
2023-11-01,0.00030000000000000003,0.00030000000000000003,0.00013267999999999998,0.00030000000000000003,0.00030000000000000003,0.00030000000000000003,-0.00039513,0.00038222,0.00030000000000000003,0.00030000000000000003,,0.00030000000000000003,-9.619999999999998e-06
2023-11-02,0.00030000000000000003,0.0005734199999999999,0.00087247,0.00039008,0.0003843,0.00077072,0.00030000000000000003,0.00069977,0.0006087000000000001,0.00078269,,0.00030000000000000003,0.00013658
2023-11-03,0.00030000000000000003,0.00030000000000000003,0.00046951,0.00039504,0.00030000000000000003,0.0003219,0.00030000000000000003,0.00030000000000000003,0.00039644,0.00030000000000000003,,0.00030000000000000003,-2.848e-05
2023-11-04,0.00030000000000000003,0.00030000000000000003,0.00045737,0.00032373,0.00030000000000000003,0.00049981,0.00030000000000000003,0.00030000000000000003,0.00056518,0.00030000000000000003,,0.00030000000000000003,0.00026593
2023-11-05,0.00030000000000000003,0.00030000000000000003,0.00015671,0.00060652,0.00030000000000000003,0.00051333,0.00030000000000000003,0.00030000000000000003,0.00077764,0.00032048,,0.00030000000000000003,0.00030000000000000003
2023-11-06,0.00030000000000000003,0.00030000000000000003,0.0005299300000000001,0.00033349,0.00030000000000000003,0.0005192700000000001,0.00035286,0.00030000000000000003,0.00030935,0.00043531,,0.00030000000000000003,0.00030000000000000003
2023-11-07,0.00030000000000000003,0.00030000000000000003,0.00067053,0.00047634,0.00030000000000000003,0.00030000000000000003,0.00040579,0.00030000000000000003,0.00036146,0.00037322,,0.00030000000000000003,0.0001137
2023-11-08,0.00030000000000000003,0.00030000000000000003,0.00072203,0.00032297,0.00030000000000000003,0.00030000000000000003,0.00037143,0.00030000000000000003,0.00030000000000000003,0.00031836,,0.00030000000000000003,0.00030000000000000003
2023-11-09,0.00040027,0.00091131,0.0005256799999999999,0.0006755400000000001,0.00039956,0.0005968,0.00048089,0.00042940000000000003,0.0009203799999999999,0.00066464,,0.00030000000000000003,0.00014054
2023-11-10,0.00031682,0.00081613,0.00036762,0.00069516,0.00030000000000000003,0.00030000000000000003,0.00036897,0.00030000000000000003,0.00050563,0.00058805,,0.00030000000000000003,-3.322e-05
2023-11-11,0.00041254999999999997,0.00054424,0.0008003000000000001,0.00056168,0.00053273,0.00076035,0.00050654,0.00056229,0.0006444,0.00082773,,0.00030000000000000003,0.00021413
2023-11-12,0.00066138,0.00050624,0.00018073999999999998,0.00072456,0.0004901899999999999,0.0004958499999999999,0.00084764,0.0006782,0.00052417,0.00064264,,0.00030000000000000003,0.00022363
2023-11-13,0.0006385200000000001,0.0007861,0.00057521,0.0008521900000000001,0.00045356,0.00070115,0.00093719,0.00061399,0.00049739,0.00070286,,0.00030000000000000003,0.00015277999999999998
2023-11-14,0.00048228,0.00042451,0.00050917,0.00054948,0.00030000000000000003,0.00049745,0.00084577,0.00036834,0.00034851,0.00039237,,0.00030000000000000003,-0.00024406999999999999
2023-11-15,0.00030000000000000003,0.00030000000000000003,0.00043814,0.00030000000000000003,0.00031725000000000004,0.00047212,0.00049883,0.00041557,0.00030000000000000003,0.00031820000000000004,,0.00030000000000000003,0.00026257
2023-11-16,0.00037213000000000003,0.00030000000000000003,0.00060164,0.00030000000000000003,0.00049412,0.0008904799999999999,0.00076596,0.00038815000000000003,0.00030000000000000003,0.0008153500000000001,,0.00030000000000000003,0.00010023000000000001
2023-11-17,0.00030000000000000003,0.00030000000000000003,0.00011211,0.00030000000000000003,0.00030000000000000003,0.00042572,0.00030000000000000003,0.00030000000000000003,0.00030000000000000003,0.00030000000000000003,,0.00030000000000000003,-6.697e-05
2023-11-18,0.00030000000000000003,0.00030000000000000003,0.00020004000000000002,0.00030000000000000003,0.00030000000000000003,0.00030000000000000003,0.00030000000000000003,0.00030000000000000003,0.00030000000000000003,0.00030000000000000003,,0.00030000000000000003,9.501e-05
2023-11-19,0.00030000000000000003,0.00030000000000000003,0.00012359,0.00030000000000000003,0.00030000000000000003,0.00030000000000000003,0.00030000000000000003,0.00030000000000000003,0.00030000000000000003,0.00030000000000000003,,0.00030000000000000003,0.00030000000000000003
2023-11-20,0.00030000000000000003,0.00030000000000000003,0.0004322,0.00030000000000000003,0.00030000000000000003,0.00039796,0.00030000000000000003,0.00030000000000000003,0.00030000000000000003,0.00030000000000000003,,0.00030000000000000003,0.00030000000000000003
2023-11-21,0.00030000000000000003,0.00030000000000000003,0.0007579,0.00030000000000000003,0.00030000000000000003,0.00032412,0.00030000000000000003,0.00030000000000000003,0.00030000000000000003,0.00030000000000000003,,0.00030000000000000003,6.518000000000001e-05
2023-11-22,0.00030000000000000003,0.00030000000000000003,0.00024064000000000003,0.00030000000000000003,0.00030000000000000003,0.00030000000000000003,0.00030000000000000003,0.00030000000000000003,0.00030000000000000003,0.00030000000000000003,,0.00030000000000000003,-0.00014361
2023-11-23,0.00030000000000000003,0.00030000000000000003,0.00020032,0.00030000000000000003,0.00030000000000000003,0.00030000000000000003,0.00030000000000000003,0.00030000000000000003,0.00030000000000000003,0.00030000000000000003,,0.00030000000000000003,0.00018933
2023-11-24,0.00030000000000000003,0.00030000000000000003,0.00022118000000000002,0.00030000000000000003,0.00030000000000000003,0.00030000000000000003,0.00030000000000000003,0.00030000000000000003,0.00030000000000000003,0.00030000000000000003,,0.00030000000000000003,8.740000000000001e-05
2023-11-25,0.00030000000000000003,0.00030000000000000003,0.00040301,0.00030000000000000003,0.00030000000000000003,0.00032286,0.00030000000000000003,0.00030000000000000003,0.00030000000000000003,0.00030000000000000003,,0.00030000000000000003,0.00024808
2023-11-26,0.00030000000000000003,0.00030000000000000003,0.00022253,0.00030000000000000003,0.00030000000000000003,0.00030000000000000003,0.00030000000000000003,0.00030000000000000003,0.00030000000000000003,0.00033248,,0.00030000000000000003,0.00024399
2023-11-27,0.00030000000000000003,0.00030000000000000003,0.00036054,0.00030000000000000003,0.00030000000000000003,0.00030000000000000003,0.00030000000000000003,0.00030000000000000003,0.00030000000000000003,0.00030000000000000003,,0.00030000000000000003,-0.00011484
2023-11-28,0.00030000000000000003,0.00030000000000000003,0.0003367,0.00030000000000000003,0.00030000000000000003,0.00030000000000000003,0.00030000000000000003,0.00030000000000000003,0.00030000000000000003,0.00030000000000000003,,0.00030000000000000003,-0.00039076
2023-11-29,0.00030000000000000003,0.00030000000000000003,0.00046183,0.00030000000000000003,0.00030000000000000003,0.00030000000000000003,0.00030000000000000003,0.00030000000000000003,0.00030000000000000003,0.00030000000000000003,,0.00030000000000000003,-0.00012464
2023-11-30,0.00030000000000000003,0.00030000000000000003,0.0006198800000000001,0.00030000000000000003,0.00030000000000000003,0.00030000000000000003,0.00030000000000000003,0.00030000000000000003,0.00030000000000000003,0.00030000000000000003,,0.00030000000000000003,-0.0002469
2023-12-01,0.00030000000000000003,0.00030000000000000003,0.00044014,0.00036933,0.00030000000000000003,0.00030000000000000003,0.00030000000000000003,0.00030000000000000003,0.00030000000000000003,0.00030000000000000003,,0.00030000000000000003,-0.00019888
2023-12-02,0.00025464,0.00030000000000000003,0.0004794,0.00038347,0.00034292999999999997,0.00030000000000000003,0.00050174,0.00030000000000000003,0.00030000000000000003,0.0003936,,0.00030000000000000003,-4.515e-05
2023-12-03,0.00030000000000000003,0.00030000000000000003,0.00057167,0.0005922400000000001,0.00082446,0.00040393,0.00048645,0.00030000000000000003,0.00033766000000000004,0.00034363,,0.00030000000000000003,4.740000000000002e-06
2023-12-04,0.00030000000000000003,0.00030000000000000003,0.00073582,0.00038835,0.00063387,0.00052177,0.00073853,0.0006056400000000001,0.0005007,0.00055945,,0.00030000000000000003,-9.728e-05
2023-12-05,0.00030000000000000003,0.00030000000000000003,0.00027225999999999997,0.00030000000000000003,0.000342,0.00030000000000000003,0.00030000000000000003,0.00034336,0.00031712,0.00053313,,0.00030000000000000003,-3.6519999999999996e-05
2023-12-06,0.00030000000000000003,0.00030000000000000003,0.0006362200000000001,0.00077023,0.00063731,0.00037176,0.0008295399999999999,0.00055357,0.000337,0.00098979,,0.00030000000000000003,-0.00020358
2023-12-07,0.00030000000000000003,0.00030000000000000003,0.00078255,0.00078193,0.00030000000000000003,0.0006146600000000001,0.00056868,0.0004853,0.00038521,0.00038056,,0.00030000000000000003,0.00011366
2023-12-08,0.0005353000000000001,0.00045509,0.00123471,0.00127413,0.00062291,0.00084815,0.00105651,0.0006926,0.0013643599999999998,0.00056856,,0.00030000000000000003,0.00025404000000000003
2023-12-09,0.00058855,0.0008730599999999999,0.00137403,0.00098836,0.00063137,0.00124379,0.00081615,0.00074408,0.0013127,0.00123906,,0.00030000000000000003,0.00013985
2023-12-10,0.0006503,0.00055444,0.00083424,0.00073975,0.00067404,0.0009115,0.0008373499999999999,0.00043170000000000003,0.0006935299999999999,0.00030000000000000003,,0.00030000000000000003,-0.00016575
2023-12-11,0.00034730000000000004,0.00044112000000000003,0.0005223,0.00054092,0.00030000000000000003,0.0005439,0.00047221000000000003,0.00034381,0.00044333,0.00046036000000000004,,0.00030000000000000003,-0.00020102
2023-12-12,0.00030000000000000003,0.00030000000000000003,0.0,0.00030000000000000003,0.00038769,0.00037383,0.00046862,0.00030000000000000003,0.00030000000000000003,0.00051238,,0.00030000000000000003,-0.00024451
2023-12-13,0.00034672,0.00038452,-0.00125358,0.00030000000000000003,0.00054285,0.00030000000000000003,0.00030000000000000003,0.00030000000000000003,0.00030000000000000003,0.00030000000000000003,,0.00030000000000000003,-0.00022729
2023-12-14,0.00030000000000000003,0.00030000000000000003,-0.00135899,0.00030000000000000003,0.00044804,0.00030000000000000003,0.00030000000000000003,0.00034028,0.00030000000000000003,0.00030000000000000003,,0.00030000000000000003,-3.556e-05
2023-12-15,0.00030000000000000003,0.00030419,-0.00050062,0.00047851,0.00033392999999999997,0.00038556,0.00065952,0.00054436,0.00032234,0.00059824,,0.00030000000000000003,3.3169999999999996e-05
2023-12-16,0.00030000000000000003,0.00030000000000000003,-0.00109045,0.00040786,0.00035127,0.00030000000000000003,0.00030000000000000003,0.00037852000000000003,0.00030000000000000003,0.000505,,0.00030000000000000003,1.3900000000000002e-06
2023-12-17,0.00030000000000000003,0.00031402000000000003,-0.00038977,0.00046295000000000006,0.00034536,0.00030706,0.00030000000000000003,0.00041332,0.00030000000000000003,0.00030000000000000003,,0.00030000000000000003,-1.363e-05
2023-12-18,0.00038966,0.00035083,0.00027452,0.00031245000000000003,0.00030138,0.00030000000000000003,0.00030000000000000003,0.00033561,0.00030000000000000003,0.00030000000000000003,,0.00030000000000000003,-0.0001723
2023-12-19,0.00030000000000000003,0.00030000000000000003,0.00021309,0.00030000000000000003,0.00030000000000000003,0.00030000000000000003,0.0003033,0.00030000000000000003,0.00030000000000000003,0.00030000000000000003,,0.00030000000000000003,3.800000000000001e-06
2023-12-20,0.00044143,0.00043154,-0.0016650800000000002,0.00044912,0.00030000000000000003,0.00031469,0.00057376,0.0005239,0.00030000000000000003,0.00044236000000000004,,0.00030000000000000003,3.735e-05
2023-12-21,0.00085307,0.00094787,-0.00169132,0.00071112,0.00048811000000000004,0.00084682,0.00030000000000000003,0.00085809,0.00076548,0.00091918,,0.00030000000000000003,0.00015421
2023-12-22,0.00078427,0.00138634,-0.00105463,0.0013313,0.00085008,0.00098368,0.0008079300000000001,0.0013899099999999998,0.00137751,0.00093228,,0.00030000000000000003,0.00024744000000000003
2023-12-23,0.00041351,0.00049071,-0.00139441,0.00099252,0.00034344,0.00089032,0.00038694,0.00080939,0.00102523,0.00032299,,0.00030000000000000003,0.00026532
2023-12-24,0.00050519,0.00054944,-0.0007943,0.0012556,0.00057932,0.00116421,0.00072735,0.00101173,0.00113747,0.0010839600000000001,,0.00030000000000000003,0.00015528
2023-12-25,0.00057908,0.0007918599999999999,-0.00074756,0.00108911,0.00085614,0.0008986700000000001,0.00101665,0.00080999,0.0012180799999999999,0.00089746,,0.00030000000000000003,8.214e-05
2023-12-26,0.00096707,0.0011644,0.0,0.00118115,0.0014692,0.0012467799999999999,0.00056644,0.0012860200000000001,0.0013723799999999999,0.0010255300000000002,,0.00030000000000000003,-0.00017181
2023-12-27,0.00097867,0.00121557,-0.00082735,0.00138512,0.00089751,0.0007071600000000001,0.00118845,0.00116278,0.0010654,0.0005346699999999999,,0.00030000000000000003,-0.00013091
2023-12-28,0.00101052,0.0013426,-0.00262765,0.00182204,0.00175226,0.0015142999999999999,0.00224689,0.00144002,0.00209462,0.00196063,,0.00030000000000000003,0.00012979
2023-12-29,0.00152164,0.0014112999999999999,-0.00171543,0.00153852,0.00092899,0.00133849,0.0013556100000000001,0.00139153,0.00142084,0.0016679800000000001,,0.00030000000000000003,5.278e-05
2023-12-30,0.00114455,0.0008521099999999999,-0.00179635,0.00088116,0.0006254,0.00076766,0.00101621,0.00082394,0.00038741000000000003,0.001148,,0.00030000000000000003,-0.00023927
2023-12-31,0.00096025,0.0008115900000000001,-0.0030085299999999997,0.00104841,0.00069126,0.00084877,0.0012805100000000001,0.00086309,0.00033326,0.0012621099999999999,,0.00030000000000000003,-0.00018815
2024-01-01,0.00098223,0.00101965,-0.00180885,0.00072004,0.00056041,0.00083137,0.00106876,0.00080934,0.00033179,0.00118031,,0.00030000000000000003,-0.00029159
2024-01-02,0.00154755,0.0016854600000000002,-6.356e-05,0.00180261,0.00161777,0.0017710500000000001,0.00201112,0.00180975,0.00092845,0.0018286,,0.00030000000000000003,-4.635e-05
2024-01-03,0.00048282,0.00062922,-0.00078575,0.00088851,0.00052166,0.00084959,0.00055757,0.00069335,0.00044049000000000003,0.00081348,,0.00030000000000000003,-0.00033094
2024-01-04,0.00030000000000000003,0.00030000000000000003,-0.00068125,0.00030000000000000003,0.00030000000000000003,0.00030000000000000003,0.00030000000000000003,0.00030000000000000003,0.00030000000000000003,0.00030000000000000003,,0.00030000000000000003,-0.00014987
2024-01-05,0.00030000000000000003,0.00030000000000000003,-0.00228789,0.00030000000000000003,0.00030000000000000003,0.00030000000000000003,0.00030000000000000003,0.00030000000000000003,0.00030000000000000003,0.00030000000000000003,,0.00030000000000000003,-8.596999999999999e-05
2024-01-06,0.00030000000000000003,0.00030000000000000003,-0.00289153,0.00030000000000000003,0.00030000000000000003,0.00030000000000000003,0.00030000000000000003,0.00030000000000000003,0.00030000000000000003,0.00030000000000000003,,0.00030000000000000003,-6.072e-05
2024-01-07,0.00030000000000000003,0.00030000000000000003,-0.00272128,0.00030000000000000003,0.00030000000000000003,0.00030000000000000003,0.00030000000000000003,0.00030000000000000003,0.00030000000000000003,0.00030000000000000003,,0.00030000000000000003,2.3559999999999998e-05
2024-01-08,0.00030000000000000003,0.00030000000000000003,-0.0017965,0.00030000000000000003,0.00030000000000000003,0.00030000000000000003,0.00030000000000000003,0.00030000000000000003,0.00029796,0.00030000000000000003,,0.00030000000000000003,6.931e-05
2024-01-09,0.00030000000000000003,0.00030000000000000003,-8.596e-05,0.00030000000000000003,0.00030000000000000003,0.00030000000000000003,0.00030000000000000003,0.00030000000000000003,0.00030000000000000003,0.00030000000000000003,,0.00030000000000000003,4.409999999999993e-06
2024-01-10,0.00030000000000000003,0.00030000000000000003,0.0,0.00030000000000000003,0.00030000000000000003,0.00030000000000000003,0.00030000000000000003,0.00030000000000000003,0.00030000000000000003,0.00030000000000000003,,0.00030000000000000003,-0.00021333
2024-01-11,0.00030000000000000003,0.00030000000000000003,0.0,0.00030000000000000003,0.00030000000000000003,0.00030000000000000003,0.00030000000000000003,0.00030000000000000003,0.00030000000000000003,0.00030000000000000003,,0.00030000000000000003,-0.00015823
2024-01-12,0.00030000000000000003,0.00030000000000000003,8.446e-05,0.00030000000000000003,0.00030000000000000003,0.00030000000000000003,0.00030000000000000003,0.00030000000000000003,0.00030000000000000003,0.00030000000000000003,,0.00030000000000000003,-0.00010214
2024-01-13,0.00030000000000000003,0.00030000000000000003,8.384e-05,0.00030000000000000003,0.00030000000000000003,0.00030000000000000003,0.00030000000000000003,0.00030000000000000003,0.00030000000000000003,0.00030000000000000003,,0.00030000000000000003,-0.00054278
2024-01-14,0.00030000000000000003,0.00030000000000000003,0.00012056,0.00030000000000000003,0.00030000000000000003,0.00030000000000000003,0.00030000000000000003,0.00030000000000000003,0.00030000000000000003,0.00030000000000000003,,0.00030000000000000003,-0.00027222
2024-01-15,0.00030000000000000003,0.00030000000000000003,0.00022597999999999997,0.00030000000000000003,0.00030000000000000003,0.00030000000000000003,0.00030000000000000003,0.00030000000000000003,0.00030000000000000003,0.00030000000000000003,,0.00030000000000000003,-0.00043721
2024-01-16,0.00030000000000000003,0.00030000000000000003,-0.0012015700000000001,0.00030000000000000003,0.00030000000000000003,0.00030000000000000003,0.00030000000000000003,0.00030000000000000003,0.00030000000000000003,0.00030000000000000003,,0.00030000000000000003,-0.00058361
2024-01-17,0.00030000000000000003,0.00030000000000000003,-0.00107604,0.00030000000000000003,0.00030000000000000003,0.00030000000000000003,0.00030000000000000003,0.00030000000000000003,0.00030000000000000003,0.00030000000000000003,,0.00030000000000000003,6.4e-06
2024-01-18,0.00030000000000000003,0.00030000000000000003,-0.0009985699999999998,0.00030000000000000003,0.00030000000000000003,0.00030000000000000003,0.00030000000000000003,0.00030000000000000003,0.00030000000000000003,0.00030000000000000003,,0.00030000000000000003,-0.00029669
2024-01-19,0.00030000000000000003,0.00030000000000000003,-0.0014319900000000002,0.00030000000000000003,0.00030000000000000003,0.00030000000000000003,0.00030000000000000003,0.00030000000000000003,0.00030000000000000003,0.00030000000000000003,,0.00030000000000000003,-0.00074166
2024-01-20,0.00030000000000000003,0.00030000000000000003,-0.00114459,0.00030000000000000003,0.00030000000000000003,0.00030000000000000003,0.00030000000000000003,0.00030000000000000003,0.00030000000000000003,0.00030000000000000003,,0.00030000000000000003,-0.00055893
2024-01-21,0.00030000000000000003,0.00030000000000000003,-0.00084001,0.00030000000000000003,0.00030000000000000003,0.00030000000000000003,0.00030000000000000003,0.00030000000000000003,0.00030000000000000003,0.00030000000000000003,,0.00030000000000000003,-0.00042763999999999996
2024-01-22,0.00030000000000000003,0.00030000000000000003,-0.00134949,0.00030000000000000003,0.00030000000000000003,0.00030000000000000003,0.00030000000000000003,0.00030000000000000003,0.00030000000000000003,0.00030000000000000003,,0.00030000000000000003,-0.00045916999999999996
2024-01-23,0.00030000000000000003,0.00030000000000000003,-0.0009090500000000001,0.00030000000000000003,0.00030000000000000003,0.00030000000000000003,0.00030000000000000003,0.00030000000000000003,0.00030000000000000003,0.00030000000000000003,,0.00030000000000000003,-0.00032982
2024-01-24,0.00030000000000000003,0.00030000000000000003,-0.00046239,0.00030000000000000003,0.00030000000000000003,0.00030000000000000003,0.00030000000000000003,0.00030000000000000003,0.00030000000000000003,0.0002818,,0.00030000000000000003,-8.996e-05
2024-01-25,0.00030000000000000003,0.00030000000000000003,0.0,0.00030000000000000003,0.00030000000000000003,0.00030000000000000003,0.00030000000000000003,0.00030000000000000003,0.00030000000000000003,0.00030000000000000003,,0.00030000000000000003,-6.57e-05
2024-01-26,0.00030000000000000003,0.00030000000000000003,0.0,0.00030000000000000003,0.00030000000000000003,0.00030000000000000003,0.00027999000000000003,0.00030000000000000003,0.00026805000000000004,0.0002675,,0.00030000000000000003,-0.00017507
2024-01-27,0.00027266,0.00026877,0.0,0.00030000000000000003,0.00030000000000000003,0.00030000000000000003,0.00030000000000000003,0.00030000000000000003,0.00028132,0.00028808,,0.00030000000000000003,7.000000000000001e-06
2024-01-28,0.00024725,0.00020958,0.0,0.00030000000000000003,0.00030000000000000003,0.00030000000000000003,0.00021470000000000001,0.00030000000000000003,0.00030000000000000003,0.00019018000000000003,,0.00030000000000000003,-2.2600000000000004e-05
2024-01-29,0.00029142,0.00030000000000000003,0.0,0.00030000000000000003,0.00030000000000000003,0.00030000000000000003,0.00023929000000000002,0.00030000000000000003,0.00030000000000000003,0.00029881,,0.00030000000000000003,-7.082e-05
2024-01-30,0.00024641,0.00026195,0.0,0.00030000000000000003,0.00030000000000000003,0.00030000000000000003,0.00024333000000000002,0.00030000000000000003,0.00030000000000000003,0.00030000000000000003,,0.00030000000000000003,-1.6479999999999998e-05
2024-01-31,0.00022154,0.00030000000000000003,0.0,0.00021751000000000002,0.00030000000000000003,0.00030000000000000003,0.00025702,0.00030000000000000003,0.00030000000000000003,0.00030000000000000003,,0.00030000000000000003,-0.00012868
2024-02-01,0.00030000000000000003,0.00023398,0.0,0.00030000000000000003,0.00030000000000000003,0.00030000000000000003,0.00022601,0.00030000000000000003,0.00030000000000000003,0.00030000000000000003,,0.00030000000000000003,-5.0590000000000015e-05
2024-02-02,0.00030000000000000003,0.00023678000000000002,0.0,0.00030000000000000003,0.00030000000000000003,0.00030000000000000003,0.00030000000000000003,0.00030000000000000003,0.00030000000000000003,0.00030000000000000003,,0.00030000000000000003,3.2069999999999996e-05
2024-02-03,0.00024697,0.00022626,0.0,0.00030000000000000003,0.00030000000000000003,0.00030000000000000003,0.00029726000000000004,0.00030000000000000003,0.00030000000000000003,0.00030000000000000003,,0.00030000000000000003,5.264e-05
2024-02-04,0.00027153,0.00022274,0.0,0.00030000000000000003,0.00030000000000000003,0.00030000000000000003,0.00030000000000000003,0.00030000000000000003,0.00030000000000000003,0.00030000000000000003,,0.00030000000000000003,0.000102
2024-02-05,0.00030000000000000003,0.00030000000000000003,-5.372e-05,0.00030000000000000003,0.00030000000000000003,0.00030000000000000003,0.00030000000000000003,0.00030000000000000003,0.00030000000000000003,0.00030000000000000003,,0.00030000000000000003,-0.00012237
2024-02-06,0.00026723000000000003,0.00025691,0.0,0.00030000000000000003,0.00028992000000000004,0.00030000000000000003,0.00025616,0.00030000000000000003,0.00030000000000000003,0.00026535,,0.00030000000000000003,-0.00014988
2024-02-07,0.00021206,0.00016851,0.0,0.00030000000000000003,0.00030000000000000003,0.00030000000000000003,0.00030000000000000003,0.00030000000000000003,0.00030000000000000003,0.00030000000000000003,,0.00030000000000000003,-2.4449999999999998e-05
2024-02-08,0.00019125000000000001,0.00027325,-0.00110983,0.00030000000000000003,0.00030000000000000003,0.00030000000000000003,0.00030000000000000003,0.00030000000000000003,0.00030000000000000003,0.00030000000000000003,,0.00030000000000000003,-3.47e-05
2024-02-09,0.00022961000000000002,0.00027752,-0.0024305100000000003,0.00030000000000000003,0.00030000000000000003,0.00030000000000000003,0.00020144,0.00030000000000000003,0.00020561,0.00030000000000000003,,0.00030000000000000003,5.300000000000004e-07
2024-02-10,0.00028041000000000003,0.00027448,-0.00186514,0.00030000000000000003,0.00030000000000000003,0.00030000000000000003,0.00030000000000000003,0.00030000000000000003,0.00030000000000000003,0.00030000000000000003,,0.00030000000000000003,0.00030000000000000003
2024-02-11,0.00030000000000000003,0.00024792,-0.0017430100000000001,0.00030000000000000003,0.00030000000000000003,0.00030000000000000003,0.00030000000000000003,0.00030000000000000003,0.00030000000000000003,0.00030000000000000003,,0.00030000000000000003,0.00030000000000000003
2024-02-12,0.00030000000000000003,0.00025047000000000003,-0.00158695,0.00030000000000000003,0.00030000000000000003,0.00030000000000000003,0.00030000000000000003,0.00030000000000000003,0.00030000000000000003,0.00030000000000000003,,0.00030000000000000003,0.00020549
2024-02-13,0.00030000000000000003,0.00030000000000000003,-0.00188138,0.00031054,0.00038628,0.00042274999999999995,0.00034166,0.00030000000000000003,0.00030000000000000003,0.00036396,,0.00030000000000000003,0.00017044
2024-02-14,0.00032282999999999997,0.00033082,-0.001004,0.00030000000000000003,0.0006180000000000001,0.00067393,0.00049225,0.00030000000000000003,0.00030000000000000003,0.0004866,,0.00030000000000000003,0.00028896
2024-02-15,0.00030000000000000003,0.00037548,-0.00039196,0.00066369,0.0007670400000000001,0.00075732,0.00041504000000000004,0.00044233,0.00045752,0.00096271,,0.00030000000000000003,0.00030000000000000003
2024-02-16,0.00030000000000000003,0.00032722000000000003,-0.00011609,0.00064501,0.00096097,0.00068507,0.00071372,0.0008036899999999999,0.0005991000000000001,0.00056913,,0.00030000000000000003,3.552e-05
2024-02-17,0.00036041000000000003,0.00033519,-0.00010731,0.00063349,0.00080788,0.00046644,0.00087986,0.00048717,0.00051062,0.00041128,,0.00030000000000000003,-2.74e-05
2024-02-18,0.0004964,0.0003114,-0.00047212,0.00046024,0.00110943,0.00049445,0.00064364,0.00047457,0.00083276,0.00044767,,0.00030000000000000003,9.96e-06
2024-02-19,0.00055985,0.00030000000000000003,0.00055091,0.0009037299999999999,0.00042781000000000004,0.0009619800000000001,0.0009174,0.00076279,0.00055096,0.00048024,,0.00030000000000000003,1.4619999999999999e-05
2024-02-20,0.00041631999999999997,0.00061931,0.00077872,0.00116365,0.00099879,0.0006647000000000001,0.00109146,0.00095708,0.0007774699999999999,0.00088036,,0.00030000000000000003,7.719e-05
2024-02-21,0.00031242,0.00042121,-0.00034374,0.00032964,0.00038214,0.00030000000000000003,0.0005929500000000001,0.00030000000000000003,0.00033704,0.00037213,,0.00030000000000000003,0.00021953
2024-02-22,0.00036037,0.00030000000000000003,-0.00248839,0.00066298,0.00043630000000000003,0.00047146000000000004,0.0005573900000000001,0.00041471,0.00038452,0.00041078,,0.00030000000000000003,7.816e-05
2024-02-23,0.00032991,0.00030000000000000003,-0.00164342,0.00074924,0.00077171,0.0007295100000000001,0.00076087,0.00068258,0.00055105,0.00051673,,0.00030000000000000003,9.416e-05
2024-02-24,0.00030000000000000003,0.00030000000000000003,-0.0020853,0.00073388,0.00098828,0.00084666,0.0008647500000000001,0.00094126,0.0005323,0.00096966,,0.00030000000000000003,-7.525e-05
2024-02-25,0.00041512,0.00056966,-0.00201776,0.00082861,0.00089481,0.0009704399999999999,0.00111466,0.0011572,0.00039265,0.00083295,,0.00030000000000000003,0.00030000000000000003
2024-02-26,0.00075555,0.00097926,-0.00050188,0.00117242,0.00117662,0.00106327,0.00149379,0.00137389,0.0009486399999999999,0.0013953799999999999,,0.00030000000000000003,0.00030000000000000003
2024-02-27,0.0012874800000000001,0.0012497799999999998,-0.00065108,0.00163682,0.0016954499999999998,0.00150292,0.00180881,0.00189961,0.00104542,0.0016625,,0.00030000000000000003,0.00030000000000000003
2024-02-28,0.0010394900000000001,0.0010914800000000001,-0.00126656,0.00158238,0.00140847,0.00122967,0.00151905,0.00142312,0.00135597,0.0015638499999999999,,0.00030000000000000003,0.00030000000000000003
2024-02-29,0.0020245899999999997,0.00211682,0.0012205200000000001,0.00218896,0.00232587,0.0019429999999999998,0.00269452,0.002237,0.00204212,0.00231141,,0.00030000000000000003,0.00029637
2024-03-01,0.00164156,0.00144582,0.00108368,0.0018614999999999999,0.00154923,0.00183824,0.0018845099999999998,0.0018067600000000001,0.0018733299999999999,0.0017543300000000001,,0.00030000000000000003,0.00020434
2024-03-02,0.0014699600000000002,0.00161688,0.00165358,0.0026270300000000003,0.00244648,0.00226779,0.00211915,0.0022721399999999998,0.00275081,0.00263313,,0.00030000000000000003,0.00030000000000000003
2024-03-03,0.00133854,0.00114794,0.00178418,0.00197744,0.00168293,0.00192939,0.00188912,0.00184818,0.00194494,0.0021751,,0.00030000000000000003,0.00029833
2024-03-04,0.00165524,0.00120964,0.00166917,0.00174924,0.00186228,0.00197897,0.00216008,0.00184876,0.00171229,0.0019976,,0.00030000000000000003,0.0002513
2024-03-05,0.00220077,0.00222909,0.0021431700000000002,0.0025404,0.00245363,0.00232295,0.00305449,0.00246563,0.00270192,0.00304341,,0.00030000000000000003,0.00025996
2024-03-06,0.0011951,0.00099453,0.00024784,0.0007164999999999999,0.0006003600000000001,0.00072268,0.0008455,0.00062885,0.00058252,0.0008481,,0.00030000000000000003,-9.41e-05
2024-03-07,0.00125512,0.00119086,0.00019389,0.00137076,0.00114162,0.00100381,0.00145656,0.00098175,0.00130425,0.00137756,,0.00030000000000000003,0.00020364
2024-03-08,0.00141229,0.00149739,-1.113e-05,0.0016438400000000001,0.00160137,0.00172879,0.0016830999999999999,0.00161766,0.00155903,0.00174782,,0.00030000000000000003,0.00030000000000000003
2024-03-09,0.00076822,0.00105229,-0.00055727,0.0015512199999999999,0.00174012,0.0014962,0.0012143800000000001,0.00150841,0.0017592,0.00200908,,0.00030000000000000003,0.00030000000000000003
2024-03-10,0.0014894,0.00113881,0.00030055,0.0016816399999999999,0.00185704,0.00217762,0.00158963,0.00167386,0.00187654,0.00203143,,0.00030000000000000003,0.00030000000000000003
2024-03-11,0.00180313,0.00160899,9.716999999999999e-05,0.00179912,0.0017441499999999999,0.0018647,0.00171017,0.00174551,0.00174052,0.00175137,,0.00030000000000000003,2.4520000000000002e-05
2024-03-12,0.00137705,0.00153954,0.000822,0.0019324899999999998,0.00208544,0.00189068,0.00200928,0.00211702,0.00177322,0.00205135,,0.00030000000000000003,4.283e-05
2024-03-13,0.00143046,0.0015134600000000001,0.00166974,0.00158328,0.00179615,0.0018627700000000001,0.00198492,0.00149354,0.0018601099999999999,0.00217569,,0.00030000000000000003,-2.7779999999999995e-05
2024-03-14,0.00101404,0.00126577,0.00139944,0.00170567,0.00176173,0.00173489,0.0015722499999999999,0.0015615200000000003,0.0018459000000000001,0.0018288800000000002,,0.00030000000000000003,-0.00013462
2024-03-15,0.00068149,0.00096999,0.00024646,0.00106387,0.0007611499999999999,0.0006859100000000001,0.00124785,0.00094194,0.00087648,0.00115312,,0.00030000000000000003,-0.00055493
2024-03-16,0.00054015,0.0007526,0.00055134,0.0006346500000000001,0.00068234,0.00060212,0.00050717,0.00058268,0.00044196999999999997,0.00098109,,0.00030000000000000003,-0.00010041
2024-03-17,0.00055689,0.00055596,9.557e-05,0.00047551,0.00037806,0.00062918,0.00054966,0.00041817,0.00030000000000000003,0.0004296,,0.00030000000000000003,-0.00043210000000000004
2024-03-18,0.00077973,0.0007330500000000001,0.00015708,0.00060324,0.00036516,0.00069735,0.00081081,0.00060166,0.00035777,0.00096554,,0.00030000000000000003,-0.00019527
2024-03-19,0.00080006,0.00064928,0.00053285,0.0005044299999999999,0.00051508,0.00059006,0.00051227,0.0004427,0.00045832,0.0005159,,0.00030000000000000003,-5.345999999999999e-05
2024-03-20,0.00044235,0.00036096,0.00053328,0.00048888,0.00034065,0.00064883,0.00048576,0.00035391999999999997,0.00037448,0.00032556,,0.00030000000000000003,-0.00034694
2024-03-21,0.00049217,0.00051021,0.00015668,0.00042459,0.00030000000000000003,0.00047364,0.00061204,0.00054571,0.00041352,0.00041712,,0.00030000000000000003,-0.00022978
2024-03-22,0.00038264,0.00062184,0.00038384,0.00077803,0.00037071,0.00048648,0.00045055,0.00046541,0.00058601,0.00047007,,0.00030000000000000003,-3.0680000000000004e-05
2024-03-23,0.00030806000000000003,0.00036917,0.00031291,0.00038081,0.00056796,0.00042772000000000003,0.00047176,0.00044038,0.00044229,0.00047422,,0.00030000000000000003,3.282e-05
2024-03-24,0.00040851,0.00047845,0.00041872000000000003,0.00065154,0.00066413,0.00043602,0.00058834,0.00038713,0.00050331,0.00037925000000000003,,0.00030000000000000003,-1.414e-05
2024-03-25,0.00070688,0.0005420900000000001,0.00072732,0.0005627399999999999,0.0005132,0.00052275,0.00059333,0.0005503999999999999,0.00043994,0.00074745,,0.00030000000000000003,8.472e-05
2024-03-26,0.00067075,0.0008327,0.00106211,0.00064776,0.00087249,0.00093636,0.00085147,0.00087587,0.00103601,0.00093889,,0.00030000000000000003,0.00012601000000000002
2024-03-27,0.00101939,0.00081634,0.00101078,0.00085178,0.00113317,0.00136443,0.00097769,0.00112952,0.00116352,0.0010173,,0.00030000000000000003,-0.00011192
2024-03-28,0.00083524,0.00111503,0.00134135,0.00122704,0.00115916,0.00159801,0.00103218,0.00106705,0.00108857,0.00118664,,0.00030000000000000003,-0.00018358
2024-03-29,0.00073876,0.00101776,0.00103282,0.00157994,0.00143284,0.00147558,0.0012124,0.00162602,0.00105167,0.00134079,,0.00030000000000000003,0.00025963
2024-03-30,0.0008625099999999999,0.00094246,-0.00045113,0.00165942,0.00136082,0.00152003,0.0016561800000000002,0.00188213,0.00120833,0.00172473,,0.00030000000000000003,0.00021354000000000002
2024-03-31,0.0011254099999999999,0.00150119,-0.00045001,0.00178508,0.00123552,0.00095722,0.00143696,0.0014434299999999999,0.00132162,0.00181223,,0.00030000000000000003,7.120000000000006e-06
2024-04-01,0.00131121,0.00116069,-0.00013645,0.00142934,0.00109613,0.0015085,0.00159215,0.00166285,0.00101688,0.00159734,,0.00030000000000000003,-3.196e-05
2024-04-02,0.00037382,0.00037676,0.00056402,0.00062603,0.00032467,0.00042547,0.0004171,0.00045978,0.00034822,0.00054668,,0.00030000000000000003,-0.00014788
2024-04-03,0.00030000000000000003,0.00030000000000000003,0.00058233,0.00033899,0.00030000000000000003,0.00037292,0.00037114,0.00036173,0.00030000000000000003,0.00031120000000000003,,0.00030000000000000003,-0.00017544
2024-04-04,0.00030000000000000003,0.00030000000000000003,0.00020277,0.00053126,0.00037085,0.00048303,0.00036815000000000003,0.00035096,0.00030000000000000003,0.00031701,,0.00030000000000000003,-0.00018665
2024-04-05,0.00030000000000000003,0.00030000000000000003,-0.00101811,0.00039150999999999997,0.00033436,0.00038256,0.00030000000000000003,0.00030000000000000003,0.00030000000000000003,0.00031965,,0.00030000000000000003,-0.00013232
2024-04-06,0.00030000000000000003,0.00036732,-0.00115926,0.00034290000000000004,0.0003613,0.00037379,0.00030000000000000003,0.00034631,0.00030000000000000003,0.00037606,,0.00030000000000000003,-0.00013415
2024-04-07,0.00030000000000000003,0.00030000000000000003,-0.00143111,0.0003024,0.00039723,0.0003269,0.00030000000000000003,0.00033973,0.00030000000000000003,0.00030000000000000003,,0.00030000000000000003,-0.00014823
2024-04-08,0.00055189,0.0005189600000000001,-0.00057488,0.00042387,0.00062824,0.00051419,0.00057653,0.00039614,0.00045202,0.00040037000000000004,,0.00030000000000000003,-0.00018151
2024-04-09,0.0006057899999999999,0.00050229,0.00031514,0.0006490700000000001,0.00044306,0.00066909,0.00037423,0.00030941,0.00047101,0.00051472,,0.00030000000000000003,-8.589e-05
2024-04-10,0.00034386000000000003,0.00047349,0.00061512,0.00045397000000000005,0.00041850000000000004,0.00042434,0.000853,0.0003084,0.00039257,0.00057358,,0.00030000000000000003,-9.144e-05
2024-04-11,0.00053895,0.00035483,0.00067459,0.00039898,0.00045394,0.00062937,0.00079083,0.00035128000000000004,0.00035416,0.00040399,,0.00030000000000000003,-3.86e-05
2024-04-12,0.00049102,0.00030000000000000003,-1.3689999999999986e-05,0.00035959,0.00060856,0.00042404,0.00081584,0.00042435,0.00051254,0.00038389,,0.00030000000000000003,-3.597000000000001e-05
2024-04-13,0.00030000000000000003,0.00030000000000000003,-0.00185625,0.00030000000000000003,0.00030000000000000003,0.00030000000000000003,0.00030000000000000003,0.00030000000000000003,0.00030000000000000003,0.00030000000000000003,,0.00030000000000000003,-9.273e-05
2024-04-14,0.00030000000000000003,0.00030000000000000003,-0.00176281,0.00023758,0.00015704,0.00030000000000000003,0.00030000000000000003,0.00030000000000000003,9.944000000000001e-05,0.00013706,,0.00030000000000000003,0.00019784
2024-04-15,0.00021759,0.00024293,-0.0013160700000000001,0.00013226,0.00030000000000000003,0.00017835,0.00015298,0.00030000000000000003,0.0001519,-7.884e-05,,0.00030000000000000003,2.4359999999999997e-05
2024-04-16,0.00018991,0.00022221,-0.0022936,7.523999999999999e-05,0.000183,2.741999999999999e-05,1.16e-05,0.00021647000000000002,0.00021113000000000002,7.397000000000001e-05,,0.00030000000000000003,-0.00016662
2024-04-17,0.00016483,0.00010808,-0.00023045,-5.940000000000014e-06,0.00010499000000000001,8.529e-05,7.734e-05,0.00016613,-2.9399999999999996e-05,7.404e-05,,0.00030000000000000003,-0.00010346
2024-04-18,9.585e-05,0.00012108,-0.00034552,0.00024216,0.00020020000000000001,7.254000000000001e-05,0.00020681,0.00021194,0.00017372,0.00017747,,0.00030000000000000003,-0.00013990999999999998
2024-04-19,9.401e-05,0.00017893,-0.00017776,0.00014975,0.00017232,0.00018161000000000002,5.02e-05,0.00026194,0.00013052000000000002,0.00025872000000000004,,0.00030000000000000003,-5.698e-05
2024-04-20,0.00013438,0.000175,0.0,-3.792e-05,-2.6599999999999915e-06,4.82e-05,0.00020778,0.00018169,6.865999999999998e-05,-3.9920000000000004e-05,,0.00030000000000000003,-0.00011004
2024-04-21,9.364e-05,9.327e-05,-0.00016018,0.00018467,0.0001104,0.00018168,8.340999999999999e-05,0.00022912,6.738000000000001e-05,-0.00023726,,0.00030000000000000003,-4.439e-05
2024-04-22,7.804e-05,6.351e-05,0.0,0.00012427,0.00022533,6.214e-05,9.229e-05,0.00017334000000000002,0.00012789,-2.9069999999999998e-05,,0.00030000000000000003,-2.379e-05
2024-04-23,2.9210000000000003e-05,8.8e-05,-0.00026818,0.00011525,0.00016272999999999998,0.00015921000000000002,-3.907e-05,8.293e-05,6.792000000000001e-05,-0.00016843,,0.00030000000000000003,-7.307e-05
2024-04-24,0.00013761999999999997,0.00011454,-0.0011624,0.00015553,0.00012609,0.00023734,0.0001162,0.00021892,0.00014529,0.00013208,,0.00030000000000000003,-0.00018250999999999999
2024-04-25,0.00012229,0.00012172000000000001,-0.00063844,0.00021747,0.00010853,0.00019308,0.00022239000000000002,0.00026815,0.00016194,0.00015493,,0.00030000000000000003,-0.0002343
2024-04-26,7.956e-05,0.0001006,-0.0017006,0.0001657,8.514e-05,2.3490000000000007e-05,0.00023095,0.00016036000000000002,0.00015639,-0.00018228,,0.00030000000000000003,-0.00032162
2024-04-27,0.00020304,0.00019381,-0.00130638,0.00016361999999999998,0.00027556,0.00019888,5.181e-05,0.0002049,0.00015817,0.00012625,,0.00030000000000000003,-0.00027354
2024-04-28,1.7070000000000004e-05,0.00025894,-0.00219991,2.889000000000001e-05,3.155000000000001e-05,0.00023882,0.00015762,-3.178e-05,-0.00020919,-3.9689999999999994e-05,,0.00030000000000000003,-0.00022851
2024-04-29,0.00014844,0.00024797,-0.00237757,-0.00013726,0.00024149000000000002,0.00018717,0.00030000000000000003,0.00027202,-1.1410000000000001e-05,8.272000000000001e-05,,0.00030000000000000003,-1.2810000000000001e-05
2024-04-30,0.00028894,0.00018794,-0.00128488,0.00022538000000000001,0.00013257,9.681e-05,0.00020486000000000001,0.00024035000000000001,8.091e-05,7.603e-05,,0.00030000000000000003,-0.00014122
2024-05-01,0.00028848000000000003,0.00014102,-0.0005759200000000001,0.00011598000000000001,0.00026108,1.1249999999999994e-05,0.00015539000000000001,0.00022073,0.00017176,-2.5929999999999997e-05,,0.00030000000000000003,-0.00032502000000000003
2024-05-02,0.0001268,0.00017250000000000002,-0.00052114,0.00030000000000000003,0.00023629,-2.932e-05,0.00011808,0.00027421,0.00028563000000000004,0.00021677,,0.00030000000000000003,-7.789e-05
2024-05-03,2.7779999999999995e-05,9.658e-05,-0.00046488,0.00025565,0.00015347,-1.9600000000000016e-06,3.599e-05,0.00020167,0.00026924,0.00010862,,0.00030000000000000003,0.00016784
2024-05-04,0.00016423000000000002,0.00019756,-0.00053859,0.00010642,7.143e-05,0.00011658,-6.382e-05,0.00018635,7.199e-05,0.00021673,,0.00030000000000000003,0.00019209
2024-05-05,0.00011446000000000001,0.0002382,-0.0014374700000000002,0.00021581,0.00012985,4.49e-05,0.00021435,0.0001895,0.00020836,0.00015815,,0.00030000000000000003,3.5149999999999994e-05
2024-05-06,7.316999999999999e-05,0.00024594,-0.00043911,0.00030000000000000003,0.00016952,0.00022341,0.00021074,0.00023206000000000002,0.00030000000000000003,0.00024961000000000004,,0.00030000000000000003,3.524e-05
2024-05-07,0.00016673,0.00018348,-8.607e-05,0.00012873,0.00017357,0.00023802,8.518e-05,6.386e-05,0.00030000000000000003,0.00024119,,0.00030000000000000003,9.724000000000001e-05
2024-05-08,0.00019736,0.00025,0.0,0.00025237,-9.749999999999998e-06,0.00030000000000000003,0.00030000000000000003,0.00023832,0.00030000000000000003,0.00030000000000000003,,0.00030000000000000003,7.854e-05
2024-05-09,0.00016216,0.00030000000000000003,0.0,0.00030000000000000003,0.00013357,0.00020469,0.00021310000000000003,0.00029714,0.00030000000000000003,0.00011135999999999999,,0.00030000000000000003,-1.984e-05
2024-05-10,0.00014613,0.00024177,-0.00039276000000000003,0.0001936,0.00030000000000000003,0.00016062000000000002,0.00017168,0.00030000000000000003,0.00023247,0.00012789,,0.00030000000000000003,-0.00017296
2024-05-11,0.00017719,0.00022784999999999998,-7.794e-05,0.00023789000000000001,0.00015483,0.00014230999999999998,0.00019275,0.00027306,-4.869999999999999e-05,0.00022328000000000002,,0.00030000000000000003,-0.00022987000000000002
2024-05-12,0.00015434,0.00021543,-2.601e-05,0.00022478,2.361e-05,0.00015859,0.00013584,0.00027457,9.388e-05,0.00015782,,0.00030000000000000003,-0.0002984
2024-05-13,0.0002762,0.00025829,-0.00060217,0.00014435,1.5410000000000003e-05,0.00020632000000000002,0.00019054,0.00030000000000000003,0.00016664000000000002,0.00018226,,0.00030000000000000003,-0.00026763
2024-05-14,0.00024258,0.00027264,-0.00167121,0.00030000000000000003,1.4090000000000009e-05,0.00030000000000000003,0.00023533,0.00022368000000000003,0.00017334000000000002,0.00023254,,0.00030000000000000003,-0.00016324999999999998
2024-05-15,0.00011988,0.00027333,-0.0028515700000000003,0.00018246,0.00011135000000000001,0.00013042000000000002,0.00011993,0.00014272,-0.00010591999999999999,0.00016461999999999998,,0.00030000000000000003,-0.00016689
2024-05-16,0.00010794,0.00021854,-0.00082735,0.0002928,0.00030000000000000003,0.00030000000000000003,0.00030000000000000003,0.00030000000000000003,0.00030000000000000003,0.00030000000000000003,,0.00030000000000000003,-1.2790000000000005e-05
2024-05-17,5.164e-05,0.00018188,-0.0007107999999999999,0.00027734,0.00030000000000000003,0.00018603,0.00014922999999999998,0.00030000000000000003,0.00030000000000000003,0.00030000000000000003,,0.00030000000000000003,-3.6320000000000005e-05
2024-05-18,7.848e-05,0.00018759,0.0,9.257e-05,0.00030000000000000003,0.00030000000000000003,0.00013984000000000002,0.00030000000000000003,0.00030000000000000003,0.00027661,,0.00030000000000000003,3.141e-05
2024-05-19,0.00013328,0.00019664000000000001,0.0,0.00019167,0.00030000000000000003,0.00021490000000000002,0.00014469,0.00030000000000000003,0.00030000000000000003,0.00027311,,0.00030000000000000003,-9.557e-05
2024-05-20,0.00010638,0.00016230999999999998,-0.00014938,7.676e-05,0.00030000000000000003,0.00017455000000000001,0.00026762,0.00028802,0.00025386,0.00028027,,0.00030000000000000003,-7.399999999999999e-06
2024-05-21,0.00030517,0.00039404,0.00028751,0.00030000000000000003,0.00030000000000000003,0.00030000000000000003,0.00030000000000000003,0.00030000000000000003,0.00030000000000000003,0.00030000000000000003,,0.00030000000000000003,2.1130000000000003e-05
2024-05-22,0.00035758999999999997,0.00037641000000000004,0.0004824,0.00030000000000000003,0.00030000000000000003,0.00030000000000000003,0.00030000000000000003,0.00030000000000000003,0.00030000000000000003,0.00030000000000000003,,0.00030000000000000003,-0.00018088999999999998
2024-05-23,0.00030000000000000003,0.00030000000000000003,0.00024678,0.00030000000000000003,0.00030000000000000003,0.00040141,0.00030000000000000003,0.00030000000000000003,0.00030000000000000003,0.00035929,,0.00030000000000000003,-0.00019384000000000003
2024-05-24,0.00030000000000000003,0.00030000000000000003,4.49e-06,0.00030000000000000003,0.00030000000000000003,0.00030000000000000003,0.00030000000000000003,0.00030000000000000003,0.00030000000000000003,0.00030000000000000003,,0.00030000000000000003,-5.3299999999999995e-05
2024-05-25,0.00030000000000000003,0.00030000000000000003,0.0,0.00030000000000000003,0.00030000000000000003,0.00030000000000000003,0.00030000000000000003,0.00030000000000000003,0.00030000000000000003,0.00030000000000000003,,0.00030000000000000003,9.820000000000001e-06
2024-05-26,0.00030000000000000003,0.00030000000000000003,8.753e-05,0.00030000000000000003,0.00030000000000000003,0.00030874,0.00030000000000000003,0.00030000000000000003,0.00030000000000000003,0.00030000000000000003,,0.00030000000000000003,-3.0330000000000003e-05
2024-05-27,0.00030000000000000003,0.00030000000000000003,0.00038363,0.00031858,0.00030000000000000003,0.00034857,0.00030000000000000003,0.00030000000000000003,0.00030000000000000003,0.00030000000000000003,,0.00030000000000000003,-6.489e-05
2024-05-28,0.00030000000000000003,0.0003219,0.00017805,0.00040504,0.0003141,0.00030000000000000003,0.00034129,0.00030000000000000003,0.00054976,0.00030000000000000003,,0.00030000000000000003,-0.00041175
2024-05-29,0.00032558,0.00045185,0.00022150999999999998,0.0004478,0.00034506,0.00053272,0.00042258000000000004,0.00032767,0.00037637,0.00043694999999999997,,0.00030000000000000003,-0.00025337
2024-05-30,0.00030000000000000003,0.00058265,0.0,0.00039995,0.00030000000000000003,0.00030661,0.00030000000000000003,0.00033138,0.00030000000000000003,0.00033477,,0.00030000000000000003,5.3259999999999995e-05
2024-05-31,0.00036867000000000003,0.00033112,0.00010104,0.000308,0.00030000000000000003,0.0003095,0.00030000000000000003,0.00030000000000000003,0.00030000000000000003,0.00030000000000000003,,0.00030000000000000003,-3.621000000000001e-05
2024-06-01,0.00030250000000000003,0.00041697,0.0005622299999999999,0.00061961,0.000446,0.00039366,0.00038825999999999997,0.00038328,0.00037168,0.00047562,,0.00030000000000000003,8.665e-05
2024-06-02,0.00030000000000000003,0.00035695,0.00070718,0.00034839,0.00057266,0.00042895,0.00036684,0.00035294,0.00047139999999999997,0.00057127,,0.00030000000000000003,7.035e-05
2024-06-03,0.00034135,0.00041319999999999996,0.0006232,0.00049518,0.00042998,0.00044883,0.00034312000000000004,0.00039572,0.00030202,0.0003679,,0.00030000000000000003,0.00026895
2024-06-04,0.00032008000000000004,0.000308,0.00044795,0.00030000000000000003,0.00030000000000000003,0.00033674,0.00045117,0.00030000000000000003,0.00030000000000000003,0.00030198,,0.00030000000000000003,0.00030000000000000003
2024-06-05,0.00039612999999999996,0.00037628,0.00051958,0.00043181999999999997,0.00030000000000000003,0.0006735700000000001,0.0006678599999999999,0.00047314,0.00030000000000000003,0.0006309,,0.00030000000000000003,5.500000000000005e-06
2024-06-06,0.00032208,0.00054778,0.00045244999999999997,0.0005788799999999999,0.00033524,0.00066727,0.00057206,0.00054263,0.00030312000000000004,0.00055117,,0.00030000000000000003,0.00011362
2024-06-07,0.00030166000000000004,0.00046362,4.266e-05,0.00055724,0.00057377,0.00034243,0.00043398,0.00047302,0.00044978,0.0004976,,0.00030000000000000003,-8.031e-05
2024-06-08,0.00030000000000000003,0.00030000000000000003,0.0,0.00030000000000000003,0.00030000000000000003,0.00030000000000000003,0.00030000000000000003,0.00030000000000000003,0.00030000000000000003,0.00030000000000000003,,0.00030000000000000003,1.4039999999999994e-05
2024-06-09,0.00030000000000000003,0.00030000000000000003,0.0,0.00030000000000000003,0.00030000000000000003,0.00030000000000000003,0.00030000000000000003,0.00030000000000000003,0.00030000000000000003,0.00030000000000000003,,0.00030000000000000003,1.3360000000000008e-05
2024-06-10,0.00030000000000000003,0.00030000000000000003,0.0,0.00030000000000000003,0.00030000000000000003,0.00030000000000000003,0.00030000000000000003,0.00030000000000000003,0.00030000000000000003,0.00030000000000000003,,0.00030000000000000003,0.0001578
2024-06-11,0.00030000000000000003,0.00030000000000000003,0.0,0.00030000000000000003,0.00030000000000000003,0.00030000000000000003,0.00030000000000000003,0.00030000000000000003,0.00030000000000000003,0.00030000000000000003,,0.00030000000000000003,-6.783e-05
2024-06-12,0.00030000000000000003,0.00030000000000000003,-8.99e-06,0.00030000000000000003,0.00030000000000000003,0.00030000000000000003,0.00030000000000000003,0.00030000000000000003,0.00030000000000000003,0.00030000000000000003,,0.00030000000000000003,0.00025127
2024-06-13,0.00030000000000000003,0.00030000000000000003,0.0,0.00030000000000000003,0.00030000000000000003,0.00030000000000000003,0.00030000000000000003,0.00030000000000000003,0.00030000000000000003,0.00030000000000000003,,0.00030000000000000003,5.756e-05
2024-06-14,0.00030000000000000003,0.00030000000000000003,0.0,0.00030000000000000003,0.00030000000000000003,0.00030000000000000003,0.00028174,0.00030000000000000003,0.00030000000000000003,0.00030000000000000003,,0.00030000000000000003,0.00024965
2024-06-15,0.00030000000000000003,0.00030000000000000003,0.0,0.00030000000000000003,0.00019763000000000002,0.0001627,0.00030000000000000003,0.00030000000000000003,0.00030000000000000003,0.00024843,,0.00030000000000000003,5.138e-05
2024-06-16,0.00030000000000000003,0.00030000000000000003,0.0,0.00030000000000000003,0.00030000000000000003,0.00017128,0.00023192000000000002,0.00030000000000000003,8.352000000000001e-05,0.00030000000000000003,,0.00030000000000000003,-9.169999999999999e-05
2024-06-17,0.00030000000000000003,0.00029137,0.0,0.00026718,0.00030000000000000003,0.00020128000000000002,0.00027161000000000004,0.00030000000000000003,0.00021398,0.00029622000000000003,,0.00030000000000000003,-8.69e-06
2024-06-18,0.00028236,0.00020696,0.0,0.00029104,-9.332e-05,5.158e-05,8.743000000000001e-05,2.8290000000000002e-05,-8.263e-05,0.00016518000000000001,,0.00030000000000000003,3.867e-05
2024-06-19,0.00017094,0.00026122,0.0,0.00017065,-7.416999999999998e-05,2.118000000000001e-05,0.00021099,0.00014971,2.1790000000000007e-05,-4.6790000000000004e-05,,0.00030000000000000003,0.00022727
2024-06-20,0.00016766,0.00019557,0.0,0.00018867,0.00017953,-0.0001308,5.911e-05,0.00023060000000000002,0.00027189,0.00010501,,0.00030000000000000003,4.01e-05
2024-06-21,0.00020672000000000003,0.00012849,0.0,5.397e-05,0.00021514,0.00016681999999999998,9.441e-05,0.00014786,0.00028657,0.00015972000000000002,,0.00030000000000000003,-0.00033722
2024-06-22,0.00024146,0.00014314999999999998,0.0,0.00024935,0.00012603,0.00022370000000000002,0.00014698,0.00030000000000000003,9.556000000000001e-05,0.00016903,,0.00030000000000000003,-0.0001186
2024-06-23,0.00016983,0.00014895000000000002,0.0,0.00017605000000000002,0.00026413,-2.664e-05,0.00015910000000000002,0.00030000000000000003,-9.305e-05,-5.5570000000000005e-05,,0.00030000000000000003,-6.397e-05
2024-06-24,0.00027022,0.00025082,0.0,0.00012908,0.00027339,0.00015843,0.0001619,0.0002541,0.00026269,0.00013984000000000002,,0.00030000000000000003,-5.7069999999999994e-05
2024-06-25,0.00021148,0.00030000000000000003,0.0,0.00030000000000000003,0.00030000000000000003,0.00028361,6.209e-05,0.00015411,0.00030000000000000003,0.00024708,,0.00030000000000000003,-0.00010988999999999999
2024-06-26,0.00030000000000000003,0.00030000000000000003,0.0,0.00027928,0.00030000000000000003,0.00030000000000000003,0.00030000000000000003,0.00028082,0.00025788000000000004,0.00021874,,0.00030000000000000003,0.00020309
2024-06-27,0.00030000000000000003,0.00030000000000000003,0.0,0.00025919,0.00030000000000000003,0.00030000000000000003,0.00030000000000000003,0.00029991,0.00030000000000000003,8.258e-05,,0.00030000000000000003,0.00014866
2024-06-28,0.00030000000000000003,0.00030000000000000003,0.0,0.00030000000000000003,0.00030000000000000003,0.00030000000000000003,0.00027993,0.00030000000000000003,0.00030000000000000003,0.00013005,,0.00030000000000000003,5.809000000000001e-05
2024-06-29,0.00030000000000000003,0.00030000000000000003,0.0,0.00030000000000000003,0.00030000000000000003,-1.6959999999999987e-05,0.00030000000000000003,0.00025528,0.00030000000000000003,0.00030000000000000003,,0.00030000000000000003,-0.00010136
2024-06-30,0.00030000000000000003,0.00030000000000000003,0.0,0.00024856,0.00011163000000000001,0.0002913,0.00030000000000000003,7.608e-05,0.00020494,0.00030000000000000003,,0.00030000000000000003,6.515e-05
2024-07-01,0.00030000000000000003,0.00030000000000000003,1.551e-05,0.00030000000000000003,0.00028549,0.00030000000000000003,0.0002455,0.00030000000000000003,0.00030000000000000003,0.00030000000000000003,,0.00030000000000000003,0.00030000000000000003
2024-07-02,0.00030000000000000003,0.00030000000000000003,3.5329999999999995e-05,0.00028225,0.00030000000000000003,0.00030000000000000003,0.00020335,0.00030000000000000003,0.00030000000000000003,0.00024541,,0.00030000000000000003,0.00019369
2024-07-03,0.00030000000000000003,0.00030000000000000003,0.00013961,0.00030000000000000003,0.00030000000000000003,0.00014136000000000002,0.00030000000000000003,0.00030000000000000003,0.00030000000000000003,0.00030000000000000003,,0.00030000000000000003,2.168000000000001e-05
2024-07-04,0.00030000000000000003,0.00030000000000000003,0.0,0.00018892,0.00030000000000000003,6.745e-05,0.00023847,0.00026046,0.00023068,0.00029355,,0.00030000000000000003,8.729e-05
2024-07-05,0.00021762000000000002,0.00024473,0.0,-0.00018191,-0.00022833,-0.00032425,-7.127000000000001e-05,-3.827e-05,-0.00012246999999999998,-9.426e-05,,0.00030000000000000003,0.00024078
2024-07-06,0.00016491,0.00021451,0.0,0.00017261,-0.00010382999999999999,-4.4780000000000015e-05,-1.3769999999999999e-05,-8.548e-05,0.00014616,5.112999999999999e-05,,0.00030000000000000003,0.00014008
2024-07-07,0.00028164,0.00018268,0.0,0.00012571000000000001,0.0002345,0.00015371,0.00020352,0.00019109999999999998,0.00024965,0.00025096,,0.00030000000000000003,3.272e-05
2024-07-08,0.00026126999999999997,0.0002278,0.0,3.9130000000000007e-05,9.938e-05,4.058e-05,0.00014371000000000002,0.00010694,0.00023342,0.00027026000000000003,,0.00030000000000000003,-0.00038365999999999997
2024-07-09,0.00020861000000000002,0.00014513,0.0,0.00018180000000000003,0.00012145000000000001,0.00010307,0.00019822,1.7330000000000002e-05,0.00021031,3.709000000000001e-05,,0.00030000000000000003,-1.701e-05
2024-07-10,0.0002471,0.00015459,0.0,0.00024680000000000004,0.00030000000000000003,0.0002245,0.00025147,0.00014092,2.619e-05,0.00030000000000000003,,0.00030000000000000003,-2.3230000000000006e-05
2024-07-11,0.00030000000000000003,0.00018541,0.0,0.00016781,0.00030000000000000003,0.00015824,0.00010772,0.00018333,0.00030000000000000003,-0.00016381000000000002,,0.00030000000000000003,0.00014385
2024-07-12,0.00013441,0.00021883999999999999,0.0,0.00025644000000000003,0.00030000000000000003,0.00019273,0.00013487000000000001,8.615e-05,0.00026218,6.990000000000013e-06,,0.00030000000000000003,0.00029154
2024-07-13,0.00025184000000000003,0.00027584,0.0,9.915000000000001e-05,0.0002485,0.00025075,0.00014057,0.00010513,0.00030000000000000003,-4.598999999999999e-05,,0.00030000000000000003,0.00022403
2024-07-14,0.00020789,0.00019546,0.0,0.00028455,0.00030000000000000003,0.00026053000000000003,0.00014192,6.633e-05,0.00022636,-6.229e-05,,0.00030000000000000003,0.00017724
2024-07-15,7.278e-05,0.00018386,0.0,0.00018952000000000002,5.642999999999999e-05,0.00019905,5.1739999999999996e-05,-1.7829999999999983e-05,0.00026525,-0.00012532,,0.00030000000000000003,0.00024956
2024-07-16,6.469e-05,0.00018837,0.0,0.00024064,0.00029402,0.00022105,0.00014015000000000002,0.00015531,0.00030000000000000003,8.464e-05,,0.00030000000000000003,0.00023041
2024-07-17,4.989999999999998e-06,0.00020001,0.0,0.00022711,0.00030000000000000003,0.00024836,0.00025083,0.00011187999999999999,0.00027455000000000003,5.385000000000001e-05,,0.00030000000000000003,0.00020797
2024-07-18,5.362e-05,0.00019964,0.0,0.00030000000000000003,0.00023784,0.00025337,0.00024875,0.00023056999999999998,0.00024289,9.552000000000001e-05,,0.00030000000000000003,-7.874e-05
2024-07-19,0.0001349,0.0002254,0.0,0.00018638,0.00024329,0.00022753,0.00022494,0.00019172999999999998,0.00020861,-3.948e-05,,0.00030000000000000003,9.5e-06
2024-07-20,4.890000000000002e-06,0.00016312,0.0,0.00028615,0.00027646,0.00030000000000000003,0.00012684,9.440000000000004e-06,0.00027701,0.00022499,,0.00030000000000000003,-4.897e-05
2024-07-21,-2.4730000000000002e-05,0.00018245000000000002,0.0,0.00023873,0.00024870000000000003,0.00026853,0.00025463,-5.004999999999999e-05,0.00021797,0.00030000000000000003,,0.00030000000000000003,1.0029999999999999e-05
2024-07-22,0.00017858000000000001,0.00020436,0.0,0.00030000000000000003,0.00014669,0.00026058,0.00027105,0.00027308,0.00011722999999999999,0.00030000000000000003,,0.00030000000000000003,-7.68e-05
2024-07-23,0.00013661,0.00026805000000000004,0.0,0.0002685,-3.7400000000000015e-05,0.00030000000000000003,0.00030000000000000003,0.00012087,2.7300000000000027e-06,0.00014937000000000001,,0.00030000000000000003,-0.00011299
2024-07-24,0.00030000000000000003,0.00022967000000000002,0.0,0.00030000000000000003,0.00020708,0.00030000000000000003,0.00021704,0.00020365000000000002,0.00022585000000000001,-9.415e-05,,0.00030000000000000003,1.852e-05
2024-07-25,0.00030000000000000003,0.00013384,0.0,0.00016512999999999999,0.00029053,0.00020442000000000002,0.00025745,0.00016348,6.481e-05,-3.969999999999999e-05,,0.00030000000000000003,-0.00028352
2024-07-26,0.0002334,0.00012099999999999999,0.0,-7.654e-05,0.00025027000000000003,0.00030000000000000003,0.00016861,0.00022878,1.1770000000000008e-05,-0.00047431,,0.00030000000000000003,-0.00012557
2024-07-27,0.00023678,0.00012251999999999999,0.0,0.00030000000000000003,0.00029488,0.00029252,0.00016876,0.00030000000000000003,0.00019568,-4.125e-05,,0.00030000000000000003,-7.334e-05
2024-07-28,0.00020161,0.00030000000000000003,0.0,0.00030000000000000003,0.00025265,0.00017975,0.00028932000000000003,0.00028749,0.00012999,-0.00033078999999999997,,0.00030000000000000003,7.174e-05
2024-07-29,0.00023984,0.00028174,6.348e-05,0.00022028,0.00012271,0.00023286,0.00023694000000000002,0.00023874,0.00022776000000000003,-0.00036282,,0.00030000000000000003,-2.199999999999945e-07
2024-07-30,0.00014649,0.00030000000000000003,0.0,0.00027981,0.00018544,0.00019389,0.00027783,0.00025933,0.00025574,-0.00085804,,0.00030000000000000003,-6.371999999999999e-05
2024-07-31,0.00014067,0.00030000000000000003,3.63e-05,0.00029958000000000003,0.00016742000000000002,6.725000000000001e-05,0.00019857999999999999,0.00028868000000000003,3.800000000000057e-07,-0.0001764,,0.00030000000000000003,2.748e-05
2024-08-01,0.00028208,0.00025973,1.821e-05,0.00017708,-1.5970000000000005e-05,4.994e-05,0.00029291,0.00020134,-4.296e-05,-0.00019332,,0.00030000000000000003,-6.303999999999999e-05
2024-08-02,0.00030000000000000003,0.00019197,1.397e-05,0.00010261000000000001,0.00017182999999999999,2.867e-05,0.00023639,0.00017009000000000002,5.8509999999999994e-05,-0.00035695999999999997,,0.00030000000000000003,0.00011925999999999999
2024-08-03,0.00024035000000000001,0.00016233,0.0,8.910000000000011e-06,7.613e-05,0.00023556,0.00027875,0.0002162,2.2570000000000002e-05,-0.00039169,,0.00030000000000000003,0.00024197999999999998
2024-08-04,0.00025343,0.00012631,0.0,-2.392e-05,9.766e-05,0.00010653,0.00011347,8.574e-05,1.7200000000000005e-05,-0.00050803,,0.00030000000000000003,0.00012459
2024-08-05,0.00020396,-7.924000000000001e-05,0.0,-1.5960000000000006e-05,1.776e-05,-5.3169999999999994e-05,5.917e-05,0.00016476000000000001,-0.00013135,-0.00065486,,0.00030000000000000003,-8.728e-05
2024-08-06,5.206e-05,-0.00014053,-0.00010267,2.4009999999999995e-05,-2.9999999999999997e-05,-0.00017179,2.438e-05,-1.8970000000000003e-05,-0.00049564,-0.0008631400000000001,,0.00030000000000000003,2.7190000000000002e-05
2024-08-07,-4.3480000000000004e-05,-9.344e-05,0.0,1.9599999999999948e-06,6.407e-05,8.671e-05,-4.003999999999999e-05,9.327e-05,2.163e-05,-0.0007483799999999999,,0.00030000000000000003,0.00018187
2024-08-08,6.87e-05,-8.897e-05,0.0,0.00012251,0.00015877,0.00017112,6.722999999999999e-05,-4.1200000000000005e-05,-3.539999999999999e-05,-0.00031386,,0.00030000000000000003,-3.704999999999999e-05
2024-08-09,0.00012024,2.5980000000000002e-05,0.0,0.00022409,-4.315e-05,0.00018735,7.365e-05,8.510000000000001e-05,-0.00019178,-0.00034119,,0.00030000000000000003,0.0002808
2024-08-10,-7.27e-05,8.690000000000003e-06,0.0,-4.9099999999999994e-05,0.00017609,-7.187e-05,2.8099999999999992e-05,0.00022554,-0.00034212,-0.00041824000000000006,,0.00030000000000000003,0.00028619
2024-08-11,3.395e-05,4.37e-06,0.0,0.00013843000000000001,-7.249999999999999e-06,-6.271e-05,-2.6150000000000002e-05,0.00021757,-0.0007094,-0.00074901,,0.00030000000000000003,0.00023558
2024-08-12,7.658e-05,0.00014237,0.0,0.00011337000000000001,2.122e-05,9.960999999999999e-05,9.659000000000001e-05,0.00024799,-0.00017959,-0.00073396,,0.00030000000000000003,0.00012465
2024-08-13,2.759e-05,-2.676e-05,0.0,0.00011556,3.079e-05,0.00011302,0.00013236,0.00016350000000000002,-0.00010508999999999998,-0.0009015,,0.00030000000000000003,0.00015465
2024-08-14,-7.989e-05,2.5900000000000006e-06,0.0,0.00014036999999999999,-1.595e-05,-6.165000000000001e-05,3.455e-05,0.00013133,4.184e-05,-0.00024214,,0.00030000000000000003,0.000146
2024-08-15,-8.33e-05,0.00013481,0.0,0.00020911999999999998,7.11e-06,0.00018221,2.2269999999999995e-05,0.00018386,0.00022182000000000001,-0.00013256,,0.00030000000000000003,1.635e-05
2024-08-16,-0.00019178999999999998,4.286e-05,-6.462e-05,0.00010629000000000001,-0.00029506,-0.00012805,-7.427e-05,8.086e-05,-0.00018693,-0.0008858399999999999,,0.00030000000000000003,-3.860000000000003e-06
2024-08-17,5.937e-05,-3.5079999999999996e-05,-1.124e-05,0.00013758,4.821000000000001e-05,0.00013566,1.8000000000000082e-07,0.00017853,7.181e-05,-0.00019585000000000002,,0.00030000000000000003,0.00019069
2024-08-18,-5.059999999999996e-06,-4.0659999999999994e-05,0.0,8.405e-05,0.00029344,0.00016622000000000002,-0.00011853,2.091e-05,-0.00016213,-0.00021226,,0.00030000000000000003,0.00027015000000000003
2024-08-19,-0.00012323,-4.3310000000000004e-05,0.0,0.0001016,4.2959999999999995e-05,2.1580000000000007e-05,6.788000000000001e-05,0.00019715,-0.0001292,-0.00012272999999999999,,0.00030000000000000003,0.00017563
2024-08-20,1.1199999999999994e-06,2.1999999999999993e-06,0.0,0.00022217,0.00023756,5.978e-05,-2.9280000000000004e-05,0.00014081,0.00016018,-7.526000000000001e-05,,0.00030000000000000003,0.00015064
2024-08-21,-6.951e-05,7.774999999999999e-05,0.0,6.183e-05,0.00015283,0.00012407,2.0120000000000004e-05,0.00010749,0.00022191,-1.1600000000000008e-06,,0.00030000000000000003,9.788e-05
2024-08-22,-8.151999999999999e-05,4.608e-05,-8.055e-05,0.00021438000000000002,0.00023823,0.00012281,0.00010391,9.929e-05,0.00012578,-0.00014983,,0.00030000000000000003,7.818e-05
2024-08-23,-5.2550000000000003e-05,0.000125,-0.0006190799999999999,0.00012864999999999998,0.00024083,0.00012508,3.958e-05,9.289e-05,0.00022667,-0.00011925999999999999,,0.00030000000000000003,1.0049999999999997e-05
2024-08-24,4.9e-05,4.700000000000006e-07,-0.00058794,0.00015772,0.00013184,4.1949999999999996e-05,0.00015379,0.00017134,0.00019865,-0.00023745999999999997,,0.00030000000000000003,0.000246
2024-08-25,-3.229e-05,2.5009999999999996e-05,-0.0003627,-1.5689999999999994e-05,0.00024234000000000001,2.417e-05,0.00018425,0.00020717,0.0002649,3.468000000000001e-05,,0.00030000000000000003,4.601e-05
2024-08-26,9.676e-05,0.00014161,-6.6e-07,-6.560999999999999e-05,0.00022267,8.263000000000001e-05,0.00013102,2.896e-05,0.00024792,8.193999999999999e-05,,0.00030000000000000003,-0.00014321
2024-08-27,0.00012299,0.0002196,0.0,-6.308e-05,0.00014678,0.00016898,0.00020311,0.00015641,0.00019965,0.00011873,,0.00030000000000000003,-6.082e-05
2024-08-28,-3.227e-05,-5.4010000000000006e-05,0.0,-0.00012131000000000002,3.663e-05,-4.882000000000001e-05,2.692e-05,-1.335e-05,-5.4529999999999995e-05,-0.00022722,,0.00030000000000000003,-0.00011704
2024-08-29,-2.061e-05,9.630000000000001e-06,0.0,0.0001424,0.0001094,-0.00015711,-0.00020072999999999998,3.8690000000000004e-05,-1.5540000000000004e-05,-0.00036927,,0.00030000000000000003,0.00025121
2024-08-30,7.441e-05,0.00010004999999999999,0.0,1.909e-05,0.00025081,0.00017645,-6.466e-05,0.00010333,3.940000000000001e-05,-0.00019839,,0.00030000000000000003,4.240000000000005e-06
2024-08-31,5.6290000000000005e-05,0.00023024,0.0,0.00026633,0.00015872,0.00012244,5.139999999999995e-06,0.00014703,0.00026197,0.00015143,,0.00030000000000000003,6.306000000000001e-05
2024-09-01,2.9900000000000044e-06,0.00013954,-5.365e-05,0.00014064,0.00015416,6.889e-05,-6.467e-05,0.00020508,0.00013973,-0.00018899000000000002,,0.00030000000000000003,3.431e-05
2024-09-02,-3.501e-05,8.562e-05,0.0,2.2369999999999998e-05,-9.969999999999994e-06,-0.00026737,-9.461e-05,7.209000000000001e-05,-0.00010248,-0.00049643,,0.00030000000000000003,8.922e-05
2024-09-03,0.00015966,0.00015769,0.0,0.00017477,-0.00014209999999999998,0.00030000000000000003,5.14999999999999e-06,0.00018674000000000002,-2.950000000000004e-06,-0.00042371,,0.00030000000000000003,-2.6310000000000004e-05
2024-09-04,1.789e-05,0.00012778,0.0,0.00016101,2.493e-05,-1.0039999999999999e-05,0.00011165,0.00011327,-2.434e-05,-0.00024127,,0.00030000000000000003,1.018e-05
2024-09-05,0.00013531,0.00010114999999999999,0.0,1.9019999999999997e-05,4.1490000000000004e-05,0.00023427000000000002,0.00013304000000000001,0.00020358,-1.3090000000000002e-05,-0.00024705,,0.00030000000000000003,-0.00014193000000000002
2024-09-06,3.7069999999999996e-05,0.0001254,0.0,2.54e-05,0.00016865,4.0610000000000006e-05,8.401e-05,8.694e-05,-2.4489999999999998e-05,-0.0001009,,0.00030000000000000003,-2.1499999999999997e-05
2024-09-07,-0.00015427000000000003,2.3559999999999998e-05,0.0,-0.00015868000000000002,5.100000000000002e-07,-0.00016223,-3.943e-05,5.447e-05,-8.636e-05,-0.00022777,,0.00030000000000000003,0.00018002
2024-09-08,-7.499e-05,0.00010279,0.0,0.00016812,0.00027163,0.00030000000000000003,0.00020824,-5.169e-05,0.00023856000000000002,0.00020269,,0.00030000000000000003,-4.567e-05
2024-09-09,-0.00018568,2.696e-05,0.0,8.361e-05,0.0002584,2.828e-05,-6.392e-05,-7.871999999999999e-05,9.363e-05,4.425e-05,,0.00030000000000000003,6.852e-05
2024-09-10,-0.00010084,-2.1430000000000003e-05,3.94e-06,8.374e-05,0.00027988000000000004,0.00015528,0.00010264,2.794e-05,1.864e-05,-0.00021221,,0.00030000000000000003,0.00021339
2024-09-11,-0.00016412000000000002,2.492e-05,0.0,7.915e-05,0.00021904,2.2110000000000003e-05,-0.00010470999999999999,8.548e-05,0.00017197000000000002,-2.247e-05,,0.00030000000000000003,1.389e-05
2024-09-12,-5.447e-05,6.222e-05,0.0,6.318e-05,0.00021566,4.757e-05,-2.35e-05,-1.4700000000000002e-05,0.00019871,-0.0005280899999999999,,0.00030000000000000003,0.00010328
2024-09-13,-3.381e-05,0.00014366999999999998,0.0,7.505e-05,0.00022555,0.00014832000000000002,6.192e-05,7.060000000000001e-05,0.00029186,7.722999999999999e-05,,0.00030000000000000003,-0.00022988
2024-09-14,-5.5140000000000004e-05,5.65e-06,0.0,8.732e-05,6.003e-05,3.9200000000000004e-05,3.642e-05,8.431e-05,0.00030000000000000003,0.00015137,,0.00030000000000000003,0.00013336
2024-09-15,-8.8e-07,3.219e-05,0.0,8.403e-05,7.702e-05,0.00025519,2.786e-05,0.00010736,0.00028209000000000003,-1.5099999999999974e-06,,0.00030000000000000003,-8.263000000000001e-05
2024-09-16,0.00012728000000000001,-4.8629999999999993e-05,-0.0001804,0.00010284,-0.00015085,-1.1219999999999998e-05,3.838000000000001e-05,4.099e-05,0.00016638999999999998,-0.00021027,,0.00030000000000000003,-0.00011541
2024-09-17,0.00015767,0.00015895,-0.00028947999999999995,0.00015376,-4.2119999999999997e-05,-3.495e-05,0.00014359,-5.811999999999999e-05,9.706e-05,-0.00019979999999999998,,0.00030000000000000003,0.00016679
2024-09-18,7.67e-05,0.00010195,-0.00027308000000000003,2.636e-05,-0.00012353,0.00018113,-1.599e-05,-7.000000000000035e-07,4.9250000000000004e-05,-0.00035018,,0.00030000000000000003,-1.3839999999999998e-05
2024-09-19,0.00010533000000000001,0.00018384,-0.00037823999999999996,0.0002525,0.00017509,0.0002131,0.00016668,0.00019618,0.00025581,0.00023991000000000003,,0.00030000000000000003,0.00016237
2024-09-20,0.00013105000000000001,0.00029734,-7.39e-05,0.00030000000000000003,0.00030000000000000003,0.00026128,0.00030000000000000003,0.00027963,0.00028931,0.00021141,,0.00030000000000000003,3.814e-05
2024-09-21,0.00022872000000000002,0.00017869,0.0,0.00026213,0.00030000000000000003,0.00024942,0.00024074,0.00020342,0.00030000000000000003,0.00019208000000000002,,0.00030000000000000003,-4.604e-05
2024-09-22,0.00021076,0.00020094,0.0,0.0002453,0.00024005,0.00025692,0.00019566,0.00019541000000000003,0.00014559,0.00024035000000000001,,0.00030000000000000003,7.305e-05
2024-09-23,0.00013214,0.00015845,0.0,0.00023624,0.00020987000000000002,0.00021690000000000001,-1.4680000000000002e-05,0.00021804,0.00018765,0.00015305,,0.00030000000000000003,-2.313e-05
2024-09-24,5.037e-05,0.0001338,6.712e-05,0.00021906,0.00028752,0.00024371,0.00012304,0.00024424,0.00015307,0.00015706000000000002,,0.00030000000000000003,0.00023357
2024-09-25,3.7e-05,0.00011705,0.0,0.00027834,0.00030000000000000003,0.00023925999999999998,0.00025783,0.00010404,0.00030000000000000003,0.0002815,,0.00030000000000000003,0.0001329
2024-09-26,0.00017895999999999998,0.00025612,0.0,0.00023275000000000002,0.00030000000000000003,0.00030000000000000003,0.00020313000000000002,0.00030000000000000003,0.00030000000000000003,0.00019928,,0.00030000000000000003,0.00019644
2024-09-27,0.00018997,0.00023595000000000002,0.0,0.00029029,0.00030000000000000003,0.00027264,0.00020981,0.00030000000000000003,0.00030000000000000003,0.00030000000000000003,,0.00030000000000000003,0.00022149000000000002
2024-09-28,0.00015169,0.00023393,5.223e-05,0.00028859,0.00030000000000000003,0.00023437000000000002,0.000298,0.00030000000000000003,0.00030000000000000003,0.00030000000000000003,,0.00030000000000000003,0.00019305
2024-09-29,0.00011106,0.00018953999999999998,0.0,0.00030000000000000003,0.00030000000000000003,0.00030000000000000003,0.00029314,0.00030000000000000003,0.00030000000000000003,0.00011684,,0.00030000000000000003,0.00015391
2024-09-30,0.00021016,0.00024781,0.0,0.00030000000000000003,0.00030000000000000003,0.00025251,0.00030000000000000003,0.00030000000000000003,0.00030000000000000003,3.28e-05,,0.00030000000000000003,0.00019086
2024-10-01,0.00030000000000000003,0.00028397000000000003,0.0,0.00030000000000000003,0.00024190000000000003,0.00011697000000000001,0.00030000000000000003,0.00024895,0.00012778,-8.128000000000001e-05,,0.00030000000000000003,7.895e-05
2024-10-02,0.00023232,0.00026859000000000003,-2.629e-05,0.0001453,0.00022693000000000002,0.00012008,0.00018318000000000002,0.00010244,3.609e-05,-0.00022498000000000003,,0.00030000000000000003,-4.2529999999999994e-05
2024-10-03,0.00013117,0.00011163,-0.00013994,0.00014699,-3.2900000000000007e-06,0.00015895,4.864e-05,0.00019268,-3.1990000000000004e-05,-0.00046025,,0.00030000000000000003,-0.00022148
2024-10-04,9.459e-05,0.00012777,0.0,8.063e-05,-4.4540000000000004e-05,7.759e-05,-6.999999999999998e-06,0.00018539,4.374e-05,-0.00115981,,0.00030000000000000003,-7.86e-06
2024-10-05,3.53e-06,0.00023367,0.0,0.00013307,0.00017250000000000002,0.00014137,0.00015769,0.00015405,0.0002578,-7.639e-05,,0.00030000000000000003,-9.893e-05
2024-10-06,8.04e-05,0.00017599,0.0,0.00029216,0.00023487,0.00030000000000000003,0.00023507,0.0002921,0.00013907,-0.00017361,,0.00030000000000000003,0.00024808
2024-10-07,5.798e-05,0.00015230000000000002,0.0,0.00018261,0.00025937,0.00028458,0.00012059,0.00024763,0.00025425000000000003,4.7180000000000006e-05,,0.00030000000000000003,8.87e-05
2024-10-08,0.00013516,0.00024969,0.0,0.00027631,0.00026338,0.00014607000000000002,7.49e-05,0.00030000000000000003,0.00030000000000000003,0.00010122999999999999,,0.00030000000000000003,9.02e-05
2024-10-09,0.00023077,0.0002364,-0.0012425700000000001,0.00030000000000000003,-8.63e-06,0.00010098,7.171e-05,0.00030000000000000003,0.00030000000000000003,-7.028e-05,,0.00030000000000000003,0.00010339
2024-10-10,0.00013622,0.00026663,-0.00030154,0.00024881,0.00013744,7.036e-05,0.00011441000000000001,0.0002343,0.00025029,3.7409999999999996e-05,,0.00030000000000000003,-0.00019308000000000001
2024-10-11,4.770000000000002e-06,0.00025451,-0.00015143,0.00024594,0.00014637,7.142e-05,-5.5e-05,0.00017121,0.00010444,-2.307999999999999e-05,,0.00030000000000000003,0.00019392
2024-10-12,0.00010733,0.00021795,0.0,0.00030000000000000003,0.00030000000000000003,0.00030000000000000003,-1.0650000000000008e-05,0.0002137,0.00030000000000000003,0.00030000000000000003,,0.00030000000000000003,0.00028892
2024-10-13,6.269e-05,0.00013649,0.0,0.00017556,0.00029146,0.00020572,0.00011854,0.00022051000000000001,0.00030000000000000003,0.00030000000000000003,,0.00030000000000000003,0.0002696
2024-10-14,0.00025429,0.00026559,0.0,0.00028700000000000004,0.0001628,0.00030000000000000003,0.00016166,0.00028244,0.00030000000000000003,0.00024341,,0.00030000000000000003,-3.247e-05
2024-10-15,0.00030000000000000003,0.00030000000000000003,8.374e-05,0.00030000000000000003,0.00030000000000000003,0.00030000000000000003,0.00030000000000000003,0.00030000000000000003,0.00030000000000000003,-9.266000000000001e-05,,0.00030000000000000003,4.0260000000000004e-05
2024-10-16,0.00026825000000000004,0.00030000000000000003,9.802e-05,0.00030000000000000003,0.00030000000000000003,0.00030000000000000003,0.00018935,0.00030000000000000003,0.00030000000000000003,-0.0002678,,0.00030000000000000003,0.00030000000000000003
2024-10-17,0.00030000000000000003,0.00030000000000000003,0.0,0.00030000000000000003,0.00025444,0.00030000000000000003,0.00024484,0.00030000000000000003,0.00030000000000000003,0.00015134,,0.00030000000000000003,0.00023781
2024-10-18,0.00030000000000000003,0.00030000000000000003,0.0,0.00030000000000000003,0.00030000000000000003,0.00030000000000000003,0.00020941,0.00030000000000000003,0.00030000000000000003,7.893e-05,,0.00030000000000000003,-3.5720000000000004e-05
2024-10-19,0.00030000000000000003,0.00030000000000000003,0.0,0.00030000000000000003,0.00030000000000000003,0.00030000000000000003,0.00016452,0.00030000000000000003,0.00030000000000000003,0.00021763000000000002,,0.00030000000000000003,8.365e-05
2024-10-20,0.00030000000000000003,0.00030000000000000003,0.0,0.00030000000000000003,0.00030000000000000003,0.00030000000000000003,0.00021913,0.00030000000000000003,0.00030000000000000003,0.00021422,,0.00030000000000000003,-0.00021502
2024-10-21,0.00030000000000000003,0.00030000000000000003,0.00016124,0.00030000000000000003,0.00030000000000000003,0.00030000000000000003,0.00030000000000000003,0.00030000000000000003,0.00030000000000000003,0.00030000000000000003,,0.00030000000000000003,-0.00015222
2024-10-22,0.00030000000000000003,0.00030000000000000003,0.0,0.00029868,0.00030000000000000003,0.00030000000000000003,0.00030000000000000003,0.00030000000000000003,0.00030000000000000003,0.00015246,,0.00030000000000000003,-0.00035297000000000003
2024-10-23,0.00030000000000000003,0.00030000000000000003,0.0,0.00030000000000000003,0.00030000000000000003,0.00026961,0.00030000000000000003,0.00029648,0.00030000000000000003,-8.023e-05,,0.00030000000000000003,-0.00029189
2024-10-24,0.00030000000000000003,0.00030000000000000003,0.0,0.00030000000000000003,0.00029851,0.00030000000000000003,0.00030000000000000003,0.00030000000000000003,0.00030000000000000003,0.00013994000000000002,,0.00030000000000000003,-0.00032826999999999997
2024-10-25,0.00030000000000000003,0.00030000000000000003,0.0,0.00030000000000000003,0.00030000000000000003,0.00022071000000000002,0.00023160000000000002,0.00030000000000000003,0.00030000000000000003,-2.866e-05,,0.00030000000000000003,-0.00015172999999999999
2024-10-26,0.00022323999999999998,0.00030000000000000003,0.0,0.00022578000000000002,-3.636e-05,0.00025609,0.00021117,0.00019426,0.00028427,-0.00056954,,0.00030000000000000003,0.00015192
2024-10-27,0.00029724,0.00030000000000000003,0.0,0.00030000000000000003,0.00015331,0.00030000000000000003,0.00013117,0.00016992,0.00028564,-0.00039255999999999997,,0.00030000000000000003,5.8370000000000005e-05
2024-10-28,0.00028371,0.00030000000000000003,0.0,0.00028166,0.00024093999999999998,0.00030000000000000003,0.00020988000000000002,0.00030000000000000003,0.00030000000000000003,-0.00021321,,0.00030000000000000003,7.21e-05
2024-10-29,0.00030000000000000003,0.00030000000000000003,4.545e-05,0.00030000000000000003,0.00030000000000000003,0.00030000000000000003,0.00030000000000000003,0.00030000000000000003,0.00030000000000000003,0.00028542,,0.00030000000000000003,0.00010207
2024-10-30,0.00030000000000000003,0.00030000000000000003,0.00036688,0.00030000000000000003,0.00030000000000000003,0.00030000000000000003,0.00030000000000000003,0.00030000000000000003,0.00030000000000000003,0.00030000000000000003,,0.00030000000000000003,0.00025605
2024-10-31,0.00030000000000000003,0.00030000000000000003,0.00011176,0.00030000000000000003,0.00030000000000000003,0.00030000000000000003,0.00030000000000000003,0.00030000000000000003,0.00030000000000000003,-8.711999999999999e-05,,0.00030000000000000003,0.00030000000000000003
2024-11-01,0.00030000000000000003,0.00030000000000000003,0.0,0.00030000000000000003,0.00030000000000000003,0.00030000000000000003,0.00030000000000000003,0.00030000000000000003,0.00030000000000000003,-0.00061115,,0.00030000000000000003,-0.00041781
2024-11-02,0.00030000000000000003,0.00030000000000000003,0.0,0.00030000000000000003,0.00030000000000000003,0.00028249000000000004,0.00023099999999999998,0.00030000000000000003,0.00030000000000000003,-0.000328,,0.00030000000000000003,-0.00013910000000000002
2024-11-03,0.00030000000000000003,0.00030000000000000003,0.0,0.00024917,0.00029160000000000004,0.00030000000000000003,0.00015235,0.00030000000000000003,0.00019564000000000002,-0.00040579000000000006,,0.00030000000000000003,-0.00013537
2024-11-04,0.00030000000000000003,0.00030000000000000003,0.0,0.00030000000000000003,0.00017244,0.00021267,0.00017758999999999999,0.00030000000000000003,1.6600000000000078e-06,-0.0005110199999999999,,0.00030000000000000003,-9.127e-05
2024-11-05,0.00030000000000000003,0.00030000000000000003,0.0,0.00030000000000000003,0.00026132,0.00021344000000000002,0.00011095,0.00030000000000000003,0.00018867,-2.88e-05,,0.00030000000000000003,7.774e-05
2024-11-06,0.00030000000000000003,0.00029511,0.00010539,0.00030000000000000003,0.00030000000000000003,0.00030000000000000003,0.00018108000000000002,0.00030000000000000003,0.00030000000000000003,0.00030000000000000003,,0.00030000000000000003,0.00024306000000000002
2024-11-07,0.00030000000000000003,0.00034885,0.00040897000000000004,0.00030000000000000003,0.00030000000000000003,0.00031847,0.00030000000000000003,0.00030000000000000003,0.0003095,0.00030000000000000003,,0.00030000000000000003,0.00030000000000000003
2024-11-08,0.00030000000000000003,0.00030000000000000003,0.00039072,0.00030000000000000003,0.00030000000000000003,0.00030000000000000003,0.00030000000000000003,0.00030000000000000003,0.00030000000000000003,0.00030000000000000003,,0.00030000000000000003,0.00030000000000000003
2024-11-09,0.00030000000000000003,0.00030000000000000003,0.00049284,0.00030000000000000003,0.00030000000000000003,0.00030000000000000003,0.00030000000000000003,0.00030000000000000003,0.00030000000000000003,0.00030000000000000003,,0.00030000000000000003,0.00030000000000000003
2024-11-10,0.00049716,0.00046708000000000003,0.00078544,0.00067998,0.0005867400000000001,0.00064896,0.00071046,0.00056678,0.00069606,0.00037318,,0.00030000000000000003,0.00030000000000000003
2024-11-11,0.00056878,0.00065084,0.0006714900000000001,0.00043793,0.00041621000000000003,0.00051421,0.00068122,0.0005347399999999999,0.00061275,0.00044803000000000003,,0.00030000000000000003,0.00030000000000000003
2024-11-12,0.00131624,0.00121308,0.00113429,0.00162853,0.00114202,0.00097505,0.00128521,0.00121358,0.00121353,0.0011638899999999999,,0.00030000000000000003,0.00030000000000000003
2024-11-13,0.00044957,0.0006005699999999999,0.00041353,0.00053784,0.00039558000000000003,0.00050776,0.00075775,0.0005843700000000001,0.00064536,0.00033558000000000004,,0.00030000000000000003,0.00030000000000000003
2024-11-14,0.00030000000000000003,0.0003058,0.00026322,0.00044428,0.00038154,0.00030000000000000003,0.00053226,0.00033545000000000005,0.00040889,0.00030000000000000003,,0.00030000000000000003,4.568e-05
2024-11-15,0.00030977,0.00036241,2.259e-05,0.00033370000000000003,0.00030000000000000003,0.00030000000000000003,0.00030000000000000003,0.00030000000000000003,0.00030000000000000003,0.00030000000000000003,,0.00030000000000000003,-4.999e-05
2024-11-16,0.00033231000000000005,0.00039566000000000004,0.00025661,0.00045348000000000003,0.00033852999999999997,0.0006557900000000001,0.00049721,0.00030000000000000003,0.0004333,0.00030000000000000003,,0.00030000000000000003,-8.934000000000001e-05
2024-11-17,0.00036342000000000004,0.00039685,0.00011475999999999999,0.00055765,0.00040456,0.00068399,0.00076145,0.00038836999999999997,0.00032286,0.00038744,,0.00030000000000000003,-5.593e-05
2024-11-18,0.00067768,0.00071278,7.4e-06,0.0005497200000000001,0.00052244,0.0008449600000000001,0.00062422,0.00037325,0.000636,0.00030000000000000003,,0.00030000000000000003,-0.00012356
2024-11-19,0.00069781,0.00077045,0.0005158000000000001,0.00060834,0.00057726,0.00076265,0.0005384599999999999,0.00043723000000000004,0.00030000000000000003,0.00047884,,0.00030000000000000003,0.0001394
2024-11-20,0.00030000000000000003,0.00050493,0.00046336,0.00042906,0.0005212999999999999,0.00034523,0.00030000000000000003,0.00031302,0.00030000000000000003,0.00030000000000000003,,0.00030000000000000003,0.00030000000000000003
2024-11-21,0.00030000000000000003,0.00040146,0.00037501,0.00030000000000000003,0.00030000000000000003,0.00030000000000000003,0.00030000000000000003,0.00030000000000000003,0.00030000000000000003,0.00030000000000000003,,0.00030000000000000003,9.779e-05
2024-11-22,0.00030000000000000003,0.00085504,0.0007381,0.00070042,0.00084727,0.0010086000000000001,0.0008355799999999999,0.00050417,0.00062323,0.00081498,,0.00030000000000000003,0.00020314
2024-11-23,0.00030000000000000003,0.0008466700000000001,0.00084083,0.0007124,0.00066166,0.00154756,0.00064523,0.0011596299999999998,0.00070495,0.00089439,,0.00030000000000000003,0.00030000000000000003
2024-11-24,0.00049376,0.00077996,0.00077962,0.00059452,0.00056827,0.00062275,0.0007660799999999999,0.00068666,0.00108275,0.0007452299999999999,,0.00030000000000000003,0.00030000000000000003
2024-11-25,0.00056268,0.00072991,0.00057063,0.00036070000000000004,0.00043783,0.00057106,0.00044817999999999995,0.00052561,0.00078405,0.00052098,,0.00030000000000000003,8.917000000000002e-05
2024-11-26,0.0006943699999999999,0.0005494,0.0005395,0.00030000000000000003,0.00030000000000000003,0.00039826,0.00030000000000000003,0.00042917,0.00058351,0.00036271000000000003,,0.00030000000000000003,-0.00022471999999999998
2024-11-27,0.00058,0.00057669,0.00049083,0.00030000000000000003,0.00035378,0.00039939,0.00030000000000000003,0.00061643,0.00044725,0.00033199,,0.00030000000000000003,-7.696999999999999e-05
2024-11-28,0.00036185,0.00042418,0.00071001,0.0006784,0.00051871,0.00036826000000000003,0.00030000000000000003,0.00052842,0.00054476,0.00030474,,0.00030000000000000003,0.00013054
2024-11-29,0.00054287,0.00035354,0.00067223,0.0007666999999999999,0.00073746,0.00077524,0.00030000000000000003,0.00061188,0.0007263699999999999,0.00045931,,0.00030000000000000003,-0.00010975000000000001
2024-11-30,0.00037972,0.00054262,0.00071054,0.00039971,0.00057826,0.00078011,0.00030000000000000003,0.00072292,0.00075367,0.00062197,,0.00030000000000000003,-4.406e-05
2024-12-01,0.00045482000000000004,0.00040664,0.00069288,0.00030000000000000003,0.00050823,0.00059725,0.00043181,0.00079705,0.00046978,0.00045089,,0.00030000000000000003,-0.00014249
2024-12-02,0.00063669,0.00093824,0.00091089,0.00081276,0.0010701299999999999,0.00086093,0.00089877,0.0009869,0.00107291,0.00076325,,0.00030000000000000003,-7.395000000000001e-05
2024-12-03,0.00049657,0.0007545,0.00106689,0.00052156,0.00108703,0.0009988899999999999,0.00094494,0.0011514,0.00134082,0.00086516,,0.00030000000000000003,-0.0001401
2024-12-04,0.00076122,0.00054473,0.0008386400000000001,0.00034023,0.00074089,0.00119726,0.0009498,0.00125627,0.0013440799999999999,0.00101113,,0.00030000000000000003,6.345e-05
2024-12-05,0.0014713,0.00104311,0.00116665,0.00168476,0.00140246,0.00151556,0.00134071,0.0016374599999999999,0.00144364,0.00119578,,0.00030000000000000003,0.00030000000000000003
2024-12-06,0.00034634,0.00066184,0.0007096699999999999,0.0009497,0.00059973,0.00092785,0.00076978,0.0008418,0.00120896,0.00066567,,0.00030000000000000003,0.00030000000000000003
2024-12-07,0.00058436,0.00077988,0.0008756899999999999,0.00088429,0.00144137,0.00122683,0.00114553,0.00122645,0.00141102,0.00133385,,0.00030000000000000003,0.00018038
2024-12-08,0.00051137,0.00063379,0.00057208,0.00053402,0.00087346,0.00122035,0.00078197,0.00068282,0.00094337,0.00063026,,0.00030000000000000003,-4.588000000000001e-05
2024-12-09,0.0006256,0.00043693000000000003,0.00064985,0.00030000000000000003,0.00053823,0.00053326,0.00054431,0.00059606,0.00056876,0.00054107,,0.00030000000000000003,-0.00036831
2024-12-10,0.00030000000000000003,0.00030000000000000003,0.00014754000000000001,0.00030000000000000003,0.00030000000000000003,0.00030000000000000003,0.00030000000000000003,0.00030000000000000003,0.00030000000000000003,0.00030000000000000003,,0.00030000000000000003,-0.00044489
2024-12-11,0.00030000000000000003,0.00030000000000000003,0.00020536000000000003,0.00013506,0.00030000000000000003,0.00023841000000000002,0.00030000000000000003,0.00030000000000000003,0.00030000000000000003,0.00030000000000000003,,0.00030000000000000003,6.136000000000001e-05
2024-12-12,0.00030000000000000003,0.00030000000000000003,0.0001267,0.00030000000000000003,0.00030000000000000003,0.00030000000000000003,0.00030000000000000003,0.00030000000000000003,0.00030000000000000003,0.00030000000000000003,,0.00030000000000000003,-0.00013766
2024-12-13,0.00030000000000000003,0.00030000000000000003,0.0001849,0.00029422,0.00030000000000000003,0.00030000000000000003,0.00030000000000000003,0.00030000000000000003,0.00030000000000000003,0.00030000000000000003,,0.00030000000000000003,-0.00021939
2024-12-14,0.0002675,0.00030000000000000003,0.0,0.00030000000000000003,0.00030000000000000003,0.00030000000000000003,0.00030000000000000003,0.00030000000000000003,0.00030000000000000003,0.00030000000000000003,,0.00030000000000000003,-0.00021987
2024-12-15,0.00028194,0.00029404,0.0,0.00022433000000000002,0.00030000000000000003,0.00021095,0.00026761,0.00030000000000000003,0.00030000000000000003,0.00027017,,0.00030000000000000003,-0.00042455
2024-12-16,0.00029181,0.00028662,0.00025988,3.4590000000000006e-05,0.00030000000000000003,0.00030000000000000003,0.00030000000000000003,0.00030000000000000003,0.00030000000000000003,0.00030000000000000003,,0.00030000000000000003,-0.00023882
2024-12-17,0.00027866,0.00030000000000000003,0.00028321,0.00030000000000000003,0.00025413,0.00030000000000000003,0.00024064,0.00030000000000000003,0.00030000000000000003,0.00030000000000000003,,0.00030000000000000003,1.3800000000000003e-06
2024-12-18,0.00029159,0.00028046,3.7630000000000004e-05,0.00025666,0.00025212,0.00019074,0.00019725,0.00030000000000000003,0.00030000000000000003,0.00030000000000000003,,0.00030000000000000003,-0.00029119
2024-12-19,0.00030000000000000003,0.00020915000000000002,0.0,-0.00014282,0.00023088,1.4100000000000004e-05,-3.931e-05,0.00030000000000000003,0.0001874,3.7720000000000005e-05,,0.00030000000000000003,-0.00040446
2024-12-20,0.00030000000000000003,0.00030000000000000003,-1.1e-05,0.00030000000000000003,0.00014316,-0.00016511,-0.00010596999999999999,0.00030000000000000003,0.00014595,-4.528e-05,,0.00030000000000000003,-0.00028351
2024-12-21,0.00021206000000000003,0.00026352,0.0,0.00030000000000000003,0.00017062000000000002,2.8089999999999997e-05,-0.00036771,0.00028266,0.00018339000000000002,0.00027826,,0.00030000000000000003,-0.00025966
2024-12-22,0.00029629,0.0002537,0.0,0.00030000000000000003,0.00030000000000000003,8.901e-05,-0.00019549999999999998,0.00024747,0.00027496,0.00021986,,0.00030000000000000003,-0.00045459
2024-12-23,0.00028981,0.00019758,-0.00011832,0.00018680000000000001,0.00029969,-2.603e-05,-9.795999999999999e-05,0.00030000000000000003,0.00023879,0.00020765,,0.00030000000000000003,-0.00018516
2024-12-24,0.00030000000000000003,0.00020878000000000002,-0.00036851,0.00030000000000000003,0.00030000000000000003,0.00012584,-2.959e-05,0.00030000000000000003,0.00030000000000000003,0.0001862,,0.00030000000000000003,-0.00032315
2024-12-25,0.00030000000000000003,0.00012258,-8.695e-05,0.00025628,0.00017022,-0.00015379,6.450000000000001e-06,0.00030000000000000003,0.00029687,0.00012477,,0.00030000000000000003,-7.584e-05
2024-12-26,0.00025865,0.00026305,-0.00032447000000000004,5.672e-05,0.00013289,5.96e-05,0.00014257,0.00029146,0.00030000000000000003,0.00025041,,0.00030000000000000003,-0.00012835
2024-12-27,0.00030000000000000003,0.00023777,-0.00028545,9.258000000000001e-05,0.00021386000000000002,-4.141e-05,-7.044000000000001e-05,0.00030000000000000003,0.00021486,1.408e-05,,0.00030000000000000003,-0.00013691000000000002
2024-12-28,0.00022812,0.00029336,0.0,0.00030000000000000003,0.00028063000000000003,0.00014602000000000001,9.655e-05,0.00013597000000000001,0.00014319,0.00010396,,0.00030000000000000003,-0.00015582999999999998
2024-12-29,0.00028013,0.00020572,0.0,0.00029068000000000003,0.00030000000000000003,0.00029536,4.191e-05,0.00016103,0.00025628,0.00026911000000000003,,0.00030000000000000003,0.00017438000000000002
2024-12-30,0.00018749,0.00030000000000000003,-7.761e-05,9.351e-05,0.00018328000000000002,0.00015704,0.00020666,0.00025475,0.00029425,0.00023506000000000002,,0.00030000000000000003,2.7109999999999996e-05
2024-12-31,0.00030000000000000003,0.00028514,-5.086e-05,0.00014205,0.00030000000000000003,0.00025607,0.00017814,0.00026834,0.0002888,0.00019467,,0.00030000000000000003,-9.63e-05
2025-01-01,0.00030000000000000003,0.00030000000000000003,0.0,0.00030000000000000003,0.00030000000000000003,0.00015155,-9.737e-05,0.00028487,0.00024612,0.00026783,,0.00030000000000000003,-0.00017317
2025-01-02,0.00030000000000000003,0.00030000000000000003,-0.0001709,0.00030000000000000003,0.00030000000000000003,0.00030000000000000003,0.00029337,0.00030000000000000003,0.00030000000000000003,0.00030000000000000003,,0.00030000000000000003,1.9600000000000002e-05
2025-01-03,0.00025242,0.00030000000000000003,0.0,0.00030000000000000003,0.00030000000000000003,0.00017238,5.629999999999999e-06,0.00030000000000000003,0.00030000000000000003,0.00030000000000000003,,0.00030000000000000003,0.00015366000000000002
2025-01-04,0.00018497,0.00030000000000000003,0.0,0.00030000000000000003,0.00030000000000000003,0.00030000000000000003,3.3700000000000006e-05,0.00030000000000000003,0.00030000000000000003,0.00030000000000000003,,0.00030000000000000003,8.352e-05
2025-01-05,0.0002832,0.00030000000000000003,0.0,0.00030000000000000003,0.00030000000000000003,0.00026344,0.00016474,0.00030000000000000003,0.00030000000000000003,0.00030000000000000003,,0.00030000000000000003,-8.130999999999999e-05
2025-01-06,0.00030000000000000003,0.00030000000000000003,0.0,0.00030000000000000003,0.00030000000000000003,0.00018680000000000001,4.1729999999999995e-05,0.00030000000000000003,0.00030000000000000003,0.00030000000000000003,,0.00030000000000000003,-0.00021558
2025-01-07,0.00027182,0.00030000000000000003,1.6679999999999996e-05,0.00030000000000000003,0.00030000000000000003,0.00027968000000000003,1.153e-05,0.00030000000000000003,0.00030000000000000003,0.00030000000000000003,,0.00030000000000000003,7.764e-05
2025-01-08,0.00030000000000000003,0.00029658,-0.00141597,0.00014368,0.00030000000000000003,-4.435e-05,7.673e-05,0.00023145000000000002,0.00020176,0.00028209000000000003,,0.00030000000000000003,-0.00025548
2025-01-09,0.0001929,0.00026609,-0.00028890000000000003,0.00022825000000000002,0.00025474000000000004,8.019e-05,3.9850000000000006e-05,0.00022255000000000002,7.980000000000002e-05,0.00017905,,0.00030000000000000003,-0.00029715000000000004
2025-01-10,0.00010983999999999999,0.00023735,-0.0007435499999999999,0.000261,0.00024059,-0.00036571,-3.124e-05,0.00030000000000000003,0.00010339999999999999,0.0002068,,0.00030000000000000003,9.94e-05
2025-01-11,0.00012343,0.00022224,0.0,0.00030000000000000003,0.00016738000000000001,-0.00020461,-6.932e-05,0.00017452,0.00027744,0.00018805,,0.00030000000000000003,-7.133e-05
2025-01-12,0.00014866,0.00028134000000000004,-5.64e-05,0.00030000000000000003,0.00030000000000000003,-0.00015157000000000001,1.2839999999999999e-05,-1.1320000000000007e-05,0.00030000000000000003,0.00026257,,0.00030000000000000003,-0.00020776
2025-01-13,0.00013136,0.00022745,-0.0009517500000000001,0.00020343,0.00022363,3.273e-05,0.00013477,-8.648e-05,0.00013118,-0.00017432,,0.00030000000000000003,-0.00025423
2025-01-14,0.00029496000000000004,0.00020527000000000002,0.0,0.00030000000000000003,0.00023905,0.00018564,-4.661e-05,5.738999999999999e-05,6.714e-05,0.00013212,,0.00030000000000000003,-0.00026404
2025-01-15,0.00019628,0.0001587,0.0,0.00030000000000000003,0.00030000000000000003,5.826e-05,-4.753e-05,0.00029571,0.00029528,0.00026878000000000004,,0.00030000000000000003,-0.00016793
2025-01-16,0.00012894,0.00023586,0.0,0.00027409,0.00030000000000000003,0.00025499,0.00030000000000000003,0.00030000000000000003,0.00028279,0.00026904,,0.00030000000000000003,0.00012742
2025-01-17,0.00017414999999999998,0.00030000000000000003,3.588e-05,0.000145,0.00030000000000000003,0.00029595,0.00028220000000000003,0.00030000000000000003,0.00030000000000000003,0.00030000000000000003,,0.00030000000000000003,-0.00028246
2025-01-18,0.00026707,0.00030000000000000003,0.0,0.00020532,0.00028543000000000004,0.00030000000000000003,0.00017554000000000002,0.00030000000000000003,0.00030000000000000003,0.00030000000000000003,,0.00030000000000000003,-0.00027044
2025-01-19,0.00030000000000000003,0.00030000000000000003,0.00021794,0.00018838,0.00030000000000000003,0.00030000000000000003,0.00024919,0.00030000000000000003,0.00030000000000000003,0.0002854,,0.00030000000000000003,-1.764e-05
2025-01-20,0.00030000000000000003,0.00030000000000000003,0.00025973,0.00025681,0.00030000000000000003,0.00022597,-0.00069949,0.00030000000000000003,0.00030000000000000003,0.00030000000000000003,,0.00030000000000000003,2.3890000000000017e-05
2025-01-21,0.00030000000000000003,0.00030000000000000003,0.00015804000000000003,0.00018086,0.00030000000000000003,0.00018596,-0.00021205999999999997,0.00030000000000000003,0.00030000000000000003,0.00013494,,0.00030000000000000003,-6.177e-05
2025-01-22,0.00030000000000000003,0.00030000000000000003,0.00011414,0.00030000000000000003,0.00030000000000000003,0.00017892,0.00016548000000000002,0.00027465,0.00030000000000000003,0.00030000000000000003,,0.00030000000000000003,0.00011408
2025-01-23,0.0002727,0.00030000000000000003,7.502000000000001e-05,0.0001962,0.00030000000000000003,0.00021062,0.00010101,0.00030000000000000003,0.00028858,0.00030000000000000003,,0.00030000000000000003,-0.00041293
2025-01-24,0.00017411,0.00030000000000000003,8.366e-05,0.00023375000000000002,0.00030000000000000003,9.31e-05,0.00025967,0.00026771,0.00025911,0.00030000000000000003,,0.00030000000000000003,0.00028752
2025-01-25,0.00021978999999999998,0.00022379,8.692e-05,0.00012259,0.00028327,-8.259999999999999e-06,-0.00013968999999999999,0.00020894000000000002,0.00010188000000000001,0.00030000000000000003,,0.00030000000000000003,0.0002505
2025-01-26,0.00026806,0.00023237,7.393e-05,0.00030000000000000003,0.00030000000000000003,-8.240000000000002e-06,0.00021033,0.00030000000000000003,0.00018701000000000001,0.00030000000000000003,,0.00030000000000000003,-9.434000000000001e-05
2025-01-27,0.00012894,6.715e-05,-0.00011806,3.605000000000001e-05,0.00018564,-0.00025065,-0.00017176000000000002,5.028e-05,0.00016151000000000002,-1.4939999999999989e-05,,0.00030000000000000003,-0.00014735
2025-01-28,0.00023562000000000002,0.0001995,0.0,0.00025926,0.000267,-2.8399999999999982e-06,7.475e-05,0.00024825,0.00024671000000000003,2.435e-05,,0.00030000000000000003,0.00029422
2025-01-29,0.00029949,0.00025253,0.0,0.00010616,0.00029633000000000003,0.00024154,0.00012878,0.00023336,0.00018855,-5.519e-05,,0.00030000000000000003,0.00014213
2025-01-30,0.00027089,0.00019342,0.0,0.00027139000000000004,0.00026931000000000004,0.00015092,0.00014405,0.00026971,0.00025591000000000004,0.00027026000000000003,,0.00030000000000000003,0.00030000000000000003
2025-01-31,0.00021225,0.00027384,0.0,0.00030000000000000003,0.00021229000000000002,0.00013397000000000002,-2.0700000000000056e-06,0.00030000000000000003,0.00030000000000000003,0.00030000000000000003,,0.00030000000000000003,0.00022356
2025-02-01,0.00019435,0.00021747,6.065e-05,-3.416e-05,0.00022747000000000002,0.00016345,-8.896e-05,0.00030000000000000003,0.00028212,0.00030000000000000003,,0.00030000000000000003,0.00029312
2025-02-02,8.343e-05,0.00020209,0.0,0.00022966000000000002,2.3140000000000005e-05,7.781e-05,-4.3169999999999995e-05,0.00022648000000000001,-0.00017431,-2.971e-05,,0.00030000000000000003,0.00012092
2025-02-03,0.00024845,-0.00038541,0.0,-0.00017612,-0.00040998999999999994,-0.00013767,-0.00020404,-3.9739999999999996e-05,-0.00019598,-0.00076246,,0.00030000000000000003,0.00013495
2025-02-04,0.0001355,-0.00017759999999999998,0.0,-6.921e-05,-0.00038024,-7.149000000000001e-05,-0.00054441,6.84e-05,-0.00014033,-0.00030297,,0.00030000000000000003,0.00030000000000000003
2025-02-05,5.923e-05,-4.9789999999999996e-05,0.0,-0.00017201,-9.3e-05,0.00010085,-0.00019255,0.00011613,0.00013689,8.669e-05,,0.00030000000000000003,5.872e-05
2025-02-06,7.851e-05,-3.3430000000000003e-05,-1.062e-05,0.00013542,7.718e-05,0.00011283,6.480000000000006e-06,0.00013148,5.452e-05,3.0420000000000004e-05,,0.00030000000000000003,-3.4979999999999994e-05
2025-02-07,0.00020139,4.147e-05,-0.00017193,-7.024e-05,4.8400000000000004e-05,-6.615e-05,4.125e-05,0.00010418000000000001,-8.751000000000001e-05,1.382e-05,,0.00030000000000000003,0.00025224
2025-02-08,-2.639e-05,0.00014568,0.0,7.751000000000001e-05,-0.0001254,0.00014927,5.341e-05,0.00025306,9.795999999999999e-05,-2.2279999999999997e-05,,0.00030000000000000003,1.603e-05
2025-02-09,0.00016312,0.00010135,-0.00044058,4.309999999999998e-06,-0.00016382,3.6910000000000004e-05,-0.00036307,0.00030000000000000003,-3.246999999999999e-05,4.860000000000004e-06,,0.00030000000000000003,0.00027496
2025-02-10,0.00018435,0.00013381,0.0,7.980000000000002e-05,2.110000000000001e-05,0.0001944,-0.00023725,0.00026704,0.00013303,0.00011057,,0.00030000000000000003,0.00014464
2025-02-11,8.862e-05,2.452e-05,0.0,0.00024798,0.00019018000000000003,0.00018157,-0.00057803,0.00030000000000000003,8.164000000000001e-05,0.00012451,,0.00030000000000000003,0.00011622
2025-02-12,0.00011156999999999999,0.00017908,-0.00014838,-5.4159999999999996e-05,0.00011125,-6.229e-05,-0.00013483,0.0002458,-0.00015926999999999998,-7.614e-05,,0.00030000000000000003,-0.00041846
2025-02-13,0.00014922,0.00020567,-0.00055066,0.00020766,-0.00017138,0.00012933999999999998,-0.00012452,0.00014064,0.00015181,0.00011804,,0.00030000000000000003,-0.00011184
2025-02-14,0.00016703,0.00016314999999999998,-5.277e-05,0.00018815000000000002,-2.189999999999991e-06,0.00018424,0.00015227,0.00028291000000000004,0.00013542,0.00014651,,0.00030000000000000003,0.00030000000000000003
2025-02-15,7.087e-05,9.051e-05,-0.00018896,0.00014869,-0.00011952,-1.9399999999999984e-06,6.653e-05,0.00029551,7.544e-05,0.00012778,,0.00030000000000000003,0.00023655
2025-02-16,7.371e-05,0.00013579,-0.0003949,6.754000000000001e-05,-2.608e-05,-0.00011999999999999999,-0.00025256,0.00015538,-7.706e-05,-0.00037153,,0.00030000000000000003,-8.661e-05
2025-02-17,0.00014645,0.00019259,-0.00032442,4.3060000000000004e-05,0.00022583,1.1779999999999999e-05,-0.00029436999999999996,0.00011905000000000001,0.0001466,-0.00013363,,0.00030000000000000003,0.00014444000000000002
2025-02-18,0.00029488,8.588000000000001e-05,-0.00019582999999999997,0.00011183,3.549e-05,-2.7749999999999997e-05,0.00014492,0.00015489,-0.00028049,-0.00049463,,0.00030000000000000003,-0.00015769
2025-02-19,0.00023746,0.00015422,-0.00018423,-5.505e-05,-0.00018146,1.7239999999999998e-05,-4.578e-05,0.00030000000000000003,2.8409999999999994e-05,-0.00013842,,0.00030000000000000003,-0.00014064
2025-02-20,0.00013035,0.00011826999999999999,-0.00012986,-4.421e-05,0.00021986,6.358999999999999e-05,-7.842999999999999e-05,0.000204,0.00013731,-1.1519999999999998e-05,,0.00030000000000000003,0.00030000000000000003
2025-02-21,2.3120000000000002e-05,0.00014426,-0.00052208,-0.00019957,0.00028834,-2.589e-05,4.4239999999999997e-05,2.984e-05,0.00030000000000000003,0.00030000000000000003,,0.00030000000000000003,0.00027912
2025-02-22,0.00018784,5.237e-05,-0.00054049,-0.00011627999999999999,-4.903000000000001e-05,3.5720000000000004e-05,-0.00024768,0.00014806000000000002,-0.00034891,-0.00021330999999999998,,0.00030000000000000003,-0.0006609
2025-02-23,8.73e-05,0.00013735,-0.0003671,-7.748999999999999e-05,0.00010965000000000001,8.727e-05,0.00011259,7.561e-05,6.196e-05,0.00030000000000000003,,0.00030000000000000003,8.234000000000001e-05
2025-02-24,5.9609999999999993e-05,0.00011133,-0.0006304300000000001,3.676999999999999e-05,-0.00013533,-6.048999999999999e-05,-6.320999999999999e-05,1.661e-05,-0.00019177,-0.00018407,,0.00030000000000000003,0.00028101
2025-02-25,0.0001663,-2.0499999999999956e-06,-4.403e-05,-3.687e-05,0.00015095,4.740000000000001e-05,6.760000000000003e-06,-0.00010788,0.00012182999999999999,-0.00028001999999999997,,0.00030000000000000003,-0.00026011000000000003
2025-02-26,0.00019526,0.00011396,-0.0005535399999999999,-0.00021883,9.352000000000001e-05,-4.2109999999999995e-05,-4.971e-05,-1.0599999999999932e-06,-1.338e-05,-0.00016569,,0.00030000000000000003,-0.00033064
2025-02-27,0.00018121,0.00023542,0.0,0.00012522,0.00022093999999999998,0.00028384,0.00020333,0.00030000000000000003,0.00018897,0.00020547,,0.00030000000000000003,5.342e-05
2025-02-28,0.00018592,6.564e-05,-0.00015723,-6.908e-05,6.178999999999999e-05,-7.722e-05,0.00030000000000000003,9.52e-05,-1.4079999999999999e-05,1.999999999999998e-06,,0.00030000000000000003,-1.867e-05
2025-03-01,-6.98e-05,2.8630000000000002e-05,-0.0005429300000000001,2.770000000000001e-05,0.00023054,0.00023219,0.00026593,0.00030000000000000003,0.00027491,0.00010847999999999999,,0.00030000000000000003,-0.00010887
2025-03-02,-6.746000000000001e-05,0.00015496,-0.00027288999999999997,2.655000000000001e-05,0.00029668,0.00010044999999999999,9.579e-05,-9.833e-05,0.00012178,0.00014864,,0.00030000000000000003,0.00030000000000000003
2025-03-03,5.449999999999997e-06,2.898e-05,-0.00027543,0.00016161000000000002,0.00015883,-0.00015064,-5.863e-05,-0.00012356000000000002,0.00020987000000000002,0.00025339,,0.00030000000000000003,-0.00016889999999999999
2025-03-04,-4.899999999999999e-06,-7.866000000000001e-05,-0.00024352,-3.591e-05,-0.00037056,-0.00017405,-0.00011617000000000001,-0.00011224,-0.0001533,-0.00103497,,0.00030000000000000003,-0.00024377000000000003
2025-03-05,0.00011863,0.00016102,-9.954e-05,-0.00028279,-7.680000000000001e-06,2.449e-05,-0.00018458,-0.00013298999999999999,8.408e-05,-0.0004426,,0.00030000000000000003,0.00030000000000000003
2025-03-06,0.00016769000000000002,2.773e-05,0.0,-5.336e-05,-0.00028989,5.973e-05,-0.00017004,-7.458000000000001e-05,0.00021107,7.288999999999999e-05,,0.00030000000000000003,-3.030000000000003e-06
2025-03-07,-1.23e-06,6.028e-05,0.0,-0.00023128,-0.00073642,-8.110000000000002e-06,-0.00014836,3.783000000000001e-05,0.00022861000000000002,4.8349999999999996e-05,,0.00030000000000000003,1.593000000000002e-05
2025-03-08,6.909e-05,0.00013721,0.0,-9.418999999999999e-05,-0.00014456,7.950000000000001e-05,-3.514e-05,0.00011891000000000001,0.00026088,-0.00011218000000000001,,0.00030000000000000003,-0.00042692
2025-03-09,0.00010439000000000001,0.00010495,-0.00013068,-0.00010074,3.954999999999999e-05,3.057e-05,-3.0369999999999996e-05,5.6939999999999994e-05,0.00018332,-4.575e-05,,0.00030000000000000003,-0.00033585
2025-03-10,9.333e-05,1.7589999999999996e-05,-0.00010786,-0.00035432,-0.00037633,-9.655e-05,-0.00025772999999999996,0.00012205000000000001,-0.00054447,-0.0006625,,0.00030000000000000003,0.0002284
2025-03-11,0.00016711,5.681000000000001e-05,-0.00012411,-0.00016612000000000002,7.251000000000001e-05,3.983e-05,6.226e-05,0.00019422,-0.00044676,-6.441000000000002e-05,,0.00030000000000000003,0.00011595000000000001
2025-03-12,0.00010403999999999999,-6.34e-06,-1.423e-05,-0.00022476,-0.00042787,8.442000000000001e-05,-4.332e-05,8.491e-05,1.9220000000000006e-05,1.8899999999999972e-06,,0.00030000000000000003,-1.3320000000000015e-05
2025-03-13,5.6890000000000006e-05,7.144e-05,0.0,-4.847e-05,-0.0003939,9.723e-05,1.3009999999999999e-05,0.00016081,0.00014041,3.825e-05,,0.00030000000000000003,8.209000000000001e-05
2025-03-14,0.00011074,0.00015962,-6.196000000000001e-05,-6.754e-05,-0.0002023,0.00021538,0.00022942,0.00020379000000000003,4.766e-05,5.4800000000000004e-05,,0.00030000000000000003,8.478000000000001e-05
2025-03-15,-8.745e-05,9.619e-05,-3.587e-05,-1.9870000000000005e-05,0.00020325,0.00011236,0.00014902,0.00012862000000000003,-0.00028438,-0.00026765999999999997,,0.00030000000000000003,0.00020787
2025-03-16,5.915e-05,-8.365e-05,0.0,-6.587e-05,-0.00033156,1.9589999999999994e-05,2.7449999999999996e-05,-4.737e-05,-3.959e-05,-0.00030961,,0.00030000000000000003,-0.00018355999999999998
2025-03-17,0.00010398,0.00011423,0.0,-6.356e-05,-0.00033124,5.329e-05,-0.00017428000000000002,0.00028263,6.475e-05,-0.00067006,,0.00030000000000000003,-3.828e-05
2025-03-18,6.276e-05,0.00010883,-3.807e-05,-0.00032029,-0.00027778,-0.00012236000000000001,-0.00017156,-7.443e-05,0.00028989,-2.1859999999999997e-05,,0.00030000000000000003,0.00010990000000000002
2025-03-19,0.00011185000000000001,0.00021645,-0.00036187,-0.00027465,1.633e-05,9.196000000000001e-05,0.00010486000000000001,0.00022047,0.00020404,0.00021619,,0.00030000000000000003,-0.00022883000000000002
2025-03-20,6.82e-05,-1.008e-05,-0.00060461,2.728999999999999e-05,0.00024567,0.00015257,0.00018129000000000002,0.00023286000000000002,0.00017483,-8.992e-05,,0.00030000000000000003,-0.000181
2025-03-21,9.457e-05,0.00014597000000000001,-0.00120608,-1.3630000000000002e-05,-0.00035223,-9.832999999999999e-05,-8.943e-05,0.00025724,9.701000000000001e-05,-0.00028536,,0.00030000000000000003,-0.00035935000000000003
2025-03-22,6.158e-05,-1.4319999999999995e-05,-0.00104131,-0.0001317,-0.00028746,7.59e-06,-7.454e-05,-0.00020523,-0.00010695,0.00019955,,0.00030000000000000003,-0.00037954
2025-03-23,5.9350000000000006e-05,7.269999999999999e-05,-0.0011093700000000001,5.800000000000004e-07,-2.616e-05,0.00016309,1.7109999999999997e-05,0.00022599000000000002,0.00014012,0.00020037,,0.00030000000000000003,-0.0002477
2025-03-24,4.129e-05,0.00011235,-0.00065279,8.622e-05,8.403000000000001e-05,0.00028498,0.00012763,0.00021185000000000003,0.00026448,0.00024762000000000004,,0.00030000000000000003,0.00010984
2025-03-25,-2.8729999999999998e-05,7.717000000000001e-05,-0.00046665,0.00019261000000000001,0.00030000000000000003,0.00014396,0.0001284,0.00017376000000000002,0.00030000000000000003,0.0001468,,0.00030000000000000003,0.00030000000000000003
2025-03-26,-4.413e-05,1.815e-05,0.0,5.4690000000000013e-05,0.00015522,0.0001934,-0.00016641999999999997,0.00025366,0.00030000000000000003,0.00010908,,0.00030000000000000003,0.00030000000000000003
2025-03-27,4.888e-05,0.00015096,-2.32e-05,-0.00043525,3.7199999999999847e-06,-2.378e-05,-0.00021899,6.097e-05,0.00025704,3.8490000000000006e-05,,0.00030000000000000003,-0.00032385000000000004
2025-03-28,9.245000000000001e-05,2.546e-05,-0.00046029999999999997,-3.5109999999999994e-05,-0.00016476000000000001,4.507e-05,-0.00022715000000000002,-8.519e-05,-6.155e-05,-0.00018453000000000002,,0.00030000000000000003,-0.00038117
2025-03-29,0.00016108,8.323e-05,-0.00075136,-0.00027669,-0.00013691000000000002,6.553e-05,-0.00011557,7.300000000000015e-07,4.774000000000001e-05,-0.00044275,,0.00030000000000000003,-0.00053948
2025-03-30,5.356e-05,-1.88e-05,-0.00104215,-0.00036442,-3.104e-05,-0.00011522,-0.00083917,1.435e-05,-0.00014417000000000002,-0.00063817,,0.00030000000000000003,-0.00026647
2025-03-31,0.00010508,4.346e-05,-0.00032172,-0.00033851,-0.00032268,-1.904e-05,-0.00024577999999999997,6.410000000000001e-06,2.444e-05,-0.00042592,,0.00030000000000000003,8.571e-05
2025-04-01,0.00010423,5.5389999999999997e-05,-0.00079717,-0.00012722999999999999,-2.6049999999999983e-05,3.4550000000000006e-05,-0.00015026,0.00015844,0.00020749,-0.00030082,,0.00030000000000000003,6.532e-05
2025-04-02,1.657e-05,7.893e-05,-8.386e-05,-2.239999999999999e-05,5.536000000000001e-05,0.00013691,-0.00015536,5.234999999999999e-05,0.00020569000000000002,-5.217999999999999e-05,,0.00030000000000000003,-0.00024815
2025-04-03,0.00017384,5.1359999999999996e-05,-0.00069783,-0.00070681,-0.00038066,1.2520000000000002e-05,-0.00026049,0.0001305,7.249999999999993e-06,-0.00016198999999999999,,0.00030000000000000003,-7.416000000000001e-05
2025-04-04,0.00017057,8.387999999999999e-05,0.0,-0.00038658,-7.548e-05,4.639e-05,-0.00033224,0.00026546,0.0001228,-9.905e-05,,0.00030000000000000003,-0.00026034
2025-04-05,0.00016403999999999998,7.337999999999999e-05,0.0,0.00021542,0.00025254,0.0002817,0.00015785000000000002,0.000229,0.00024579,-7.694e-05,,0.00030000000000000003,-0.00021873999999999998
2025-04-06,4.981e-05,5.427000000000001e-05,0.0,0.00014306,-0.00014732,6.364000000000001e-05,-1.0819999999999995e-05,-4.7559999999999985e-05,-5.1760000000000006e-05,-0.00053264,,0.00030000000000000003,-0.00028206
2025-04-07,0.00016801,-8.2e-05,0.0,-0.00031341999999999996,-4.23e-05,-1.6550000000000002e-05,-2.1899999999999997e-05,1.5810000000000013e-05,9.445e-05,-0.00044222,,0.00030000000000000003,-0.0005541000000000001
2025-04-08,0.00010783,-7.120000000000001e-06,0.0,-0.00055745,-2.2620000000000004e-05,5.675e-05,-0.00039552,0.00022484,0.00010006000000000001,-0.0006122899999999999,,0.00030000000000000003,5.963000000000001e-05
2025-04-09,0.00014172,-9.825e-05,0.0,-8.170000000000001e-06,-6.683e-05,5.2449999999999994e-05,-8.3e-05,0.00026793,0.00030000000000000003,-0.00058136,,0.00030000000000000003,-0.00023733
2025-04-10,0.00014594,0.00012964,0.0,-8.961e-05,5.174e-05,0.00012204,0.00023456,0.00023789,0.00030000000000000003,-0.00011440999999999998,,0.00030000000000000003,0.00015191
2025-04-11,1.0610000000000002e-05,-7.236e-05,0.0,-0.00014772,1.9730000000000003e-05,0.00019182000000000002,8.189e-05,0.00017091,0.00018632,-0.00020304999999999998,,0.00030000000000000003,8.759999999999999e-05
2025-04-12,0.00014682,4.327e-05,-0.00033546,0.00016560000000000001,0.00021920000000000002,0.00018366,6.965e-05,0.00011841,0.00018899000000000002,-0.00040948,,0.00030000000000000003,-0.00011236
2025-04-13,0.00023128,0.00018178,-5.726e-05,0.00024549,0.00013369,0.00019435,0.00017839,0.00020617,0.00018861,-0.00032755,,0.00030000000000000003,-9.79e-05
2025-04-14,0.00017668,0.00018684,-0.00018538000000000002,3.143e-05,-7.780000000000003e-06,0.00010785,-4.354000000000001e-05,1.255e-05,5.215e-05,-0.00044921,,0.00030000000000000003,0.00012925
2025-04-15,6.416000000000001e-05,4.7069999999999995e-05,-9.005e-05,0.00012302,-0.00019498,-0.0002401,-0.00017175000000000003,0.00012518000000000002,-0.00015938999999999998,-0.00055544,,0.00030000000000000003,3.027e-05
2025-04-16,0.00011323000000000001,-1.1800000000000002e-05,-0.00022781,-0.00037667,-0.00033203,-4.832e-05,-0.00014672,6.661e-05,0.00017777,-0.00035671,,0.00030000000000000003,-2.2400000000000002e-05
2025-04-17,0.00010507999999999999,7.872e-05,0.0,0.00012187,0.00010559999999999999,7.337999999999999e-05,0.00021614,0.00010195,0.00020278,3.008e-05,,0.00030000000000000003,-0.00023378
2025-04-18,0.00011854,-1.87e-05,-0.00028124,-0.00020034,-0.00018524,4.662e-05,-4.648e-05,0.00025843999999999997,0.00015681,-0.00013046,,0.00030000000000000003,-0.0001207
2025-04-19,7.001e-05,0.00013647000000000003,-0.00075886,0.0001519,0.00018023,0.00027601000000000004,-0.00024364,0.00010133,0.00029595,0.00024787,,0.00030000000000000003,5.063000000000001e-05
2025-04-20,-3.634e-05,8.130999999999999e-05,0.0,-0.00018578,-1.202000000000001e-05,0.00010288,-0.0003849,0.00026457,0.00027769000000000003,0.00010935,,0.00030000000000000003,0.0001654
2025-04-21,0.00012188,0.00017893,-0.00021758,0.00022909000000000002,0.00020910000000000001,0.00020889000000000001,-0.00046079,0.00028058,0.00018874,0.00016202000000000002,,0.00030000000000000003,0.00011318
2025-04-22,-3.9999999999999617e-07,4.5270000000000005e-05,-0.00033803,3.4349999999999995e-05,-9.668e-05,0.00028131,-0.00018025,0.00011376000000000001,0.00022993999999999998,0.00010667000000000001,,0.00030000000000000003,8.900999999999999e-05
2025-04-23,4.572e-05,0.00026295,0.0,0.00030000000000000003,0.00030000000000000003,0.00030000000000000003,0.00012578,0.00022346,0.00025366,0.00030000000000000003,,0.00030000000000000003,9.771999999999999e-05
2025-04-24,3.739999999999998e-06,0.00017849,0.0,0.00016133,0.00030000000000000003,0.00026561,0.00025163000000000003,0.00026503,0.00030000000000000003,0.00030000000000000003,,0.00030000000000000003,0.00016353
2025-04-25,-1.4740000000000001e-05,0.00012785999999999999,0.0,0.00017738,5.3670000000000006e-05,0.0002668,0.00021235,0.00025107,0.00030000000000000003,0.00018377,,0.00030000000000000003,0.00014615
2025-04-26,-0.00010004,-1.4410000000000001e-05,-5.172e-05,7.155e-05,0.00011711,0.00012899,-0.00010778,0.00018181,0.00030000000000000003,-6.212000000000001e-05,,0.00030000000000000003,0.00012136
2025-04-27,-2.5810000000000002e-05,-4.954e-05,-0.00015865,2.9810000000000014e-05,7.466e-05,6.332e-05,8.299999999999971e-07,0.00012877,0.0002974,-0.00010645,,0.00030000000000000003,0.00022194
2025-04-28,-5.202e-05,-0.00013252,0.0,0.00030000000000000003,0.00023314,5.8259999999999994e-05,-7.124e-05,0.00010695999999999999,0.00017003,-0.00012424,,0.00030000000000000003,0.00011123
2025-04-29,9.45e-06,0.00012675,-4.513e-05,-3.540000000000001e-05,0.00020456,0.00014937000000000001,-0.00018179,8.404e-05,0.00016900000000000002,0.0002964,,0.00030000000000000003,-7.170000000000001e-06
2025-04-30,-6.0389999999999996e-05,-0.00012536,-0.00023899,-0.00017264,-0.00032677,-0.00023907,-0.00027165,-4.271e-05,-0.00028309,-0.00030223,,0.00030000000000000003,-0.00013391
2025-05-01,1.246e-05,0.00010653,-0.0004973,0.00018487,6.958000000000001e-05,0.00019542000000000002,0.00013939,0.00023429,0.00017733,0.00010343,,0.00030000000000000003,-0.00013185
2025-05-02,-0.00030303000000000003,-6.976000000000001e-05,-0.00020135,0.00029454000000000004,0.00024036,0.00023665,-8.635000000000001e-05,7.772000000000001e-05,0.00030000000000000003,0.00010711000000000001,,0.00030000000000000003,0.00012722
2025-05-03,-4.238e-05,8.558e-05,-4.1400000000000003e-05,0.00018881000000000003,4.785e-05,0.00010695,-0.00026302,2.6599999999999996e-05,7.726e-05,-0.00037594,,0.00030000000000000003,7.056e-05
2025-05-04,7.344e-05,7.327000000000001e-05,-0.0005437300000000001,9.15e-05,-0.00036082,-1.606e-05,-0.00016693,-0.00013989999999999999,-4.551e-05,-0.00042762999999999997,,0.00030000000000000003,-0.00013059
2025-05-05,-1.0150000000000003e-05,3.373e-05,-0.0003023,-0.00013293000000000002,-0.00036511,-0.00019851,-0.00014437,7.031e-05,8.819000000000001e-05,-0.00030186000000000004,,0.00030000000000000003,-0.00019155
2025-05-06,7.175000000000001e-05,1.4740000000000005e-05,-0.00048049999999999997,9.989000000000001e-05,-1.5190000000000002e-05,2.324e-05,-5.750000000000004e-06,-0.00024451,3.648999999999999e-05,-7.65e-05,,0.00030000000000000003,-0.00021828
2025-05-07,2.513e-05,0.00011172999999999999,0.0,0.00013073000000000002,0.00016681,0.00018435,0.00018972,0.00030000000000000003,8.500000000000017e-06,-9.430999999999998e-05,,0.00030000000000000003,-0.00010044
2025-05-08,0.00012654000000000002,0.00023281000000000002,-6.247e-05,0.00026256,0.00017731000000000002,0.00024074,0.00017929,0.00024916,0.00026495,0.00023140000000000001,,0.00030000000000000003,0.00018864
2025-05-09,0.00024378,0.00030000000000000003,0.0,0.00030000000000000003,0.00030000000000000003,0.00030000000000000003,0.00030000000000000003,0.00030000000000000003,0.00030000000000000003,0.00030000000000000003,,0.00030000000000000003,0.00025671
2025-05-10,0.00023914000000000002,0.00028813,0.0,0.00030000000000000003,0.00030000000000000003,0.00030000000000000003,0.00030000000000000003,0.00030000000000000003,0.00030000000000000003,0.00030000000000000003,,0.00030000000000000003,9.820000000000001e-06
2025-05-11,0.00024150000000000002,0.00019801,3.552e-05,0.00023981000000000002,0.00024437,0.00025785,0.00025117,0.00021565,0.00027356,0.00030000000000000003,,0.00030000000000000003,0.00013052
2025-05-12,0.00016755,0.00022805000000000001,6.043e-05,0.00029125,0.00030000000000000003,0.00022458,0.00020457,0.00030000000000000003,0.00030000000000000003,0.00030000000000000003,,0.00030000000000000003,3.455e-05
2025-05-13,0.00024103,0.00026233,0.0,0.00030000000000000003,0.00017336,0.00018858999999999998,0.00022883000000000002,0.00030000000000000003,0.00023297000000000001,0.00029081,,0.00030000000000000003,0.00010968000000000001
2025-05-14,0.00020637999999999999,0.00020217,5.012e-05,0.00030000000000000003,0.00030000000000000003,0.00025801000000000003,0.00022295,0.00017908,0.00030000000000000003,0.00030000000000000003,,0.00030000000000000003,0.00026270000000000004
2025-05-15,9.753e-05,0.00025698,0.0,0.00012485,5.475e-05,0.00014814,1.981e-05,0.00022115,9.338e-05,0.00020783,,0.00030000000000000003,0.00016985
2025-05-16,0.00016807,0.00024003000000000002,0.0,0.00018735,0.00023309,6.798e-05,6.215999999999999e-05,0.00026053000000000003,0.00011759,0.00011821999999999999,,0.00030000000000000003,0.00016086
2025-05-17,6.758e-05,2.999e-05,0.0,0.0001608,0.00019352,-5.130000000000003e-06,-2.210000000000001e-06,0.00021214,6.277e-05,0.0001139,,0.00030000000000000003,0.00017256
2025-05-18,0.00022645,0.00010405,0.0,4.36e-05,0.00016461999999999998,0.00011462000000000001,0.0001493,0.00016542,8.879999999999998e-06,-0.00010041999999999999,,0.00030000000000000003,0.00026135000000000004
2025-05-19,0.0001414,0.00010787000000000001,0.0,5.6500000000000005e-05,-0.00028428,-4.374e-05,-0.0002545,4.856999999999999e-05,-3.181e-05,-5.552e-05,,0.00030000000000000003,0.00015941
2025-05-20,0.00016751,0.00015994,0.0,0.00016159,0.000143,0.00011888,0.00014982,-5.973000000000001e-05,0.00015035,0.00016498,,0.00030000000000000003,0.00014071
2025-05-21,0.00021033,0.00013648000000000002,0.0,0.00011918999999999999,0.00028611,0.00025136,0.00026378,0.00012222,0.00010051,0.00024333000000000002,,0.00030000000000000003,0.00023629
2025-05-22,0.00030000000000000003,0.00021141,0.0,0.00030000000000000003,0.00030000000000000003,0.00030000000000000003,0.00027607,0.00030000000000000003,0.0002793,0.00028662,,0.00030000000000000003,0.00013573
2025-05-23,0.00025195999999999997,0.00019274,0.0,0.00020833,0.00030000000000000003,0.00022259,0.00030000000000000003,0.00030000000000000003,0.00030000000000000003,0.00030000000000000003,,0.00030000000000000003,0.00010141
2025-05-24,0.00015951,0.00016147,0.0,8.881e-05,-9.24e-05,-5.690000000000001e-05,9.199e-05,-9.330000000000007e-06,0.00017473,-2.766999999999999e-05,,0.00030000000000000003,0.00018954
2025-05-25,0.00018558,0.00018278,0.0,-4.634e-05,-2.8770000000000004e-05,-5.033e-05,-1.1200000000000001e-05,-4.652e-05,-2.9079999999999986e-05,-0.00019735,,0.00030000000000000003,7.157e-05
2025-05-26,0.00027113,0.00013142999999999998,0.0,0.00024896,0.00011978000000000001,0.00014055,9.461e-05,0.0001696,6.072000000000001e-05,-3.565e-05,,0.00030000000000000003,0.00019547
2025-05-27,0.00017392,0.00024026,0.0,7.679e-05,0.00023773000000000002,0.00026561,-1.7859999999999995e-05,0.00016816999999999998,0.00020562,6.646999999999999e-05,,0.00030000000000000003,-6.033e-05
2025-05-28,0.00010792,0.00030000000000000003,0.0,7.466000000000001e-05,5.958000000000002e-05,4.141e-05,-6.653e-05,0.00026471000000000003,0.00018344,2.1430000000000003e-05,,0.00030000000000000003,0.00022733
2025-05-29,0.00014377,0.00028321,0.0,0.00013534000000000002,0.00019595,0.00023144000000000002,-3.685e-05,0.00021685,0.00012009,7.631e-05,,0.00030000000000000003,4.959e-05
2025-05-30,0.00013863,0.00023176000000000002,0.0,0.00012878,-0.00028036,3.082e-05,-3.314e-05,-5.189999999999996e-06,-0.00013582999999999998,-0.00041384000000000006,,0.00030000000000000003,0.00016027
2025-05-31,0.00020745,0.00014182,-3.519e-05,4.4819999999999994e-05,-0.00012313,0.0001227,-5.0879999999999994e-05,-4.858e-05,-0.00032292,-0.00039755,,0.00030000000000000003,0.00015171
2025-06-01,5.87e-05,0.00014836,-4.195e-05,8.790000000000002e-06,-4.217999999999999e-05,1.7969999999999992e-05,-0.00018563,0.00014651,-2.285e-05,-0.00012402,,0.00030000000000000003,0.00021730000000000002
2025-06-02,9.418e-05,0.00015552,0.0,0.0001159,0.00020074,0.00020029,8.613e-05,0.00016638,0.00016437,-3.418e-05,,0.00030000000000000003,0.00030000000000000003
2025-06-03,0.00015527,0.00014727,0.0,0.00030000000000000003,0.00017920000000000002,0.00014110000000000001,0.00011693,0.00020361,0.00026056,0.00023816,,0.00030000000000000003,0.00026255
2025-06-04,3.562e-05,0.00019910000000000001,0.0,0.00029304,6.421e-05,0.00017935,2.279e-05,0.00024785,0.00015055,-2.715e-05,,0.00030000000000000003,0.00025153
2025-06-05,8.101e-05,0.00017263,0.0,0.00013411,6.812e-05,0.00018549000000000001,4.28e-05,0.00010404,-1.6940000000000004e-05,-8.491e-05,,0.00030000000000000003,-6.612999999999999e-05
2025-06-06,-9.516e-05,4.18e-05,-0.00034405000000000004,-5.772999999999999e-05,-0.00033056,-3.125e-05,-0.00019247,5.589e-05,-0.0002833,-0.0004101,,0.00030000000000000003,4.9019999999999995e-05
2025-06-07,-5.7539999999999995e-05,0.00020908,-6.267e-05,0.00027093,0.00019506,0.00016952,5.118e-05,0.00024865,0.00012941,5.313e-05,,0.00030000000000000003,0.00018269
2025-06-08,6.819000000000001e-05,0.00024217,-5.138e-05,0.00024778,0.00022462,5.239e-05,1.4729999999999996e-05,0.00020235,-4.819e-05,2.9129999999999997e-05,,0.00030000000000000003,7.082e-05
2025-06-09,4.9170000000000005e-05,0.00012799,-0.00016758,0.00017141000000000001,0.00017526,0.00015421,0.00017674,0.00016389,4.648e-05,5.201e-05,,0.00030000000000000003,0.00017039
2025-06-10,0.00024539,0.00030000000000000003,-2.84e-05,0.00016138,0.00025223,0.00024141,0.00018964,0.00029588,0.00023223000000000002,0.00030000000000000003,,0.00030000000000000003,6.2e-05
2025-06-11,0.00022208,0.00030000000000000003,0.0,0.00030000000000000003,0.00030000000000000003,0.00028119,0.00030000000000000003,0.00030000000000000003,0.00030000000000000003,0.00030000000000000003,,0.00030000000000000003,-9.300000000000063e-07
2025-06-12,0.00010301,0.00021369,0.0,8.998e-05,0.00012859,3.929e-05,8.988e-05,0.00013670000000000002,5.8479999999999996e-05,0.000133,,0.00030000000000000003,4.4500000000000004e-05
2025-06-13,1.786e-05,-3.580000000000003e-06,-8.669e-05,-8.409e-05,-0.00036697,9.129999999999999e-06,-9.913000000000001e-05,-9.874e-05,-0.00020307000000000002,-0.00026149,,0.00030000000000000003,0.00022674000000000001
2025-06-14,6.951e-05,6.974e-05,-0.00024665,9.152e-05,0.0001077,0.00019817,0.00010607,0.00020621,-0.00014813,-1.4339999999999998e-05,,0.00030000000000000003,-0.00013659
2025-06-15,5.167e-05,0.00017385000000000002,-0.00015328,8.486e-05,-8.329999999999999e-05,0.00013465,0.00012283,0.00014437,-0.00017821,-1.4059999999999998e-05,,0.00030000000000000003,-5.861e-05
2025-06-16,8.799e-05,0.00017593,0.0,0.00014406,0.00017803,0.00013738,0.00019376000000000002,0.00016452,9.873e-05,8.936e-05,,0.00030000000000000003,-7.549e-05
2025-06-17,9.834000000000001e-05,0.00014652,0.0,0.00026544000000000003,0.00011686000000000002,0.00010619999999999999,0.00016318,0.00023991000000000003,0.00016821000000000002,5.398999999999999e-05,,0.00030000000000000003,0.00011508
2025-06-18,8.635e-05,0.0001495,-0.00017564,6.593e-05,0.00022914000000000002,0.00024263,2.7679999999999996e-05,1.616e-05,-0.00019350999999999998,-0.00014926999999999999,,0.00030000000000000003,0.00013997
2025-06-19,3.8570000000000005e-05,0.00015078999999999998,-6.854e-05,0.00015803,0.00027548000000000004,0.00016,6.493e-05,0.00015563,0.00010663,-0.00034869,,0.0002,-8.536e-05
2025-06-20,0.00013827000000000002,0.00019698,0.0,0.00013428,0.00019066,0.00010073,0.00011071,0.00019926,7.822999999999999e-05,0.00010298999999999999,,,6.479000000000001e-05
2025-06-21,0.0001335,-1.3580000000000002e-05,-0.00015072,6.541e-05,0.0002595,2.206e-05,-9.999000000000001e-05,1.0610000000000002e-05,-7.235999999999999e-05,-4.05e-05,,,-4.759e-05
2025-06-22,0.00017028,2.1550000000000002e-05,-0.00012535,8.321e-05,0.00021713,0.00012574,1.356e-05,-4.739999999999999e-06,0.00010551,5.205e-05,,,0.00021992000000000002
2025-06-23,1.0190000000000002e-05,1.0179999999999999e-05,0.0,-2.2970000000000002e-05,-8.480000000000004e-06,4.812e-05,6.888e-05,6.246e-05,1.6720000000000003e-05,-5.694e-05,,,0.00027237
2025-06-24,2.91e-05,3.774e-05,-0.000293,0.00014105,1.8790000000000008e-05,0.00010215,8.666e-05,0.00023956000000000002,0.00023231,5.795e-05,,,0.00019858
2025-06-25,5.350000000000001e-06,3.3900000000000014e-06,0.0,0.00029144,3.2069999999999996e-05,0.00014447,0.00013394,0.00024462,0.00022667,0.00015298000000000002,,,9.831000000000001e-05
2025-06-26,4.6280000000000004e-05,0.00011719999999999999,0.0,0.0002006,6.23e-05,1.149e-05,-6.2600000000000044e-06,8.01e-05,-1.9859999999999996e-05,0.00013652,,,3.902e-05
2025-06-27,6.333e-05,6.431e-05,0.0,1.524e-05,-0.00010281,0.00010465999999999999,-3.1629999999999994e-05,-4.993e-05,0.00014656,2.531e-05,,,9.729e-05
2025-06-28,9.326e-05,0.00013105000000000001,0.0,0.00016782,0.00016305,0.00020710000000000002,0.00026933,0.00012756,0.00015145000000000002,7.446e-05,,,0.00010942
2025-06-29,0.0001661,0.00014995,0.0,0.0002404,0.00010155,3.8979999999999996e-05,0.0002346,0.0001472,0.00015922,0.00016711000000000002,,,7.134e-05
2025-06-30,8.966e-05,0.00014615,0.0,0.0002054,2.5850000000000005e-05,0.00017785999999999998,0.00011745999999999999,0.00019658000000000002,4.176e-05,0.00021996,,,-0.00016381
2025-07-01,6.496e-05,8.303e-05,0.0,0.00021379,-0.00012115999999999999,0.00015191,6.938000000000002e-05,0.00017995,6.802000000000002e-05,-3.282e-05,,,1.8829999999999998e-05
2025-07-02,9.34e-05,0.00012052,0.0,-5.099e-05,-8.693999999999999e-05,3.3440000000000005e-05,-0.00010599,3.798000000000001e-05,7.637e-05,-5.693e-05,,,-0.00010259
2025-07-03,0.00013461000000000001,0.00024218000000000002,0.0,0.00030000000000000003,0.00030000000000000003,0.00030000000000000003,0.0001549,0.00030000000000000003,0.00030000000000000003,0.00030000000000000003,,,0.00025244
2025-07-04,0.00012035999999999999,0.00010663,0.0,0.00026369,0.0001491,0.00013862,2.4730000000000002e-05,0.00023897,0.00019565,0.00014423000000000002,,,0.00012388
2025-07-05,8.125999999999999e-05,0.00010905999999999999,0.0,4.321e-05,-2.880000000000001e-05,-4.504000000000001e-05,-0.00029506,-1.1900000000000005e-05,9.29e-05,-0.00027337,,,-7.352e-05
2025-07-06,4.634e-05,0.00018641,0.0,0.00019842,0.00013882,9.327e-05,-7.462000000000001e-05,0.00013494,0.00014081,-0.00013207,,,-0.00023235999999999998
2025-07-07,0.00010069000000000001,0.00016989000000000001,0.0,0.00030000000000000003,0.00030000000000000003,0.00021030000000000002,0.0002045,0.00019312,0.00029844,0.00024150000000000002,,,-0.00042942999999999996
2025-07-08,9.237000000000001e-05,0.00016842,0.0,8.151e-05,0.00022711,0.00012862,-5.779999999999997e-06,0.00013018,9.363e-05,0.00010926999999999999,,,-8.151e-05
2025-07-09,0.00010742,0.00017942,0.0,0.00030000000000000003,0.00030000000000000003,0.00027082,2.6220000000000003e-05,0.00030000000000000003,0.00030000000000000003,0.00030000000000000003,,,0.00017030000000000002
2025-07-10,0.00020431,0.00015995,0.0,0.00029462,0.00030000000000000003,0.00030000000000000003,0.00013817000000000001,0.00030000000000000003,0.00028418,0.00030000000000000003,,,0.00030000000000000003
2025-07-11,0.00030000000000000003,0.00030000000000000003,0.0,0.00030000000000000003,0.00030000000000000003,0.00030000000000000003,0.00024064,0.00030000000000000003,0.00030000000000000003,0.00030000000000000003,,,0.00029476999999999997
2025-07-12,0.00030000000000000003,0.00021822,2.145e-05,0.00030000000000000003,0.00030000000000000003,0.00030000000000000003,0.00030000000000000003,0.00030000000000000003,0.00030000000000000003,0.00030000000000000003,,,0.00030000000000000003
2025-07-13,0.00030000000000000003,0.00015763000000000002,0.0,0.00030000000000000003,0.00028892,0.00026117,0.00027719,0.00020360000000000002,0.00030000000000000003,0.00025923,,,0.00023267
2025-07-14,0.00028051,0.00020998000000000002,9.44e-05,0.00030000000000000003,0.00030000000000000003,0.0002944,0.00023590000000000001,0.00030000000000000003,0.00030000000000000003,0.00027225000000000003,,,-0.00010722000000000001
2025-07-15,0.00030000000000000003,0.00026134,0.0,0.00030000000000000003,0.00030000000000000003,0.00026227,9.641e-05,0.00026728,0.00030000000000000003,0.00020093,,,-0.00016728
2025-07-16,0.00030000000000000003,0.00030000000000000003,0.0,0.00030000000000000003,0.00030000000000000003,0.00030000000000000003,0.00030000000000000003,0.00030000000000000003,0.00030000000000000003,0.00030000000000000003,,,4.609000000000001e-05
2025-07-17,0.00030000000000000003,0.00030000000000000003,4.682e-05,0.00030000000000000003,0.00030000000000000003,0.00030000000000000003,0.00030000000000000003,0.00030000000000000003,0.00030000000000000003,0.00030000000000000003,,,0.00028509
2025-07-18,0.00030000000000000003,0.00030000000000000003,0.00022984,0.00074328,0.00030000000000000003,0.00030000000000000003,0.00030000000000000003,0.00030000000000000003,0.00030000000000000003,0.00030000000000000003,,,5.577000000000001e-05
2025-07-19,0.00030000000000000003,0.00030000000000000003,0.0,0.00030000000000000003,0.00030000000000000003,0.00030000000000000003,0.00030000000000000003,0.00030000000000000003,0.00030000000000000003,0.00030000000000000003,,,0.00030000000000000003
2025-07-20,0.00030000000000000003,0.00030000000000000003,1.211e-05,0.00030000000000000003,0.00030000000000000003,0.00030000000000000003,0.00030000000000000003,0.00030000000000000003,0.00030000000000000003,0.00030000000000000003,,,0.00029571
2025-07-21,0.00030000000000000003,0.00030000000000000003,0.00016335999999999998,0.00030000000000000003,0.00030000000000000003,0.00030000000000000003,0.000329,0.00030000000000000003,0.00030000000000000003,0.00030000000000000003,,,0.00027513
2025-07-22,0.00030000000000000003,0.00030000000000000003,0.00010652,0.00030000000000000003,0.00030000000000000003,0.00030000000000000003,0.00030000000000000003,0.00030000000000000003,0.00030000000000000003,0.00030000000000000003,,,0.00017737
2025-07-23,0.00030000000000000003,0.00030000000000000003,0.00051682,0.00051378,0.00030000000000000003,0.00030000000000000003,0.00030000000000000003,0.00030000000000000003,0.00030000000000000003,0.00030000000000000003,,,-9.076e-05
2025-07-24,0.00030000000000000003,0.00030000000000000003,3.908e-05,0.00030000000000000003,0.00030000000000000003,0.00030000000000000003,0.00030000000000000003,0.00030000000000000003,0.00030000000000000003,0.00027045,,,4.739999999999999e-06
2025-07-25,0.00030000000000000003,0.00030000000000000003,1.809e-05,0.00018555,0.00030000000000000003,0.00030000000000000003,0.00026102000000000005,0.00030000000000000003,0.00030000000000000003,0.00021297000000000002,,,-8.736e-05
2025-07-26,0.00030000000000000003,0.00030000000000000003,0.0001445,0.00030000000000000003,0.00030000000000000003,0.00030000000000000003,0.00030000000000000003,0.00030000000000000003,0.00030000000000000003,0.00030000000000000003,,,-0.00033357
2025-07-27,0.00030000000000000003,0.00028201,0.00022437,0.00024171000000000002,0.00030000000000000003,0.00028689000000000004,0.00030000000000000003,0.00030000000000000003,0.00030000000000000003,0.00030000000000000003,,,-0.00012771
2025-07-28,0.00030000000000000003,0.00030000000000000003,0.00035063,0.00023646,0.00030000000000000003,0.00030000000000000003,0.00030000000000000003,0.00030000000000000003,0.00030000000000000003,0.00030000000000000003,,,-0.00025715000000000004
2025-07-29,0.00030000000000000003,0.00024494,0.00013745,5.646e-05,0.00021795,0.00011383,4.688e-05,0.00024064,3.869e-05,0.00019905000000000001,,,-0.00046915
2025-07-30,0.00030000000000000003,9.111e-05,0.00016853000000000001,6.13e-05,0.00015953,0.00018273,7.487e-05,0.00024366,0.00020279,2.51e-05,,,-0.00063136
2025-07-31,0.00025694,0.00013982,7.977e-05,0.00022898,0.00026453,0.00023474,4.71e-05,0.00016211,6.172e-05,9.165e-05,,,-0.00028963000000000003
2025-08-01,5.8219999999999995e-05,2.223e-05,5.655e-05,-2.581e-05,0.00018036000000000001,0.0002172,6.445999999999999e-05,1.9929999999999997e-05,0.00018754,2.7459999999999998e-05,,,-0.00031795
2025-08-02,0.00010140999999999999,0.00014417,9.79e-06,0.00028235,0.00018952,0.0001809,3.784e-05,0.00027754,0.00024074,0.00026685,,,-0.00036829
2025-08-03,0.0001767,0.00016251999999999998,3.677e-05,0.00010818999999999999,0.00019473,0.0001603,-0.00023553000000000002,0.00018836,6.423e-05,0.00023282,,,8.217000000000001e-05
2025-08-04,0.00013819,6.443e-05,0.0,0.00011581,0.00017989000000000001,0.00015863999999999999,-0.00027288999999999997,0.00024434,0.00011815,1.0550000000000002e-05,,,-0.00014359
2025-08-05,0.00020474000000000002,4.633e-05,0.0,0.00021617,0.00026112,0.00011532,-0.0001051,0.00030000000000000003,0.00030000000000000003,0.00019369,,,-0.00011703
2025-08-06,0.00022735000000000002,0.00016858999999999998,3.269e-05,7.183e-05,0.00018975,7.702e-05,-8.584e-05,0.0002597,0.0001071,0.00017164,,,-0.00014161
2025-08-07,0.00018691999999999998,0.00020512,4.17e-05,0.00025608,0.00030000000000000003,0.00030000000000000003,0.00015677,0.00023438000000000002,0.00029466000000000003,0.00029385,,,3.716e-05
2025-08-08,0.00012104999999999999,0.00024260000000000002,0.0,0.00028704,0.00030000000000000003,0.00024260000000000002,0.00010662,0.00027322,0.00030000000000000003,0.00030000000000000003,,,0.0002574
2025-08-09,0.00023073,0.00030000000000000003,5.501e-05,0.00030000000000000003,0.00028394,0.00017758999999999999,0.00026057,0.00025359,0.00030000000000000003,0.00030000000000000003,,,-8.011e-05
2025-08-10,0.00029849,0.00029916000000000003,3.278e-05,0.0002205,0.00022639,0.00029793,0.00027454,0.0002339,0.00030000000000000003,0.00030000000000000003,,,-1.3409999999999995e-05
2025-08-11,0.00030000000000000003,0.00028227,0.00014301,0.00017342,0.00018748000000000001,0.00027432,0.00019827,0.00030000000000000003,0.00030000000000000003,0.00022384,,,-0.00014247
2025-08-12,0.00026531,0.00023659,0.0,0.00017566,8.625000000000001e-05,0.00024695,-5.854e-05,0.00015513000000000001,0.00030000000000000003,0.00014291,,,-0.00017381999999999999
2025-08-13,0.00027123,0.00030000000000000003,0.00044748,0.00030000000000000003,0.00030000000000000003,0.00030000000000000003,0.00030000000000000003,0.00030000000000000003,0.00022102,0.00030000000000000003,,,-2.1610000000000005e-05
2025-08-14,0.00030000000000000003,0.00030000000000000003,0.00030333,0.00030000000000000003,0.00030205,0.00030000000000000003,0.00045876,0.00030000000000000003,0.00030000000000000003,0.00030000000000000003,,,0.00029574
2025-08-15,0.00013651,0.00026239,0.0,6.677000000000001e-05,0.00030000000000000003,5.040000000000006e-06,0.00024024000000000002,0.00017025999999999999,0.00025026,0.00022695000000000001,,,0.00030000000000000003
2025-08-16,0.00026141,0.00016925000000000002,0.0,0.00020177000000000001,9.004e-05,0.00021286,9.194e-05,0.0001424,0.00030000000000000003,-5.9129999999999984e-05,,,0.00029883000000000004
2025-08-17,0.00014748,9.335e-05,3.44e-06,0.00018208,0.00023097000000000002,0.00016059,0.00024735,9.762e-05,0.00014574,0.00028594,,,0.00014872
2025-08-18,7.46e-05,0.00018782,3.265e-05,-0.00020545,9.968000000000001e-05,-2.110000000000005e-06,-2.3800000000000003e-05,0.00014246000000000002,0.00021035000000000002,-0.00013739999999999998,,,0.00012161
2025-08-19,0.00016565999999999998,0.00030000000000000003,0.0,0.00019985,0.00026683,0.00013183,8.355e-05,0.00018685999999999998,0.00010792000000000001,-8.160000000000001e-06,,,6.637e-05
2025-08-20,0.00010842999999999999,0.00019388,0.0,4.827e-05,-0.00020193999999999998,0.00015739,0.00021391,0.00012191,0.00030000000000000003,0.00013739,,,8.951e-05
2025-08-21,0.00016314,0.00014755,0.00012807999999999998,0.00021937,0.00030000000000000003,0.00023169,0.00021366,0.00018583,0.00010392,0.00030000000000000003,,,0.0001159
2025-08-22,0.00023163,0.0001905,4.832e-05,0.00019825,0.0001959,0.00025465000000000004,0.00023301000000000002,0.00017014,0.00012934,0.00030000000000000003,,,-0.00011292000000000001
2025-08-23,0.00029711,0.00030000000000000003,0.0006299,0.00030000000000000003,0.00030000000000000003,0.00030000000000000003,0.00030000000000000003,0.00030000000000000003,0.00019028,0.00030000000000000003,,,-7.683e-05
2025-08-24,0.00030000000000000003,0.00030000000000000003,0.0002276,0.00030000000000000003,0.00030000000000000003,0.00027277,0.00030000000000000003,0.00030000000000000003,0.00030000000000000003,0.00030000000000000003,,,-3.285e-05
2025-08-25,0.00028344000000000004,0.00011231,6.651e-05,0.0002385,0.00011145000000000001,0.00012515,0.00030000000000000003,0.00015405,0.00023819,0.00012743,,,0.00014952999999999999
2025-08-26,0.00018422,1.37e-05,2.8e-06,2.736999999999999e-05,-0.00022684999999999998,-0.00017224999999999999,7.229e-05,-2.6259999999999996e-05,-3.6440000000000003e-05,-3.256e-05,,,0.0001839
2025-08-27,0.00010800999999999999,5.266e-05,4.937e-05,0.00021623,0.00026006,0.00027187,0.00030000000000000003,0.00027026000000000003,0.00021050000000000002,0.00030000000000000003,,,0.00023133000000000002
2025-08-28,0.00022501999999999998,0.00010783,0.00018909,0.00028506,0.00026554,0.00030000000000000003,0.00030000000000000003,0.00023266,0.00030000000000000003,0.00027493,,,8.502e-05
2025-08-29,0.00010761000000000001,8.205e-05,6.839e-05,0.00015748999999999998,7.684e-05,0.00026746,0.00023401999999999999,0.00020153,-0.00015256999999999998,0.00022413,,,-7.322e-05
2025-08-30,0.00023544,7.110999999999999e-05,5.5809999999999996e-05,9.519999999999997e-06,0.00027514,0.00021584000000000002,8.710000000000003e-06,0.00029096,0.00013049,0.00022261,,,0.00014663
2025-08-31,0.00013517,2.9990000000000003e-05,3.932e-05,0.00020653000000000002,0.00021490000000000002,0.00030000000000000003,0.00020307,0.00023466,0.00023512,0.00028643,,,-8.157e-05
2025-09-01,0.00019622999999999998,-3.292e-05,0.0,0.00020983999999999998,0.00019999,0.00025791,0.00012113,0.00022912000000000003,0.00028258,1.0490000000000003e-05,,,-0.0001607
2025-09-02,0.00022107,8.945e-05,2.168e-05,0.00027178,0.000165,0.00020914000000000002,0.00024448,0.00018993,0.00026534,9.159000000000001e-05,,,-0.00026808
2025-09-03,8.238000000000001e-05,4.874999999999999e-05,0.0,0.00025405,0.00030000000000000003,0.00030000000000000003,0.00019446,0.00022044000000000002,0.00030000000000000003,0.00030000000000000003,,,-0.000189
2025-09-04,0.00014134,-2.228e-05,2.732e-05,9.211e-05,0.00017792,0.00018456,0.00016468,0.00021162,0.00013809,0.00030000000000000003,,,-0.00017041
2025-09-05,0.00025404000000000003,-6.13e-05,0.0,0.00017895,0.0002423,0.00020385,2.158e-05,0.00018311,9.370000000000001e-05,0.00017981,,,-0.00035363
2025-09-06,0.00012067,5.912e-05,1.384e-05,0.00014278,0.00030000000000000003,0.00016648,0.00020654,0.00018943,0.00030000000000000003,0.00025766,,,-0.00020333
2025-09-07,0.00012550000000000001,0.00018219,5.222e-05,0.00022499,0.00029016000000000003,0.00019944,9.624999999999998e-05,0.00030000000000000003,0.00030000000000000003,0.00030000000000000003,,,-0.00018274
2025-09-08,0.00023397,0.00013701000000000002,7.418e-05,0.00026187,0.00030000000000000003,0.00027754,0.00030000000000000003,5.960000000000004e-06,0.00030000000000000003,0.00030000000000000003,,,-0.00031441
2025-09-09,0.00023799000000000002,0.00021351,0.00022159,0.00030000000000000003,0.00030000000000000003,0.00030000000000000003,0.00028916,0.00015413000000000002,0.00030000000000000003,0.00030000000000000003,,,-0.00014296
2025-09-10,0.00020831000000000002,0.00024976,0.00016177,0.00024492000000000003,0.00030000000000000003,0.00019818,0.00023617,0.000153,0.00019873,0.00030000000000000003,,,-0.00012994
2025-09-11,0.00013452,0.00019842,2.308e-05,0.00028667,0.00030000000000000003,0.00018102,0.00012449,0.00024416,0.00016556,0.00029879,,,1.934e-05
2025-09-12,0.00016796,0.00024858,0.00013977,0.00024253000000000002,0.00023233,0.00026040000000000004,1.424e-05,0.00019691,0.00026451000000000003,0.00010119,,,-0.00010287
2025-09-13,3.834e-05,0.00029815,0.0004022,0.00030000000000000003,0.00030000000000000003,0.00030000000000000003,0.00013659,0.00030000000000000003,0.00030000000000000003,0.00027266,,,0.00018755
2025-09-14,0.00016077,0.00014235,0.00010453,0.00026880000000000003,0.00024436,0.00030000000000000003,8.357e-05,0.00015109000000000002,0.00022996,-7.690000000000003e-06,,,-0.00014241
2025-09-15,0.00022655,0.00017532,0.0,7.154000000000001e-05,7.347e-05,0.00025651,4.9540000000000003e-05,0.00015045,-2.027e-05,3.0720000000000004e-05,,,-0.00016858
2025-09-16,0.0001446,0.00011103,1.95e-06,0.00016972,0.00012595,0.00012647,0.00021824,0.00015316,2.6019999999999998e-05,0.00030000000000000003,,,-0.00024005
2025-09-17,0.00021716,0.00012182999999999999,0.00027448,0.00012342,0.00021909000000000002,6.628e-05,5.252e-05,0.00019470000000000002,0.00019585000000000002,1.355e-05,,,4.363e-05
2025-09-18,0.00018077,0.00011412999999999999,0.00033891,0.00030000000000000003,0.00030000000000000003,0.00016471999999999998,0.00020187,0.00019061000000000002,0.00030000000000000003,0.00030000000000000003,,,-0.0001975
2025-09-19,7.141999999999999e-05,5.17e-06,0.00011807,0.00013571000000000001,0.00030000000000000003,0.00028643,0.0002047,0.00021776,0.00021607,0.00030000000000000003,,,1.8169999999999997e-05
2025-09-20,2.724e-05,-7.739999999999997e-06,0.0,3.999e-05,0.00012549,5.848e-05,-0.00013213,-4.722e-05,-0.00014477,5.653000000000001e-05,,,8.46e-05
2025-09-21,9.829999999999996e-06,5.4949999999999994e-05,0.0,8.891e-05,0.00012106000000000001,0.00013468,4.9149999999999995e-05,6.867e-05,4.452e-05,0.00011154,,,0.00030000000000000003
2025-09-22,0.00013246,-2.061e-05,0.00011700999999999999,-2.1700000000000012e-06,1.4670000000000005e-05,-7.600000000000002e-06,-0.000113,-0.00011231,-0.00023139000000000002,8.628000000000001e-05,,,0.00030000000000000003
2025-09-23,0.00021622999999999998,3.212e-05,4.293e-05,7.51e-05,3.324e-05,0.00011164,0.00010088000000000001,5.882e-05,5.7220000000000004e-05,0.00030000000000000003,,,0.00027292
2025-09-24,0.00016947000000000002,-1.924e-05,7.193e-05,0.00027965,0.00024959,0.00017035,5.5849999999999996e-05,0.00015382000000000001,0.00030000000000000003,7.629e-05,,,0.00024967
2025-09-25,0.00011070000000000001,-6.712000000000001e-05,0.00011651000000000001,0.00018354,0.0001706,5.6960000000000004e-05,-0.00012691,-4.159e-05,0.00026535,7.221e-05,,,0.00015709
2025-09-26,0.00015219000000000002,0.00016952999999999998,6.043e-05,0.00013798,0.00030000000000000003,0.00019557,-5.006e-05,0.0001013,0.00030000000000000003,0.00014018,,,0.00014206
2025-09-27,0.00011235999999999999,0.00012779,0.0,0.00027948000000000003,0.00030000000000000003,0.00026492,-5.2000000000000004e-05,0.00023540000000000003,0.00025057,0.00010426000000000001,,,0.00011868
2025-09-28,0.00013550999999999998,0.00020404,0.0,0.00020321,0.00028914,0.00011785,3.5999999999999994e-06,0.00022825,0.00025004,0.00030000000000000003,,,2.9320000000000004e-05
2025-09-29,3.6479999999999996e-05,3.864e-05,0.00016081,0.00029283,0.00026437,0.00016336,7.350000000000001e-05,0.00027355,-8.539999999999996e-06,0.00020271,,,-0.00031652
2025-09-30,0.0001083,8.099999999999999e-07,0.00011134,0.00025053,0.00019965,-4.272999999999999e-05,-0.00025009,0.00023778000000000002,0.00017061000000000002,5.968e-05,,,-0.00041783
2025-10-01,0.00016812,2.530000000000001e-06,0.0,0.00029093,0.00030000000000000003,0.0002343,0.00016368,0.00027848,0.00030000000000000003,0.00021998000000000002,,,-0.00052023
2025-10-02,0.00027327,8.253e-05,0.0,0.00019873,0.00030000000000000003,0.0002018,-3.96e-05,0.00030000000000000003,0.00012642000000000003,-5.529999999999996e-06,,,-6.904e-05
2025-10-03,0.00029926,0.00014837999999999999,0.00033986,0.0002411,0.00022818,0.00022859,3.699999999999999e-05,0.00028877000000000004,0.00018307000000000002,0.00014844,,,5.2619999999999994e-05
2025-10-04,0.00028312,0.00011095,0.00016949,0.00030000000000000003,0.00027805,0.00011552,9.282e-05,0.0002833,0.00027081,5.545000000000002e-05,,,-0.00016168
2025-10-05,0.00028214,0.00025469,4.607e-05,0.00030000000000000003,0.00030000000000000003,0.00021203000000000001,5.101e-05,0.00027059,0.00030000000000000003,-0.00016521,,,-0.00045838
2025-10-06,0.00023211,0.00027894,0.00010725,0.00026102,0.00010533,0.00013267,1.116999999999999e-05,0.0002204,8.712e-05,1.1370000000000022e-05,,,3.8570000000000005e-05
2025-10-07,0.00024802,0.00030000000000000003,6.251e-05,0.00018459000000000002,0.00030000000000000003,0.00024808,-7.035e-05,0.00022312999999999999,0.00017797,3.9600000000000014e-05,,,7.058e-05
2025-10-08,0.00017938,8.553e-05,0.0,7.648e-05,0.0001744,0.00010305000000000001,-0.00010967,0.00025695000000000004,-0.00011858999999999999,-5.770000000000002e-06,,,-7.104e-05
2025-10-09,8.149e-05,9.139e-05,0.0,0.00016066,0.00018508,0.00013515,0.00019764,0.00024797,0.00016947000000000002,0.00026446,,,6.793e-05
2025-10-10,5.677e-05,-7.099999999999983e-07,0.0,9.942000000000001e-05,0.00030000000000000003,0.00029706000000000003,7.230000000000002e-06,0.00030000000000000003,0.00030000000000000003,0.00030000000000000003,,,0.00015208000000000002
2025-10-11,0.00020467,-3.2669999999999984e-05,2.76e-06,0.00031423,-0.00041495,6.850999999999998e-05,-0.00665343,0.00059959,-0.00029969999999999997,-0.00044051,,,0.00030000000000000003
2025-10-12,-0.00011104999999999999,-0.00010689,-5.331e-05,-0.00025025000000000004,-0.00045722,-0.00026115,-0.0030558499999999997,-0.00011586,-4.664e-05,-0.00086651,,,0.00011965000000000001
2025-10-13,-3.7279999999999995e-05,7.866e-05,-0.00030569,-7.348000000000001e-05,-0.00023723,-8.41e-05,-0.00089158,9.49999999999996e-07,0.00019689,-0.00132832,,,0.00024712000000000003
2025-10-14,-7.827e-05,8.647e-05,-0.00044443,0.00011888,6.867e-05,0.00011482000000000002,-2.4009999999999995e-05,-8.020999999999999e-05,0.00025009,-0.00042504,,,2.4020000000000004e-05
2025-10-15,-1.2269999999999996e-05,8.178e-05,-0.00020435,3.217e-05,0.00022018,2.2490000000000003e-05,3.752e-05,-1.0750000000000004e-05,0.00017225,-0.00033228999999999995,,,-6.626e-05
2025-10-16,-7.975e-05,8.84e-06,0.0,-2.8300000000000003e-05,4.862e-05,-7.479e-05,-0.00018511,-0.0001273,8.186e-05,-0.00045634,,,-4.158e-05
2025-10-17,-1.21e-05,0.00011946999999999999,-0.00016779,0.00014414,9.376999999999999e-05,-3.122e-05,0.00013797,-5.906e-05,0.00024224,-0.00020548,,,-0.00020902
2025-10-18,-0.00014876,9.019e-05,-0.0002181,-0.00015244,7.119e-05,-0.00016672,-0.00012201,-6.41e-05,0.00011292,0.00016562,,,-0.00020495
2025-10-19,2.8879999999999998e-05,0.00011854,-9.388e-05,-0.00015818,0.00012246000000000002,2.110000000000005e-06,0.00014247,-3.682e-05,0.00016146999999999998,0.00015029,,,-0.00020892
2025-10-20,-2.8800000000000002e-05,0.00013893,-0.00060469,7.914e-05,-3.267e-05,0.00021053,-0.00011043,3.2e-05,0.00014301,-0.00014572,,,1.6259999999999997e-05
2025-10-21,-5.851e-05,0.00011301,-2.886e-05,4.087e-05,0.00012313,0.00022502,-5.151e-05,0.00011598,-7.982e-05,5.3750000000000005e-05,,,-9.104999999999999e-05
2025-10-22,3.9349999999999994e-05,2.093e-05,-0.00022659,2.187e-05,1.001e-05,-6.975000000000001e-05,-2.102e-05,7.994000000000001e-05,-9.312e-05,1.6900000000000004e-05,,,0.00027857
2025-10-23,0.00015517,9.887000000000001e-05,-6.94e-05,0.00014794,8.931e-05,0.00019546,7.468000000000001e-05,0.00016592,0.00015515,4.130000000000016e-06,,,-0.00023083
2025-10-24,8.398e-05,0.0001338,-0.00045202999999999997,0.00010999,0.00022532000000000002,0.00025659,0.00021595000000000002,0.0001171,0.00011351,0.00017851,,,-0.00013094999999999998
2025-10-25,0.00012074,9.240999999999999e-05,-0.0002708,0.00022137,0.00020544,0.0002787,0.00025536,8.970999999999999e-05,0.00024228,0.00019886,,,-0.00030537
2025-10-26,9.342000000000001e-05,0.00022079,0.0,0.0001778,0.00024583,0.00013405,0.00017095,0.00015551,0.0001826,0.00017155000000000002,,,-0.00010618000000000002
2025-10-27,0.00027304,0.00027827,0.0,0.0002545,0.00014116,0.00024055000000000002,0.00023983,0.00027243,0.000241,9.696000000000001e-05,,,0.00014177
2025-10-28,0.00016857,0.00010347,-0.00011396,0.000134,0.00010306,0.0001,0.00010366,-0.00014261999999999999,0.00021623,-0.00027844999999999996,,,-2.5889999999999998e-05
2025-10-29,8.559e-05,-2.2519999999999994e-05,-0.0005331,9.757e-05,-0.00016142,-0.00022082,-0.00010795000000000001,-4.267999999999999e-05,-4.424999999999999e-05,-0.00018541,,,-8.970999999999999e-05
2025-10-30,8.108e-05,-0.00012026,-9.47e-05,9.488e-05,2.4750000000000005e-05,-5.9579999999999995e-05,-0.000147,0.00011007000000000001,1.8699999999999994e-05,-0.000392,,,-0.00014101
2025-10-31,0.00020213000000000002,9.713e-05,-0.00040755,4.989999999999991e-06,-0.00017935,-7.181999999999999e-05,-0.0002973,3.67e-05,-0.00011130999999999999,-0.00066191,,,-0.00022735
2025-11-01,0.00029782,0.00023779999999999998,-0.0002476,-1.7999999999999997e-05,0.0002167,0.00021704,-1.9609999999999997e-05,0.00020058,0.00030000000000000003,-1.4360000000000005e-05,,,-0.00024209
2025-11-02,0.00021985,0.00019214999999999998,0.0,0.00022425,0.00010910000000000001,0.00012653,6.999999999999994e-06,0.00014778,0.00020542,1.663000000000001e-05,,,-3.071999999999999e-05
2025-11-03,0.0001828,0.00011834000000000001,0.0,-6.508999999999999e-05,1.0000000000001598e-08,-0.00015786,-0.00029313,-0.00012417,-6.754e-05,-0.0009130799999999999,,,-5.5539999999999993e-05
2025-11-04,0.00022147,0.00021748999999999998,0.0,9.37e-05,0.00027905,0.00014359,-0.00017067,-6.0030000000000006e-05,0.00020555,-0.00024448,,,-0.00018309
2025-11-05,0.00012779,6.167e-05,0.0,-2.8499999999999995e-05,0.00023275000000000002,0.00018599,-3.0079999999999997e-05,-8.43e-05,0.00024122,3.7799999999999943e-06,,,-8.27e-06
2025-11-06,0.00016395,9.976000000000001e-05,0.0,-3.1049999999999996e-05,0.00020292999999999998,-8.609999999999997e-06,-7.14e-05,-9.736e-05,0.00017078000000000001,-4.3000000000000774e-07,,,-0.00018226
2025-11-07,0.00017563,0.0002064,0.0,-0.00013848000000000002,0.00021767,0.00022685,-4.420000000000002e-06,0.00016392999999999998,0.00030000000000000003,0.0001049,,,-0.00027316
2025-11-08,0.00014563,0.00022623,0.0,0.00023378,0.00018282999999999998,0.00028754000000000003,8.157999999999999e-05,0.00029825,0.00025397,0.00020292000000000002,,,0.00011668
2025-11-09,0.00011495,0.0001249,0.0,-9.802e-05,3.8000000000000314e-07,5.2929999999999996e-05,-7.979e-05,9.05e-05,9.936e-05,-0.00019558,,,0.00022189
2025-11-10,0.00021204,0.00020590999999999999,-0.00021869,0.00018251,6.2499999999999995e-06,0.00011817,-9.203e-05,0.00011716,0.00020141,-0.00010085,,,0.00017862
2025-11-11,5.8660000000000004e-05,3.232e-05,-0.00015352,0.00017404,6.116e-05,3.796000000000001e-05,-0.00026752,0.00027905,0.00015568,-0.00019238,,,5.389000000000001e-05
2025-11-12,8.935e-05,6.718e-05,0.0,2.224e-05,5.6189999999999996e-05,7.384999999999999e-05,-0.00021475,0.00025074,8.505000000000001e-05,-0.00038449999999999997,,,-0.00037935000000000003
2025-11-13,0.00017877000000000002,0.00019288,-2.848e-05,7.478000000000001e-05,0.00013285,0.00012826,-5.615e-05,9.144e-05,4.710000000000001e-06,-0.00029383999999999996,,,-1.009999999999992e-06
2025-11-14,0.00026773,0.00011153,0.0,-7.978000000000001e-05,6.922e-05,-1.4750000000000006e-05,-0.00010085999999999999,0.00017270000000000002,-6.923e-05,-0.00086988,,,3.1820000000000004e-05
2025-11-15,0.00024430000000000003,0.00014055,0.0,-0.00012329,0.00012440999999999998,0.00016406,0.00014527,0.00022672000000000002,0.00018886,-0.0005875,,,5.719999999999993e-06
2025-11-16,0.00024805,0.00027779,4.995e-05,-0.00014009,-2.5709999999999996e-05,0.00015432,0.00010700000000000001,8.695e-05,0.00014527,-0.00037102,,,1.696e-05
2025-11-17,0.00026776,0.00025992,6.771e-05,9.727e-05,0.00030000000000000003,0.00017041000000000002,0.00029994,-2.292e-05,0.00025259,-0.00011303999999999999,,,-6.850999999999999e-05
2025-11-18,0.00023725,0.00024984,0.00011634000000000001,1.6999999999999939e-06,0.00030000000000000003,9.639e-05,0.00021017,4.0379999999999996e-05,0.00015881,-0.00013035000000000002,,,-0.00031454
2025-11-19,0.00016488,0.00019931000000000001,0.00019241,2.079e-05,0.00028582,0.00023977,0.00010986,8.013e-05,0.00015587,-0.00021335,,,5.068000000000001e-05
2025-11-20,0.00023258,0.00021723,0.00014711,0.00015058,0.00030000000000000003,0.00015780000000000001,9.788e-05,0.00018135000000000002,0.00024059,0.00030000000000000003,,,9.279999999999996e-06
2025-11-21,0.00011438,0.00010722,3.8440000000000005e-05,0.00010930000000000001,0.00014666,-0.00013626,-0.00016468,-4.833999999999999e-05,7.519000000000002e-05,-0.00044438,,,-0.00022685
2025-11-22,0.00013165,0.00013711,0.00013387,4.607e-05,0.00016705,3.9359999999999996e-05,-0.00014258,8.238e-05,4.6450000000000004e-05,-0.0007561200000000001,,,-0.00023455
2025-11-23,3.0720000000000004e-05,3.501999999999999e-05,7.803e-05,-2.68e-05,4.7909999999999994e-05,-1.8930000000000007e-05,2.3019999999999996e-05,-9.253000000000001e-05,1.0409999999999999e-05,-0.00043334000000000005,,,-6.48e-05
2025-11-24,4.904e-05,0.00012535999999999998,0.00011464,-8.106e-05,3.684e-05,6.046e-05,5.4149999999999995e-05,1.5789999999999996e-05,6.631000000000001e-05,-2.9639999999999994e-05,,,1.327e-05
2025-11-25,-6.313e-05,8.2e-05,0.00014383,5.247999999999999e-05,-5.358e-05,8.223e-05,-0.00014409,-6.377999999999999e-05,5.100000000000002e-06,-0.0004059,,,0.00027191
2025-11-26,9.007e-05,5.673e-05,8.7e-06,-7.129e-05,0.00018654,8.795e-05,7.210000000000007e-06,3.487999999999999e-05,0.00026942000000000003,-0.00027861,,,4.253e-05
2025-11-27,4.433e-05,5.101e-05,5.647e-05,-2.26999999999999e-06,0.00021466,6.307e-05,0.00010208,8.685999999999999e-05,0.00026609,-0.00046712,,,0.00027968000000000003
2025-11-28,6.075e-05,1.59e-05,0.0,0.00010603,5.936e-05,-4.8610000000000004e-05,-0.00019339999999999998,1.3939999999999999e-05,0.00012451,-0.00055844,,,0.00017578
2025-11-29,2.431e-05,2.932e-05,0.0,-9.228e-05,-6.365e-05,2.262e-05,-1.1390000000000003e-05,-2.0619999999999996e-05,0.00022589000000000002,-0.00051961,,,0.00016957
2025-11-30,0.00013518,0.00015642,0.0,-5.819999999999999e-05,0.00022876,0.00013337,0.00022239,2.619e-05,0.00023053,-0.00062979,,,0.00021997
2025-12-01,8.237e-05,0.00010596,0.0,-0.00011558,-0.00013374,-0.00020236,1.5460000000000004e-05,-0.00018599,-0.00017174,-0.0006012999999999999,,,-9.872999999999998e-05
2025-12-02,5.633e-05,0.00016648,0.0,-7.839e-05,-3.887000000000001e-05,-0.0001617,-2.1100000000000008e-05,-0.00019048,0.00017256,-0.00045767000000000003,,,1.4100000000000004e-05
2025-12-03,1.589e-05,0.0001082,0.0,0.00022846,0.00026716,0.00022992,0.00025273,5.533e-05,0.00020194,0.00022826,,,0.00017382
2025-12-04,0.00010968,0.00025933,0.00014806999999999998,0.00019064,0.00027858,0.00025487000000000003,0.00027212,0.00029214,0.00017384,0.00013576000000000001,,,-0.00016879
2025-12-05,0.00010172,0.0001706,6.063e-05,-5.0610000000000005e-05,0.00017138,0.00015515,0.00013535,0.0001989,7.514000000000002e-05,-0.00051925,,,0.00030000000000000003
2025-12-06,3.79e-05,8.124e-05,0.0,-0.00017852,-0.00012568,-0.00017419,-5.881e-05,-8.393e-05,-0.0002129,-0.00079065,,,0.00020896
2025-12-07,0.00011070000000000001,4.19e-05,0.0,-0.00027552,8.758e-05,1.6299999999999996e-06,3.0189999999999994e-05,8.293e-05,0.00012931,-0.00024698,,,0.00015237
2025-12-08,9.401e-05,0.00014186,6.0270000000000004e-05,0.00012844,0.00011567000000000001,0.00015695,9.926e-05,0.00010098,-2.8929999999999996e-05,5.515e-05,,,-0.00035569
2025-12-09,0.00012674,0.0001537,0.0,0.00011501999999999999,9.166000000000001e-05,0.00021257,-2.584e-05,0.00012594,2.729999999999996e-06,2.204e-05,,,-9.094000000000001e-05
2025-12-10,7.978e-05,0.00020891,1.106e-05,5.353000000000001e-05,-0.00017166000000000002,7.925e-05,0.00014377000000000001,0.00015354,-0.00019219000000000001,0.00016473,,,6.71e-05
2025-12-11,7.113e-05,9.674e-05,3.901e-05,-0.00025917000000000003,1.8260000000000005e-05,-0.00011526999999999999,-0.00021955,-1.6570000000000006e-05,0.00016642,-0.00073796,,,6.712000000000001e-05
2025-12-12,0.00014995,2.7329999999999998e-05,0.0,6.652000000000001e-05,-0.00011573,0.00012247,0.00029412000000000004,0.000203,0.00016912,5.397e-05,,,0.00016703
2025-12-13,0.00012182,2.0450000000000002e-05,6.184e-05,1.0130000000000013e-05,0.00015666999999999998,4.6739999999999996e-05,-0.00011797,7.784e-05,0.00017443,0.00012554,,,0.00010188
2025-12-14,0.00016671,0.00021396999999999999,5.198e-05,-5.399999999999996e-06,8.413e-05,0.00013194000000000001,-0.0001314,0.00010192,0.00016761,-0.00025432,,,0.00014599
2025-12-15,2.378e-05,0.0001162,0.0,-0.0003135,0.00011469,-3.288999999999999e-05,-5.128e-05,3.145e-05,0.00014803,-0.00033706999999999997,,,-2.333999999999999e-05
2025-12-16,0.00012906000000000001,-2.3000000000000017e-06,0.0,-0.00044789,5.007e-05,-7.425e-05,-0.00012924,-1.3820000000000002e-05,9.522e-05,-0.00048006,,,-0.00038318
2025-12-17,0.00021125,4.156e-05,0.0,8.320999999999998e-05,9.674e-05,0.00016704,0.00012833,7.333e-05,0.00019621,0.00020595,,,-0.0001425
2025-12-18,0.00013717999999999998,8.710000000000003e-06,0.0,-0.00037563,6.355e-05,6.71999999999999e-06,-0.00015684,-5.511e-05,-3.390000000000001e-05,-0.0003947,,,-0.00022521
2025-12-19,0.00025491,0.00022264,0.0,1.0629999999999998e-05,0.000187,0.00012712000000000002,0.00014065,0.00012937000000000002,0.00013154,9.658e-05,,,-0.0002959
2025-12-20,0.00018405,4.8089999999999995e-05,0.00017282000000000002,-8.700000000000001e-07,0.00011498,0.00017895999999999998,0.00023848,0.00020678,0.00025742,7.617e-05,,,-0.00010191
2025-12-21,0.00022532,6.371e-05,1.637e-05,3.302e-05,6.714000000000001e-05,0.00011101000000000001,0.00016580000000000002,8.84e-05,7.979e-05,-0.00032487,,,0.00014515
2025-12-22,0.00015567,-2.325e-05,9.671e-05,0.00013681,-6.086999999999999e-05,5.5259999999999996e-05,0.00013286,0.00017081,8.339999999999991e-06,2.784000000000001e-05,,,-0.00024057
2025-12-23,9.659e-05,0.00013241999999999998,1.888e-05,-9.35e-05,6.130000000000011e-06,6.633999999999999e-05,-0.0001162,0.00011237000000000001,5.200000000000018e-07,-0.0008880800000000001,,,-0.0005344600000000001
2025-12-24,0.00024382,0.00014398999999999998,0.0,7.870000000000006e-06,-1.4849999999999995e-05,9.503e-05,9.7e-05,-6.36e-05,3.009e-05,-0.00011199,,,-0.00017788
2025-12-25,0.00022228,0.00018185,0.0,8.528e-05,-4.461999999999999e-05,0.00014206,0.0002298,0.00019317,0.00023265000000000002,0.00023243,,,3.2579999999999996e-05
2025-12-26,0.00019805000000000002,0.00014952,0.0,-2.7609999999999995e-05,0.00018795000000000001,7.369e-05,0.00022868,0.00012905,0.00021896,0.00021613,,,4.000000000000002e-06
2025-12-27,0.00010447000000000001,0.00011652,4.901e-05,-3.684e-05,0.00022087000000000002,-9.589999999999995e-06,0.00020489,0.00030000000000000003,0.00024326000000000003,0.00027759,,,-0.00115541
2025-12-28,0.00017382999999999998,0.00017877,0.00017384,0.00026243,0.00030000000000000003,0.00014596,0.00030000000000000003,0.00024956,0.00030000000000000003,0.00024229,,,-0.00048854
2025-12-29,0.00024826000000000004,0.0001953,0.00011598,7.821e-05,0.00030000000000000003,8.514e-05,0.00012089000000000002,8.352e-05,0.00018135000000000002,-1.1899999999999998e-05,,,1.2110000000000004e-05
2025-12-30,0.00022958,0.00012384,2.05e-05,-0.0003187,-4.929e-05,-4.651e-05,4.3620000000000006e-05,0.00017119000000000002,0.00015288,-0.00014667,,,-9.517e-05
2025-12-31,8.125e-05,9.889e-05,0.00014385,0.0001172,-4.197e-05,-7.886e-05,0.00022078,0.00019656,0.00012399,3.922000000000001e-05,,,-7.092e-05
2026-01-01,0.00021711,0.00018239000000000002,0.00013594,-0.00031946,-0.00023976,-2.1109999999999993e-05,6.764e-05,0.00023371,-4.524e-05,-0.0003965,,,-0.00044233
2026-01-02,0.0001464,0.00018143,5.392e-05,0.00028143,0.00030000000000000003,0.00030000000000000003,0.00030000000000000003,0.00026094000000000003,0.00030000000000000003,0.00030000000000000003,,,0.00030000000000000003
2026-01-03,0.00011103,0.00011839000000000001,0.00014053,0.00022756000000000002,0.00030000000000000003,0.00030000000000000003,0.00024713000000000003,0.00026013,0.00030000000000000003,0.00020628,,,-5.205e-05
2026-01-04,0.00019737,0.00015041000000000002,0.00016806999999999998,6.326e-05,0.0002863,0.00030000000000000003,0.00019166000000000002,0.00010407999999999999,0.00029093,-8.315e-05,,,0.00018734
2026-01-05,0.00021846000000000002,0.00013977,0.00017335,9.941e-05,0.00026088,0.00019172,7.528e-05,0.00015607000000000002,0.00019295,3.861e-05,,,0.00017909
2026-01-06,4.131e-05,0.00019161,0.00015366,0.00025321,0.00010023000000000001,0.00017787,0.00023473,0.0002099,0.00017499,0.00015376000000000002,,,0.00013942000000000002
2026-01-07,0.00019467,0.00018828,0.00011035,0.00018713,0.00019632,0.00017874,5.382000000000001e-05,5.2510000000000004e-05,0.00015113,-0.00035659000000000005,,,-0.0005170299999999999
2026-01-08,0.00025129,0.00014751,4.555e-05,0.00021396,0.00029088,0.0001529,0.00010652,8.598e-05,0.00027522,-3.924e-05,,,-0.00039002
2026-01-09,4.663e-05,0.00015985,0.0,1.728e-05,0.00016144,7.469e-05,0.00029569000000000004,7.454e-05,0.00025496000000000004,0.00016565,,,6.139000000000001e-05
2026-01-10,0.00019535,0.00024236,0.00014287000000000002,-0.00012038,0.00017176,6.256e-05,-0.00016496,0.00023960000000000002,0.00019315,0.00021576,,,-0.00011275
2026-01-11,0.00015081,0.00022272999999999998,0.0002619,-7.558e-05,0.00026339,0.00010146000000000001,0.0002309,0.00023688000000000002,0.00029274,0.00012655,,,-0.00011223
2026-01-12,9.365e-05,0.00020135000000000002,7.6e-07,-0.00013995000000000001,4.026e-05,3.048e-05,0.0002369,0.00014627,0.00010132,-0.00019842999999999998,,,-0.00012469
2026-01-13,0.00015528,0.0001654,0.00027469,2.0079999999999997e-05,0.00027046000000000004,0.00017087,0.00015920000000000002,0.00020766,0.00019594000000000002,0.00019264,,,3.6549999999999994e-05
2026-01-14,6.702e-05,0.00028331,0.00031046000000000003,0.00027345,0.00030000000000000003,0.00028885,0.00029806,0.00028807,0.00030000000000000003,0.00030000000000000003,,,0.00012541
2026-01-15,2.908e-05,0.00015738,0.00016091,0.00013545,4.72e-05,5.8660000000000004e-05,9.682000000000001e-05,9.425000000000001e-05,0.0002676,0.00019783000000000002,,,0.00026618
2026-01-16,0.00017172,9.609e-05,0.0,-0.00016087,-9.525000000000001e-05,-9.03e-06,-4.619e-05,-3.6900000000000036e-06,-2.9969999999999996e-05,-0.00027286,,,6.804e-05
2026-01-17,5.805e-05,0.00022467,0.0,0.00014379,0.00019698,-6.601e-05,0.00016134,6.577e-05,0.0002647,-6.395e-05,,,9.527e-05
2026-01-18,0.00019690000000000002,7.589000000000001e-05,4.767e-05,-2.6319999999999992e-05,3.025000000000001e-05,1.9940000000000002e-05,-0.00010947,0.00019276,2.531e-05,-0.00020362,,,3.0699999999999994e-06
2026-01-19,7.91e-05,5.509e-05,0.0,-0.00017392,7.600000000000002e-06,-1.6349999999999998e-05,0.00011045,-5.561e-05,-5.293e-05,-0.00022577000000000003,,,-5.633e-05
2026-01-20,0.00022097,0.00015944,1.336e-05,0.00021365000000000002,0.00022484000000000002,0.00013194,4.018999999999999e-05,0.00011416,0.00017652,5.092000000000001e-05,,,-3.2619999999999996e-05
2026-01-21,0.00018465000000000002,2.1949999999999998e-05,0.0,-2.0869999999999995e-05,5.957e-05,-9.79e-06,-2.136e-05,2.640000000000001e-05,-3.536000000000001e-05,-0.00028448000000000004,,,-6.434e-05
2026-01-22,0.00020884,6.867e-05,0.0,0.0001182,9.923000000000001e-05,0.00012969,-6.345e-05,8.141999999999999e-05,0.00016733,-0.00043011,,,7.943e-05
2026-01-23,0.00015448,9.587e-05,1.487e-05,6.881e-05,-5.5339999999999995e-05,-4.182e-05,-6.481999999999999e-05,4.9420000000000005e-05,-2.3929999999999996e-05,-4.219e-05,,,-2.3939999999999998e-05
2026-01-24,0.00014341,6.138e-05,4.664e-05,4.61e-06,7.9e-05,7.718e-05,-2.2369999999999998e-05,2.8389999999999998e-05,-8.972e-05,-0.00030351,,,-0.0001673
2026-01-25,0.00014303999999999999,0.00014883,3.686e-05,2.538e-05,4.865000000000001e-05,5.390000000000001e-06,-5.8960000000000005e-05,1.1140000000000002e-05,7.628e-05,-0.00013046,,,1.206e-05
2026-01-26,0.0001252,-5.763000000000001e-05,6.667e-05,-4.1240000000000005e-05,9.620000000000001e-05,-4.881e-05,-0.00017835,0.00016565,0.0002057,-0.00016093,,,4.91e-05
2026-01-27,0.00017798,0.00025437,0.00011176,7.522e-05,0.00027727000000000003,3.6700000000000004e-06,0.0001834,0.00016823,0.00016799000000000002,-0.00029504,,,1.9e-05
2026-01-28,0.00016241,0.00022757999999999999,9.73e-05,0.00019,0.00020841000000000002,0.00022972,0.00017923,6.504e-05,0.00012090000000000001,-6.314999999999999e-05,,,4.7720000000000004e-05
2026-01-29,0.00017089,7.642e-05,9.245999999999999e-05,-6.946e-05,-7.989999999999996e-06,-8.569999999999994e-06,-0.00011310999999999999,-2.2299999999999973e-06,-0.00011523999999999999,-0.00054361,,,-7.76e-05
2026-01-30,6.502e-05,1.0899999999999993e-06,0.0,-0.00032786,-0.00020815999999999999,-0.00032082,-0.00031788,4.686000000000001e-05,0.00023214,-0.0004411,,,-0.00010434000000000001
2026-01-31,0.00019826,-0.00014057000000000002,0.0,-0.00035423,0.00014385,-0.00017114000000000002,-0.00035132,-0.00011233,3.756e-05,-0.00032744,,,-5.2510000000000004e-05
2026-02-01,1.8760000000000003e-05,-0.0002232,0.0,-0.00013592,-0.00024525999999999997,-0.00032930000000000004,-0.00097385,-6.679e-05,0.00019857,-0.00031026999999999997,,,5.4210000000000004e-05
2026-02-02,-8.688e-05,-0.00034431,0.0,3.9999999999999617e-07,-0.00019668,-8.272e-05,-0.00027327,1.0920000000000004e-05,6.453000000000001e-05,-0.0003527,,,-7.1e-06
2026-02-03,-4.230000000000001e-06,-0.00018375,0.0,-0.00010847,-0.00032439999999999997,-0.00022051999999999998,-0.00038635,3.798e-05,0.0001636,-0.00041062,,,5.4159999999999996e-05
2026-02-04,8.287999999999999e-05,-6.515e-05,0.0,8.190000000000001e-05,6.368000000000001e-05,-3.8719999999999995e-05,-0.0009822,-7.250000000000001e-06,0.00026712000000000003,-6.392e-05,,,-7.385e-05
2026-02-05,4.5140000000000005e-05,-2.798e-05,0.0,-4.2289999999999997e-05,3.678e-05,-2.4549999999999997e-05,-4.17e-05,-7.992000000000001e-05,0.00016746,-1.654e-05,,,-0.00016317
2026-02-06,-0.00028763,-0.00034287,1.73e-05,-0.0009255299999999999,-0.0005701899999999999,-0.00029292,-0.00114886,-7.026e-05,-6.197e-05,-0.00024014000000000001,,,5.744e-05
2026-02-07,-0.00026410999999999996,0.00011453,0.0,-0.0001832,-5.4269999999999994e-05,6.86e-05,-0.00092662,7.982e-05,0.00010601999999999999,-0.00013827000000000002,,,0.00010815
2026-02-08,-0.00011813000000000001,-5.779e-05,0.0,-0.00038312000000000003,-6.284e-05,-5.997999999999999e-05,-0.00098826,-8.672e-05,-3.935000000000001e-05,-0.00012974,,,5.405e-05
2026-02-09,-5.513000000000001e-05,-9.232e-05,0.0,-0.00022002,-0.00022124,-0.0001115,-0.00036251,-2.2310000000000005e-05,0.00010347999999999999,-0.00010344,,,5.472e-05
2026-02-10,-0.00022443,-0.00030378,0.0,-0.00037523,-0.00026484,-0.00010412,-0.00037142,-3.9070000000000004e-05,8.897000000000001e-05,-0.0001697,,,-4.786e-05
2026-02-11,-8.186e-05,-0.0003373,0.0,-0.00025539000000000003,-0.00010831,-0.00015295,-0.00014249,-8.563e-05,1.116999999999999e-05,-0.00034347,,,1.063e-05
2026-02-12,3.900000000000003e-06,-4.413e-05,0.0,-5.529000000000001e-05,8.874e-05,-7.909999999999999e-06,-0.00043321,8.538e-05,0.00012237,-0.00022695000000000001,,,3.74e-05
2026-02-13,5.276e-05,-9.266e-05,0.0,-0.00010115,-3.863e-05,0.00010300000000000001,-3.924e-05,0.00015447,0.00017422,-1.013000000000001e-05,,,-7.69e-06
2026-02-14,1.3709999999999996e-05,-7.470000000000001e-06,0.0,-0.0001521,0.00017127,0.00012382,-0.0001046,0.0001009,0.00012382,0.00014722,,,3.586e-05
2026-02-15,1.225e-05,-7.713000000000002e-05,0.0,-0.00029531,4.712999999999999e-05,0.00018162,-0.00013518,9.459e-05,1.776e-05,7.31e-05,,,8.209e-05
2026-02-16,-4.73e-05,-0.00014738000000000002,0.0,-0.00041151,-0.00016272999999999998,-0.00022317000000000002,-0.00021365,0.00015802,4.972e-05,-0.0002095,,,-3.669e-05
2026-02-17,0.00013632,1.4079999999999994e-05,0.0,-0.00018209999999999998,-4.336999999999999e-05,-0.00010724,-0.00022117,0.00016259,0.00019941000000000002,0.00010367,,,-1.84e-05
2026-02-18,6.678000000000001e-05,-3.528e-05,0.0,-4.233e-05,-0.00010093,-0.00017234,-0.0003655,2.3219999999999998e-05,-2.0589999999999998e-05,6.667e-05,,,-1.652e-05
2026-02-19,-4.3799999999999994e-05,-0.00021435,-7.139e-05,-1.2730000000000009e-05,-6.799e-05,-2.888e-05,-0.00021685,-0.00015931,-0.000187,-0.00051121,,,2.5830000000000002e-05
2026-02-20,5.996e-05,-0.00014987,0.0,-0.00011831,2.3090000000000004e-05,-1.8369999999999995e-05,-6.958e-05,9.238e-05,0.00014617999999999999,0.00016311,,,4.743e-05
2026-02-21,0.00010176,0.0001427,0.0,2.6629999999999997e-05,-0.00022746000000000002,-9.104e-05,-3.945e-05,-0.00010836,0.00019098,0.00030000000000000003,,,0.00017935
2026-02-22,5.744e-05,1.0499999999999998e-05,0.0,-0.00022572,-0.00032463,-0.0002534,-0.00022216,-0.00012977,-0.0001302,-0.00032859999999999996,,,7.733999999999999e-05
2026-02-23,-1.200000000000002e-06,-0.00038215,0.0,-0.00036599,-0.0001333,-6.53e-05,-0.0007576999999999999,-0.00015797,2.2610000000000002e-05,-0.00044301,,,2.64e-05
2026-02-24,4.331e-05,-4.81e-05,0.0,-0.00025111,-5.585e-05,-0.00011337000000000001,-0.00017402,-7.955000000000001e-05,9.400000000000001e-05,-0.00040814000000000003,,,-0.00014114
2026-02-25,1.4400000000000001e-05,7.856000000000001e-05,0.0,6.861e-05,0.00017247,2.967e-05,-4.191000000000001e-05,8.320000000000002e-06,0.00014766,4.470000000000001e-05,,,0.00026000000000000003
2026-02-26,8.810000000000005e-06,9.122e-05,0.0,0.00010873,0.00025623000000000003,6.677e-05,4.8700000000000005e-05,6.684e-05,0.00017984,0.00020852000000000002,,,-1.2390000000000008e-05
2026-02-27,-9.770000000000002e-05,-9.290999999999999e-05,0.0,-0.00024001000000000003,2.8890000000000003e-05,-6.508e-05,-0.00027527,8.507999999999999e-05,0.00010784999999999999,6.366000000000001e-05,,,-7.096999999999999e-05
2026-02-28,-3.991e-05,-0.00025463,0.0,-0.00064091,-5.202e-05,-0.00031243,-0.00041927,-0.00013129,-0.00011656000000000001,-0.00022293,,,-0.00015799
2026-03-01,6.823e-05,6.871e-05,0.0,-0.000114,0.00016153,5.08e-05,0.00010792000000000001,-6.1019999999999995e-05,0.0002067,0.00027448,,,9.369e-05
2026-03-02,-3.3379999999999996e-05,-0.00018667,0.0,-8.060000000000001e-05,0.0001046,3.749e-05,-7.591e-05,0.00012707000000000001,0.00017362,0.00014209000000000002,,,5.723e-05
2026-03-03,2.7320000000000003e-05,-7.411000000000001e-05,0.0,-0.00018082000000000002,-0.00024953999999999997,-0.00021172999999999998,-0.0002467,-5.971e-05,9.929999999999995e-06,-0.00012919,,,1.503e-05
2026-03-04,1.8129999999999994e-05,-8.840000000000003e-06,0.0,6.551e-05,-0.00018629999999999997,-0.0001875,3.8520000000000004e-05,0.00013869,9.412e-05,0.00026431,,,-8.668e-05
2026-03-05,8.706e-05,-3.6309999999999996e-05,0.0,5.275000000000001e-05,9.421000000000001e-05,4.175e-05,-0.00012843000000000002,8.769e-05,1.2099999999999996e-05,0.00012741,,,0.00013381
2026-03-06,-3.548e-05,-7.864999999999999e-05,0.0,-0.00011342000000000001,-0.00017341999999999998,-0.00017663,-0.00014632000000000002,6.43e-05,-5.801000000000002e-05,-0.00021979999999999998,,,-0.00013282
2026-03-07,-7.299999999999947e-07,-8.171e-05,0.0,-0.00038164,-0.00036577,-0.00028582,-0.00018051,-0.0001512,-0.00012254,-0.00021826000000000001,,,-8.46e-05
2026-03-08,-8.479e-05,-0.00021063,0.0,-0.00049189,-0.00049456,-0.00041494000000000004,-0.0004741,-0.00025855,-0.00012537,-0.00025582000000000003,,,9.41e-06
2026-03-09,-0.0001378,-0.00014506,0.0,-0.00031851000000000004,-3.110999999999999e-05,-0.0001572,-0.00020171000000000002,5.441e-05,8.913999999999999e-05,3.579000000000001e-05,,,0.00013653
2026-03-10,5.739999999999999e-06,0.00012007000000000001,0.0,3.858e-05,1.3260000000000005e-05,-7.584e-05,7.394000000000001e-05,9.135e-05,0.00023424,0.00030000000000000003,,,0.00020798
2026-03-11,-0.00022128,2.5240000000000002e-05,0.0,-0.00019014,-1.6200000000000014e-06,-0.00012388,-0.00019195,-0.00010216999999999998,0.00010638000000000001,0.00020515,,,-0.00015622
2026-03-12,-0.00020575,-7.422e-05,0.0,-0.00024418000000000004,-3.056e-05,-9.622000000000001e-05,-0.00012247999999999998,8.042e-05,2.116e-05,-3.13e-05,,,-8.792e-05
2026-03-13,8.359999999999998e-06,4.3e-05,0.0,0.00017938,0.00030000000000000003,0.00020933,0.0002357,0.00030000000000000003,0.00030000000000000003,0.00025978000000000004,,,0.00022505
2026-03-14,-9.218e-05,-3.7879999999999996e-05,0.0,-0.00017317,-0.00043842999999999996,0.00018265,-0.00019303,9.601e-05,2.699000000000001e-05,-0.00013944,,,0.00017819
2026-03-15,-5.685000000000001e-05,1.6799999999999975e-06,0.0,2.836e-05,-9.215000000000002e-05,-9.285000000000001e-05,-0.00014607000000000002,9.732999999999999e-05,0.00024363,3.853000000000001e-05,,,-6.56e-05
2026-03-16,0.00011667,0.00024684,0.0,0.00019467,0.00029182000000000004,0.00020017,0.00024824,0.0002638,0.00016868,0.00023595000000000002,,,-0.00022030000000000002
2026-03-17,-3.524e-05,6.062e-05,0.0,5.845e-05,6.899e-05,0.00012025000000000001,7.742e-05,0.00020719,3.578e-05,-9.811000000000001e-05,,,-9.786e-05
2026-03-18,-8.964e-05,1.4060000000000001e-05,0.0,-2.5540000000000003e-05,6.740000000000007e-06,4.455e-05,-0.00012299,5.539999999999998e-06,-6.617e-05,-8.280999999999999e-05,,,0.00018771
2026-03-19,-2.781e-05,-1.185e-05,-0.00010156999999999999,0.00012208,-0.00022341,-6.46e-05,-0.00010609,6.732e-05,-0.00011067000000000001,2.6530000000000005e-05,,,-2.733e-05
2026-03-20,1.155e-05,-0.00012367,-0.00012728,-0.00011528,-2.852e-05,-9.873999999999999e-05,-0.00010606,4.423e-05,-2.7290000000000005e-05,6.052999999999999e-05,,,-0.0001312
2026-03-21,-1.138e-05,5.558e-05,0.0,-2.151e-05,-0.00021855000000000003,-0.00012416,-0.00010865000000000001,-7.661e-05,6.518999999999999e-05,9.618e-05,,,-0.0002376
2026-03-22,-0.00010455999999999999,-7.329999999999999e-05,-7.288e-05,-0.00017017,-0.00067085,-0.00015364,-0.00039328,-0.00014967000000000002,1.519999999999999e-06,-0.00026347,,,6.366999999999999e-05
2026-03-23,-4.782e-05,-1.3500000000000057e-06,-4.454e-05,4.814e-05,-0.00036373,-0.00016736,-3.252e-05,-1.9659999999999998e-05,0.00024501,0.00012771,,,9.545e-05
2026-03-24,0.00010960000000000001,2.3199999999999998e-05,0.0,-1.7420000000000006e-05,3.5780000000000006e-05,7.746000000000001e-05,1.731000000000001e-05,0.00022624,4.966000000000001e-05,0.00015518999999999998,,,-0.00011865999999999999
2026-03-25,8.104999999999999e-05,-1.0100000000000005e-06,0.0,-8.874e-05,0.00030000000000000003,0.00026472,0.00011724000000000001,0.00018338,0.00022234000000000002,0.00030000000000000003,,,0.00012045
2026-03-26,1.7239999999999998e-05,-3.0440000000000007e-05,0.0,-0.00030928,0.00016994,-7.893e-05,-0.00033926999999999997,-2.7000000000000002e-05,7.874e-05,4.211e-05,,,-8.344e-05
2026-03-27,-9.214e-05,-0.00023475999999999998,-2.719e-05,-0.00026139,-0.00016816000000000002,-0.0001718,-0.0008137999999999999,-6.574e-05,-0.00011066999999999998,-0.0003648,,,-5.445000000000001e-05
2026-03-28,-0.00015865,-0.00013033,0.0,-0.00020173,-0.00020669,-4.231999999999999e-05,-0.0006648299999999999,-0.00018865,1.1340000000000003e-05,-0.00015526,,,0.00010711999999999999
2026-03-29,-1.015e-05,-8.559e-05,0.0,-0.00013793,-0.00035547,-3.879e-05,-0.0006827000000000001,-6.219e-05,-3.945e-05,-1.832e-05,,,3.98e-05
2026-03-30,1.55e-05,2.7040000000000002e-05,0.0,-3.946999999999999e-05,8.274000000000001e-05,0.00017412,-0.00029996,0.00010258000000000001,0.00023047,0.00017955,,,6.627e-05
2026-03-31,-4.568e-05,1.043e-05,0.0,-0.00019961,0.00017896,-5.479e-05,-0.00018489,0.00014241,0.00018995,0.0001184,,,0.00013417
2026-04-01,-3.3329999999999994e-05,8.953e-05,8.436e-05,0.00019825000000000002,-0.00012835,0.00019777,-9.110000000000003e-06,0.00017229000000000002,0.00030000000000000003,0.00019598,,,0.00016735
2026-04-02,-3.0320000000000008e-05,-0.00029611,7.43e-06,-0.00034622,-0.00022764,-5.979e-05,-0.00028738,-0.00020128000000000002,-9.036e-05,-0.00032529,,,3.5199999999999934e-06
2026-04-03,-1.079e-05,-3.3089999999999997e-05,0.0,7.710000000000006e-06,0.00030000000000000003,0.00021761000000000003,1.0669999999999998e-05,8.730000000000001e-05,0.00016441,0.00013709,,,0.00011213
2026-04-04,9.527e-05,5.6200000000000004e-05,0.0,-0.00013459,0.00029363,1.7770000000000008e-05,-0.0001521,9.969000000000002e-05,0.00010317,4.196000000000001e-05,,,0.00016611
2026-04-05,8.108e-05,-1.2749999999999998e-05,0.0,-0.00040553000000000003,0.00017436,-4.836e-05,-0.00021384,-3.721e-05,-2.0269999999999994e-05,0.00012459,,,0.00012625
2026-04-06,0.0001304,0.0001059,3.249e-05,0.00014922,0.00030000000000000003,0.0002806,4.779e-05,0.00018207,0.00027633,0.00027568,,,0.00019055
2026-04-07,0.00010781000000000001,-5.877e-05,4.57e-06,-7.812e-05,-0.00029133,-0.00017456,-0.00038321,-8.119999999999997e-06,0.00018846,-0.00069456,,,8.360000000000001e-06
2026-04-08,0.00011631,0.00022545,0.000197,0.00025419,0.00030000000000000003,0.00030000000000000003,0.00030000000000000003,0.00018737,0.00022295,0.00030000000000000003,,,3.908999999999999e-05
2026-04-09,3.1060000000000004e-05,3.744e-05,5.8769999999999995e-05,-0.00010826,5.314e-05,-4.702e-05,5.428e-05,-4.641e-05,-0.00022889999999999998,0.00030000000000000003,,,0.00030000000000000003
2026-04-10,6.819999999999999e-06,1.085e-05,5.621e-05,9.952e-05,0.00028545,0.00011432,0.00018438,0.00010878,0.0001079,0.00021697,,,4.4009999999999994e-05
2026-04-11,-0.00020062999999999998,-0.00017522,9.311000000000001e-05,-1.89e-05,-0.00014527,-9.569999999999991e-06,1.2380000000000002e-05,-5.4699999999999995e-05,1.763000000000001e-05,-0.00010151000000000002,,,0.00030000000000000003
2026-04-12,-0.00012133,-7.820000000000003e-06,6.577e-05,-0.00015003,-0.0004934200000000001,-8.122e-05,-8.269999999999999e-05,-0.00011863000000000001,-0.00012339,-2.7909999999999995e-05,,,0.00014277
2026-04-13,-5.826e-05,5.0560000000000004e-05,0.0,2.499000000000001e-05,-0.0002565,-2.6439999999999998e-05,0.00012891,-0.00010265,1.3459999999999996e-05,0.00015858000000000002,,,-9.360999999999999e-05
2026-04-14,-8.355999999999999e-05,0.00023490000000000002,0.00024312,0.0002238,6.748e-05,0.00024455,0.00030000000000000003,0.00026515,0.00022047,0.00017881,,,0.00011454999999999999
2026-04-15,-0.00021548999999999998,3.711e-05,8.180000000000001e-05,5.5679999999999995e-05,-0.00032211,-4.117e-05,-0.00011242999999999999,7.546e-05,-1.255e-05,0.00011264,,,-0.00020398
2026-04-16,-8.484000000000001e-05,-0.0001065,0.00010905,0.00011518,0.00030000000000000003,0.00030000000000000003,0.00027305,0.00012449,0.00030000000000000003,0.00023174,,,-0.00011597
2026-04-17,-4.711e-05,3.502e-05,0.00010023,0.00011052,0.00030000000000000003,0.00018864,0.00014101,0.00019802,0.00023824,0.00021607,,,0.00016195
2026-04-18,-0.00019766,-0.00018466,1.679e-05,0.0001139,9.341e-05,5.8810000000000015e-05,-0.00015922,4.647e-05,0.00012058,-0.00012031999999999999,,,-3.421e-05
2026-04-19,-0.0002789,-0.00044791,1.261e-05,2.8729999999999998e-05,1.0219999999999999e-05,-0.00012602,-0.00023191,-3.906e-05,7.579999999999999e-06,-0.00013459,,,0.00018322
2026-04-20,-0.00012137999999999999,-1.525e-05,5.489e-05,2.0520000000000003e-05,-1.1380000000000016e-05,1.241e-05,-4.97e-05,0.00017517999999999999,5.424e-05,-1.875000000000001e-05,,,0.00011528
2026-04-21,-0.00018003,-0.00011778,5.462e-05,9.647e-05,0.00011369,-3.3800000000000002e-06,0.00011573,0.00016811000000000002,0.00016909,0.00025977,,,-0.00019690000000000002
2026-04-22,5.739999999999997e-06,0.00015669000000000002,0.0001342,0.00010168,0.00021464,0.00020214,0.00026371,0.00018835,0.0002531,0.00024532,,,-8.502e-05
2026-04-23,-0.00018119,1.9910000000000004e-05,1.259e-05,-0.00012805,-8.472999999999998e-05,0.00026031000000000003,6.251e-05,2.3099999999999965e-06,-7.619999999999998e-06,-6.834000000000001e-05,,,0.00015355
2026-04-24,-0.00014846,-0.0002277,0.00010619000000000001,9.685e-05,0.00030000000000000003,0.00030000000000000003,-0.00016014,0.00022967000000000002,0.00024185,0.00019044,,,9.795e-05
2026-04-25,-0.00013011,-0.00010959,3.157e-05,9.37e-06,0.00028757,0.0002582,1.5869999999999995e-05,6.119e-05,0.00026749,0.00026398000000000003,,,-2.629e-05
2026-04-26,5.8899999999999995e-06,-5.904e-05,3.891e-05,-0.0001207,0.00015851,0.00014623000000000001,4.4630000000000005e-05,-2.2879999999999998e-05,0.00014206,5.319000000000001e-05,,,4.145e-05
2026-04-27,-0.00014088,-0.00022093999999999998,2.096e-05,-6.226e-05,-0.00022524,5.3099999999999996e-05,-0.00014749,4.134e-05,8.438e-05,-0.00032281,,,5.109e-05
2026-04-28,-1.9129999999999995e-05,-0.00027757,4.102e-05,3.826e-05,3.080999999999999e-05,0.00030000000000000003,-0.00015064,6.630000000000001e-05,0.00018421000000000003,5.952e-05,,,-0.0002188
2026-04-29,2.036e-05,0.0001229,4.604e-05,-0.00013016,0.00013649,0.00024318,-4.9400000000000035e-06,0.00015224,0.00012119999999999999,7.029e-05,,,4.434e-05
2026-04-30,-8.961e-05,-0.00018445,6.97e-06,-2.609999999999997e-06,8.95e-06,6.901e-05,0.00011229,7.539999999999999e-06,-0.0001416,-0.00010804,,,-2.6519999999999997e-05
2026-05-01,-8.699e-05,-8.008e-05,3.437e-05,-1.282e-05,0.00015058,4.4420000000000005e-05,0.00012661999999999998,-6.811e-05,0.00016522,8.36e-05,,,0.00016783
2026-05-02,-8.465e-05,-4.6439999999999996e-05,7.156e-05,5.719999999999999e-06,7.351e-05,3.18e-05,1.8909999999999997e-05,4.85e-05,-2.425e-05,-0.0001623,,,-6.788000000000001e-05
2026-05-03,1.595e-05,0.00010639,7.591e-05,7.617999999999999e-05,0.00017577,9.338e-05,-4.650000000000001e-06,-0.00011293999999999999,4.510000000000023e-06,-8.999999999999999e-05,,,-7.978e-05
2026-05-04,9.859999999999997e-06,0.00012744,0.00015671,0.00010768000000000001,0.00022897,0.00010682,0.00019634,9.851e-05,0.00014241999999999998,0.00018806,,,5.600000000000001e-06
2026-05-05,-0.00013249,-0.00010887,0.00019185,0.00010833,0.00021168,0.0001246,0.00024404,0.00013861,0.00018694,0.00018747000000000002,,,8.993e-05
2026-05-06,-0.00019059,-0.00016602,0.00022298,0.00011148000000000001,0.00030000000000000003,5.188999999999999e-05,0.00025677,0.00020005,0.00030000000000000003,0.00026940000000000004,,,2.2239999999999997e-05
2026-05-07,-0.00013438,-0.00022897,0.00020367,-0.00010963,0.00030000000000000003,-5.740000000000001e-05,0.00011267,0.00016814,0.00030000000000000003,0.00015818,,,1.6259999999999997e-05
2026-05-08,-6.533e-05,-7.175000000000001e-05,8.91e-06,-7.025e-05,0.00024159000000000002,-2.7120000000000005e-05,0.00018451,0.00010481,0.00030000000000000003,0.00025496000000000004,,,-0.00010515
2026-05-09,1.6939999999999997e-05,0.00019273,0.0002032,0.00024196,0.00025625,0.00013611,0.00015828,0.00020399,0.00024412000000000001,0.00018602,,,-6.446e-05
2026-05-10,0.0001048,0.00024982,0.0001057,0.00011693000000000001,4.479000000000001e-05,-4.151e-05,-4.3780000000000004e-05,0.00010866,0.00017403,4.3679999999999995e-05,,,-0.00013551
2026-05-11,0.00012945,0.00012813,0.00010057999999999999,0.00012824,0.00013997,0.00029789,0.00018974,0.00017432,0.00030000000000000003,8.041e-05,,,-5.77e-05
2026-05-12,9.584e-05,8.61e-05,0.00022313999999999998,2.841e-05,7.179e-05,0.00026359,5.585e-05,1.8920000000000002e-05,0.00014911,5.5580000000000007e-05,,,2.642e-05
2026-05-13,0.00012553,6.914e-05,0.00019606000000000002,5.463000000000001e-05,-7.568000000000001e-05,0.00030000000000000003,-3.615999999999999e-05,8.993e-05,0.00013968000000000002,-9.312e-05,,,-8.092e-05
2026-05-14,0.00010949999999999999,0.00015413999999999998,0.0,0.00012559,0.00011871000000000001,7.992999999999999e-05,-0.00023479000000000002,9.844e-05,0.00011678,3.52e-05,,,-0.00018486000000000002
2026-05-15,-4.5839999999999995e-05,1.092e-05,0.00012416,-7.069999999999998e-06,-4.4590000000000005e-05,-0.00017399,4.5209999999999996e-05,-2.277e-05,2.1140000000000004e-05,-4.715000000000001e-05,,,9.544999999999999e-05
2026-05-16,8.683000000000001e-05,0.00018069,0.0,-4.089e-05,-0.00011976,5.145e-05,-1.519999999999972e-06,-9.630000000000001e-06,-7.655e-05,-9.329000000000001e-05,,,9.96e-06
2026-05-17,5.261e-05,0.00017357,3.265e-05,-2.942e-05,6.597e-05,0.00015031,-0.00023144,4.866e-05,0.00010219999999999999,0.00011011000000000001,,,0.00014018
2026-05-18,0.00011825,7.736e-05,4.297e-05,-0.00011844,-7.875e-05,-6.747e-05,-9.943e-05,-0.00013141999999999999,0.00010532,-1.323e-05,,,-0.00022892
2026-05-19,0.00015536,0.00019275,1.483e-05,-6.457e-05,9.083000000000001e-05,-2.41e-05,-0.00013451,-1.87e-05,7.607e-05,0.00022169,,,-0.00012905
2026-05-20,0.00018094999999999998,0.00013864,0.00014749,3.112e-05,9.944e-05,3.7330000000000003e-05,7.4e-06,9.201000000000001e-05,0.00010991000000000001,0.00012693,,,-2.84e-06
2026-05-21,0.00012058,0.00012236000000000001,0.000162,-1.62e-05,1.8919999999999988e-05,7e-05,8.91e-05,-2.208e-05,0.00018658,7.044e-05,,,-1.552e-05
2026-05-22,5.635e-05,0.00013962,6.0740000000000005e-05,-9.079e-05,7.965000000000001e-05,0.00018395,8.251000000000001e-05,4.018e-05,0.00013153,0.00021975,,,-1.5599999999999996e-05
2026-05-23,0.00010249,0.00016546,2.14e-06,-0.00011955,-4.3239999999999986e-05,2.663e-05,-0.00038371,-2.8809999999999994e-05,-4.932e-05,-5.181000000000001e-05,,,-0.00012507000000000002
2026-05-24,0.00021599,0.00020254,0.00018806999999999998,4.679999999999996e-06,0.00013898,0.00014664,2.3599999999999998e-05,-5.169999999999996e-06,0.00011423999999999999,0.00022406,,,-0.00020229
2026-05-25,0.00011501999999999999,0.00014116,0.00011360999999999999,8.307e-05,5.204000000000001e-05,0.00015234,-5.048e-05,0.00010449,0.00011505,0.00014895000000000002,,,6.612e-05
2026-05-26,0.00017686,0.00010659,8.192e-05,-6.605e-05,0.00015998,0.00014208,-1.0490000000000003e-05,7.829999999999998e-06,0.00018664000000000002,0.00015326,,,-4.805e-05
2026-05-27,0.00028862,0.0001652,0.00017333000000000002,-4.3809999999999996e-05,-1.2199999999999998e-05,0.00012172,-0.00021907,-1.3379999999999997e-05,7.816e-05,3.5239999999999995e-05,,,-0.0002604
2026-05-28,0.00025011,7.947999999999999e-05,5.788e-05,-0.00011915,-0.00027218,-4.248e-05,-0.00022743,-2.786e-05,3.057e-05,-0.00017527,,,-8.755e-05
2026-05-29,0.00022093000000000001,0.00022188,7.942000000000001e-05,9.103e-05,8.557000000000001e-05,0.00022898000000000002,0.00013054,0.00020384,3.612e-05,9.327e-05,,,3.8570000000000005e-05
2026-05-30,0.0001441,0.00017087,0.00026569,6.856000000000001e-05,-9.024e-05,0.00012126,0.00015474,9.136e-05,5.3139999999999996e-05,0.00021144,,,-3.0799999999999996e-05
2026-05-31,0.00016083,0.00018313999999999998,1.15e-06,-4.2760000000000004e-05,6.225e-05,0.00018696,8.616e-05,-0.00010013,0.00015065,0.00015917,,,-0.00019326
2026-06-01,0.00020141,0.00021356,9.172e-05,0.00010130999999999999,4.930000000000002e-06,0.00018644,5.584e-05,0.00016979,0.00013683,0.00011243,,,-7.313e-05
2026-06-02,0.00024335,0.00025699,0.00016656,1.0879999999999997e-05,-9.908000000000001e-05,9.822e-05,8.244e-05,-2.84e-05,9.805e-05,5.6470000000000007e-05,,,-0.00016148
2026-06-03,0.00022394,0.00019244,0.00013105000000000001,-0.00013926,8.389000000000001e-05,0.00013181,-0.00028931,3.0820000000000006e-05,7.108e-05,-3.2600000000000044e-06,,,-0.00015132
2026-06-04,3.147e-05,0.00016079,5.166e-05,-0.00019792999999999997,-2.0919999999999996e-05,5.579e-05,-0.00036579,-7.322000000000001e-05,5.017e-05,-6.315e-05,,,-0.00016232999999999997
2026-06-05,-9.790000000000001e-06,-5.846e-05,4.098e-05,-0.00022982,4.259e-05,-3.7290000000000004e-05,-0.00043405,4.208e-05,3.872000000000001e-05,-4.154e-05,,,-0.00022375
2026-06-06,9.299999999999999e-06,-0.00014539000000000002,6.864e-05,-0.00011521,-0.00010439,0.00011627,-0.00042259999999999997,0.00010146,2.54e-05,-9.233e-05,,,-0.00016775999999999998
2026-06-07,3.209999999999998e-06,-0.00016341,0.0,-0.00033998,-0.00021046,-5.141e-05,-0.00069691,-4.333e-05,0.00015045,-0.0001252,,,2.0079999999999997e-05
2026-06-08,7.109e-05,-0.00019349,0.0,-0.00011187,0.00010803000000000001,6.464e-05,-0.00049633,7.163e-05,0.00016272,-5.256e-05,,,-4.257e-05
2026-06-09,2.0819999999999997e-05,-9.652e-05,0.0,-0.00012768,-0.00018696999999999998,1.7519999999999995e-05,-0.00018575000000000002,-9.269e-05,2.540000000000006e-06,-0.00010781999999999998,,,-2.849e-05
2026-06-10,-4.780000000000002e-06,-0.00011788,8.6e-06,-9.999999999999999e-06,7.654999999999999e-05,6.262e-05,-8.425e-05,3.247e-05,0.00015249,-0.00011632999999999999,,,-7.392999999999999e-05
2026-06-11,4.45e-05,-5.3620000000000005e-05,4.668e-05,-0.00011802,0.0002026,0.00015611,-9.404e-05,1.8740000000000004e-05,8.61e-05,-1.1309999999999998e-05,,,-1.5269999999999994e-05
2026-06-12,1.9829999999999998e-05,-0.00010474,9.292e-05,-1.7079999999999992e-05,3.513e-05,4.136999999999999e-05,-0.00021382,-2.4399999999999997e-05,0.00017999,-0.00012369,,,-0.0001949
2026-06-13,6.355e-05,5.5950000000000005e-05,4.204e-05,-0.00011086,7.538e-05,0.00013252,-8.272e-05,3.012e-05,5.2340000000000004e-05,-2.6779999999999998e-05,,,-1.8200000000000002e-05
2026-06-14,-0.00012432,-3.643e-05,0.0,-0.00021281,-0.00032995999999999996,3.772e-05,-0.00032156,-8.570999999999999e-05,-2.251e-05,-0.0003,,,3.8690000000000004e-05
2026-06-15,-2.65e-05,9.042e-05,6.607e-05,-0.00012595,0.00020353,0.00024813,-0.00011994,0.00015800999999999999,0.00022435,4.749e-05,,,-8.203e-05
2026-06-16,-1.292e-05,4.059e-05,0.0,2.8950000000000006e-05,-0.00024368,-3.915e-05,-2.1720000000000002e-05,7.348e-05,0.00012402,-0.00016093,,,-4.759e-05
2026-06-17,-7.309999999999999e-05,4.64e-05,0.00014523,-2.049999999999999e-06,-9.868e-05,8.352e-05,-9.289e-05,0.00014101,0.00018267,0.00013365,,,-0.00014531
2026-06-18,5.404e-05,4.626e-05,5.822e-05,-7.67e-05,-0.00015052,2.020000000000001e-06,-0.00012303,-1.1519999999999998e-05,-3.509e-05,-0.00047966999999999997,,,-0.00016335999999999998
2026-06-19,0.00010846,4.457e-05,0.0,4.1430000000000015e-05,-0.00031892,-3.139e-05,0.00012448,-6.449e-05,0.00013269,-0.00040961999999999997,,,-2.5280000000000002e-05
2026-06-20,0.00012432,8.884e-05,6.075e-05,-8.212e-05,-0.00035462,-4.459e-05,-7.815e-05,-6.241000000000001e-05,2.2479999999999998e-05,-0.0002698,,,0.00012148999999999999
2026-06-21,8.001e-05,6.251e-05,5.515e-05,-9.986e-05,-0.00043935,2.3890000000000003e-05,7.46e-05,-6.586000000000001e-05,0.00010678,-0.0001908,,,-6.366e-05
2026-06-22,0.00012899,6.610000000000001e-05,0.0,-3.2290000000000004e-05,-0.00018456,6.134e-05,-2.9840000000000002e-05,0.00010381999999999999,0.00013635,-1.668e-05,,,-2.6119999999999997e-05
2026-06-23,3.807e-05,-1.149e-05,0.0,-0.00021138,-0.00051719,-0.00013168,-0.00033425999999999996,-1.4640000000000002e-05,-9.254e-05,-9.35e-06,,,-3.321e-05
2026-06-24,4.315e-05,6.834e-05,0.0,-3.776999999999999e-05,-0.00033821000000000003,-0.00014168,-0.00017317,-6.976000000000001e-05,6.007e-05,5.271e-05,,,-0.00022127
2026-06-25,-1.6459999999999995e-05,-3.311e-05,0.0,-0.00030717,-0.0003348,9.11e-05,-0.00020709,-7.048e-05,7.073e-05,-4.619e-05,,,-0.00018782
2026-06-26,0.0001851,-3.1110000000000005e-05,0.0,-0.00027799,9.973e-05,0.00014459,0.00017651,4.881999999999999e-05,0.00018207,1.889e-05,,,-0.00014344
2026-06-27,0.00013281,2.979e-05,0.00017056,-0.00033392999999999997,1.5790000000000003e-05,8.308e-05,0.0001288,-0.00011755999999999999,0.00011993,0.00028606,,,-0.00011284
2026-06-28,0.00010043,-6.412e-05,0.0,-0.00038205,-0.00037772,-5.408e-05,5.362e-05,4.649999999999996e-06,4.411e-05,3.5890000000000004e-05,,,-5.6710000000000004e-05
2026-06-29,0.00019214,2.175e-05,2.2360000000000003e-05,-7.462e-05,-0.00022032,-8.880000000000001e-06,8.45e-05,0.00010339999999999999,0.0001281,0.00017699000000000002,,,-0.00016803
2026-06-30,0.00017851,0.00012114999999999999,4.028e-05,-0.00011742999999999999,8.277999999999999e-05,6.68e-06,0.00024932000000000003,0.00017107,0.00017598,1.773e-05,,,-0.00011797000000000001
2026-07-01,0.00014458,0.00013558,9.455e-05,8.986e-05,0.00026245,0.00020177,0.00026848,0.00014919,0.00017602999999999998,0.00019757,,,-0.00011205
2026-07-02,0.000185,0.00014301,0.00020256,7.099e-05,0.00030000000000000003,0.00012462,6.785e-05,0.00024302000000000001,0.00015007,4.706e-05,,,-7.024e-05
2026-07-03,0.00023740000000000002,0.00023078,0.00022752999999999998,7.332000000000001e-05,0.00030000000000000003,0.00024714,2.980000000000002e-06,0.00025003000000000004,0.00023732,0.00011851,,,-5.01e-05
2026-07-04,0.0002948,0.00022557,0.00042603,-7.57e-06,0.00030000000000000003,0.00030000000000000003,0.0002087,0.00024410000000000002,0.00027457,0.00013665999999999998,,,-0.00010718
2026-07-05,0.00027014,0.00018728,0.00014632,0.00011001,0.00030000000000000003,0.00023894,0.00010731,7.534e-05,0.00022239999999999998,6.647000000000002e-05,,,-0.00017354
2026-07-06,0.0002382,0.00019973999999999998,8.280000000000001e-05,2.674e-05,0.00030000000000000003,0.00021049,0.00016383,0.00020376,0.00023669,0.00018784999999999999,,,-0.00012013
2026-07-07,0.00022617,0.00014979,4.4670000000000004e-05,-3.552e-05,8.954e-05,0.00013325,5.366e-05,0.00016321,0.00024601,4.5e-05,,,-0.00020065
2026-07-08,0.00012741,9.04e-05,6.0320000000000005e-05,5.16e-06,0.00011765,5.231e-05,-5.702e-05,0.00011289999999999999,3.848e-05,-0.00018322,,,-1.2369999999999998e-05
2026-07-09,0.00017687,0.00015279,0.00023841999999999998,8.384e-05,-6.369000000000001e-05,0.00017983,8.774e-05,0.0001895,0.00016036999999999998,0.00023293,,,-2.796e-05
2026-07-10,0.00025813,0.000106,0.00030178,0.00013644999999999998,-0.00018896,0.00022241999999999997,0.00015592,0.00012241,0.00017236,0.00026936,,,-4.7300000000000055e-06
2026-07-11,0.00015098,0.00013537,0.00023361,0.000205,-0.00029659,0.00029327,0.00010548,0.00016200999999999998,0.00018354,0.00022996000000000003,,,4.336e-05
2026-07-12,0.00018543999999999999,4.658e-05,0.00020167999999999998,1.845e-05,-0.00038176,8.522e-05,5.426e-05,0.00010025,5.372e-05,-0.00035455999999999997,,,0.00010232000000000001
2026-07-13,0.00016376999999999999,4.759e-05,8.696e-05,-9.994999999999999e-05,-8.577e-05,-5.147e-05,1.927e-05,-5.153e-05,0.00016771,-2.139000000000001e-05,,,-0.00010606
2026-07-14,0.00017334999999999999,0.0001069,0.0001365,4.143e-05,-0.00016430999999999998,0.00018703000000000003,0.00010592,3.612e-05,0.00021748,9.541000000000001e-05,,,-5.884e-05
2026-07-15,0.00024457,0.00017576,0.00034667,0.00018277000000000001,-9.034e-05,0.0002704,3.221e-05,0.0002101,0.00030000000000000003,0.00026214,,,2.8040000000000003e-05
2026-07-16,0.00016112,0.00013955,0.00034973999999999997,7.627e-05,-0.00017593,0.00022627000000000001,-1.8239999999999998e-05,5.789999999999997e-06,0.00022974,0.0001314,,,-7.602e-05
2026-07-17,0.00015204,0.00014108,8.615000000000001e-05,-7.379999999999997e-06,-8.821e-05,1.441e-05,-5.254e-05,0.00025584,0.00014648,3.1939999999999996e-05,,,-2.6899999999999997e-05
2026-07-18,0.00013355,9.533e-05,0.00012374,-7.170000000000001e-06,0.00030000000000000003,0.00010706,9.2e-05,0.00013911000000000001,6.741e-05,0.00023174,,,3.312e-05
2026-07-19,0.00012545999999999998,0.00010441000000000001,0.00015626,-4.926e-05,0.0002062,0.00019334,0.00010533,0.00017326,8.027e-05,-5.280000000000004e-06,,,5.886e-05
2026-07-20,0.00016686,7.497e-05,8.712e-05,5.428e-05,-8.025e-05,3.994e-05,1.871e-05,0.00019403999999999998,0.00013553000000000003,-2.422000000000001e-05,,,-8.273e-05
2026-07-21,0.00016219999999999999,0.00010309,0.00027528,9.946000000000001e-05,0.00024497,0.00030000000000000003,0.00019189,0.00022480999999999998,0.00026257,0.00018383,,,-6.994000000000001e-05
2026-07-22,0.00010818999999999999,8.938e-05,0.00032387999999999997,0.00013932000000000001,0.0002682,0.00023172,3.3780000000000005e-05,9.656000000000001e-05,0.00027464000000000004,-9.355e-05,,,-4.3660000000000005e-05
2026-07-23,8.386e-05,-6.151e-05,9.041999999999999e-05,-3.405e-05,-0.00016407,-0.0001158,-0.00017925,5.633e-05,0.0001065,-8.392e-05,,,9.659e-05
2026-07-24,0.00018626,2.353e-05,1.896e-05,6.621e-05,-0.0002682,-0.00019891,-8.520000000000007e-06,0.00013678,5.933e-05,-0.0005189,,,4.4670000000000004e-05
2026-07-25,0.00012228,0.00011124,0.00010067,-7.019e-05,-0.00038386,3.446e-05,-7.933e-05,0.00013623000000000002,3.411e-05,6.387000000000001e-05,,,-0.0002883
2026-07-26,0.00015581,2.417e-05,0.00027495,4.176e-05,-6.981e-05,0.00029495,8.066e-05,0.00014123,4.831e-05,0.00030000000000000003,,,-4.9399999999999984e-06
2026-07-27,0.00017639,0.00019767,6.721e-05,7.065000000000001e-05,-0.00035318999999999997,0.00015681,0.00020314999999999998,0.00013003,0.00030000000000000003,0.00021666,,,-4.6099999999999996e-05
2026-07-28,0.00011022000000000001,6.150000000000004e-06,0.0001014,-0.00030243,-0.00028406,7.413e-05,-0.00021095,0.00012330000000000002,1.5300000000000003e-05,-8.79e-06,,,-0.00022364
2026-07-29,0.00023665,0.00014751,8.523e-05,0.00025522,0.00030000000000000003,0.00016798,2.536e-05,0.00018421999999999997,0.00021724,6.35e-05,,,-0.00014785999999999998
2026-07-30,0.00024769,0.00010505,0.00022812,0.0002588,0.00018732999999999998,7.675e-05,0.00016479,2.273e-05,0.00014873,9.36e-05,,,-0.00011675999999999999
2026-07-31,0.00025069000000000003,4.892e-05,0.00013532,0.00014225000000000002,0.00030000000000000003,4.9380000000000005e-05,0.0001811,2.027e-05,0.00014205,-7.310000000000003e-06,,,1.6709999999999994e-05
2026-08-01,0.00010831,0.00014829,0.00016685000000000002,5.4250000000000004e-05,0.00030000000000000003,0.00022795,0.00023159,-0.00012536,7.189e-05,8.602e-05,,,1.7500000000000019e-06
2026-08-02,0.0002118,9.816e-05,0.00021737,0.00015651,0.00030000000000000003,0.00013375000000000003,6.423e-05,1.7400000000000007e-06,0.00023962,-1.2519999999999995e-05,,,9.578000000000001e-05
2026-08-03,0.00018838,0.00012795,0.00031234000000000004,0.00021139,0.00030000000000000003,0.00014379,0.00016403,0.00010917000000000001,0.00030000000000000003,0.00016953,,,-2.629e-05
2026-08-04,0.00017013,0.00018047,0.00017577,0.0002226,0.00030000000000000003,0.00028428000000000004,0.00030000000000000003,6.837e-05,0.00014426,0.00030000000000000003,,,0.00014548
2026-08-05,5.365e-05,7.134e-05,4.443e-05,-1.4570000000000001e-05,0.00030000000000000003,0.00014345,0.00015172999999999999,-1.4439999999999997e-05,0.00015894,0.00017152,,,0.0001276
2026-08-06,0.00015166,2.368e-05,0.0,-1.4760000000000001e-05,0.00030000000000000003,5.910000000000003e-06,-0.00011011,0.00015497999999999998,0.00010653,-4.139999999999998e-06,,,-0.00015118
2026-08-07,0.00011681,8.165e-05,2.042e-05,-6.933e-05,5.381e-05,0.00017419,0.00011552,0.00018899,0.00012343,-2.6090000000000003e-05,,,2.472e-05
2026-08-08,0.00016774999999999998,9.944e-05,0.00017623999999999998,0.00018738,1.649e-05,0.00024235,0.00028378,8.914e-05,0.00024138000000000002,0.00020102,,,0.00019321
2026-08-09,0.00018144,0.00015358,0.00018256000000000001,0.00030000000000000003,0.00013727,0.0002433,0.00030000000000000003,0.00018139,0.00020716000000000002,0.00022055,,,-8.554e-05
2026-08-10,0.00020461999999999998,9.688e-05,0.00026853,0.00023176000000000002,0.00025441,0.00022054,0.00029534,0.00017772,0.00020955,0.00030000000000000003,,,9.617999999999999e-05
2026-08-11,0.00012544999999999999,0.00012801,0.00022988000000000001,-6.357000000000002e-05,0.00030000000000000003,0.00030000000000000003,4.444e-05,8.949e-05,0.00030000000000000003,6.989e-05,,,-7.512e-05
2026-08-12,0.00025169,0.00023016,8.987e-05,0.00025449,9.258000000000001e-05,0.00021312000000000002,8.875e-05,7.234e-05,0.00030000000000000003,-0.00029476,,,-7.179e-05
2026-08-13,0.00021635,0.00019664,0.0,0.00014042,0.00016240999999999998,6.371e-05,-1.083e-05,3.147e-05,0.00026146000000000003,0.00027032,,,-0.00015382000000000001
2026-08-14,0.00015173,2.708e-05,0.0,0.00018989,8.162e-05,9.208e-05,1.039e-05,8.549999999999994e-06,0.00030000000000000003,0.00011640999999999999,,,-6.948e-05
2026-08-15,0.00018635,0.00015444,4.271e-05,-0.00016617,2.6289999999999994e-05,0.00023547,-0.00013540999999999998,2.8799999999999995e-06,0.00024369000000000002,0.00024688,,,0.00013173000000000001
2026-08-16,7.805e-05,5.496e-05,1.29e-06,-0.00014833,-3.978e-05,0.00018071,-8.806e-05,3.24e-05,0.00022868,-0.00011635,,,-4.59e-06
2026-08-17,0.00020151000000000001,0.00015925,1.602e-05,1.1799999999999989e-06,1.14e-05,0.00017515,-1.6819999999999995e-05,4.9500000000000034e-06,0.0002414,-4.909e-05,,,7.848e-05
2026-08-18,0.00013834,0.00011282,6.361e-05,1.5320000000000002e-05,9.337e-05,0.00011071,9.04e-05,0.00011200000000000001,6.511e-05,-2.3699999999999993e-05,,,3.3260000000000003e-05
2026-08-19,0.00015432,0.00016235000000000002,7.605e-05,0.00010645,-4.791e-05,0.00016074,0.00023264,0.00014076,0.00019004000000000002,0.00013022,,,-4.8190000000000004e-05
2026-08-20,0.00029077,0.00030000000000000003,0.0002874,0.00030000000000000003,0.00030000000000000003,0.00030000000000000003,0.00030000000000000003,0.00028016,0.00012303,0.00030000000000000003,,,-0.00010718
2026-08-21,0.00020778000000000002,0.00029031,0.00038942999999999996,0.00030000000000000003,0.00030000000000000003,0.00030000000000000003,0.00030000000000000003,0.00021526,0.00023777,0.00030000000000000003,,,-7.285000000000001e-05
2026-08-22,0.00030000000000000003,0.00030000000000000003,0.0007433699999999999,0.00030000000000000003,0.00030000000000000003,0.00030000000000000003,0.00030000000000000003,0.00030000000000000003,0.00030000000000000003,0.00030000000000000003,,,-8.072e-05
2026-08-23,0.00030000000000000003,0.00030000000000000003,0.00036334,0.00030000000000000003,0.00030000000000000003,0.00030000000000000003,0.00030000000000000003,0.00030000000000000003,0.00030000000000000003,0.00030000000000000003,,,-8.46e-05
2026-08-24,0.00030000000000000003,0.00030000000000000003,0.00012457,0.00030000000000000003,0.00030000000000000003,0.00030000000000000003,0.00030000000000000003,0.00030000000000000003,0.00030000000000000003,0.00030000000000000003,,,-4.134000000000001e-05
2026-08-25,0.00025818,0.00023436000000000003,7.358e-05,0.00020832,0.0002479,0.00030000000000000003,0.00030000000000000003,0.00030000000000000003,0.00030000000000000003,0.00023543000000000001,,,-0.00015838
2026-08-26,0.00020752,0.00020595,1.995e-05,0.00023739,0.00013649,0.00030000000000000003,0.00014955,0.00030000000000000003,0.00026053000000000003,7.767000000000001e-05,,,3.881e-05
2026-08-27,0.00020926,0.00017308000000000002,0.00014152000000000001,0.00018007,5.598e-05,0.00026949,0.00030000000000000003,0.00030000000000000003,0.00030000000000000003,0.00020738,,,0.00012212
2026-08-28,0.00022490999999999999,7.56e-05,2.18e-05,-6.335e-05,-3.299999999999999e-06,0.00011198,-0.00010737,0.00022771,6.007e-05,8.339e-05,,,8.693000000000001e-05
2026-08-29,0.00030000000000000003,0.0001047,0.0,0.00012552,0.00012805,0.0001681,6.759e-05,0.00021225,1.1350000000000001e-05,8.295e-05,,,0.00013415
2026-08-30,0.00025341000000000003,0.00010099,3.789e-05,0.00011248,-3.293e-05,0.00013506,-9.583e-05,0.00013265,0.00010537,0.00019846000000000002,,,-0.00012272
2026-08-31,0.00027271,0.00013588,8.8e-07,1.572e-05,0.00010230000000000002,0.00014471,-0.00018059,9.792e-05,8.634e-05,-3.585e-05,,,3.211e-05
