date,BTC,ETH,BNB,XRP,ADA,DOGE,SOL,LTC,LINK,AVAX,LUNA,FTT,USDC
2020-01-01,7197.57,130.62,,,,,,,,,,,
2020-01-02,6962.04,127.11,,,,,,,,,,,
2020-01-03,7341.72,134.29,,,,,,,,,,,
2020-01-04,7350.71,134.14,,,,,,,,,,,
2020-01-05,7354.36,135.33,,,,,,,,,,,
2020-01-06,7757.39,144.04,,0.2226,,,,,,,,,
2020-01-07,8152.49,142.86,,0.2138,,,,,,,,,
2020-01-08,8059.84,140.75,,0.2078,,,,,,,,,
2020-01-09,7818.59,137.73,,0.204,,,,44.73,,,,,
2020-01-10,8207.09,144.8,,0.2128,,,,49.04,,,,,
2020-01-11,8020.56,142.4,,0.2117,,,,49.25,,,,,
2020-01-12,8186.7,146.57,,0.2158,,,,51.33,,,,,
2020-01-13,8113.0,143.58,,0.2115,,,,49.58,,,,,
2020-01-14,8825.0,165.77,,0.235,,,,58.55,,,,,
2020-01-15,8825.3,166.6,,0.2337,,,,58.2,,,,,
2020-01-16,8725.08,164.37,,0.227,,,,57.6,,,,,
2020-01-17,8918.72,170.06,,0.2284,,,,61.15,2.696,,,,
2020-01-18,8925.0,174.43,,0.2441,,,,59.33,2.774,,,,
2020-01-19,8705.85,167.04,,0.236,,,,57.64,2.623,,,,
2020-01-20,8650.0,167.03,,0.2335,,,,57.23,2.695,,,,
2020-01-21,8742.43,169.52,,0.2375,,,,57.59,2.673,,,,
2020-01-22,8684.57,168.19,,0.2376,,,,58.36,2.654,,,,
2020-01-23,8409.6,162.97,,0.2262,,,,54.5,2.471,,,,
2020-01-24,8441.96,162.63,,0.2224,,,,54.4,2.504,,,,
2020-01-25,8344.64,160.52,,0.2197,,,,53.28,2.448,,,,
2020-01-26,8611.21,167.9,,0.2313,,,,56.27,2.575,,,,
2020-01-27,8913.61,170.21,,0.2309,,,,58.6,2.608,,,,
2020-01-28,9398.98,175.88,,0.2393,,,,60.57,2.656,,,,
2020-01-29,9311.0,173.8,,0.236,,,,59.86,2.781,,,,
2020-01-30,9525.67,185.14,,0.2443,,,,68.03,2.914,,,,
2020-01-31,9364.51,180.14,,0.2397,0.05387,,,68.01,2.825,,,,
2020-02-01,9392.74,183.82,,0.2416,0.0562,,,70.73,2.841,,,,
2020-02-02,9338.2,188.59,,0.2515,0.05583,,,70.01,2.832,,,,
2020-02-03,9300.64,189.92,,0.255,0.05718,,,69.69,2.782,,,,
2020-02-04,9198.35,189.01,,0.2676,0.05601,,,68.15,2.741,,,,
2020-02-05,9630.0,204.1,,0.2786,0.05949,,,72.7,2.843,,,,
2020-02-06,9778.12,213.27,,0.2841,0.06014,,,73.68,2.902,,,,
2020-02-07,9821.52,223.57,,0.2799,0.06014,,,74.4,3.311,,,,
2020-02-08,9906.43,223.57,,0.2775,0.06018,,,76.66,3.42,,,,
2020-02-09,10167.38,228.64,,0.2828,0.06194,,,77.09,3.504,,,,
2020-02-10,9865.56,223.03,25.189,0.2736,0.06029,,,74.09,3.388,,,,
2020-02-11,10229.06,237.16,25.705,0.2816,0.06357,,,76.6,3.989,,,,
2020-02-12,10339.99,266.24,26.451,0.3043,0.06825,,,81.31,3.988,,,,
2020-02-13,10239.63,268.48,25.456,0.3276,0.06882,,,80.68,3.878,,,,
2020-02-14,10356.82,285.4,26.384,0.3362,0.07082,,,83.14,4.43,,,,
2020-02-15,9914.99,265.08,24.239,0.3075,0.06433,,,76.8,4.328,,,,
2020-02-16,9921.86,258.87,23.389,0.2926,0.06159,,,74.9,4.454,,,,
2020-02-17,9716.0,268.0,23.452,0.2877,0.06024,,,73.6,4.302,,,,
2020-02-18,10174.32,282.96,24.094,0.2989,0.06283,,,77.39,4.564,,,,
2020-02-19,9593.65,258.43,22.367,0.2746,0.05737,,,70.56,4.386,,,,
2020-02-20,9601.99,257.11,22.191,0.271,0.05818,,,69.44,4.267,,,,
2020-02-21,9681.39,265.44,22.209,0.2745,0.05847,,,73.33,4.275,,,,
2020-02-22,9659.2,261.83,22.008,0.2749,0.0583,,,74.79,4.105,,,,
2020-02-23,9943.12,274.67,22.868,0.2834,0.06151,,,79.66,4.236,,,,
2020-02-24,9662.95,265.7,22.11,0.2707,0.05907,,,75.64,3.923,,,,
2020-02-25,9326.0,247.03,20.34,0.2524,0.05606,,,71.03,3.491,,,,
2020-02-26,8792.22,224.1,18.729,0.2292,0.04914,,,60.52,3.564,,,,
2020-02-27,8828.0,227.92,19.154,0.2388,0.04989,,,61.78,3.956,,,,
2020-02-28,8699.57,227.09,19.001,0.2368,0.0489,,,59.95,4.161,,,,
2020-02-29,8531.98,217.31,19.257,0.2291,0.0471,,,58.12,4.062,,,,
2020-03-01,8537.84,218.01,18.9,0.2274,0.04563,,,57.78,3.858,,,,
2020-03-02,8919.7,232.22,19.9,0.2399,0.04933,,,61.52,4.242,,,,
2020-03-03,8765.0,224.1,19.685,0.2344,0.04869,,,61.09,4.591,,,,
2020-03-04,8756.93,224.47,19.969,0.2349,0.04903,,,60.4,4.635,,,,
2020-03-05,9062.81,228.64,20.754,0.2395,0.05102,,,62.11,4.707,,,,
2020-03-06,9139.48,244.94,21.379,0.2452,0.0518,,,63.31,4.683,,,,
2020-03-07,8897.18,237.34,20.269,0.2364,0.04882,,,60.49,4.342,,,,
2020-03-08,8038.46,199.54,16.897,0.2042,0.04296,,,50.99,4.059,,,,
2020-03-09,7932.15,203.02,16.589,0.2096,0.04157,,,50.37,4.12,,,,
2020-03-10,7897.66,200.95,16.85,0.2119,0.04147,,,50.28,4.08,,,,
2020-03-11,7938.39,194.81,16.591,0.2084,0.03967,,,48.59,3.815,,,,
2020-03-12,4764.65,106.71,9.277,0.1346,0.02329,,,29.67,1.993,,,,
2020-03-13,5570.26,134.13,10.958,0.1587,0.02844,,,37.54,2.426,,,,
2020-03-14,5167.01,122.55,10.135,0.1458,0.02574,,,34.42,2.129,,,,
2020-03-15,5357.32,123.89,10.393,0.1529,0.02689,,,36.42,2.086,,,,
2020-03-16,5026.26,111.06,9.422,0.1408,0.02412,,,33.19,1.785,,,,
2020-03-17,5307.38,115.68,10.241,0.1469,0.02569,,,34.07,1.861,,,,
2020-03-18,5389.64,118.16,10.392,0.1473,0.02605,,,34.7,1.948,,,,
2020-03-19,6159.6,136.42,12.267,0.1648,0.03031,,,38.92,2.241,,,,
2020-03-20,6203.77,133.52,11.911,0.1568,0.02946,,,38.12,2.26,,,,
2020-03-21,6183.69,132.67,12.101,0.158,0.02946,,,38.33,2.28,,,,
2020-03-22,5810.17,122.25,11.16,0.1476,0.027,,,35.42,1.981,,,,
2020-03-23,6463.84,135.96,12.172,0.1583,0.02925,,,38.99,2.245,,,,
2020-03-24,6741.33,138.38,12.404,0.162,0.0302,,,40.59,2.311,,,,
2020-03-25,6673.41,136.1,12.304,0.1617,0.02944,,,39.19,2.254,,,,
2020-03-26,6733.76,138.41,13.202,0.1758,0.03083,,,40.44,2.313,,,,
2020-03-27,6353.64,131.27,12.317,0.1728,0.02878,,,38.02,2.131,,,,
2020-03-28,6230.95,130.95,12.175,0.1753,0.02975,,,38.88,2.131,,,,
2020-03-29,5876.27,124.4,11.267,0.1625,0.02805,,,37.12,2.006,,,,
2020-03-30,6391.08,132.04,12.123,0.1709,0.02964,,,38.96,2.134,,,,
2020-03-31,6407.1,132.61,12.536,0.1736,0.0304,,,39.09,2.259,,,,
2020-04-01,6641.51,135.6,12.706,0.1747,0.03091,,,39.24,2.276,,,,
2020-04-02,6791.63,141.3,13.008,0.1783,0.03192,,,39.92,2.294,,,,
2020-04-03,6729.8,141.23,13.359,0.1795,0.03234,,,40.51,2.301,,,,
2020-04-04,6851.1,144.02,13.781,0.1811,0.03244,,,40.75,2.315,,,,
2020-04-05,6768.9,142.59,13.699,0.179,0.03189,,,40.37,2.264,,,,
2020-04-06,7325.73,171.15,15.189,0.1979,0.03593,,,45.08,2.55,,,,
2020-04-07,7192.9,164.55,14.725,0.1925,0.03532,,,44.83,2.729,,,,
2020-04-08,7357.66,173.19,15.098,0.2019,0.03645,,,46.59,3.171,,,,
2020-04-09,7278.65,169.46,15.013,0.198,0.03611,,,46.28,3.313,,,,
2020-04-10,6857.82,157.69,13.708,0.1876,0.03325,,,42.3,3.22,,,,
2020-04-11,6874.18,158.19,13.804,0.1881,0.03342,,,42.55,3.286,,,,
2020-04-12,6900.52,158.72,14.287,0.1893,0.03347,,,41.98,3.414,,,,
2020-04-13,6834.0,156.37,15.0,0.1874,0.03307,,,41.2,3.365,,,,
2020-04-14,6864.11,158.43,15.593,0.186,0.03309,,,41.2,3.249,,,,
2020-04-15,6616.89,152.64,14.544,0.1805,0.03184,,,39.21,3.119,,,,
2020-04-16,7098.15,172.27,15.737,0.1904,0.03443,,,42.54,3.486,,,,
2020-04-17,7022.44,170.56,15.61,0.1886,0.0343,,,42.19,3.454,,,,
2020-04-18,7242.42,187.48,16.58,0.1951,0.03654,,,44.12,3.782,,,,
2020-04-19,7118.03,179.97,16.035,0.1889,0.03549,,,42.23,3.588,,,,
2020-04-20,6825.29,170.19,14.928,0.1813,0.03395,,,40.19,3.431,,,,
2020-04-21,6838.0,170.66,15.113,0.1833,0.03454,,,40.59,3.457,,,,
2020-04-22,7120.06,182.63,15.697,0.188,0.03665,,,41.83,3.676,,,,
2020-04-23,7483.35,185.53,16.049,0.1925,0.04092,,,43.0,3.761,,,,
2020-04-24,7504.11,187.65,15.93,0.1931,0.04171,,,44.59,3.78,,,,
2020-04-25,7534.01,194.25,16.233,0.1941,0.04227,,,44.41,3.79,,,,
2020-04-26,7694.17,197.46,16.347,0.1961,0.04598,,,44.56,3.723,,,,
2020-04-27,7774.0,196.37,16.414,0.1974,0.04645,,,44.53,3.636,,,,
2020-04-28,7735.75,196.31,16.335,0.2143,0.04681,,,45.75,3.648,,,,
2020-04-29,8784.2,215.5,17.333,0.2266,0.05152,,,48.85,3.895,,,,
2020-04-30,8624.76,206.22,16.928,0.2116,0.04757,,,46.39,3.709,,,,
2020-05-01,8830.52,212.22,17.44,0.2178,0.05103,,,47.11,3.764,,,,
2020-05-02,8975.18,213.99,17.52,0.2238,0.05106,,,49.22,3.819,,,,
2020-05-03,8900.0,209.95,17.083,0.2194,0.04893,,,48.11,3.716,,,,
2020-05-04,8873.98,206.73,17.003,0.2181,0.04946,,,47.0,3.753,,,,
2020-05-05,9022.78,205.39,16.85,0.2169,0.04947,,,46.58,3.685,,,,
2020-05-06,9148.27,199.06,16.391,0.2118,0.04895,,,44.95,3.595,,,,
2020-05-07,9995.0,212.25,16.997,0.2187,0.05127,,,47.39,3.764,,,,
2020-05-08,9807.49,211.47,17.145,0.2189,0.05204,,,47.75,3.801,,,,
2020-05-09,9550.67,210.31,16.766,0.2167,0.05152,,,47.0,4.023,,,,
2020-05-10,8719.53,187.52,15.309,0.1971,0.04762,,,42.04,3.761,,,,
2020-05-11,8561.09,185.69,15.073,0.1926,0.04781,,,41.51,3.587,,,,
2020-05-12,8808.71,189.64,15.756,0.197,0.05043,,,42.2,3.698,,,,
2020-05-13,9305.91,199.54,16.177,0.2015,0.05145,,,43.19,3.768,,,,
2020-05-14,9786.8,203.13,16.361,0.2036,0.05097,,,43.98,3.81,,,,
2020-05-15,9310.73,194.71,15.71,0.1979,0.05033,,,42.72,3.665,,,,
2020-05-16,9374.99,200.39,16.059,0.1996,0.05103,,,43.26,3.763,,,,
2020-05-17,9678.57,206.93,16.293,0.2011,0.05128,,,43.68,3.783,,,,
2020-05-18,9731.1,214.83,16.638,0.2053,0.05436,,,45.35,3.891,,,,
2020-05-19,9773.64,214.7,17.215,0.2049,0.0568,,,45.75,3.947,,,,
2020-05-20,9508.11,209.96,16.887,0.2019,0.05692,,,44.26,4.086,,,,
2020-05-21,9060.0,198.68,16.097,0.1942,0.05213,,,42.72,3.831,,,,
2020-05-22,9166.4,207.28,16.606,0.2004,0.05576,,,44.23,4.061,,,,
2020-05-23,9176.41,206.51,16.49,0.1988,0.05494,,,43.84,3.929,,,,
2020-05-24,8711.37,199.7,15.952,0.1923,0.05106,,,42.04,3.79,,,,
2020-05-25,8895.65,204.1,16.385,0.1961,0.0539,,,42.97,3.865,,,,
2020-05-26,8837.05,200.91,16.219,0.1936,0.05356,,,42.25,3.846,,,,
2020-05-27,9197.32,208.27,16.481,0.1978,0.05507,,,43.86,3.857,,,,
2020-05-28,9569.59,220.32,17.092,0.2005,0.06489,,,44.77,4.044,,,,
2020-05-29,9422.26,220.65,17.016,0.1977,0.06463,,,44.53,3.981,,,,
2020-05-30,9695.0,243.74,17.737,0.2072,0.07678,,,47.77,4.183,,,,
2020-05-31,9446.43,231.55,17.089,0.2024,0.07385,,,45.65,4.133,,,,
2020-06-01,10232.48,248.9,17.956,0.2112,0.08112,,,48.38,4.393,,,,
2020-06-02,9514.9,237.73,17.274,0.203,0.07876,,,46.0,4.4,,,,
2020-06-03,9663.59,244.52,17.573,0.2043,0.08561,,,47.18,4.494,,,,
2020-06-04,9788.33,243.28,17.526,0.2045,0.08878,,,47.49,4.434,,,,
2020-06-05,9617.29,240.13,17.686,0.2027,0.08516,,,46.84,4.363,,,,
2020-06-06,9664.0,242.05,17.567,0.2037,0.08611,,,46.8,4.355,,,,
2020-06-07,9743.92,244.66,17.415,0.2034,0.08658,,,46.63,4.353,,,,
2020-06-08,9778.87,246.65,17.453,0.2041,0.08652,,,46.48,4.478,,,,
2020-06-09,9771.66,243.98,17.383,0.2014,0.08293,,,45.9,4.442,,,,
2020-06-10,9884.99,247.95,17.419,0.2029,0.08364,,,46.7,4.425,,,,
2020-06-11,9278.03,230.48,16.231,0.1881,0.0753,,,43.23,3.962,,,,
2020-06-12,9458.91,237.46,16.643,0.1932,0.07949,,,44.76,4.087,,,,
2020-06-13,9468.54,238.17,16.807,0.1922,0.07906,,,45.11,4.112,,,,
2020-06-14,9339.61,231.92,16.566,0.19,0.07646,,,44.03,3.942,,,,
2020-06-15,9422.01,230.86,16.378,0.1922,0.07823,,,43.74,3.929,,,,
2020-06-16,9519.12,235.22,16.429,0.1923,0.07919,,,43.87,4.048,,,,
2020-06-17,9458.45,233.75,16.39,0.1929,0.08341,,,44.06,4.163,,,,
2020-06-18,9381.59,231.26,16.169,0.1897,0.08173,,,43.44,4.136,,,,
2020-06-19,9307.0,228.97,15.966,0.187,0.07989,,,42.89,4.096,,,,
2020-06-20,9354.04,228.85,16.071,0.1878,0.07942,,,43.58,4.179,,,,
2020-06-21,9293.51,228.08,15.982,0.186,0.07829,,,43.04,4.184,,,,
2020-06-22,9686.99,243.14,16.514,0.1892,0.0835,,,44.34,4.48,,,,
2020-06-23,9631.66,243.12,16.396,0.1889,0.08274,,,44.23,4.805,,,,
2020-06-24,9298.4,234.54,16.037,0.1833,0.08252,,,42.65,4.71,,,,
2020-06-25,9246.75,232.5,15.925,0.1814,0.08156,,,42.35,4.804,,,,
2020-06-26,9159.99,229.66,15.778,0.1824,0.08055,,,43.12,4.68,,,,
2020-06-27,9008.0,220.94,15.139,0.175,0.07728,,,41.06,4.408,,,,
2020-06-28,9114.0,224.96,15.386,0.1768,0.0802,,,41.37,4.568,,,,
2020-06-29,9189.48,227.95,15.48,0.1772,0.08377,,,41.88,4.618,,,,
2020-06-30,9138.87,225.56,15.411,0.1752,0.0829,,,41.19,4.564,,,,
2020-07-01,9233.29,231.03,15.819,0.1764,0.09661,,,41.76,4.705,,,,
2020-07-02,9087.72,226.54,15.375,0.1749,0.09287,,,41.04,4.796,,,,
2020-07-03,9057.52,224.83,15.288,0.1762,0.09634,,,41.16,4.731,,,,
2020-07-04,9137.18,229.2,15.574,0.1781,0.10005,,,42.14,4.817,,,,
2020-07-05,9071.86,227.61,15.502,0.1769,0.09806,,,41.6,4.749,,,,
2020-07-06,9339.6,241.63,16.324,0.1887,0.10505,,,44.09,5.367,,,,
2020-07-07,9258.51,239.45,16.837,0.1851,0.11741,,,43.42,5.734,,,,
2020-07-08,9436.08,247.14,17.29,0.2056,0.13008,,,45.39,6.502,,,,
2020-07-09,9236.28,242.01,16.844,0.2029,0.12415,,,44.37,6.09,,,,
2020-07-10,9288.39,241.37,17.325,0.1991,0.11842,0.003535,,44.36,6.151,,,,
2020-07-11,9233.5,239.25,17.631,0.2013,0.12528,0.003812,,44.73,6.109,,,,
2020-07-12,9300.69,242.82,18.312,0.2014,0.12694,0.003648,,44.78,7.328,,,,
2020-07-13,9241.2,239.6,18.419,0.1987,0.12407,0.003159,,43.95,7.157,,,,
2020-07-14,9254.17,240.56,18.09,0.1992,0.13268,0.003293,,43.93,8.113,,,,
2020-07-15,9197.3,238.59,17.648,0.1974,0.13077,0.003088,,43.37,8.64,,,,
2020-07-16,9132.0,233.74,17.171,0.1946,0.12586,0.002985,,42.12,8.341,,,,
2020-07-17,9151.69,232.72,17.073,0.1945,0.12213,0.003057,,41.93,8.264,,,,
2020-07-18,9171.8,235.69,17.156,0.2001,0.12255,0.003436,,42.49,7.968,,,,
2020-07-19,9210.51,239.19,18.039,0.1998,0.12393,0.003385,,42.69,8.082,,,,
2020-07-20,9161.13,236.03,17.493,0.1946,0.11766,0.003216,,41.95,7.241,,,,
2020-07-21,9388.01,245.56,17.737,0.1997,0.12321,0.003302,,43.79,7.306,,,,
2020-07-22,9518.25,264.27,18.103,0.2039,0.12393,0.003292,,45.03,7.479,,,,
2020-07-23,9604.41,275.56,18.768,0.2087,0.1243,0.003307,,45.0,7.887,,,,
2020-07-24,9539.7,279.45,19.204,0.2043,0.12204,0.003213,,44.18,7.425,,,,
2020-07-25,9701.49,305.64,19.84,0.215,0.14361,0.003261,,49.22,7.678,,,,
2020-07-26,9939.69,311.41,19.577,0.2156,0.14849,0.003239,,48.13,7.499,,,,
2020-07-27,11047.58,322.33,19.792,0.2248,0.13873,0.003162,,53.41,7.091,,,,
2020-07-28,10919.94,317.21,20.184,0.2307,0.14918,0.003189,,55.79,7.232,,,,
2020-07-29,11113.03,318.12,19.901,0.2436,0.13985,0.003173,,55.19,7.083,,,,
2020-07-30,11111.96,335.3,19.978,0.2442,0.14076,0.003228,,56.82,7.405,,,,
2020-07-31,11343.68,346.42,20.686,0.2596,0.13905,0.00323,,58.22,7.793,,,,
2020-08-01,11811.42,387.24,21.646,0.2912,0.14428,0.003715,,61.68,8.32,,,,
2020-08-02,11079.72,372.85,20.959,0.2885,0.13393,0.00334,,56.84,8.276,,,,
2020-08-03,11227.07,386.2,22.064,0.3102,0.1376,0.003384,,58.57,9.234,,,,
2020-08-04,11200.05,390.1,22.323,0.3019,0.14348,0.003552,,57.69,9.839,,,,
2020-08-05,11752.5,400.95,23.236,0.3025,0.14245,0.003506,,58.91,9.516,,,,
2020-08-06,11770.56,395.09,22.76,0.3035,0.14461,0.003562,,59.13,10.217,,,,
2020-08-07,11596.06,379.63,22.334,0.2947,0.13911,0.003496,,57.2,10.116,,,,
2020-08-08,11765.72,397.48,22.909,0.2957,0.14741,0.003524,,58.53,12.713,,,,
2020-08-09,11685.99,390.54,22.416,0.2886,0.14532,0.003471,,57.04,13.805,,,,
2020-08-10,11896.89,395.83,22.656,0.295,0.14406,0.003505,,58.36,13.493,,,,
2020-08-11,11392.64,379.3,21.278,0.2833,0.13699,0.003397,,54.14,13.013,,,,
2020-08-12,11568.36,387.46,21.503,0.2826,0.13677,0.003468,,54.57,16.463,,,,
2020-08-13,11790.0,425.34,21.789,0.2946,0.13955,0.003491,,57.2,17.196,,,,
2020-08-14,11767.89,438.84,23.141,0.3006,0.13847,0.003579,,56.86,16.965,,,,
2020-08-15,11859.04,432.75,23.107,0.2992,0.13862,0.003541,,59.89,19.228,,,,
2020-08-16,11921.23,434.19,23.54,0.3052,0.13893,0.003535,,64.02,18.848,,,,
2020-08-17,12298.06,431.33,23.503,0.3161,0.14069,0.003589,,67.32,16.812,,,,
2020-08-18,11960.79,422.36,23.016,0.3029,0.13706,0.003476,,65.51,16.202,,,,
2020-08-19,11763.87,407.65,22.376,0.2899,0.12986,0.003418,,62.13,16.209,,,,
2020-08-20,11857.92,416.29,23.122,0.2923,0.13435,0.003447,,62.87,16.091,,,,
2020-08-21,11538.53,388.25,22.123,0.2794,0.12316,0.003379,,59.23,13.85,,,,
2020-08-22,11670.47,395.44,22.216,0.2861,0.12525,0.003434,,60.28,15.823,,,,
2020-08-23,11654.0,391.0,21.853,0.285,0.12154,0.003398,,60.62,15.172,,,,
2020-08-24,11753.3,407.94,22.6,0.2886,0.12375,0.00341,,62.11,15.165,,,,
2020-08-25,11327.17,383.11,21.4,0.2767,0.11248,0.003289,,58.36,14.131,,,,
2020-08-26,11466.22,386.02,22.212,0.2767,0.1144,0.003285,,58.2,15.228,,,,
2020-08-27,11335.53,383.6,23.129,0.2646,0.10734,0.003195,,56.16,14.531,,,,
2020-08-28,11526.85,395.14,23.095,0.2719,0.10938,0.003255,,57.4,15.135,,,,
2020-08-29,11466.66,398.66,22.952,0.274,0.1163,0.003273,,57.01,16.367,,,,
2020-08-30,11714.14,429.11,23.642,0.2834,0.1175,0.003298,,62.99,16.498,,,,
2020-08-31,11658.11,434.03,23.166,0.2815,0.12264,0.00321,,61.01,15.586,,,,
2020-09-01,11930.18,475.61,24.756,0.2955,0.12465,0.003242,,62.76,16.058,,,,
2020-09-02,11396.96,439.75,24.756,0.276,0.11504,0.003117,,58.09,14.799,,,,
2020-09-03,10141.08,381.62,20.424,0.2438,0.09436,0.00276,,47.28,11.861,,,,
2020-09-04,10448.0,385.2,20.94,0.2537,0.10154,0.002877,,50.3,12.372,,,,
2020-09-05,10168.71,334.85,19.43,0.2374,0.08996,0.00276,,47.83,10.6,,,,
2020-09-06,10258.13,352.69,23.137,0.2399,0.09266,0.002779,,47.91,12.8,,,,
2020-09-07,10378.76,353.49,22.398,0.2422,0.09362,0.002816,,48.88,12.462,,,,
2020-09-08,10129.02,337.32,23.18,0.2367,0.09105,0.002745,,47.46,11.737,,,,
2020-09-09,10219.29,350.65,24.417,0.239,0.09331,0.002778,,47.84,12.343,,,,
2020-09-10,10335.91,367.69,24.509,0.243,0.0971,0.002802,,48.68,12.506,,,,
2020-09-11,10387.81,373.45,25.365,0.2424,0.09702,0.002796,,48.96,12.435,,,,
2020-09-12,10438.28,387.65,28.395,0.2475,0.09766,0.002815,,50.87,12.729,,,,
2020-09-13,10327.72,366.24,31.142,0.242,0.09507,0.002787,,48.19,12.064,,,,
2020-09-14,10664.1,377.13,30.856,0.2457,0.09664,0.002788,3.2661,49.12,12.137,,,,
2020-09-15,10776.78,364.06,27.086,0.2431,0.09312,0.002829,2.9332,48.33,10.921,,,,
2020-09-16,10948.17,364.95,27.816,0.2468,0.09148,0.002809,2.5395,47.74,10.735,,,,
2020-09-17,10935.33,389.24,26.989,0.2522,0.09411,0.002805,2.8855,48.88,11.016,,,,
2020-09-18,10926.29,384.44,27.653,0.2508,0.09099,0.002788,3.108,48.59,10.094,,,,
2020-09-19,11073.74,384.96,27.226,0.2511,0.09143,0.002793,3.0193,48.56,10.124,,,,
2020-09-20,10914.28,370.85,26.324,0.2466,0.0894,0.002775,2.8635,47.1,9.74,,,,
2020-09-21,10414.73,340.19,23.12,0.2308,0.07984,0.002593,2.7539,43.15,8.706,,,,
2020-09-22,10523.32,344.06,24.051,0.2329,0.08148,0.002641,2.9183,44.47,8.733,,,,
2020-09-23,10237.91,320.64,22.839,0.2214,0.07668,0.00254,2.8313,43.0,7.64,3.5136,,,
2020-09-24,10724.92,348.77,24.56,0.2326,0.08261,0.00263,3.1392,44.94,9.865,4.6133,,,
2020-09-25,10683.51,351.88,24.677,0.2415,0.09686,0.002689,3.1821,46.04,10.714,4.6867,,,
2020-09-26,10726.5,353.88,26.162,0.2414,0.09548,0.002696,3.1262,46.02,10.306,4.5203,,,
2020-09-27,10768.0,357.4,26.219,0.2435,0.1013,0.002696,3.1617,46.04,10.788,4.6391,,,
2020-09-28,10691.45,353.85,26.973,0.2412,0.10023,0.002645,2.9564,45.23,10.278,4.1955,,,
2020-09-29,10836.98,359.7,28.822,0.2428,0.10109,0.002673,2.9517,45.69,10.129,4.1314,,,
2020-09-30,10773.0,359.71,29.2,0.2416,0.10138,0.002633,2.9004,46.29,9.859,4.321,,,
2020-10-01,10612.63,352.53,27.455,0.2382,0.09803,0.002627,2.8701,46.27,9.632,4.1477,,,
2020-10-02,10565.15,345.41,27.285,0.2338,0.09288,0.002589,2.6236,44.91,9.202,3.8972,,,
2020-10-03,10537.96,345.72,28.133,0.2327,0.09327,0.002589,2.5454,45.5,9.26,4.0169,,,
2020-10-04,10660.16,352.23,28.961,0.2481,0.09688,0.002635,2.5236,46.7,9.383,3.9608,,,
2020-10-05,10785.0,353.45,28.616,0.2503,0.09735,0.002611,2.6495,46.32,9.605,3.976,,,
2020-10-06,10593.65,340.65,27.687,0.2454,0.0929,0.002598,2.1732,46.02,8.765,3.5338,,,
2020-10-07,10658.75,341.41,27.667,0.2486,0.09371,0.00259,2.3027,46.58,8.963,3.4413,,,
2020-10-08,10919.45,351.08,27.669,0.2515,0.09627,0.002603,2.3716,47.24,9.544,3.9034,,,
2020-10-09,11050.47,365.04,28.373,0.253,0.1013,0.002651,2.5363,47.8,10.386,4.2356,,,
2020-10-10,11294.79,370.68,28.359,0.2541,0.10495,0.002662,2.407,48.93,10.514,4.0142,,,
2020-10-11,11369.59,374.39,28.501,0.2554,0.10643,0.002671,2.4257,50.51,10.834,4.0924,,,
2020-10-12,11530.36,386.73,30.638,0.2561,0.10948,0.002665,2.5825,50.64,11.418,4.4123,,,
2020-10-13,11419.36,381.12,30.622,0.2567,0.10931,0.00264,2.4048,49.93,10.998,4.4774,,,
2020-10-14,11417.13,378.75,30.8,0.2492,0.10714,0.002636,2.3087,49.84,10.888,4.1513,,,
2020-10-15,11502.0,377.63,31.3,0.246,0.10673,0.002593,2.267,49.57,10.752,4.1266,,,
2020-10-16,11318.92,365.41,30.026,0.2403,0.10422,0.002603,2.1404,47.58,10.58,4.0281,,,
2020-10-17,11356.25,368.26,30.2,0.2408,0.10593,0.002587,2.2062,46.92,10.616,4.189,,,
2020-10-18,11501.1,378.29,30.599,0.2422,0.10742,0.002588,2.2186,47.52,10.936,4.1186,,,
2020-10-19,11745.0,379.47,29.899,0.2457,0.10868,0.002593,2.0578,48.01,10.92,4.0401,,,
2020-10-20,11900.03,368.74,28.831,0.2434,0.10238,0.002594,1.8905,46.91,9.852,3.7938,,,
2020-10-21,12796.07,390.96,29.734,0.2511,0.10597,0.002627,1.8933,53.04,10.78,3.9601,,,
2020-10-22,12968.87,414.39,30.663,0.2572,0.11089,0.002649,1.9619,54.4,11.948,4.3346,,,
2020-10-23,12925.82,409.4,30.63,0.2552,0.10814,0.002645,1.9645,55.5,12.156,4.2541,,,
2020-10-24,13110.88,412.34,30.629,0.2564,0.10813,0.002638,1.9196,59.25,12.691,4.1815,,,
2020-10-25,13023.81,406.14,30.107,0.2534,0.1065,0.002653,1.7937,58.86,12.148,4.1429,,,
2020-10-26,13047.24,392.43,31.022,0.2481,0.10303,0.002669,1.6786,56.84,11.701,4.142,,,
2020-10-27,13629.38,403.6,31.423,0.2526,0.10256,0.002671,1.7135,57.95,11.912,4.1245,,,
2020-10-28,13256.17,388.17,30.322,0.2454,0.09872,0.002582,1.5196,55.78,11.434,4.0505,,,
2020-10-29,13446.65,386.94,29.845,0.2424,0.09536,0.002576,1.4325,54.91,11.269,3.7776,,,
2020-10-30,13549.12,382.4,28.509,0.2388,0.09333,0.002583,1.4378,54.01,11.091,3.716,,,
2020-10-31,13783.73,386.29,28.504,0.2396,0.09291,0.002568,1.5472,55.71,11.222,3.6403,,,
2020-11-01,13752.86,396.82,28.568,0.2398,0.09822,0.002575,1.6076,55.6,11.57,3.6866,,,
2020-11-02,13540.54,383.16,27.807,0.2353,0.09225,0.002514,1.4741,53.8,10.779,3.6079,,,
2020-11-03,14016.55,388.11,26.878,0.2394,0.09354,0.002519,1.4131,53.97,10.394,3.3318,,,
2020-11-04,14134.31,402.92,26.96,0.2373,0.09549,0.002541,1.391,54.69,10.469,3.1748,,,
2020-11-05,15598.75,417.14,27.721,0.2456,0.09758,0.002635,1.4011,58.99,10.971,3.337,,,
2020-11-06,15590.96,456.38,29.052,0.2588,0.10917,0.002759,1.8998,63.28,12.171,3.5966,,,
2020-11-07,14824.34,435.58,27.788,0.249,0.1014,0.002666,2.0283,58.98,11.766,3.4209,,,
2020-11-08,15473.2,454.75,28.427,0.2538,0.10667,0.002705,2.1571,61.05,12.71,3.475,,,
2020-11-09,15328.72,444.72,28.1,0.2507,0.10567,0.002674,2.0393,59.28,12.508,3.4189,,,
2020-11-10,15294.68,450.67,28.237,0.2543,0.10594,0.002761,2.2652,58.01,13.018,3.5736,,,
2020-11-11,15690.24,463.35,28.01,0.256,0.10603,0.002757,2.003,59.35,12.757,3.4865,,,
2020-11-12,16289.02,462.68,27.712,0.2551,0.10461,0.002779,1.9083,60.82,12.405,3.4219,,,
2020-11-13,16320.54,476.8,28.227,0.2662,0.10647,0.002817,2.0191,66.02,12.867,3.6781,,,
2020-11-14,16064.51,461.0,27.964,0.2683,0.10416,0.002776,1.92,63.86,12.565,3.4863,,,
2020-11-15,15952.27,448.16,27.681,0.27,0.10053,0.002776,2.0431,62.34,12.121,3.5424,,,
2020-11-16,16707.07,460.72,27.997,0.2885,0.1039,0.002897,2.268,73.86,12.628,3.7074,,,
2020-11-17,17670.01,482.49,28.554,0.303,0.10966,0.002947,2.207,76.48,13.427,3.8463,,,
2020-11-18,17788.32,478.61,28.12,0.2934,0.10679,0.002911,2.1166,73.44,13.573,3.7491,,,
2020-11-19,17811.68,471.38,28.123,0.304,0.10597,0.002916,2.0797,81.58,13.62,3.6398,,,
2020-11-20,18664.31,510.37,28.986,0.3306,0.11852,0.002998,2.1052,82.64,14.106,3.7217,,,
2020-11-21,18721.99,554.1,30.581,0.4639,0.13354,0.003522,2.3991,87.32,15.477,4.0412,,,
2020-11-22,18435.2,560.42,30.045,0.4465,0.14626,0.003344,2.1502,82.95,14.528,3.9028,,,
2020-11-23,18382.07,609.12,31.063,0.6157,0.15494,0.00369,2.2826,89.21,15.279,4.0805,,,
2020-11-24,19179.64,605.72,33.919,0.6951,0.16758,0.004273,2.2894,89.47,15.694,4.2712,,,
2020-11-25,18741.67,569.79,31.285,0.6314,0.1551,0.003722,2.2673,81.83,14.226,4.0444,,,
2020-11-26,17155.34,520.25,28.258,0.537,0.13872,0.003254,1.9032,71.06,12.6,3.5386,,,
2020-11-27,17144.1,518.92,28.5,0.5631,0.14174,0.003278,1.8558,69.22,12.51,3.5851,,,
2020-11-28,17717.74,537.46,29.168,0.6258,0.16503,0.003395,1.8821,72.64,13.09,3.6317,,,
2020-11-29,18181.09,576.38,30.138,0.6059,0.1669,0.003443,1.9093,78.95,13.395,3.7037,,,
2020-11-30,19720.0,617.42,31.535,0.6648,0.17231,0.003568,1.959,87.75,14.284,3.7075,,,
2020-12-01,18772.7,585.98,30.206,0.6114,0.15567,0.003325,1.9695,85.16,13.358,3.5574,,,
2020-12-02,19207.01,596.96,30.278,0.6303,0.15857,0.003363,2.116,88.98,13.995,3.7354,,,
2020-12-03,19434.3,616.2,30.721,0.6308,0.16424,0.003424,2.0989,89.05,13.985,3.8171,,,
2020-12-04,18664.2,567.68,29.039,0.5534,0.14793,0.003287,1.8463,79.54,12.689,3.5359,,,
2020-12-05,19147.62,596.97,29.74,0.5853,0.16008,0.003398,1.9776,83.21,13.177,3.6408,,,
2020-12-06,19375.02,601.86,29.499,0.6216,0.15888,0.003391,1.8515,83.64,13.519,3.5984,,,
2020-12-07,19172.88,591.84,29.38,0.6085,0.15411,0.003341,1.8299,83.43,13.082,3.3765,,,
2020-12-08,18319.32,555.17,27.687,0.5587,0.14115,0.003176,1.6617,76.74,12.135,3.1113,,,
2020-12-09,18537.98,573.27,28.152,0.5826,0.14808,0.00315,1.6553,77.41,12.617,3.2588,,,
2020-12-10,18253.51,559.71,27.7,0.5708,0.14188,0.003096,1.5686,74.73,11.916,3.1474,,,
2020-12-11,18031.47,544.74,27.356,0.5127,0.13933,0.003069,1.4406,72.22,11.644,3.2383,,,
2020-12-12,18800.0,568.34,28.162,0.5065,0.14443,0.003153,1.4886,76.63,12.228,3.3375,,,
2020-12-13,19175.07,590.91,29.182,0.5138,0.15423,0.00326,1.5636,82.3,12.941,3.3445,,,
2020-12-14,19270.7,586.33,30.031,0.498,0.15887,0.003224,1.5936,82.38,12.858,3.1491,,,
2020-12-15,19424.91,588.8,29.47,0.4685,0.15395,0.003206,1.7534,81.35,12.692,3.3012,,,
2020-12-16,21346.8,637.8,30.563,0.5686,0.1685,0.003422,1.7869,93.05,13.498,3.3461,,,
2020-12-17,22816.99,643.12,30.237,0.5777,0.16361,0.003732,1.6808,101.09,13.457,3.2177,,,
2020-12-18,23124.35,654.51,31.0,0.5843,0.16521,0.003866,1.7003,109.43,13.517,3.4123,,,
2020-12-19,23847.28,658.81,33.337,0.577,0.16454,0.00393,1.6683,119.91,13.486,3.466,,,
2020-12-20,23472.96,638.27,34.29,0.5559,0.16206,0.004642,1.5638,114.68,13.064,3.3144,,,
2020-12-21,22730.1,608.18,32.13,0.5152,0.15285,0.004778,1.5347,104.57,12.317,3.0923,,,
2020-12-22,23826.99,637.2,33.527,0.4452,0.15659,0.004521,1.4905,114.37,12.788,3.0735,,,
2020-12-23,23238.27,585.34,31.159,0.2588,0.13634,0.003755,1.1975,102.5,10.972,2.9529,,,
2020-12-24,23737.44,612.31,32.504,0.3394,0.15309,0.004575,1.3638,111.25,11.563,3.1062,,,
2020-12-25,24730.0,627.18,33.231,0.3178,0.15773,0.004565,1.4448,127.96,11.56,2.9534,,,
2020-12-26,26508.83,637.9,33.638,0.2952,0.15856,0.004519,1.3215,129.79,10.98,2.9265,,,
2020-12-27,26305.64,685.97,33.676,0.2844,0.15481,0.004554,1.3023,127.99,12.169,2.91,,,
2020-12-28,27102.66,731.07,36.026,0.2473,0.17663,0.004609,1.5169,130.04,12.62,2.9646,,,
2020-12-29,27402.83,733.45,39.122,0.2213,0.191,0.004498,1.666,129.05,11.781,2.9253,,,
2020-12-30,28906.99,753.04,38.224,0.2113,0.18411,0.004635,1.5304,130.21,11.248,2.9166,,,
2020-12-31,28951.68,737.19,37.386,0.2196,0.18153,0.004678,1.504,124.36,11.244,3.1926,,,
2021-01-01,29337.16,729.77,37.795,0.2377,0.17517,0.00568,1.8382,126.31,11.869,3.6541,,,
2021-01-02,32199.91,775.02,38.271,0.221,0.17759,0.010542,1.7976,137.08,12.226,3.505,,,
2021-01-03,33054.53,980.24,41.3,0.2265,0.2067,0.009877,2.1767,161.97,13.719,3.4907,,,
2021-01-04,32031.07,1043.11,41.142,0.2361,0.22524,0.009796,2.4832,155.58,13.611,3.6036,,,
2021-01-05,33999.52,1101.29,41.799,0.2258,0.2585,0.01,2.1355,158.6,14.531,4.2626,,,
2021-01-06,36823.68,1212.64,42.288,0.2489,0.3331,0.010468,1.8753,169.18,17.29,4.5808,,,
2021-01-07,39498.92,1227.12,43.57,0.3243,0.29961,0.009767,2.3651,169.65,15.989,4.4722,,,
2021-01-08,40637.23,1218.39,42.394,0.3206,0.30429,0.009755,3.222,172.47,15.251,5.7084,,,
2021-01-09,40136.04,1279.96,43.907,0.3247,0.3312,0.010202,3.3776,177.56,17.589,7.1895,,,
2021-01-10,38221.67,1257.96,42.399,0.3152,0.30187,0.009841,3.446,170.36,16.228,6.5449,,,
2021-01-11,35408.46,1086.94,38.104,0.2877,0.27584,0.008801,3.0988,139.06,14.657,6.4571,,,
2021-01-12,34056.9,1050.82,38.275,0.2928,0.28929,0.008067,3.6276,133.48,13.982,7.7118,,,
2021-01-13,37421.07,1130.4,40.192,0.3059,0.31246,0.008675,3.5291,147.63,15.952,8.4617,,,
2021-01-14,39163.31,1234.86,41.911,0.297,0.3124,0.009419,3.2949,152.64,18.023,9.3204,,,
2021-01-15,36755.24,1168.79,40.88,0.2803,0.30207,0.00937,3.2464,143.54,20.766,9.3586,,,
2021-01-16,36025.66,1230.19,43.171,0.2797,0.35125,0.009245,3.4259,143.65,20.13,12.7952,,,
2021-01-17,35869.83,1233.71,45.857,0.2777,0.38074,0.00912,3.8328,142.91,23.286,13.1289,,,
2021-01-18,36686.86,1262.99,45.442,0.2857,0.37169,0.009197,3.7933,152.09,22.069,12.6751,,,
2021-01-19,35891.03,1367.51,42.492,0.2942,0.36782,0.009048,3.6276,151.85,20.585,11.7022,,,
2021-01-20,35500.0,1379.24,42.607,0.296,0.37571,0.00907,3.7133,149.81,21.867,12.3692,,,
2021-01-21,30879.97,1111.23,38.647,0.2684,0.3081,0.008148,2.9793,129.83,18.441,11.2759,,,
2021-01-22,32986.34,1234.55,40.863,0.2724,0.34874,0.00852,3.3286,137.72,21.578,12.7114,,,
2021-01-23,32086.48,1235.66,40.925,0.272,0.34612,0.008586,3.5094,137.78,24.824,12.8923,,,
2021-01-24,32275.63,1394.24,41.85,0.2739,0.35398,0.008724,3.6369,141.18,24.831,12.4682,,,
2021-01-25,32253.68,1318.61,41.826,0.2678,0.34325,0.008355,3.7044,137.14,23.367,12.1388,,,
2021-01-26,32474.14,1368.4,41.873,0.2686,0.34387,0.008234,4.0447,134.77,23.132,12.1862,,,
2021-01-27,30381.04,1238.55,40.902,0.2507,0.31143,0.007416,3.6727,122.39,20.989,11.1092,,,
2021-01-28,33399.75,1329.86,42.452,0.2645,0.3443,0.036324,3.8139,133.43,23.02,11.9178,1.4452,,
2021-01-29,34269.35,1381.99,42.863,0.2833,0.34787,0.045883,3.8409,134.84,22.781,11.5976,1.4745,,
2021-01-30,34289.85,1380.48,44.744,0.4445,0.36452,0.02799,4.2462,133.54,23.699,12.0375,1.4424,,
2021-01-31,33126.21,1313.12,44.353,0.4959,0.34505,0.036885,4.2628,129.53,22.609,13.4644,1.4639,,
2021-02-01,33546.09,1376.48,51.483,0.3714,0.40983,0.034835,4.6234,132.23,22.928,13.2448,1.8086,,
2021-02-02,35504.06,1516.26,50.914,0.3734,0.42559,0.031357,5.2529,142.26,23.725,13.4628,2.3724,,
2021-02-03,37652.51,1666.0,52.096,0.398,0.44273,0.03736,5.7373,156.29,25.131,14.8534,2.1217,,
2021-02-04,36976.93,1596.0,55.968,0.4462,0.44037,0.052782,6.4358,145.28,24.519,15.29,2.6827,,
2021-02-05,38362.65,1721.16,67.736,0.4535,0.53929,0.04683,6.7101,155.28,26.352,17.8632,2.8926,,
2021-02-06,39249.54,1679.34,72.555,0.4442,0.63596,0.057716,6.1325,155.76,25.102,18.119,2.6955,,
2021-02-07,38849.25,1611.99,68.269,0.4188,0.66126,0.07803,6.7037,150.91,24.777,23.7402,3.0854,,
2021-02-08,46451.32,1755.61,80.146,0.4522,0.67672,0.079054,7.8917,167.71,25.465,30.1671,5.8077,,
2021-02-09,46492.54,1770.79,107.249,0.4773,0.70682,0.070186,7.8335,182.06,27.667,31.9082,6.5,,
2021-02-10,44850.0,1743.31,128.901,0.5055,0.943,0.072645,9.1102,181.82,26.853,54.9172,6.1064,,
2021-02-11,48060.21,1789.32,124.11,0.5292,0.93026,0.069763,9.2215,184.12,27.895,47.5001,5.5146,,
2021-02-12,47361.03,1843.08,136.745,0.6107,0.92426,0.069928,9.2344,197.04,30.713,48.4247,5.7593,,
2021-02-13,47221.62,1818.02,133.5,0.6348,0.91496,0.066373,8.7627,226.27,34.316,44.2039,5.6161,,
2021-02-14,48655.21,1803.59,135.844,0.5935,0.84508,0.062711,8.7306,213.79,33.215,39.2,5.6497,,
2021-02-15,47981.58,1781.34,130.037,0.55,0.86003,0.056511,8.8695,208.18,32.683,38.1642,5.4572,,
2021-02-16,49197.94,1784.31,130.334,0.5203,0.87,0.053591,8.3036,210.56,32.004,36.6762,6.5368,,
2021-02-17,52194.62,1849.86,165.556,0.536,0.89407,0.049527,8.2533,237.59,32.289,37.1984,7.3165,,
2021-02-18,51619.7,1941.26,195.549,0.5328,0.9158,0.058838,8.9956,226.8,32.524,41.1329,6.7012,,
2021-02-19,56004.1,1958.58,334.094,0.5667,0.92743,0.05519,11.5096,236.78,34.766,38.8859,6.3514,,
2021-02-20,55917.41,1914.58,252.807,0.5117,1.11542,0.054153,9.9965,227.07,33.977,36.0081,5.9412,,
2021-02-21,57487.43,1934.75,294.864,0.5459,1.10047,0.056063,11.0851,227.49,34.13,36.2344,6.1289,,
2021-02-22,54121.1,1778.3,267.467,0.5668,1.09729,0.053657,14.3413,208.18,31.486,32.2924,7.047,,
2021-02-23,48930.0,1579.75,230.982,0.4765,0.96177,0.04768,15.2413,177.61,25.986,27.5483,6.7448,,
2021-02-24,49702.03,1623.98,254.183,0.4687,1.04891,0.056731,17.2227,181.45,28.101,29.6555,6.6831,,
2021-02-25,47089.37,1482.09,234.376,0.4358,1.07694,0.049879,13.8484,179.5,24.721,26.7276,5.9943,,
2021-02-26,46313.13,1445.28,221.6,0.4279,1.24484,0.050426,13.5941,170.3,25.196,25.9372,5.8921,,
2021-02-27,46102.63,1458.65,225.36,0.4361,1.31376,0.050115,13.19,171.9,26.193,25.677,5.9136,,
2021-02-28,45163.36,1419.77,210.11,0.4159,1.3132,0.048171,13.1072,165.36,24.714,23.925,5.3637,,
2021-03-01,49592.7,1571.2,255.033,0.4458,1.298,0.050613,15.0036,176.05,27.735,27.4816,6.7643,,
2021-03-02,48450.57,1486.28,239.713,0.4361,1.22294,0.050227,13.9565,179.27,28.51,27.1118,6.4868,,
2021-03-03,50373.75,1568.63,240.499,0.4486,1.21399,0.050425,14.0941,187.72,29.854,27.2227,7.2012,,
2021-03-04,48385.77,1540.69,229.743,0.4816,1.11288,0.049999,13.0784,180.82,27.721,25.7677,7.4845,,
2021-03-05,48770.57,1529.88,225.407,0.4551,1.15845,0.04953,12.5659,180.36,27.862,24.2636,8.4776,,
2021-03-06,48908.21,1651.73,226.349,0.463,1.12936,0.05093,13.0512,182.99,28.166,24.9377,8.2486,,
2021-03-07,50995.27,1727.23,240.269,0.466,1.13081,0.052056,13.845,190.96,28.603,26.7401,8.2451,,
2021-03-08,52429.43,1834.3,240.555,0.4749,1.1204,0.063076,13.6344,192.07,31.892,25.63,9.7093,,
2021-03-09,54917.78,1873.31,293.464,0.4858,1.19879,0.058013,14.9102,203.98,31.539,34.3501,11.656,,
2021-03-10,55947.98,1796.8,278.397,0.4621,1.13289,0.055951,14.2333,200.52,29.919,29.6156,11.1139,,
2021-03-11,57844.52,1829.0,290.04,0.4527,1.12587,0.056056,16.0763,201.57,30.175,30.8663,10.829,,
2021-03-12,57291.03,1767.44,263.372,0.4399,1.03356,0.055367,14.5742,221.13,28.393,28.0242,14.18,,
2021-03-13,61267.41,1924.94,276.98,0.4586,1.10128,0.062816,15.3216,226.34,29.8,30.9576,14.634,,
2021-03-14,59037.12,1850.54,263.278,0.4394,1.05358,0.058168,14.4642,214.08,28.57,28.8123,15.79,,
2021-03-15,55646.61,1794.89,254.523,0.4361,1.03161,0.05708,14.184,200.74,27.525,28.9611,16.2976,,
2021-03-16,56954.19,1807.25,258.957,0.4607,1.25166,0.058765,13.6639,201.83,27.947,33.0058,19.8404,,
2021-03-17,58959.0,1825.77,270.149,0.4707,1.3803,0.05799,14.2288,206.13,31.095,32.7399,18.4533,,
2021-03-18,57700.01,1777.54,261.699,0.4696,1.23068,0.057427,14.2183,199.98,29.444,33.2432,18.8749,,
2021-03-19,58089.11,1811.04,262.924,0.4668,1.29577,0.058323,14.1535,200.15,29.806,37.3661,19.7438,,
2021-03-20,58145.61,1807.35,264.332,0.5265,1.20201,0.058961,14.1892,200.34,29.687,34.231,20.7732,,
2021-03-21,57415.18,1784.67,264.852,0.5176,1.18788,0.05758,14.3395,195.52,29.25,32.8665,21.8385,,
2021-03-22,54129.56,1681.69,254.967,0.5449,1.10267,0.054912,14.7957,185.71,27.286,29.193,19.2619,,
2021-03-23,54400.0,1669.33,255.654,0.5501,1.11709,0.053431,14.142,185.99,26.802,28.4859,16.9182,,
2021-03-24,52311.54,1582.11,248.468,0.48,1.06886,0.051532,13.5875,176.15,24.872,25.8228,16.4916,,
2021-03-25,51325.21,1587.5,233.852,0.511,1.09694,0.051311,12.9776,171.66,25.561,25.8246,16.3577,,
2021-03-26,55030.0,1699.13,255.072,0.5638,1.21608,0.053992,14.7725,183.63,27.422,28.2868,18.3549,,
2021-03-27,55828.0,1714.34,269.619,0.5479,1.17727,0.054474,16.4803,184.3,26.913,27.6364,18.6317,,
2021-03-28,55805.08,1688.3,268.799,0.5463,1.19102,0.053726,18.1022,184.4,26.687,28.7914,18.5675,,
2021-03-29,57677.64,1818.44,275.426,0.5662,1.20366,0.054191,18.9811,193.95,28.06,29.6,18.9277,,
2021-03-30,58794.16,1843.43,312.347,0.5629,1.21415,0.054096,19.0933,195.95,27.865,29.6998,18.6256,,
2021-03-31,58807.24,1923.07,302.7,0.5708,1.19364,0.053814,19.4044,197.01,29.479,28.8004,18.6906,,
2021-04-01,58794.01,1969.74,335.334,0.5714,1.18623,0.062151,19.0497,203.15,30.107,28.3045,18.4312,,
2021-04-02,59031.36,2138.01,338.821,0.6078,1.19283,0.057769,19.8353,211.96,32.552,29.1181,18.5433,,
2021-04-03,57134.65,2012.63,322.235,0.579,1.16378,0.055574,22.4904,195.52,29.322,28.177,18.0093,,
2021-04-04,58234.61,2077.73,349.304,0.6353,1.18403,0.057457,23.7879,202.66,30.791,29.2138,18.2068,,
2021-04-05,59243.39,2110.35,368.763,0.9176,1.214,0.060085,23.018,221.84,32.459,31.355,17.5424,,
2021-04-06,58059.99,2114.47,403.484,1.1005,1.25529,0.06445,25.0987,237.52,34.775,31.5321,16.771,,
2021-04-07,56018.18,1965.4,375.947,0.918,1.17391,0.058838,26.5699,219.36,31.149,29.5754,15.4365,,
2021-04-08,58122.26,2082.08,418.755,1.0588,1.2203,0.06188,26.9589,226.45,32.821,30.7944,15.8028,,
2021-04-09,58176.03,2068.02,454.84,1.0192,1.20364,0.0617,27.6623,221.35,31.639,31.5737,15.6838,,
2021-04-10,59832.43,2135.96,472.789,1.3762,1.21892,0.06379,26.8349,257.13,31.95,31.8805,15.508,,
2021-04-11,60090.2,2155.05,526.179,1.3563,1.26757,0.074548,27.9493,252.85,33.964,31.6214,15.1288,,
2021-04-12,59911.18,2139.25,598.229,1.4706,1.31676,0.070802,28.585,244.92,33.168,33.9088,14.6535,,
2021-04-13,63649.71,2303.15,553.269,1.7993,1.41587,0.094752,27.5083,267.99,35.592,33.7292,15.6463,,
2021-04-14,63019.1,2437.08,549.788,1.8385,1.45412,0.121712,26.4194,279.54,41.434,38.489,15.3081,,
2021-04-15,63232.55,2519.85,542.723,1.7599,1.48103,0.181654,27.7857,286.11,42.625,37.0683,16.8893,,
2021-04-16,61424.67,2427.29,508.924,1.5515,1.41272,0.365462,25.3449,308.74,41.993,35.5202,15.7689,,
2021-04-17,60090.14,2319.8,515.342,1.5409,1.3704,0.282716,24.8423,301.49,39.977,33.9586,15.1999,,
2021-04-18,56140.05,2235.32,482.127,1.4105,1.27744,0.322905,32.3492,273.71,39.103,29.3351,13.3933,,
2021-04-19,55634.39,2162.75,504.668,1.31,1.1949,0.409251,31.5856,261.61,35.771,26.1768,13.8434,,
2021-04-20,56410.56,2329.96,587.206,1.3863,1.26764,0.317516,31.7022,260.88,39.0,27.4302,13.4321,,
2021-04-21,53800.0,2358.9,544.359,1.2912,1.20426,0.305983,32.6637,257.99,36.281,25.8407,13.2368,,
2021-04-22,51714.61,2398.94,505.65,1.1557,1.14487,0.260918,38.9341,252.64,35.162,23.97,13.6032,,
2021-04-23,51122.62,2368.67,526.227,1.1703,1.15866,0.249846,37.3702,241.38,35.217,23.5679,14.1069,,
2021-04-24,50092.4,2215.54,497.13,1.0503,1.10326,0.270031,40.8663,225.02,31.254,21.8333,15.5824,,
2021-04-25,49063.94,2320.71,505.538,1.0356,1.09093,0.251418,47.3823,223.96,31.697,21.6154,17.7191,,
2021-04-26,53984.33,2534.25,535.358,1.3644,1.23816,0.271959,43.9698,247.64,35.151,26.408,17.645,,
2021-04-27,55006.25,2668.39,569.126,1.4039,1.30745,0.272527,43.2296,259.92,36.805,28.0003,17.7027,,
2021-04-28,54861.77,2748.33,563.063,1.3594,1.33871,0.323484,44.8884,258.69,36.275,28.2819,16.8238,,
2021-04-29,53558.8,2759.14,600.325,1.3985,1.30785,0.305181,42.4925,255.43,36.513,27.9664,16.286,,
2021-04-30,57684.16,2773.15,623.585,1.6019,1.35455,0.337754,42.8771,271.43,38.142,32.8467,16.714,,
2021-05-01,57836.34,2947.01,620.81,1.6531,1.35357,0.391209,49.7035,277.1,41.298,31.853,16.583,,
2021-05-02,56630.33,2950.98,622.071,1.5618,1.32811,0.374584,46.9593,269.11,39.502,31.2878,17.167,,
2021-05-03,57214.83,3433.36,676.967,1.5582,1.36372,0.441713,46.0232,294.95,42.12,35.9222,17.274,,
2021-05-04,53263.32,3243.67,610.058,1.3882,1.27048,0.53873,42.6551,305.52,45.544,30.3941,16.29,,
2021-05-05,57497.77,3528.49,651.969,1.6181,1.48206,0.654868,45.0381,356.76,49.664,35.3226,17.041,,
2021-05-06,56435.35,3493.16,634.224,1.6051,1.6518,0.581771,43.5641,354.94,47.184,38.103,16.784,,
2021-05-07,57350.88,3480.98,624.628,1.5811,1.65339,0.691522,43.2345,344.91,49.175,37.8974,16.574,,
2021-05-08,58924.98,3914.47,646.27,1.5635,1.62207,0.637855,45.7022,347.76,48.666,38.4214,17.033,,
2021-05-09,58292.53,3928.01,662.398,1.5365,1.76859,0.570961,44.3591,388.49,52.311,39.025,17.032,,
2021-05-10,55869.67,3950.33,631.543,1.3909,1.6419,0.450736,42.8909,359.39,46.341,34.6661,15.841,,
2021-05-11,56710.43,4175.91,671.2,1.4808,1.7631,0.49374,44.624,378.15,48.831,36.78,16.336,,
2021-05-12,49595.76,3828.99,594.1,1.2686,1.5664,0.39081,43.484,311.54,41.609,32.992,14.688,,
2021-05-13,49707.9,3719.45,571.21,1.3657,1.9292,0.48959,41.052,318.04,43.309,35.008,15.928,,
2021-05-14,49873.27,4079.99,603.47,1.4003,2.0101,0.55993,42.741,326.53,46.619,37.017,16.409,,
2021-05-15,46793.41,3648.98,563.85,1.4927,2.1756,0.50849,43.53,300.42,41.53,34.528,15.229,,
2021-05-16,46429.28,3581.39,564.41,1.4503,2.301,0.51351,46.866,295.87,40.696,36.652,16.187,,
2021-05-17,43566.18,3283.58,512.44,1.4968,2.0316,0.48789,46.74,281.63,37.203,33.679,14.983,,
2021-05-18,42882.53,3376.35,508.31,1.5898,2.0046,0.47601,55.95,294.27,42.6,36.966,15.674,,
2021-05-19,36689.14,2442.98,334.47,1.0578,1.4655,0.32949,34.952,185.96,26.249,22.958,9.461,,
2021-05-20,40500.3,2768.42,391.38,1.1809,1.7998,0.39736,44.431,210.78,30.631,25.022,10.337,,
2021-05-21,37211.02,2431.01,325.75,1.0069,1.5474,0.35774,38.921,179.83,25.552,21.775,8.238,,
2021-05-22,37432.58,2295.15,299.68,0.9055,1.4625,0.342,31.225,169.34,23.3,18.746,6.582,,
2021-05-23,34651.6,2096.63,260.61,0.7899,1.3145,0.3062,24.517,142.4,19.836,15.583,4.09,,
2021-05-24,38779.66,2649.27,345.33,0.9936,1.5483,0.36535,31.417,185.22,26.404,19.422,6.642,,
2021-05-25,38326.84,2706.83,343.43,0.9745,1.5528,0.34578,30.007,183.75,27.517,19.453,6.65,,
2021-05-26,39224.2,2884.27,379.18,1.0303,1.778,0.35248,35.42,198.86,34.004,20.816,7.339,,
2021-05-27,38527.38,2742.77,369.71,0.9747,1.6549,0.33393,33.779,194.3,31.722,19.119,6.714,,
2021-05-28,35670.99,2411.66,329.11,0.8988,1.5144,0.31128,28.993,177.36,27.866,16.716,5.906,,
2021-05-29,34611.94,2277.99,304.17,0.8306,1.401,0.30281,27.38,163.83,25.361,16.152,5.495,,
2021-05-30,35651.81,2386.11,325.52,0.9047,1.5754,0.30181,28.59,170.51,26.805,16.497,6.205,,
2021-05-31,37243.38,2706.33,353.12,1.041,1.7369,0.32556,32.749,187.95,32.098,18.124,6.543,,
2021-06-01,36693.41,2634.63,362.13,1.0109,1.7366,0.37047,30.955,182.97,30.715,17.751,6.301,,
2021-06-02,37569.99,2707.22,401.34,1.0245,1.7532,0.42375,33.994,187.19,30.67,18.686,6.837,,
2021-06-03,39247.4,2858.34,428.42,1.0456,1.8456,0.40083,39.627,193.55,32.208,20.262,7.681,,
2021-06-04,36828.03,2689.21,390.83,0.9691,1.7085,0.37621,37.37,178.48,28.83,18.224,6.38,,
2021-06-05,35498.62,2627.45,389.7,0.9227,1.6556,0.37113,39.658,172.87,27.124,17.202,6.044,,
2021-06-06,35801.71,2711.4,393.52,0.9466,1.6765,0.37146,42.199,176.35,27.537,17.375,6.251,,
2021-06-07,33550.96,2592.96,358.0,0.8617,1.5658,0.33133,38.247,161.9,24.581,15.52,5.589,,
2021-06-08,33372.58,2506.19,352.34,0.8733,1.5811,0.32572,41.229,160.6,24.079,14.771,5.593,,
2021-06-09,37368.45,2610.2,375.39,0.9218,1.628,0.34321,42.024,172.47,25.587,15.392,6.018,,
2021-06-10,36669.66,2471.11,351.88,0.8692,1.5331,0.32619,41.09,168.08,23.119,14.178,6.142,,
2021-06-11,37300.42,2354.25,345.49,0.8471,1.4363,0.31865,36.162,162.79,21.467,13.405,5.558,,
2021-06-12,35537.05,2370.59,343.6,0.8326,1.4783,0.3121,36.474,161.75,21.65,13.529,5.499,,
2021-06-13,38993.65,2508.71,365.83,0.8836,1.5561,0.32401,38.708,170.83,23.304,14.734,6.055,,
2021-06-14,40489.1,2579.82,369.9,0.8902,1.5758,0.32769,39.672,179.81,24.954,15.107,6.197,,
2021-06-15,40132.86,2544.17,366.3,0.8665,1.5548,0.32021,39.54,175.13,24.49,14.716,6.584,,
2021-06-16,38344.97,2366.84,347.24,0.8321,1.4845,0.3079,39.677,166.5,23.035,14.072,6.173,,
2021-06-17,38060.71,2372.51,352.45,0.8415,1.481,0.30629,39.269,167.07,23.4,14.846,6.159,,
2021-06-18,35811.41,2231.68,336.79,0.7971,1.4154,0.29319,36.8,156.21,21.232,13.636,5.952,,
2021-06-19,35483.0,2163.36,333.77,0.7577,1.3829,0.28561,35.151,152.43,20.256,13.365,5.723,,
2021-06-20,35588.64,2242.7,338.98,0.7742,1.4264,0.28021,35.228,154.87,21.644,13.911,5.862,,
2021-06-21,31606.0,1884.77,270.33,0.6066,1.1731,0.17835,26.578,124.34,17.352,11.168,4.826,,
2021-06-22,32496.0,1878.46,261.92,0.5464,1.1562,0.19061,26.956,119.57,16.849,10.573,4.722,,
2021-06-23,33649.0,1966.51,295.69,0.638,1.25,0.23472,30.774,129.0,18.379,11.449,5.189,,
2021-06-24,34644.64,1989.5,308.53,0.6732,1.3598,0.26346,31.151,134.49,19.055,11.491,5.477,,
2021-06-25,31568.07,1808.0,280.75,0.6106,1.251,0.23728,28.591,124.91,16.859,10.227,5.046,,
2021-06-26,32255.56,1828.88,279.38,0.6159,1.2504,0.2458,29.639,126.65,16.938,10.307,5.198,,
2021-06-27,34687.71,1980.83,290.7,0.648,1.3371,0.26462,31.853,132.52,18.389,10.949,5.421,,
2021-06-28,34487.22,2083.56,289.82,0.6439,1.3256,0.25681,33.013,137.65,18.832,11.33,5.538,,
2021-06-29,35911.26,2165.15,300.76,0.7065,1.3729,0.26339,33.949,144.2,19.533,11.92,6.01,,
2021-06-30,35031.39,2275.0,303.44,0.7057,1.3851,0.25379,35.493,144.18,19.519,11.942,6.567,,
2021-07-01,33489.96,2105.24,287.38,0.659,1.3307,0.24369,33.254,136.95,18.169,11.184,5.875,,
2021-07-02,33760.94,2152.64,286.83,0.6555,1.3941,0.24501,33.97,136.7,18.269,11.1,5.709,,
2021-07-03,34652.94,2226.63,298.07,0.6728,1.4037,0.24624,34.5,140.15,18.543,11.491,5.805,,
2021-07-04,35280.16,2321.95,307.58,0.6958,1.4609,0.24634,34.29,144.97,19.237,12.348,5.955,,
2021-07-05,33672.72,2195.38,301.98,0.6523,1.4024,0.23089,32.887,137.66,18.353,12.028,6.017,,
2021-07-06,34206.01,2322.04,319.5,0.6647,1.4145,0.23408,34.206,138.81,20.067,13.375,6.522,,
2021-07-07,33845.64,2314.65,327.41,0.6516,1.403,0.22374,36.659,137.33,19.783,13.087,7.106,,
2021-07-08,32852.04,2114.88,309.78,0.6216,1.3266,0.20694,33.128,132.07,18.362,12.098,6.701,,
2021-07-09,33805.01,2147.53,316.86,0.6367,1.3501,0.21956,33.325,134.47,18.648,12.556,8.094,,
2021-07-10,33497.98,2111.14,316.11,0.6247,1.3356,0.21373,31.688,133.94,18.2,12.023,7.888,,
2021-07-11,34253.81,2140.27,321.8,0.6363,1.3475,0.216,32.173,134.21,18.381,12.428,8.435,,
2021-07-12,33070.87,2030.85,315.56,0.6285,1.3116,0.2077,30.751,133.27,17.506,12.148,7.857,,
2021-07-13,32709.09,1940.32,308.82,0.6192,1.2644,0.19991,29.147,131.33,16.869,11.907,7.118,,
2021-07-14,32803.01,1993.82,309.23,0.6197,1.263,0.19759,31.355,131.02,16.935,11.78,6.931,,
2021-07-15,31866.43,1919.35,315.78,0.5978,1.2253,0.18532,28.572,125.81,15.76,11.392,6.669,,
2021-07-16,31382.95,1876.1,302.71,0.5894,1.1703,0.17193,26.259,120.58,15.234,10.8,6.562,,
2021-07-17,31496.65,1898.55,300.08,0.5819,1.1713,0.18739,26.79,119.9,15.342,10.954,6.491,,
2021-07-18,31767.0,1890.66,301.77,0.5866,1.1808,0.18144,26.662,119.1,15.469,10.686,6.48,,
2021-07-19,30823.62,1818.4,280.27,0.5569,1.1214,0.17357,24.511,113.06,14.521,10.179,5.963,,
2021-07-20,29775.9,1785.04,264.19,0.5283,1.0534,0.17037,23.466,107.23,13.73,9.616,5.862,,
2021-07-21,32120.0,1995.49,293.07,0.5712,1.1705,0.19039,26.675,117.69,15.295,10.436,6.608,,
2021-07-22,32268.11,2023.55,293.0,0.5921,1.1851,0.19119,27.679,120.59,16.064,10.831,7.324,,
2021-07-23,33634.46,2124.33,299.27,0.6092,1.2077,0.19491,28.519,124.2,16.497,11.085,7.89,,
2021-07-24,34230.0,2183.53,301.47,0.6082,1.2324,0.19687,28.621,125.93,16.671,11.142,8.479,,
2021-07-25,35370.66,2188.11,302.17,0.6064,1.2274,0.19792,28.232,127.62,16.728,11.242,8.248,,
2021-07-26,37218.09,2227.41,303.8,0.6233,1.2547,0.20371,28.18,131.05,18.025,11.455,8.506,,
2021-07-27,39442.33,2298.04,313.24,0.6448,1.279,0.20574,28.102,134.69,19.477,11.921,9.511,,
2021-07-28,40003.08,2300.08,313.67,0.732,1.2871,0.20571,27.875,140.48,19.108,12.319,10.97,,
2021-07-29,40012.9,2382.45,317.15,0.7492,1.2849,0.20499,31.25,141.39,19.364,12.432,11.044,,
2021-07-30,42203.25,2461.72,322.78,0.752,1.3101,0.20876,32.35,145.49,22.262,12.982,10.842,,
2021-07-31,41448.11,2530.49,332.5,0.7464,1.3189,0.20771,36.721,144.36,22.721,13.554,10.74,,
2021-08-01,39846.78,2554.71,332.57,0.7242,1.314,0.20409,34.164,140.25,22.067,12.849,11.992,,
2021-08-02,39147.48,2607.09,330.53,0.7381,1.3084,0.20335,33.194,141.35,23.482,12.995,12.319,,
2021-08-03,38203.26,2506.87,323.46,0.7138,1.3696,0.19631,34.136,138.48,23.945,12.575,14.755,,
2021-08-04,39731.31,2725.0,334.88,0.7314,1.3764,0.20161,35.771,142.61,24.204,13.707,14.524,,
2021-08-05,40882.4,2826.8,338.11,0.7335,1.3867,0.20108,37.399,143.62,24.064,13.841,14.56,,
2021-08-06,42825.43,2892.3,342.28,0.7475,1.4024,0.20499,39.546,148.05,23.899,14.784,14.528,,
2021-08-07,44601.11,3163.26,356.25,0.817,1.4736,0.26194,39.489,156.03,24.708,15.859,14.637,,
2021-08-08,43787.71,3014.06,341.99,0.7796,1.4264,0.24008,37.688,149.76,23.034,14.837,13.411,,
2021-08-09,46259.7,3163.43,354.46,0.8178,1.4758,0.25614,38.68,166.41,24.205,16.178,13.934,,
2021-08-10,45589.99,3143.98,372.03,0.8519,1.6796,0.25769,40.676,165.45,24.556,16.449,16.715,,
2021-08-11,45522.12,3161.52,391.24,1.012,1.7955,0.26455,41.65,170.67,25.92,16.699,16.939,,
2021-08-12,44385.09,3046.74,385.8,0.9667,1.8341,0.26427,41.122,165.41,24.948,16.606,16.607,,
2021-08-13,47792.52,3324.12,411.21,1.0909,2.1411,0.2869,44.9,183.39,27.769,18.051,17.807,,
2021-08-14,47083.74,3266.31,408.9,1.2805,2.1901,0.29446,44.141,182.9,27.17,18.116,17.377,,
2021-08-15,47006.02,3312.31,414.4,1.285,2.1691,0.34036,53.565,184.8,27.94,18.791,19.312,,
2021-08-16,45926.23,3146.83,415.83,1.1861,2.073,0.31975,62.128,177.98,27.961,19.109,21.916,,
2021-08-17,44704.84,3014.64,402.07,1.0984,1.925,0.29945,64.218,168.69,26.156,23.491,25.3,,
2021-08-18,44714.09,3014.25,396.21,1.1439,2.1057,0.30337,72.787,166.68,25.354,30.034,30.734,,
2021-08-19,46772.0,3186.8,431.51,1.2357,2.4459,0.31811,72.873,175.7,27.12,30.699,29.467,,
2021-08-20,49332.74,3286.62,455.29,1.264,2.458,0.32742,78.771,183.7,28.708,39.2,30.696,,
2021-08-21,48848.29,3226.4,449.25,1.2172,2.4371,0.31698,73.904,179.79,27.867,43.748,27.558,,
2021-08-22,49273.28,3241.29,449.22,1.2266,2.7064,0.31492,72.806,186.05,28.007,43.788,28.017,,
2021-08-23,49523.91,3323.01,499.18,1.2465,2.9195,0.31824,75.702,187.19,28.6,46.458,30.0,,
2021-08-24,47719.36,3173.98,472.23,1.1358,2.7211,0.28884,70.511,173.51,25.741,55.592,29.627,,
2021-08-25,48992.65,3227.9,503.49,1.1749,2.7402,0.2928,72.028,177.86,26.63,46.314,30.072,,
2021-08-26,46853.06,3093.77,478.14,1.0724,2.5309,0.26834,74.875,167.72,24.4,41.35,26.872,,
2021-08-27,49083.98,3273.91,494.95,1.1925,2.9495,0.29463,87.954,176.35,26.068,50.178,32.683,,
2021-08-28,48931.99,3247.29,486.61,1.1471,2.8498,0.28623,96.225,175.79,25.765,50.296,35.088,,
2021-08-29,48795.41,3225.47,480.06,1.1423,2.8523,0.28126,94.239,174.46,25.791,47.451,33.319,,
2021-08-30,47024.7,3230.43,460.29,1.101,2.7355,0.27206,110.318,167.46,25.059,41.476,33.453,,
2021-08-31,47150.32,3430.49,464.44,1.1872,2.7697,0.27849,108.341,171.68,26.719,39.545,31.562,,
2021-09-01,48842.94,3831.44,489.5,1.237,2.8737,0.2947,110.894,181.11,29.756,42.565,31.789,,
2021-09-02,49299.14,3788.95,484.08,1.2542,2.9632,0.29486,128.329,183.58,29.984,47.604,32.865,,
2021-09-03,50027.08,3942.79,488.78,1.2921,2.967,0.29646,146.403,213.23,30.793,45.96,31.769,,
2021-09-04,49940.74,3889.71,498.42,1.2556,2.8355,0.29979,139.155,212.23,29.914,47.259,31.43,,
2021-09-05,51799.57,3952.56,505.71,1.309,2.9148,0.31476,142.14,232.51,33.63,48.195,34.489,,
2021-09-06,52683.97,3929.0,496.29,1.3906,2.8355,0.30928,164.272,219.57,34.842,47.137,32.363,,
2021-09-07,46864.39,3435.0,418.7,1.1292,2.5115,0.25547,173.644,178.26,28.254,37.976,27.933,,
2021-09-08,46062.29,3497.99,414.84,1.1002,2.47,0.25669,191.215,179.66,27.175,37.053,29.483,,
2021-09-09,46413.88,3426.42,421.41,1.0878,2.5183,0.2527,188.127,180.42,28.017,40.782,30.62,,
2021-09-10,44860.83,3209.84,401.38,1.0556,2.3831,0.23975,179.756,174.16,26.399,49.376,43.35,,
2021-09-11,45193.78,3267.23,404.81,1.0795,2.6367,0.241,179.243,178.59,27.024,57.108,39.213,,
2021-09-12,46046.73,3405.21,416.43,1.1191,2.5812,0.25042,174.507,183.14,29.446,59.295,39.286,,
2021-09-13,44975.96,3284.41,399.1,1.0651,2.4004,0.23586,169.656,179.43,26.97,53.142,37.184,,
2021-09-14,47087.18,3435.42,414.28,1.0965,2.3975,0.24065,158.806,183.13,30.813,51.496,35.707,,
2021-09-15,48106.12,3614.72,431.28,1.1216,2.5059,0.24784,158.991,189.18,30.692,57.903,36.757,,
2021-09-16,47745.55,3570.46,424.49,1.0908,2.4185,0.24212,152.365,185.33,29.824,67.594,37.486,,
2021-09-17,47303.11,3400.99,407.14,1.0672,2.3524,0.24021,147.626,180.08,27.76,70.166,34.494,,
2021-09-18,48285.15,3435.35,410.75,1.0756,2.3722,0.24146,169.228,181.35,28.415,69.087,34.803,,
2021-09-19,47256.91,3328.72,408.74,1.0483,2.2834,0.23308,152.973,175.69,27.389,70.076,32.945,,
2021-09-20,43026.6,2978.34,364.15,0.9216,2.08,0.20862,132.834,157.22,23.572,57.34,27.5,,
2021-09-21,40726.1,2765.48,344.26,0.8738,1.986,0.20069,124.248,148.41,21.433,59.048,25.137,,
2021-09-22,43520.0,3076.62,378.82,1.0031,2.2556,0.22444,147.952,161.46,24.443,74.001,33.155,,
2021-09-23,44828.29,3150.7,383.36,1.0015,2.3256,0.22442,149.897,163.77,25.414,76.446,36.114,,
2021-09-24,42798.49,2926.37,354.98,0.9439,2.2777,0.20902,139.147,151.97,23.257,72.292,40.155,,
2021-09-25,42651.58,2921.08,349.39,0.9398,2.298,0.20827,136.079,150.86,24.485,68.246,37.845,,
2021-09-26,43150.0,3057.63,343.93,0.9433,2.2051,0.20477,135.619,150.61,24.588,66.761,34.647,,
2021-09-27,42122.69,2923.6,335.03,0.9208,2.127,0.19955,136.308,144.89,23.004,66.323,36.764,,
2021-09-28,41006.32,2803.5,332.87,0.8924,2.0353,0.1964,132.158,140.37,22.076,61.492,33.122,,
2021-09-29,41499.71,2848.38,366.68,0.9261,2.0646,0.19853,135.265,144.65,22.843,65.474,34.152,,
2021-09-30,43796.57,2999.45,386.87,0.9531,2.115,0.20424,141.358,153.17,23.987,66.659,38.835,,
2021-10-01,48123.94,3308.58,421.19,1.0421,2.2555,0.22277,161.597,166.12,26.318,67.687,37.758,,
2021-10-02,47626.61,3387.25,426.63,1.0362,2.2485,0.2186,168.889,168.83,26.884,69.168,41.558,,
2021-10-03,48187.3,3418.25,430.1,1.0558,2.2536,0.2219,173.045,170.54,27.584,68.774,42.826,,
2021-10-04,49198.22,3386.12,426.22,1.0435,2.1925,0.24175,167.244,167.59,26.626,65.273,46.833,,
2021-10-05,51455.12,3517.64,441.86,1.0848,2.235,0.25197,164.745,173.88,27.265,64.674,44.685,,
2021-10-06,55321.6,3576.85,434.59,1.0773,2.2119,0.2543,154.005,178.69,26.817,60.084,42.03,,
2021-10-07,53814.99,3589.85,438.26,1.0686,2.2803,0.24311,154.38,178.7,26.865,61.596,46.581,,
2021-10-08,53975.0,3563.81,419.38,1.0641,2.2384,0.24429,158.932,176.06,26.41,60.546,43.345,,
2021-10-09,54960.77,3577.8,422.31,1.1618,2.271,0.24697,156.943,180.07,27.474,60.715,42.541,,
2021-10-10,54700.0,3415.01,404.1,1.1359,2.1883,0.22881,147.62,174.77,25.553,56.512,39.259,,
2021-10-11,57500.01,3543.1,413.36,1.1368,2.1705,0.23128,144.888,179.15,25.227,55.344,39.199,,
2021-10-12,56011.84,3492.91,444.72,1.1023,2.1197,0.22623,152.328,172.68,24.661,54.368,37.613,,
2021-10-13,57393.65,3610.05,470.18,1.1284,2.1913,0.23272,148.08,177.77,25.694,55.035,36.602,,
2021-10-14,57378.19,3794.19,472.05,1.1345,2.1748,0.2329,150.164,181.53,26.75,56.229,37.191,,
2021-10-15,61702.33,3872.71,474.19,1.1423,2.2199,0.23437,163.236,189.86,27.035,56.417,37.009,,
2021-10-16,60925.56,3833.3,465.01,1.1356,2.1808,0.23747,157.686,186.14,27.246,57.683,36.677,,
2021-10-17,61571.45,3851.01,470.82,1.0947,2.1612,0.23802,160.291,183.93,26.568,56.116,36.197,,
2021-10-18,62037.92,3748.31,484.64,1.0836,2.1302,0.24749,157.263,185.72,25.732,55.538,35.85,,
2021-10-19,64316.7,3881.48,487.01,1.0923,2.1121,0.24565,155.941,188.88,25.936,56.87,37.755,,
2021-10-20,66064.24,4164.14,500.76,1.1464,2.1924,0.25501,176.821,207.51,27.514,59.686,42.697,,
2021-10-21,62260.33,4057.26,471.35,1.0894,2.1376,0.2426,190.647,196.92,28.314,61.518,40.985,,
2021-10-22,60734.27,3975.56,479.79,1.0895,2.1589,0.24494,196.446,191.14,28.69,65.578,43.778,,
2021-10-23,61325.11,4170.5,486.17,1.0948,2.1691,0.25144,197.88,196.42,31.39,65.525,43.149,,
2021-10-24,60902.82,4084.61,476.29,1.083,2.1219,0.27603,202.386,190.47,29.716,64.585,41.434,,
2021-10-25,63127.04,4224.14,485.4,1.0957,2.1465,0.26548,209.949,195.62,32.402,69.793,42.934,,
2021-10-26,60358.75,4133.39,478.48,1.1082,2.1403,0.25603,199.998,197.68,32.552,68.699,43.91,,
2021-10-27,58449.36,3923.57,448.65,0.9951,1.9128,0.23804,184.468,179.21,28.887,61.585,39.927,,
2021-10-28,60622.03,4288.96,492.08,1.0586,1.9878,0.3,195.5,189.99,30.2,64.306,42.974,,
2021-10-29,62308.22,4421.53,530.72,1.0833,2.0178,0.28847,200.529,196.84,30.995,64.924,45.74,,
2021-10-30,61895.19,4324.82,528.95,1.0856,1.9579,0.26918,195.85,190.45,29.823,62.407,43.358,,
2021-10-31,61348.61,4288.86,524.42,1.1135,1.9675,0.28021,202.668,192.03,30.019,64.519,42.922,,
2021-11-01,60942.87,4322.72,551.12,1.0927,1.9496,0.27185,204.144,197.75,31.706,64.961,44.094,,
2021-11-02,63266.69,4593.88,554.59,1.1361,1.9725,0.27439,221.044,201.12,32.298,67.826,44.826,,
2021-11-03,62946.45,4606.59,568.48,1.2113,2.065,0.26919,243.25,207.48,31.983,75.652,48.019,,
2021-11-04,61431.86,4535.37,558.86,1.2012,1.9837,0.26311,246.995,202.83,31.004,78.978,51.954,,
2021-11-05,61006.0,4477.29,606.43,1.1591,1.983,0.26106,236.231,198.99,32.89,74.246,49.932,,
2021-11-06,61511.3,4521.4,637.56,1.1518,2.0058,0.26207,258.336,197.74,32.044,78.791,51.239,,
2021-11-07,63316.4,4616.5,649.57,1.2215,2.0229,0.26679,249.746,202.29,32.37,87.609,50.619,,
2021-11-08,67606.96,4814.3,653.56,1.2832,2.1277,0.28215,248.42,229.3,34.509,91.241,54.194,,
2021-11-09,67009.98,4734.98,635.2,1.2578,2.2716,0.27396,239.301,262.4,33.855,88.405,50.27,,
2021-11-10,64920.13,4632.21,613.61,1.1903,2.097,0.25532,233.233,260.3,34.234,85.189,48.735,,
2021-11-11,64831.3,4721.19,628.21,1.2152,2.0796,0.26071,233.469,262.41,34.69,87.916,50.501,,
2021-11-12,64156.08,4665.99,626.27,1.1889,2.0471,0.25945,228.572,251.27,34.272,84.855,49.573,,
2021-11-13,64427.0,4644.42,648.49,1.1899,2.051,0.26132,241.568,257.79,34.01,97.675,52.081,,
2021-11-14,65568.39,4629.44,650.2,1.1892,2.0411,0.26304,238.737,279.6,33.77,95.406,51.095,,
2021-11-15,63654.49,4567.01,633.44,1.1729,2.0203,0.25698,238.282,263.04,32.09,93.922,48.181,,
2021-11-16,60106.03,4209.42,588.76,1.0881,1.8737,0.23665,219.043,230.25,29.164,97.898,43.234,,
2021-11-17,60366.96,4287.99,578.41,1.0958,1.8762,0.23756,219.073,229.75,29.215,107.614,43.233,,
2021-11-18,56921.05,3997.72,532.13,1.041,1.7869,0.22115,195.18,204.24,26.547,100.605,40.286,,
2021-11-19,58069.51,4293.44,580.98,1.0903,1.8631,0.23296,215.369,217.94,28.278,111.947,42.398,,
2021-11-20,59716.29,4412.55,604.66,1.0976,1.922,0.23327,217.695,226.66,28.383,125.937,45.25,,
2021-11-21,58661.39,4259.23,584.2,1.0581,1.836,0.22582,230.788,221.37,29.004,128.67,43.53,,
2021-11-22,56268.31,4086.57,559.79,1.0366,1.7779,0.21957,215.61,209.07,26.767,134.884,41.131,,
2021-11-23,57574.23,4341.36,591.6,1.067,1.7519,0.2269,221.918,216.33,26.963,123.937,42.773,,
2021-11-24,57165.08,4271.29,590.56,1.0329,1.6652,0.21722,205.779,212.36,25.601,115.357,38.604,,
2021-11-25,58988.21,4527.86,639.3,1.0447,1.677,0.22145,210.181,223.19,26.439,119.292,43.613,,
2021-11-26,53755.65,4040.66,587.71,0.9392,1.5326,0.20192,192.423,195.67,23.965,104.376,41.16,,
2021-11-27,54738.77,4095.33,600.19,0.9455,1.5441,0.20496,192.775,195.09,24.103,113.52,43.902,,
2021-11-28,57315.73,4296.6,611.52,0.9686,1.5935,0.20727,200.713,199.55,24.769,110.506,50.133,,
2021-11-29,57827.98,4445.1,624.25,0.9901,1.6021,0.21504,204.275,205.55,25.004,120.483,51.633,,
2021-11-30,56975.0,4631.51,622.59,0.9989,1.5544,0.21467,208.617,207.96,25.342,120.421,59.67,,
2021-12-01,57209.29,4586.66,627.45,0.9906,1.5473,0.20929,229.812,208.78,25.347,119.64,63.989,,
2021-12-02,56513.57,4514.32,620.37,0.9722,1.7212,0.20966,233.677,203.51,24.551,107.875,66.323,,
2021-12-03,53612.0,4213.66,595.17,0.9213,1.5562,0.19985,211.607,187.94,23.302,108.279,63.455,,
2021-12-04,49135.66,4115.79,568.07,0.8449,1.4187,0.17816,200.583,162.74,20.637,92.986,75.084,,
2021-12-05,49376.6,4197.53,557.65,0.8041,1.378,0.17123,196.317,156.25,19.481,86.315,68.155,,
2021-12-06,50424.72,4345.2,586.8,0.8251,1.4184,0.17745,193.518,161.26,19.782,92.883,66.912,,
2021-12-07,50577.2,4305.82,578.34,0.8154,1.3785,0.17622,190.155,161.76,21.08,89.543,68.719,,
2021-12-08,50455.61,4435.33,607.05,0.862,1.3959,0.17905,194.539,165.03,22.909,93.188,75.053,,
2021-12-09,47539.76,4103.8,569.26,0.8582,1.2875,0.16886,181.04,151.16,20.257,85.406,66.411,,
2021-12-10,47136.35,3895.95,551.94,0.7985,1.2097,0.16394,167.229,148.2,18.532,80.542,60.8,,
2021-12-11,49381.15,4089.81,564.12,0.8388,1.3534,0.16886,172.09,157.98,19.967,86.511,60.097,,
2021-12-12,50057.01,4129.0,569.58,0.8393,1.3454,0.16954,172.799,158.84,20.402,87.914,61.943,,
2021-12-13,46679.93,3780.63,520.75,0.7815,1.2234,0.1572,155.19,144.5,17.764,79.008,52.923,,
2021-12-14,48324.04,3856.66,527.86,0.8101,1.2652,0.19075,161.16,150.21,18.421,87.136,60.097,,
2021-12-15,48870.48,4019.01,541.18,0.8259,1.3104,0.18092,178.43,153.54,19.679,101.156,61.607,,
2021-12-16,47624.5,3958.67,526.0,0.8045,1.2391,0.17309,176.92,148.8,18.758,98.318,64.222,,
2021-12-17,46125.33,3873.93,525.5,0.7963,1.217,0.1684,175.51,143.9,18.25,110.747,65.563,,
2021-12-18,46815.99,3957.64,533.68,0.8261,1.2417,0.17227,182.68,148.56,19.532,115.896,74.178,,
2021-12-19,46668.63,3922.51,529.71,0.8346,1.2437,0.16935,179.86,153.25,18.864,107.529,78.129,,
2021-12-20,46898.14,3943.48,523.96,0.879,1.2373,0.16714,173.91,152.6,18.779,113.515,82.048,,
2021-12-21,48875.15,4014.38,528.46,0.9462,1.2796,0.17073,179.56,154.72,19.415,123.154,87.2,,
2021-12-22,48569.69,3978.62,533.74,0.9531,1.3273,0.17297,178.37,155.31,19.922,116.657,85.305,,
2021-12-23,50817.92,4111.3,548.92,0.9937,1.473,0.18504,190.11,163.66,22.166,121.437,94.401,,
2021-12-24,50808.55,4045.0,542.2,0.9126,1.3929,0.18623,190.36,161.25,21.48,114.877,95.738,,
2021-12-25,50403.64,4093.87,547.5,0.9252,1.4528,0.19081,193.0,157.86,22.117,114.985,98.213,,
2021-12-26,50765.73,4062.24,546.43,0.9201,1.4547,0.18976,197.8,155.77,22.986,115.068,99.436,,
2021-12-27,50707.72,4037.36,563.79,0.9271,1.5159,0.18785,195.71,155.89,23.016,113.828,90.881,,
2021-12-28,47522.03,3791.99,534.13,0.8514,1.3985,0.17373,177.2,145.57,20.379,107.002,85.16,,
2021-12-29,46436.54,3628.55,514.49,0.8169,1.3316,0.16789,170.66,145.51,19.734,103.074,84.135,,
2021-12-30,47095.02,3708.37,518.41,0.8382,1.3576,0.17101,172.48,147.88,19.93,101.732,84.638,,
2021-12-31,46210.56,3676.02,511.56,0.8292,1.3076,0.17028,169.98,146.17,19.514,109.46,85.467,,
2022-01-01,47704.35,3763.06,527.34,0.8507,1.3781,0.17316,179.05,150.74,20.736,114.107,91.658,,
2022-01-02,47280.0,3826.21,530.91,0.8583,1.3769,0.17439,176.29,151.13,21.854,113.064,89.422,,
2022-01-03,46445.81,3764.07,512.24,0.8324,1.3196,0.17022,170.18,148.43,23.697,108.099,88.88,,
2022-01-04,45833.42,3785.6,506.88,0.8228,1.3093,0.16835,167.83,146.45,23.426,103.327,84.562,,
2022-01-05,43421.69,3537.71,473.95,0.7718,1.2297,0.15887,154.38,135.21,25.222,97.358,78.433,,
2022-01-06,43080.01,3404.6,472.46,0.7787,1.2788,0.15988,150.26,135.88,25.379,95.068,78.389,,
2022-01-07,41553.86,3196.58,448.1,0.7634,1.209,0.15506,136.43,131.36,25.975,86.685,68.814,,
2022-01-08,41688.05,3080.03,429.59,0.745,1.1814,0.15094,142.15,129.4,25.306,83.845,66.94,,
2022-01-09,41851.22,3150.0,438.33,0.7529,1.17,0.15042,140.77,130.86,27.538,89.32,74.41,,
2022-01-10,41801.55,3081.31,424.54,0.7393,1.1224,0.14295,135.73,126.41,27.974,84.368,69.425,,
2022-01-11,42700.68,3236.86,462.87,0.77,1.1867,0.1537,140.13,131.52,26.582,89.525,73.44,,
2022-01-12,43880.72,3369.93,487.5,0.7982,1.3122,0.16269,151.48,141.89,26.751,95.9,81.838,,
2022-01-13,42534.32,3240.36,474.36,0.7674,1.2313,0.17168,146.1,136.69,24.852,89.686,78.31,,
2022-01-14,43042.4,3305.6,489.51,0.7727,1.2917,0.18318,146.13,144.7,25.706,90.346,81.442,,
2022-01-15,43070.51,3324.05,493.75,0.7788,1.2914,0.18442,147.57,147.56,25.167,92.994,87.111,,
2022-01-16,43060.66,3345.49,497.95,0.778,1.4105,0.17659,147.92,146.34,25.498,92.237,87.044,,
2022-01-17,42176.34,3208.61,474.69,0.7614,1.5999,0.17087,139.74,151.09,23.771,86.653,77.073,,
2022-01-18,42337.58,3159.32,470.53,0.7504,1.4577,0.16498,141.19,141.34,22.951,85.985,80.65,,
2022-01-19,41657.89,3082.81,461.54,0.7379,1.3353,0.16152,135.21,136.2,21.541,82.543,81.033,,
2022-01-20,40661.69,2999.92,440.05,0.7194,1.2575,0.15522,127.45,129.57,20.164,79.213,77.261,,
2022-01-21,36425.98,2566.91,383.57,0.6364,1.1202,0.14189,112.2,114.47,17.414,66.027,64.679,,
2022-01-22,35043.73,2410.96,358.34,0.5962,1.0705,0.13314,94.46,108.35,15.844,59.771,62.816,,
2022-01-23,36230.01,2538.41,383.87,0.6281,1.1238,0.14169,99.67,112.18,16.622,64.76,69.689,,
2022-01-24,36648.31,2438.13,370.93,0.6116,1.0653,0.13718,91.85,109.48,15.568,62.967,65.973,,
2022-01-25,36934.26,2457.37,384.8,0.6175,1.0415,0.14265,94.54,107.77,15.487,67.94,62.824,,
2022-01-26,36787.43,2461.61,374.75,0.619,1.0767,0.14309,92.06,106.92,15.224,65.83,58.732,,
2022-01-27,37131.0,2422.61,389.36,0.6084,1.0416,0.14141,89.43,106.84,15.209,64.66,54.081,,
2022-01-28,37696.21,2543.34,385.84,0.6108,1.0478,0.14135,91.29,109.34,16.133,66.93,50.323,,
2022-01-29,38150.01,2599.94,389.04,0.6173,1.0587,0.14289,96.11,110.75,16.217,71.87,50.88,,
2022-01-30,37870.01,2600.45,376.84,0.601,1.0343,0.13904,93.15,108.4,17.754,67.91,46.26,,
2022-01-31,38439.04,2685.34,374.38,0.6173,1.051,0.14148,99.48,109.42,17.143,69.82,52.127,,
2022-02-01,38680.51,2786.38,383.93,0.628,1.0946,0.14223,109.97,115.03,16.974,73.29,52.14,,
2022-02-02,36892.03,2678.0,366.94,0.6003,1.0259,0.13688,101.84,108.18,15.772,67.78,47.551,,
2022-02-03,37289.86,2694.37,372.08,0.6096,1.06,0.13784,101.76,110.89,16.29,68.41,51.124,,
2022-02-04,41550.0,2993.65,399.33,0.6555,1.1383,0.14776,112.57,121.21,17.5,77.75,53.915,,
2022-02-05,41374.69,3011.59,413.37,0.6653,1.1245,0.14686,113.66,121.69,17.747,76.98,55.324,,
2022-02-06,42361.35,3054.26,419.64,0.6825,1.1423,0.15394,115.18,127.52,18.064,78.9,56.058,,
2022-02-07,43829.99,3138.55,433.15,0.8307,1.1979,0.16532,117.46,137.26,18.874,83.17,59.403,,
2022-02-08,44021.57,3115.23,407.94,0.8755,1.1741,0.15811,113.37,133.6,18.367,86.31,57.232,,
2022-02-09,44358.08,3241.82,422.57,0.8694,1.194,0.15923,113.9,139.96,18.664,89.96,57.503,,
2022-02-10,43471.29,3070.9,414.36,0.8249,1.1498,0.15138,106.09,134.47,17.486,91.15,52.187,,
2022-02-11,42366.0,2926.04,399.81,0.7585,1.0792,0.1445,96.44,125.53,16.189,81.71,50.336,,
2022-02-12,42199.87,2916.93,403.46,0.8222,1.0579,0.14427,95.88,126.65,15.949,81.26,52.121,,
2022-02-13,42041.13,2870.32,397.82,0.8051,1.0415,0.14799,92.8,125.58,15.601,77.87,51.622,,
2022-02-14,42525.14,2928.87,403.29,0.8007,1.0487,0.14572,96.37,124.5,15.896,81.81,53.781,,
2022-02-15,44529.6,3183.73,432.08,0.8512,1.1074,0.1516,105.44,131.57,17.339,92.96,56.809,,
2022-02-16,43860.7,3121.8,426.98,0.8364,1.0826,0.14865,101.78,127.63,17.11,95.25,56.015,,
2022-02-17,40491.7,2890.8,401.98,0.768,1.0193,0.13831,93.46,116.25,15.582,88.17,50.256,,
2022-02-18,39966.8,2778.46,398.89,0.7835,0.9949,0.13845,89.82,114.72,15.174,83.62,50.598,,
2022-02-19,40052.6,2761.89,399.43,0.8215,0.9959,0.14077,91.25,115.5,15.507,84.97,50.439,,
2022-02-20,38368.1,2620.72,380.31,0.7764,0.9308,0.13659,90.63,110.53,14.601,77.27,49.299,,
2022-02-21,36986.4,2566.88,356.35,0.7013,0.8563,0.12814,82.89,102.67,13.492,69.98,50.082,,
2022-02-22,38212.0,2635.57,373.94,0.7203,0.887,0.1312,86.34,107.41,13.983,74.36,54.688,,
2022-02-23,37227.8,2578.02,365.41,0.696,0.8655,0.12725,84.53,105.29,13.34,73.41,59.552,,
2022-02-24,38315.1,2595.47,360.8,0.6958,0.8523,0.12394,89.35,104.1,13.261,76.36,65.075,,
2022-02-25,39205.4,2766.36,374.67,0.7696,0.8981,0.12749,92.69,109.17,14.359,80.93,73.019,,
2022-02-26,39099.3,2778.15,373.44,,0.8866,0.1276,,,14.706,81.77,,,
2022-02-27,37672.0,2615.99,359.98,,0.856,0.12282,,,13.635,74.99,,,
2022-02-28,43155.0,2920.1,395.5,,0.9617,0.13343,,,15.117,84.49,,,
2022-03-01,44394.1,2975.61,408.56,0.7836,0.9632,0.13406,98.61,112.57,15.343,86.86,89.611,,
2022-03-02,43885.7,2947.47,408.95,0.7686,0.9383,0.13302,100.69,110.26,15.276,83.29,92.249,,
2022-03-03,42449.5,2832.97,402.25,0.751,0.9014,0.12955,95.58,111.6,14.881,78.42,90.417,,
2022-03-04,39127.7,2620.25,374.05,0.7122,0.8438,0.12249,88.26,100.91,13.727,75.74,83.394,,
2022-03-05,39375.1,2663.55,384.38,0.7537,0.8645,0.12491,89.59,104.79,14.017,76.63,87.469,,
2022-03-06,38401.1,2549.37,374.64,0.7248,0.8222,0.12055,84.53,101.02,13.315,72.45,79.23,,
2022-03-07,37963.8,2489.9,380.13,0.7192,0.7925,0.11664,81.62,98.25,12.664,71.64,77.724,,
2022-03-08,38709.9,2575.49,380.99,0.7205,0.8012,0.11693,82.25,100.61,13.085,72.94,85.241,,
2022-03-09,41937.5,2726.37,392.96,0.7659,0.8487,0.12145,88.04,106.83,14.0,77.58,99.151,,
2022-03-10,39407.2,2605.44,371.77,0.7359,0.8062,0.11677,82.81,102.46,13.173,73.89,101.113,,
2022-03-11,38713.0,2555.89,371.8,0.8025,0.7881,0.11542,80.64,104.39,13.038,71.18,88.371,,
2022-03-12,38792.6,2567.64,372.13,0.7853,0.7891,0.11473,81.38,105.47,13.138,70.87,86.0,,
2022-03-13,37743.7,2514.07,361.06,0.7598,0.7865,0.11133,78.69,101.6,12.696,67.9,87.333,,
2022-03-14,39653.8,2588.96,373.27,0.7742,0.8024,0.11379,81.2,105.5,13.398,68.92,94.769,,
2022-03-15,39271.0,2617.29,371.51,0.7654,0.7988,0.11256,82.83,106.81,13.694,69.8,88.425,,
2022-03-16,41105.8,2772.78,385.25,0.7915,0.8384,0.11697,87.73,111.2,14.661,74.06,89.115,,
2022-03-17,40898.1,2810.74,391.74,0.7931,0.8354,0.11634,87.83,110.17,14.404,79.38,86.812,,
2022-03-18,41751.5,2938.02,396.9,0.7966,0.8512,0.11909,89.77,111.87,15.005,85.72,88.463,,
2022-03-19,42188.2,2950.0,399.71,0.8192,0.9024,0.12351,92.31,116.61,14.994,89.53,92.039,,
2022-03-20,41261.0,2860.47,390.74,0.8052,0.878,0.11913,88.58,114.78,14.546,84.82,90.53,,
2022-03-21,40982.0,2889.08,395.81,0.8371,0.9166,0.11916,88.55,116.0,14.986,86.21,95.692,,
2022-03-22,42349.8,2968.49,404.05,0.8363,0.9744,0.12236,90.44,122.69,15.427,83.89,93.003,,
2022-03-23,42867.9,3035.55,408.36,0.8375,1.1064,0.12981,94.83,122.37,15.828,85.94,94.858,,
2022-03-24,43973.4,3109.89,414.08,0.8427,1.1306,0.13673,102.33,126.45,16.157,87.55,93.603,,
2022-03-25,44290.6,3101.37,410.15,0.824,1.096,0.13084,98.55,123.85,15.585,83.48,90.301,,
2022-03-26,44489.2,3143.47,415.64,0.8327,1.1515,0.13601,101.68,124.72,15.831,85.85,91.312,,
2022-03-27,46820.8,3295.01,430.49,0.8578,1.1831,0.14471,106.94,129.56,16.855,89.89,94.064,,
2022-03-28,47121.9,3333.62,430.43,0.864,1.1694,0.14242,105.73,127.42,16.496,89.56,97.208,,
2022-03-29,47418.5,3399.0,434.28,0.8576,1.1902,0.1444,111.56,130.0,16.971,92.74,108.956,,
2022-03-30,47053.2,3385.1,442.17,0.8615,1.1903,0.14316,120.85,131.07,17.214,95.57,105.949,,
2022-03-31,45506.0,3281.43,428.75,0.8146,1.1415,0.13816,122.85,123.87,16.92,97.46,102.97,,
2022-04-01,46266.2,3454.33,447.66,,1.1657,0.14138,,,17.352,96.82,,,
2022-04-02,45794.6,3443.07,437.3,,1.1556,0.13878,,,17.407,96.22,,,
2022-04-03,46392.4,3520.76,450.52,0.8431,1.1862,0.14661,136.85,128.77,18.082,98.05,112.831,,
2022-04-04,46580.9,3518.96,447.51,0.8259,1.2118,0.14853,132.09,124.7,17.506,96.13,116.383,,
2022-04-05,45477.4,3405.04,444.58,0.8163,1.17,0.17266,126.84,122.69,16.736,90.98,116.176,,
2022-04-06,43159.7,3166.78,419.93,0.7591,1.0519,0.14324,112.87,111.59,15.399,82.89,107.969,,
2022-04-07,43417.1,3225.15,435.78,0.787,1.088,0.14582,118.41,113.99,15.733,87.53,103.415,,
2022-04-08,42229.2,3191.26,421.27,0.7546,1.0245,0.14232,109.83,110.6,15.115,83.62,94.52,,
2022-04-09,42727.7,3257.53,426.48,0.7622,1.044,0.14413,112.89,112.62,15.422,84.49,97.337,,
2022-04-10,42140.4,3200.24,417.75,0.7538,1.026,0.14821,111.04,110.23,15.226,80.94,91.74,,
2022-04-11,39505.6,2978.69,394.25,0.6945,0.9199,0.13406,99.62,102.42,13.755,74.28,82.477,,
2022-04-12,40060.7,3026.3,413.47,0.7147,0.9538,0.13792,103.17,104.78,13.97,76.27,84.589,,
2022-04-13,41129.8,3116.45,423.02,0.7228,0.9739,0.13991,104.89,110.47,14.187,80.15,87.864,,
2022-04-14,39915.9,3019.82,414.58,0.7259,0.9317,0.14409,100.72,107.32,13.636,76.79,81.511,,
2022-04-15,40529.5,3039.19,416.94,0.7853,0.955,0.14581,101.33,110.85,14.099,77.38,80.315,42.7,
2022-04-16,40361.0,3057.99,417.14,0.7803,0.9505,0.14343,102.02,114.31,14.146,77.73,80.912,41.8,
2022-04-17,39649.1,2986.03,406.37,0.7516,0.9139,0.1391,100.08,108.69,13.714,75.37,77.128,44.835,
2022-04-18,40785.6,3054.02,416.67,0.7693,0.936,0.14013,102.35,111.19,14.047,77.7,91.031,43.377,
2022-04-19,41472.9,3100.42,422.16,0.7744,0.9522,0.14254,108.45,113.77,14.239,80.26,95.393,43.472,
2022-04-20,41327.7,3074.01,418.03,0.7513,0.9361,0.14068,105.52,111.81,14.021,78.18,94.669,42.737,
2022-04-21,40449.8,2981.31,404.67,0.7321,0.9088,0.1362,101.69,106.61,13.568,74.95,90.712,42.132,
2022-04-22,39674.2,2960.38,406.45,0.7177,0.9053,0.13627,100.5,105.3,13.577,73.98,93.463,41.305,
2022-04-23,39415.1,2930.28,400.84,0.7053,0.8865,0.13383,100.61,105.12,13.31,72.78,89.185,41.01,
2022-04-24,39433.4,2918.97,398.63,0.6979,0.8851,0.13171,99.13,104.43,13.257,71.44,90.461,40.755,
2022-04-25,40411.0,3006.11,404.11,0.6926,0.897,0.15811,100.94,104.49,13.427,72.85,96.892,41.831,
2022-04-26,38093.7,2807.88,385.67,0.6416,0.8253,0.13758,95.65,98.51,12.359,68.65,88.364,38.665,
2022-04-27,39209.0,2887.57,391.21,0.6517,0.8399,0.13986,98.3,100.54,12.731,69.81,88.986,39.544,
2022-04-28,39732.5,2935.39,406.8,0.6424,0.8429,0.13739,98.18,103.25,12.652,67.2,89.067,39.812,
2022-04-29,38572.2,2815.37,392.69,0.6112,0.8046,0.13488,93.94,100.32,11.968,63.36,85.04,38.763,
2022-04-30,37614.5,2725.1,376.52,0.5839,0.7548,0.12724,84.5,95.72,10.951,56.91,78.024,37.914,
2022-05-01,38440.5,2823.38,389.6,0.6066,0.7887,0.13257,89.61,99.18,11.293,58.7,82.13,39.114,
2022-05-02,38525.6,2855.16,389.32,0.6141,0.7804,0.13066,87.44,100.62,11.168,60.32,84.218,39.073,
2022-05-03,37712.9,2780.91,383.52,0.6044,0.7706,0.12939,85.81,99.3,11.117,59.58,82.466,37.772,
2022-05-04,39684.0,2939.76,402.29,0.6457,0.8983,0.13591,92.7,106.22,12.193,67.24,86.164,39.542,
2022-05-05,36534.7,2746.37,378.06,0.5976,0.7877,0.12804,84.48,96.81,10.907,58.99,82.283,36.204,
2022-05-06,35995.3,2691.59,378.89,0.6019,0.7829,0.1277,81.63,96.65,10.781,56.95,77.243,35.861,
2022-05-07,35466.7,2634.82,365.3,0.5804,0.7599,0.1274,78.8,94.23,10.205,55.02,68.126,35.071,
2022-05-08,34032.0,2518.9,355.73,0.5659,0.7399,0.12405,75.34,93.84,9.99,51.59,64.237,33.791,
2022-05-09,30056.6,2227.48,295.5,0.4868,0.6012,0.10168,62.08,76.05,8.081,41.17,30.106,30.121,
2022-05-10,31002.1,2340.86,318.9,0.5128,0.6281,0.10798,66.83,80.13,8.577,44.53,17.505,33.07,
2022-05-11,29074.7,2083.98,271.26,0.4163,0.5176,0.08513,50.84,66.57,6.936,31.1,1.0902,29.865,
2022-05-12,29020.7,1959.78,268.54,0.3851,0.473,0.0826,44.63,64.38,6.562,30.3,0.008,29.618,
2022-05-13,29274.3,2008.49,290.45,0.4227,0.5286,0.08806,48.88,67.84,7.146,32.18,0.008,30.815,
2022-05-14,30079.8,2055.0,296.66,0.4259,0.537,0.0894,52.4,68.83,7.246,33.91,,31.51,
2022-05-15,31324.4,2144.07,312.05,0.4478,0.5977,0.09308,58.8,71.49,7.96,36.52,,32.634,
2022-05-16,29866.7,2022.89,297.0,0.4228,0.5566,0.08792,53.77,67.16,7.418,32.52,,31.812,
2022-05-17,30437.0,2090.0,305.91,0.4375,0.5772,0.09012,57.0,73.06,7.71,34.37,,32.009,
2022-05-18,28700.6,1914.2,287.36,0.405,0.5059,0.08333,49.92,65.93,6.798,29.57,,29.637,
2022-05-19,30319.9,2019.46,306.7,0.4204,0.5331,0.08658,52.18,72.1,7.218,30.36,,30.891,
2022-05-20,29188.9,1958.69,301.95,0.4099,0.5158,0.08384,49.41,68.53,6.864,28.76,,29.679,
2022-05-21,29427.4,1973.94,312.13,0.4142,0.5283,0.08434,50.27,69.8,7.05,29.87,,30.082,
2022-05-22,30284.0,2042.63,319.1,0.4216,0.5413,0.08582,52.44,71.64,7.319,31.69,,30.706,
2022-05-23,29097.7,1972.45,316.92,0.4048,0.5129,0.08329,49.14,69.01,7.022,29.04,,29.654,
2022-05-24,29643.1,1978.56,328.14,0.4084,0.5217,0.08362,49.66,70.23,7.23,29.05,,29.823,
2022-05-25,29536.7,1942.0,325.37,0.4059,0.5142,0.08291,47.95,68.18,6.951,27.22,,28.994,
2022-05-26,29194.0,1791.02,302.65,0.3918,0.4785,0.07778,43.41,63.35,6.565,23.4,,27.505,
2022-05-27,28623.2,1726.55,301.36,0.3818,0.4563,0.0815,41.15,61.55,6.283,22.55,,26.393,
2022-05-28,29018.8,1791.74,307.26,0.386,0.4641,0.08179,44.22,63.0,6.564,24.74,,27.083,
2022-05-29,29452.8,1812.45,305.67,0.3888,0.4816,0.08267,44.95,63.61,6.709,26.14,,27.267,
2022-05-30,31726.5,1997.87,321.57,0.4186,0.5697,0.08795,47.21,69.09,7.452,27.68,,29.146,
2022-05-31,31797.8,1941.68,320.86,0.4213,0.6264,0.08588,45.76,68.36,7.587,26.41,,28.936,
2022-06-01,29796.9,1817.1,300.25,0.3977,0.5512,0.081,40.09,62.66,6.926,23.68,,26.874,
2022-06-02,30437.1,1833.37,308.18,0.405,0.5867,0.08272,40.84,64.39,7.192,24.62,,27.131,
2022-06-03,29682.8,1774.15,298.36,0.3901,0.5596,0.08026,38.24,62.58,6.85,22.98,,25.959,
2022-06-04,29848.4,1803.71,301.21,0.3923,0.5662,0.08184,38.99,63.71,7.406,24.56,,25.963,
2022-06-05,29909.9,1805.39,298.95,0.3951,0.5671,0.081,38.51,63.1,7.642,24.16,,26.13,
2022-06-06,31361.2,1859.11,294.77,0.4023,0.6087,0.08245,42.35,64.4,7.972,25.97,,27.347,
2022-06-07,31118.1,1812.61,290.15,0.4073,0.6138,0.08031,39.28,63.78,8.704,24.58,,27.036,
2022-06-08,30192.5,1791.02,288.26,0.4003,0.6404,0.07923,38.8,61.34,8.7,24.49,,28.074,
2022-06-09,30093.3,1788.03,289.64,0.4,0.6319,0.07931,39.95,60.17,9.265,24.41,,28.524,
2022-06-10,29077.7,1661.95,286.07,0.3811,0.5738,0.07533,37.12,56.63,8.033,22.06,,27.563,
2022-06-11,28416.7,1532.19,269.67,0.3596,0.5537,0.06986,33.91,52.14,7.04,19.89,,27.453,
2022-06-12,26564.7,1434.35,254.55,0.343,0.4896,0.06344,30.56,47.88,6.264,17.27,,27.867,
2022-06-13,22471.5,1209.04,222.84,0.3115,0.4638,0.05415,28.58,43.44,5.922,16.1,,24.495,
2022-06-14,22122.7,1208.32,222.98,0.3212,0.4828,0.05553,29.56,46.13,6.726,16.53,,23.965,
2022-06-15,22567.5,1236.49,233.51,0.3433,0.5345,0.06283,34.72,50.63,7.319,18.28,,25.526,
2022-06-16,20387.4,1067.77,210.13,0.3129,0.4757,0.05519,30.1,44.76,6.355,15.78,,23.268,
2022-06-17,20457.3,1085.99,215.64,0.3208,0.4869,0.05688,30.7,47.56,6.357,15.97,,24.329,
2022-06-18,18959.7,994.09,196.8,0.3072,0.4545,0.05287,31.98,47.11,5.921,14.81,,22.792,
2022-06-19,20564.2,1127.88,214.86,0.3262,0.4847,0.06043,34.16,54.26,6.601,16.16,,25.02,
2022-06-20,20570.1,1127.83,216.37,0.3225,0.4914,0.06,35.22,52.73,6.98,17.09,,26.659,
2022-06-21,20713.1,1125.47,219.9,0.329,0.481,0.06577,36.39,53.5,6.854,16.89,,27.37,
2022-06-22,19977.4,1049.4,214.02,0.3222,0.4589,0.06164,34.11,52.11,6.62,16.07,,25.139,
2022-06-23,21096.6,1143.71,228.65,0.3355,0.4796,0.06394,38.15,55.71,6.985,18.27,,26.309,
2022-06-24,21231.2,1224.42,240.03,0.3668,0.498,0.0669,41.89,55.8,7.259,20.48,,26.709,
2022-06-25,21481.9,1241.6,239.49,0.3674,0.4982,0.06849,42.21,58.87,7.259,21.35,,27.905,
2022-06-26,21029.1,1197.21,233.8,0.3589,0.4895,0.07292,39.36,56.56,6.693,19.72,,27.138,
2022-06-27,20730.0,1191.9,233.62,0.3535,0.4852,0.07212,38.5,55.86,6.553,19.33,,27.162,
2022-06-28,20268.6,1143.5,226.8,0.3372,0.469,0.06604,35.32,52.67,6.314,18.1,,25.603,
2022-06-29,20109.9,1099.32,219.55,0.3293,0.4657,0.06952,34.02,53.65,6.233,17.78,,24.845,
2022-06-30,19923.5,1070.85,219.42,0.3318,0.4594,0.06636,33.73,53.8,6.27,16.97,,24.587,
2022-07-01,19272.0,1059.24,216.65,0.3138,0.4485,0.06642,32.83,51.16,6.075,16.11,,24.577,
2022-07-02,19240.9,1066.53,218.14,0.3155,0.4555,0.06661,33.34,50.51,6.22,16.31,,24.602,
2022-07-03,19305.9,1073.9,218.97,0.3214,0.4559,0.06716,33.37,50.92,6.216,16.63,,24.352,
2022-07-04,20226.6,1150.23,231.4,0.3284,0.4693,0.06935,36.71,52.23,6.429,17.91,,25.895,
2022-07-05,20170.0,1131.8,230.53,0.3249,0.4568,0.06711,35.37,49.67,6.305,18.01,,25.113,
2022-07-06,20554.1,1186.37,238.36,0.3321,0.462,0.06838,37.01,50.32,6.335,19.16,,26.244,
2022-07-07,21613.4,1236.92,241.24,0.3419,0.4773,0.07051,38.44,52.13,6.635,20.18,,27.415,
2022-07-08,21587.9,1213.53,240.45,0.3399,0.4656,0.06902,38.1,51.3,6.349,19.69,,27.341,
2022-07-09,21580.0,1216.48,243.09,0.3444,0.4777,0.06943,38.02,54.05,6.481,19.87,,27.09,
2022-07-10,20853.8,1167.81,234.57,0.3253,0.4621,0.06723,36.7,52.09,6.19,19.14,,25.855,
2022-07-11,19954.3,1095.95,225.43,0.3147,0.4344,0.0617,33.39,48.65,6.039,17.32,,24.951,
2022-07-12,19322.9,1037.88,220.33,0.3114,0.4167,0.05974,32.65,47.28,5.945,16.74,,23.825,
2022-07-13,20220.1,1114.19,230.28,0.3235,0.4379,0.06188,34.93,49.5,6.17,18.82,,24.971,
2022-07-14,20578.6,1193.01,238.46,0.3336,0.4414,0.06242,37.12,51.29,6.271,19.75,,25.87,
2022-07-15,20823.1,1230.58,238.46,0.3339,0.4417,0.06288,37.35,51.75,6.321,19.35,,26.749,
2022-07-16,21183.5,1355.37,249.75,0.3503,0.4577,0.06436,39.57,55.06,6.594,21.25,,27.984,
2022-07-17,20794.4,1338.27,247.63,0.3431,0.4475,0.06303,38.58,55.75,6.345,20.61,,27.609,
2022-07-18,22423.9,1580.12,263.96,0.3649,0.49,0.06753,43.53,58.55,7.033,23.96,,29.845,
2022-07-19,23385.9,1541.39,268.54,0.3726,0.5149,0.06899,44.86,57.87,7.249,24.71,,29.111,
2022-07-20,23221.5,1521.34,258.11,0.3631,0.4907,0.07012,42.02,57.16,6.862,23.59,,28.745,
2022-07-21,23144.5,1575.39,265.49,0.3666,0.4992,0.06995,43.11,57.99,6.989,24.99,,29.466,
2022-07-22,22675.1,1534.53,262.28,0.3576,0.4825,0.06739,40.49,56.05,6.78,23.61,,28.896,
2022-07-23,22440.2,1548.01,258.9,0.3588,0.5168,0.06798,39.95,56.28,6.841,23.58,,28.472,
2022-07-24,22570.6,1597.77,261.19,0.3584,0.5119,0.06752,40.91,58.33,7.091,23.77,,29.092,
2022-07-25,21300.0,1440.4,244.5,0.3358,0.4747,0.06187,36.64,53.93,6.425,20.9,,26.986,
2022-07-26,21241.0,1448.27,249.31,0.3369,0.4674,0.06246,36.22,53.84,6.337,20.69,,27.049,
2022-07-27,22941.1,1635.45,271.54,0.3592,0.511,0.06716,40.21,58.98,6.853,23.39,,29.414,
2022-07-28,23836.2,1723.82,277.1,0.3734,0.5128,0.0691,42.9,63.4,7.216,24.19,,30.239,
2022-07-29,23771.1,1721.85,293.9,0.3677,0.5217,0.0688,41.9,60.61,7.882,24.47,,31.103,
2022-07-30,23629.9,1696.68,287.76,0.3879,0.5263,0.06962,43.83,60.4,7.819,24.22,,31.099,
2022-07-31,23290.1,1677.63,283.31,0.3789,0.5158,0.06805,42.32,59.71,7.65,23.69,,30.364,
2022-08-01,23257.6,1629.45,283.12,0.3787,0.5122,0.06842,41.61,59.43,7.567,23.57,,30.733,
2022-08-02,22975.1,1629.97,283.66,0.3712,0.4959,0.06646,39.73,58.04,7.173,22.81,,29.4,
2022-08-03,22801.5,1617.37,297.53,0.3692,0.5001,0.06616,38.52,57.7,7.277,23.02,,29.065,
2022-08-04,22608.9,1607.2,311.71,0.3709,0.4993,0.06723,38.81,59.61,7.359,23.35,,29.141,
2022-08-05,23298.1,1737.13,315.7,0.3761,0.5173,0.0698,40.55,62.45,7.874,24.95,,30.738,
2022-08-06,22943.3,1689.85,315.14,0.3711,0.5111,0.06863,40.04,60.8,7.788,26.64,,30.374,
2022-08-07,23167.8,1699.25,322.77,0.3719,0.5272,0.0689,40.59,61.06,8.341,27.87,,30.674,
2022-08-08,23804.4,1776.09,324.55,0.3785,0.5366,0.07008,42.15,62.57,8.604,27.91,,31.468,
2022-08-09,23140.2,1702.04,324.3,0.3671,0.5124,0.06899,40.3,59.11,8.738,27.39,,29.853,
2022-08-10,23940.9,1853.24,328.66,0.3813,0.5372,0.07126,42.45,61.57,9.05,29.16,,31.35,
2022-08-11,23917.2,1879.35,323.29,0.38,0.5303,0.07082,42.75,61.82,8.957,28.51,,30.512,
2022-08-12,24387.5,1957.4,327.88,0.3794,0.54,0.0723,45.46,62.84,9.317,29.32,,31.21,
2022-08-13,24429.0,1982.8,324.0,0.3776,0.5591,0.0729,46.57,63.76,9.141,29.15,,31.302,
2022-08-14,24294.1,1934.55,317.6,0.3754,0.5693,0.08163,44.86,63.09,8.764,28.17,,30.844,
2022-08-15,24085.2,1898.56,319.31,0.375,0.5497,0.0766,43.7,60.62,8.641,27.87,,30.83,
2022-08-16,23843.0,1875.78,315.94,0.3768,0.5565,0.08672,43.06,61.28,8.444,27.09,,30.637,
2022-08-17,23333.1,1833.55,306.75,0.3794,0.5382,0.08019,40.51,60.49,8.057,25.54,,30.099,
2022-08-18,23185.1,1845.86,297.96,0.37,0.5115,0.07469,39.48,59.98,7.644,24.18,,29.899,
2022-08-19,20824.9,1608.29,278.99,0.3341,0.4496,0.06771,35.79,53.95,6.894,22.42,,26.414,
2022-08-20,21127.8,1574.93,283.41,0.3364,0.4502,0.06929,35.25,54.07,6.893,22.28,,26.654,
2022-08-21,21505.6,1617.17,301.61,0.3445,0.4622,0.06926,36.45,55.62,7.076,22.95,,27.703,
2022-08-22,21387.0,1624.02,299.82,0.3436,0.4612,0.06838,35.39,57.19,7.036,22.55,,27.706,
2022-08-23,21518.2,1664.19,299.14,0.3471,0.4653,0.06881,35.66,57.05,7.236,23.5,,27.764,
2022-08-24,21354.9,1655.71,296.06,0.3454,0.4574,0.06786,34.85,56.41,7.119,22.99,,27.552,
2022-08-25,21548.3,1694.16,301.0,0.3486,0.4642,0.06892,35.22,56.6,7.12,22.97,,27.924,
2022-08-26,20228.7,1507.23,279.3,0.3391,0.4311,0.06346,31.68,52.64,6.497,20.64,,25.934,
2022-08-27,20023.9,1490.0,277.66,0.3344,0.4495,0.06347,31.5,52.96,6.526,20.03,,25.787,
2022-08-28,19547.5,1426.3,276.23,0.3223,0.4288,0.06172,30.38,53.38,6.25,18.51,,25.338,
2022-08-29,20275.5,1550.67,285.61,0.3335,0.45,0.0638,32.39,55.75,6.693,19.3,,27.329,
2022-08-30,19803.1,1523.48,281.42,0.3266,0.4528,0.06149,31.47,52.97,6.555,19.39,,26.597,
2022-08-31,20041.5,1553.04,278.99,0.3273,0.4457,0.06129,31.46,53.8,6.62,19.12,,26.706,
2022-09-01,20122.5,1585.4,278.18,0.3329,0.4572,0.06236,31.59,57.55,6.92,19.31,,26.89,
2022-09-02,19941.0,1574.49,277.22,0.3311,0.454,0.0616,31.21,60.96,6.922,18.83,,26.291,
2022-09-03,19820.7,1556.41,277.64,0.3294,0.4799,0.06268,31.1,60.11,6.852,18.87,,26.196,
2022-09-04,19992.7,1578.14,278.98,0.3315,0.5033,0.0632,32.15,60.86,7.149,19.0,,26.395,
2022-09-05,19784.9,1616.92,276.7,0.3327,0.4983,0.06272,32.15,60.36,7.371,19.44,,26.593,
2022-09-06,18781.5,1558.23,262.24,0.321,0.4624,0.05885,30.87,54.09,6.652,18.19,,25.626,
2022-09-07,19287.0,1629.35,278.95,0.3367,0.4784,0.06094,32.68,57.29,7.081,18.99,,25.985,
2022-09-08,19309.3,1634.22,280.41,0.3394,0.479,0.06094,33.6,57.93,7.401,19.13,,26.02,
2022-09-09,21352.0,1717.48,293.14,0.3565,0.502,0.06383,34.66,61.09,7.736,20.38,,27.192,
2022-09-10,21639.5,1773.05,296.47,0.3572,0.5117,0.06466,35.03,63.26,7.898,20.43,,27.685,
2022-09-11,21820.3,1765.01,295.07,0.3548,0.5095,0.06366,34.97,62.12,8.022,20.67,,27.871,
2022-09-12,22386.0,1715.14,293.81,0.3596,0.5013,0.06392,37.43,61.35,7.751,21.36,,28.446,
2022-09-13,20162.5,1571.9,277.23,0.3323,0.4632,0.0596,32.96,59.04,7.017,18.83,,25.869,
2022-09-14,20217.0,1635.39,279.14,0.3413,0.4805,0.06113,34.09,60.15,7.451,19.1,,25.485,
2022-09-15,19690.8,1471.93,270.95,0.326,0.4658,0.05856,33.05,56.31,7.56,18.18,,24.074,
2022-09-16,19792.5,1433.58,274.76,0.3551,0.4743,0.0604,32.24,55.91,7.653,18.04,,24.061,
2022-09-17,20102.0,1467.96,278.76,0.3761,0.4854,0.06215,33.66,57.79,8.085,18.46,,24.606,
2022-09-18,19404.5,1333.67,266.19,0.3576,0.4475,0.0574,31.07,52.6,7.518,16.69,,23.423,
2022-09-19,19528.6,1375.05,271.8,0.3844,0.4522,0.0585,32.62,52.84,7.296,17.26,,24.179,
2022-09-20,18866.8,1322.08,266.13,0.4135,0.4418,0.05835,31.4,52.29,6.882,16.65,,23.329,
2022-09-21,18447.5,1244.19,263.7,0.3932,0.4381,0.05711,30.63,51.02,6.673,16.51,,22.678,
2022-09-22,19392.5,1325.73,275.21,0.4857,0.4581,0.05956,32.41,53.52,7.118,17.66,,23.716,
2022-09-23,19280.7,1326.62,276.45,0.5063,0.4617,0.06334,33.66,55.2,7.445,17.96,,23.863,
2022-09-24,18911.0,1316.19,274.32,0.4877,0.4507,0.06304,33.36,53.37,7.625,17.59,,23.652,
2022-09-25,18799.7,1293.99,274.04,0.4912,0.4461,0.06113,32.31,52.49,7.86,17.31,,23.482,
2022-09-26,19216.3,1335.25,276.01,0.4679,0.447,0.0611,33.86,53.4,7.936,17.56,,24.191,
2022-09-27,19070.1,1327.19,272.03,0.4454,0.4409,0.06044,32.66,52.6,8.053,17.29,,23.591,
2022-09-28,19407.3,1336.43,281.47,0.4488,0.4359,0.06047,33.22,53.25,7.787,17.25,,24.077,
2022-09-29,19582.5,1334.8,284.04,0.4874,0.4379,0.06085,33.92,53.92,7.895,17.33,,24.297,
2022-09-30,19411.7,1327.78,284.65,0.4797,0.4346,0.06165,33.22,53.46,7.581,17.18,,24.233,
2022-10-01,19304.0,1311.31,282.8,0.4751,0.4298,0.06056,32.42,52.87,7.389,16.95,,24.266,
2022-10-02,19049.4,1275.96,284.63,0.4482,0.4192,0.05923,32.04,51.77,7.106,16.52,,24.025,
2022-10-03,19622.0,1322.59,286.83,0.4617,0.4274,0.06028,32.89,54.13,7.322,17.14,,24.733,
2022-10-04,20333.0,1360.73,296.0,0.4792,0.4352,0.06581,34.08,55.24,7.716,17.43,,25.098,
2022-10-05,20150.0,1351.61,293.98,0.4885,0.4307,0.06473,34.02,54.59,7.87,17.37,,24.741,
2022-10-06,19954.0,1351.5,286.76,0.4931,0.4285,0.06343,33.33,53.52,7.627,17.02,,24.486,
2022-10-07,19520.9,1330.41,282.16,0.5173,0.4238,0.06233,32.96,52.82,7.6,16.89,,24.456,
2022-10-08,19406.2,1314.74,276.23,0.5168,0.4217,0.06159,32.56,52.76,7.452,16.76,,24.102,
2022-10-09,19430.0,1322.61,278.2,0.5324,0.4228,0.06209,32.9,53.88,7.624,16.88,,24.13,
2022-10-10,19124.0,1289.56,271.47,0.4938,0.4007,0.05934,31.93,52.6,7.328,16.19,,23.525,
2022-10-11,19055.0,1279.68,271.4,0.4858,0.3905,0.06021,30.78,51.99,7.129,15.94,,23.235,
2022-10-12,19148.0,1294.02,270.8,0.4879,0.3809,0.05978,31.14,52.18,7.142,15.94,,23.335,
2022-10-13,19365.5,1286.38,271.4,0.4788,0.3764,0.05958,30.47,51.06,7.021,15.64,,23.423,
2022-10-14,19164.6,1295.35,269.3,0.488,0.3663,0.0586,29.97,51.26,6.883,15.66,,23.421,
2022-10-15,19060.4,1274.13,267.96,0.4817,0.3637,0.05853,29.58,50.36,6.879,15.42,,23.254,
2022-10-16,19251.9,1305.51,272.31,0.4762,0.3701,0.05886,30.14,51.39,7.164,15.73,,23.708,
2022-10-17,19540.6,1330.62,275.54,0.48,0.3721,0.05994,31.18,51.8,7.325,16.16,,24.123,
2022-10-18,19320.9,1309.93,272.99,0.4656,0.3621,0.05973,30.13,51.84,7.123,15.86,,23.574,
2022-10-19,19116.7,1284.45,271.78,0.45,0.3495,0.05862,28.84,50.89,6.768,15.04,,22.557,
2022-10-20,19034.7,1282.2,268.8,0.4462,0.3399,0.05939,28.0,51.19,6.655,15.13,,22.393,
2022-10-21,19150.9,1299.08,269.88,0.4611,0.3489,0.05931,28.08,51.6,6.806,15.67,,22.423,
2022-10-22,19195.1,1313.19,270.27,0.4651,0.3511,0.05966,27.98,52.14,6.866,15.66,,22.567,
2022-10-23,19560.7,1363.44,275.73,0.4687,0.3617,0.06035,29.25,53.99,7.064,16.31,,23.153,
2022-10-24,19318.1,1342.72,274.02,0.4527,0.3571,0.0594,28.28,52.49,6.902,15.74,,22.769,
2022-10-25,20068.3,1459.2,284.04,0.4603,0.3999,0.06299,30.85,55.91,7.057,16.621,,23.821,
2022-10-26,20758.3,1565.45,290.06,0.4686,0.4026,0.07262,31.27,56.34,7.153,16.992,,24.623,
2022-10-27,20285.5,1513.7,286.67,0.4612,0.388,0.07684,30.57,54.73,6.888,16.878,,24.234,
2022-10-28,20582.8,1553.79,297.85,0.4741,0.4042,0.08381,32.06,54.89,7.105,18.32,,24.746,
2022-10-29,20796.7,1618.82,304.42,0.4698,0.4199,0.12171,32.86,56.55,7.633,18.28,,25.408,
2022-10-30,20615.6,1589.89,313.42,0.4578,0.4054,0.11768,32.91,55.33,7.777,18.241,,25.637,
2022-10-31,20482.0,1572.01,325.59,0.4642,0.4053,0.12676,32.54,54.99,7.848,19.266,,26.073,
2022-11-01,20472.1,1577.88,323.67,0.4633,0.4009,0.142,32.18,55.06,7.68,18.614,,25.83,
2022-11-02,20140.1,1517.26,319.98,0.4494,0.3854,0.1276,30.79,60.91,7.428,17.902,,24.994,
2022-11-03,20199.7,1530.27,329.36,0.4546,0.389,0.1225,30.83,61.8,7.716,18.022,,24.334,
2022-11-04,21137.6,1644.09,354.36,0.506,0.4212,0.12603,33.72,67.55,8.712,19.375,,25.421,
2022-11-05,21289.9,1626.11,348.97,0.4929,0.4262,0.12438,36.89,69.21,8.661,19.593,,24.075,
2022-11-06,20900.0,1567.42,337.69,0.4706,0.4018,0.11466,32.6,68.19,8.096,18.219,,22.238,
2022-11-07,20578.6,1567.52,336.81,0.4644,0.4039,0.11116,29.59,67.38,8.948,18.065,,22.072,
2022-11-08,18534.0,1333.4,326.95,0.4054,0.372,0.08819,23.82,57.74,7.702,15.994,,5.472,
2022-11-09,15905.0,1101.49,266.52,0.3321,0.3171,0.07445,11.7,50.64,6.228,12.858,,1.7835,
2022-11-10,17588.0,1298.21,303.84,0.3941,0.3686,0.08972,17.615,60.53,7.204,15.403,,3.5056,
2022-11-11,17058.3,1288.64,290.08,0.3841,0.3555,0.08504,16.426,61.43,7.039,14.12,,2.6061,
2022-11-12,16806.9,1256.82,282.67,0.3634,0.3396,0.08809,14.56,59.91,6.278,13.086,,2.1028,
2022-11-13,16321.2,1220.78,276.41,0.3405,0.3296,0.08492,13.126,57.32,6.073,13.011,,1.4758,
2022-11-14,16605.2,1242.89,278.85,0.3772,0.3321,0.08591,13.999,56.64,6.285,13.127,,1.59,
2022-11-15,16888.3,1252.81,276.83,0.3885,0.3371,0.08702,14.303,57.98,6.417,13.505,,1.59,
2022-11-16,16650.6,1215.78,271.7,0.3749,0.3317,0.08543,14.257,57.45,6.174,13.04,,1.59,
2022-11-17,16682.1,1199.7,267.82,0.3817,0.3249,0.08461,13.62,62.5,6.223,12.859,,1.59,
2022-11-18,16689.7,1212.04,273.89,0.3827,0.3256,0.08469,13.257,62.6,6.178,12.986,,1.59,
2022-11-19,16692.9,1216.91,272.33,0.3839,0.3279,0.08449,12.837,63.93,6.141,12.88,,1.59,
2022-11-20,16272.6,1141.57,264.11,0.3607,0.3119,0.07701,12.251,62.06,5.76,12.177,,1.59,
2022-11-21,15773.0,1106.95,253.92,0.3643,0.3044,0.07464,11.825,61.29,5.87,11.806,,1.59,
2022-11-22,16220.6,1139.11,266.62,0.3756,0.3124,0.07872,12.427,70.6,6.419,12.341,,1.59,
2022-11-23,16595.8,1183.83,298.49,0.3813,0.3183,0.08193,14.331,78.96,6.701,13.049,,1.59,
2022-11-24,16592.4,1202.92,299.86,0.4017,0.3162,0.08141,14.591,78.64,6.825,12.939,,1.59,
2022-11-25,16516.1,1198.55,300.43,0.4076,0.3145,0.08943,14.015,74.04,6.843,12.813,,1.59,
2022-11-26,16449.2,1204.84,310.95,0.3958,0.3136,0.08886,14.133,76.43,7.152,12.762,,1.59,
2022-11-27,16422.6,1193.26,307.36,0.3961,0.3125,0.09864,14.099,74.88,6.9,12.855,,1.59,
2022-11-28,16204.5,1167.21,293.16,0.3884,0.3064,0.09507,13.313,73.9,7.19,12.441,,1.59,
2022-11-29,16433.2,1215.74,295.13,0.3977,0.309,0.10141,13.336,75.76,7.313,12.456,,1.59,
2022-11-30,17153.3,1294.02,300.11,0.4074,0.3186,0.10671,14.162,79.11,7.666,13.131,,1.59,
2022-12-01,16970.5,1275.7,292.3,0.3966,0.3143,0.10168,13.489,77.55,7.678,12.896,,1.59,
2022-12-02,17083.0,1295.0,293.49,0.3957,0.319,0.10202,13.703,77.86,7.604,13.574,,1.59,
2022-12-03,16879.5,1239.76,290.35,0.3868,0.3194,0.09965,13.289,76.42,7.233,13.403,,1.59,
2022-12-04,17099.5,1278.82,291.95,0.3893,0.322,0.10398,13.7,77.04,7.439,13.919,,1.59,
2022-12-05,16958.3,1258.66,288.39,0.389,0.3192,0.10143,13.81,80.15,7.27,13.599,,1.59,
2022-12-06,17078.6,1270.72,290.21,0.3911,0.3179,0.10012,14.281,79.84,7.126,13.662,,1.59,
2022-12-07,16828.0,1230.83,284.02,0.383,0.31,0.0957,13.487,76.85,6.877,13.259,,1.59,
2022-12-08,17216.0,1279.73,290.34,0.3938,0.3143,0.09843,13.67,78.22,6.997,13.405,,1.59,
2022-12-09,17122.0,1262.31,285.91,0.3886,0.3116,0.09666,13.579,76.29,6.859,13.451,,1.59,
2022-12-10,17120.0,1265.88,288.03,0.3861,0.3123,0.09627,13.56,76.3,6.852,13.478,,1.59,
2022-12-11,17077.3,1262.43,284.38,0.3806,0.3071,0.09262,13.406,76.46,6.694,12.972,,1.59,
2022-12-12,17200.0,1274.88,276.14,0.387,0.3067,0.09022,13.304,76.18,6.696,12.996,,1.59,
2022-12-13,17777.1,1321.06,272.34,0.395,0.3141,0.091,13.894,77.37,6.924,13.75,,1.59,
2022-12-14,17803.9,1307.76,267.7,0.3849,0.3078,0.08821,14.12,75.32,6.716,13.71,,1.59,
2022-12-15,17351.8,1266.26,258.85,0.3776,0.3001,0.0848,14.044,72.41,6.451,13.17,,1.59,
2022-12-16,16624.1,1166.2,230.74,0.3508,0.2631,0.07565,12.239,66.21,5.889,11.828,,1.59,
2022-12-17,16768.0,1186.45,241.75,0.3542,0.2669,0.07913,12.489,64.85,6.025,11.943,,1.59,
2022-12-18,16730.3,1182.45,250.78,0.3495,0.2658,0.07843,12.369,64.37,5.948,11.92,,1.59,
2022-12-19,16429.2,1167.21,240.23,0.3385,0.2528,0.0713,11.93,63.32,5.786,11.383,,1.59,
2022-12-20,16887.2,1216.21,251.09,0.3482,0.2585,0.07478,12.247,65.5,6.01,11.939,,1.59,
2022-12-21,16819.6,1213.21,246.07,0.3445,0.2533,0.07366,12.127,65.36,5.984,11.698,,1.59,
2022-12-22,16815.5,1217.39,245.69,0.3489,0.2566,0.07682,11.814,66.16,6.003,11.847,,1.59,
2022-12-23,16776.4,1219.5,245.95,0.354,0.2594,0.07715,11.772,65.71,5.936,11.775,,1.59,
2022-12-24,16828.9,1219.96,244.31,0.3515,0.2589,0.07747,11.423,65.73,5.913,11.67,,1.59,
2022-12-25,16824.4,1217.96,243.11,0.3455,0.2589,0.07595,11.373,69.11,5.984,11.673,,1.59,
2022-12-26,16912.9,1227.57,244.26,0.3655,0.2652,0.07566,11.325,70.73,6.045,11.707,,1.59,
2022-12-27,16698.2,1211.29,246.52,0.3674,0.2602,0.07368,11.087,68.62,5.9,11.641,,1.59,
2022-12-28,16539.0,1189.93,244.42,0.3556,0.248,0.07034,9.749,66.27,5.673,11.204,,1.59,
2022-12-29,16630.3,1200.35,246.12,0.342,0.2436,0.07089,9.614,66.62,5.597,10.967,,1.59,
2022-12-30,16601.2,1199.66,245.74,0.3447,0.2457,0.06837,9.877,67.92,5.474,10.869,,1.59,
2022-12-31,16537.6,1196.1,246.11,0.3388,0.2456,0.07021,9.968,70.15,5.573,10.903,,1.59,
2023-01-01,16610.3,1199.96,244.36,0.3385,0.2498,0.0702,9.977,70.88,5.626,10.86,,1.59,
2023-01-02,16666.0,1213.23,245.07,0.3479,0.2535,0.07135,11.259,74.69,5.689,11.162,,1.59,
2023-01-03,16667.2,1214.23,245.97,0.3434,0.2526,0.07046,13.326,75.53,5.618,11.377,,1.59,
2023-01-04,16842.1,1256.39,258.54,0.347,0.2675,0.07308,13.405,75.42,5.805,12.072,,1.59,
2023-01-05,16823.8,1251.08,256.44,0.3377,0.2691,0.07148,13.418,74.21,5.657,11.743,,1.59,
2023-01-06,16943.8,1268.54,259.69,0.344,0.2784,0.07238,13.483,75.89,5.71,11.772,,1.59,
2023-01-07,16936.5,1263.65,261.11,0.3441,0.2766,0.07218,13.087,76.36,5.827,11.74,,1.59,
2023-01-08,17124.7,1289.65,274.7,0.3451,0.2975,0.07361,14.465,78.7,5.962,12.086,,1.59,
2023-01-09,17169.7,1320.32,272.44,0.3486,0.3168,0.07566,16.253,81.66,6.063,12.178,,1.59,
2023-01-10,17428.8,1335.3,277.02,0.3507,0.3223,0.07785,16.191,80.92,6.165,12.73,,1.59,
2023-01-11,17935.7,1389.26,284.74,0.3727,0.323,0.07814,16.355,84.09,6.281,15.838,,1.59,
2023-01-12,18838.0,1415.84,287.52,0.3746,0.3293,0.08026,16.584,86.08,6.384,15.446,,1.59,
2023-01-13,19924.2,1450.94,293.67,0.3856,0.3455,0.08453,18.289,86.24,6.606,15.956,,1.59,
2023-01-14,20962.8,1550.27,305.25,0.3952,0.3525,0.08732,24.283,87.92,6.86,16.941,,1.59,
2023-01-15,20882.7,1553.47,302.2,0.3845,0.351,0.08615,22.903,87.45,6.701,16.817,,1.59,
2023-01-16,21188.3,1577.11,299.02,0.3854,0.3503,0.08372,23.601,85.95,6.672,16.762,,1.59,
2023-01-17,21130.9,1565.84,299.28,0.3868,0.3455,0.08284,22.855,87.05,6.811,17.131,,1.59,
2023-01-18,20680.0,1511.66,286.44,0.378,0.3265,0.07998,20.804,82.64,6.331,15.823,,1.59,
2023-01-19,21068.3,1551.11,294.4,0.3927,0.338,0.0816,21.408,84.19,6.508,16.179,,1.59,
2023-01-20,22661.1,1659.01,305.24,0.4125,0.365,0.08623,25.513,90.29,6.947,17.496,,1.59,
2023-01-21,22781.9,1627.63,299.12,0.4032,0.3687,0.08472,24.564,87.97,6.858,16.887,,1.59,
2023-01-22,22704.6,1628.14,303.19,0.4002,0.3764,0.08828,24.195,87.6,6.986,17.35,,1.59,
2023-01-23,22913.1,1626.9,305.36,0.4234,0.375,0.0886,24.347,90.0,7.019,17.998,,1.59,
2023-01-24,22627.4,1555.99,300.32,0.4075,0.3587,0.0839,22.77,87.18,6.658,16.995,,1.59,
2023-01-25,23060.6,1611.41,306.84,0.4169,0.3733,0.08659,24.534,89.43,6.957,17.8,,1.59,
2023-01-26,23001.9,1600.69,304.68,0.409,0.3796,0.08638,24.345,87.51,7.173,18.1,,1.59,
2023-01-27,23068.0,1597.08,308.07,0.4128,0.39,0.08729,24.441,88.95,7.386,21.221,,1.59,
2023-01-28,23015.9,1571.52,306.08,0.4075,0.3818,0.08774,24.002,89.71,7.213,20.539,,1.59,
2023-01-29,23740.3,1645.67,317.12,0.4133,0.3977,0.09017,26.09,94.94,7.375,20.99,,1.59,
2023-01-30,22819.9,1565.92,307.18,0.3932,0.3723,0.08831,23.957,91.31,6.916,19.75,,1.59,
2023-01-31,23119.4,1585.02,312.15,0.4056,0.3901,0.09617,23.913,94.11,6.95,19.807,,1.59,
2023-02-01,23730.0,1641.8,317.2,0.4132,0.397,0.09412,25.011,100.44,7.221,20.966,,1.59,
2023-02-02,23493.1,1643.81,323.72,0.4099,0.3983,0.09102,24.315,98.72,7.106,21.218,,1.59,
2023-02-03,23424.7,1663.68,332.38,0.4117,0.404,0.09301,24.683,99.94,7.298,21.375,,1.59,
2023-02-04,23322.6,1666.44,330.41,0.4106,0.3993,0.09574,24.318,98.51,7.242,21.032,,1.59,
2023-02-05,22929.2,1628.98,327.94,0.3983,0.3922,0.09204,23.464,96.63,6.984,20.089,,1.59,
2023-02-06,22757.7,1613.9,324.57,0.392,0.382,0.08954,22.635,95.97,6.831,19.574,,1.59,
2023-02-07,23234.1,1670.51,333.15,0.4036,0.3989,0.09253,23.817,100.9,7.199,20.851,,1.59,
2023-02-08,22955.9,1650.26,328.28,0.3977,0.3944,0.09017,23.21,99.19,7.137,20.11,,1.59,
2023-02-09,21793.4,1544.68,305.91,0.3816,0.362,0.08144,20.482,92.01,6.982,17.891,,1.59,
2023-02-10,21618.6,1512.26,305.52,0.3815,0.3577,0.0808,20.088,93.31,6.886,17.769,,1.59,
2023-02-11,21851.3,1537.65,310.22,0.383,0.3683,0.08222,20.782,94.24,6.997,17.995,,1.59,
2023-02-12,21771.1,1514.49,312.26,0.3744,0.3641,0.08211,21.483,92.43,6.806,17.766,,1.59,
2023-02-13,21766.2,1504.85,294.04,0.3704,0.3589,0.08202,20.748,90.98,6.665,17.616,,1.59,
2023-02-14,22187.4,1554.94,296.06,0.3818,0.3867,0.08358,21.836,95.76,6.805,18.141,,1.59,
2023-02-15,24332.6,1675.0,317.26,0.4012,0.4193,0.08925,23.862,102.82,7.281,19.957,,1.59,
2023-02-16,23526.6,1639.0,304.07,0.3839,0.3875,0.0849,22.257,98.6,7.013,18.595,,1.59,
2023-02-17,24581.5,1694.12,312.94,0.395,0.4033,0.08777,23.146,100.21,7.652,19.456,,1.59,
2023-02-18,24636.9,1691.66,316.21,0.394,0.4061,0.08888,23.464,99.72,7.995,19.56,,1.59,
2023-02-19,24265.9,1680.31,311.25,0.3859,0.3994,0.08704,24.853,97.44,8.017,19.83,,1.59,
2023-02-20,24849.9,1703.7,315.28,0.3986,0.404,0.08835,26.291,95.96,8.018,20.847,,1.59,
2023-02-21,24443.4,1659.2,311.4,0.3918,0.3925,0.08546,24.983,93.81,7.642,20.995,,1.59,
2023-02-22,24171.3,1642.01,312.39,0.3953,0.3889,0.0855,24.145,95.22,7.716,20.311,,1.59,
2023-02-23,23928.8,1649.69,308.2,0.3881,0.3822,0.08423,23.909,94.59,7.94,19.718,,1.59,
2023-02-24,23175.6,1607.12,302.11,0.3781,0.3656,0.08088,23.06,91.51,7.462,18.38,,1.59,
2023-02-25,23146.2,1593.59,302.18,0.3775,0.3617,0.08071,22.359,93.1,7.368,17.931,,1.59,
2023-02-26,23545.3,1640.49,308.42,0.3776,0.3688,0.08213,23.238,95.23,7.489,18.421,,1.59,
2023-02-27,23480.0,1632.6,304.5,0.3783,0.3646,0.08134,22.665,94.02,7.27,17.917,,1.59,
2023-02-28,23129.6,1604.72,301.18,0.376,0.3516,0.08083,21.875,93.76,7.192,17.08,,1.59,
2023-03-01,23619.8,1664.46,302.48,0.3834,0.3599,0.0819,22.499,97.74,7.533,17.765,,1.59,
2023-03-02,23457.1,1647.29,299.79,0.3771,0.3502,0.08056,21.991,95.32,7.272,17.464,,1.59,
2023-03-03,22342.8,1568.86,290.34,0.377,0.3428,0.07682,21.404,90.51,6.954,16.655,,1.59,
2023-03-04,22335.7,1566.05,289.45,0.3733,0.3364,0.07458,20.977,89.29,6.855,16.134,,1.59,
2023-03-05,22419.4,1564.06,288.58,0.3666,0.3367,0.07471,20.96,89.9,6.943,16.138,,1.59,
2023-03-06,22397.1,1565.17,287.63,0.3694,0.3302,0.07476,20.622,87.3,6.853,16.505,,1.59,
2023-03-07,22187.1,1561.29,289.14,0.3799,0.3303,0.07404,20.233,86.27,6.881,16.165,,1.59,
2023-03-08,21695.4,1531.82,286.9,0.3888,0.3175,0.07108,18.413,82.72,6.574,15.102,,1.59,
2023-03-09,20348.3,1436.42,276.89,0.3705,0.3097,0.0659,17.318,76.62,6.155,14.401,,1.59,
2023-03-10,20140.3,1425.79,277.04,0.3697,0.3146,0.06567,18.15,71.36,6.209,14.782,,1.59,
2023-03-11,20447.3,1471.03,275.82,0.3635,0.3049,0.06601,18.061,69.16,6.158,14.509,,1.59,
2023-03-12,21986.2,1579.26,288.04,0.371,0.33,0.0705,20.193,76.31,6.552,16.176,,1.59,0.9845
2023-03-13,24119.5,1673.9,307.93,0.3722,0.3433,0.07276,20.399,81.49,6.76,16.461,,1.59,0.99519
2023-03-14,24682.5,1699.93,308.67,0.3724,0.3431,0.07461,20.87,83.97,6.962,17.148,,1.59,0.99623
2023-03-15,24288.0,1649.81,306.43,0.3588,0.324,0.0696,19.24,76.4,6.543,15.55,,1.59,0.99615
2023-03-16,24990.4,1672.56,329.05,0.3644,0.3246,0.07253,19.662,78.82,6.652,15.819,,1.59,0.99683
2023-03-17,27384.0,1789.21,338.63,0.3799,0.3494,0.07642,21.598,85.47,7.206,17.648,,1.59,0.99725
2023-03-18,26907.0,1758.52,330.82,0.3739,0.3371,0.07294,21.213,83.01,6.922,16.99,,1.59,0.99657
2023-03-19,27955.7,1779.99,335.81,0.386,0.3447,0.0745,21.864,83.98,7.081,17.533,,1.59,0.99634
2023-03-20,27704.1,1731.71,332.08,0.3733,0.332,0.07133,22.121,78.04,7.047,16.631,,1.59,0.99591
2023-03-21,28091.1,1800.14,334.52,0.4694,0.3694,0.0766,22.526,82.45,7.373,17.434,,1.59,0.99645
2023-03-22,27233.8,1733.61,321.06,0.4212,0.3595,0.07382,21.404,87.24,7.17,16.735,,1.59,0.99663
2023-03-23,28284.1,1813.27,329.08,0.4435,0.3715,0.07733,22.157,93.56,7.603,17.536,,1.59,0.99732
2023-03-24,27438.9,1748.77,321.8,0.4256,0.3596,0.07448,20.649,93.51,7.189,16.952,,1.59,0.99826
2023-03-25,27447.3,1741.02,322.11,0.4427,0.351,0.07398,20.394,91.43,7.072,16.882,,1.59,0.99856
2023-03-26,27954.3,1772.63,328.28,0.4477,0.3555,0.07431,20.931,93.27,7.256,17.101,,1.59,0.99851
2023-03-27,27112.0,1714.35,310.2,0.4786,0.3452,0.07284,19.887,89.17,6.864,16.479,,1.59,0.99884
2023-03-28,27249.7,1772.09,313.17,0.5145,0.3679,0.07378,20.439,89.06,6.945,16.708,,1.59,0.9989
2023-03-29,28338.5,1791.89,313.62,0.5421,0.3809,0.07553,21.086,91.25,7.381,17.31,,1.59,0.99918
2023-03-30,28015.0,1792.77,316.05,0.5316,0.3758,0.07417,20.543,89.02,7.225,17.228,,1.59,0.99942
2023-03-31,28454.9,1820.81,316.74,0.5374,0.399,0.0769,21.161,89.54,7.584,17.7,,1.59,0.9992
2023-04-01,28443.8,1819.82,314.72,0.5092,0.3919,0.08183,21.079,92.51,7.545,17.788,,1.59,0.9988
2023-04-02,28161.2,1793.56,313.57,0.5177,0.3813,0.079,20.509,92.75,7.248,17.239,,1.59,0.99886
2023-04-03,27786.1,1809.68,308.47,0.4957,0.387,0.09596,20.444,92.93,7.239,17.095,,1.59,0.99918
2023-04-04,28155.2,1869.11,310.73,0.5026,0.3892,0.09514,20.905,92.51,7.367,17.652,,1.59,0.99908
2023-04-05,28154.0,1907.48,313.85,0.5052,0.3921,0.09269,20.957,92.57,7.316,17.99,,1.59,0.99917
2023-04-06,28022.8,1871.33,312.04,0.5027,0.3829,0.08539,20.608,90.92,7.195,17.958,,1.59,0.99896
2023-04-07,27890.7,1862.87,310.27,0.5123,0.3832,0.08217,20.433,90.56,7.262,17.594,,1.59,0.99873
2023-04-08,27924.9,1848.02,310.37,0.5045,0.385,0.0813,20.025,89.86,7.124,17.445,,1.59,0.99896
2023-04-09,28309.4,1857.84,312.6,0.505,0.3891,0.08313,20.278,90.52,7.198,17.527,,1.59,0.99886
2023-04-10,29623.1,1908.9,318.5,0.5173,0.397,0.08471,20.893,93.75,7.34,17.934,,1.59,0.99889
2023-04-11,30185.1,1888.89,322.57,0.5163,0.4012,0.08406,22.999,94.17,7.297,18.135,,1.59,0.99856
2023-04-12,29875.0,1916.86,320.02,0.5046,0.4047,0.08343,23.798,92.03,7.229,18.256,,1.59,0.99877
2023-04-13,30362.7,2011.8,324.84,0.5121,0.4251,0.08731,24.424,94.14,7.457,18.835,,1.59,0.99847
2023-04-14,30453.1,2099.77,328.82,0.5227,0.4378,0.08869,24.721,96.36,7.745,19.226,,1.59,0.99848
2023-04-15,30280.4,2091.2,333.33,0.5195,0.4525,0.08891,24.057,96.73,8.013,19.102,,1.59,0.99855
2023-04-16,30286.6,2118.09,347.85,0.5207,0.4514,0.09045,25.352,100.11,8.142,20.188,,1.59,0.99879
2023-04-17,29420.0,2074.49,340.25,0.5108,0.4345,0.09141,24.59,98.9,8.166,20.54,,1.59,0.99866
2023-04-18,30365.8,2103.29,343.27,0.5327,0.4434,0.09415,24.829,101.94,8.584,21.211,,1.59,0.99919
2023-04-19,28795.1,1932.83,322.37,0.4908,0.4162,0.08782,22.655,90.43,7.749,18.98,,1.59,0.9991
2023-04-20,28229.9,1942.11,317.99,0.4747,0.4005,0.08386,22.184,90.18,7.51,18.3,,1.59,0.9994
2023-04-21,27252.5,1848.0,321.08,0.4485,0.382,0.07837,21.247,85.29,7.108,16.922,,1.59,0.99957
2023-04-22,27807.2,1873.39,331.82,0.4717,0.3954,0.08025,21.782,86.95,7.169,17.206,,1.59,0.99939
2023-04-23,27576.0,1861.3,330.38,0.4642,0.3885,0.07873,21.461,86.72,7.08,16.832,,1.59,0.99951
2023-04-24,27497.5,1841.19,330.75,0.4606,0.3832,0.07869,21.373,88.25,7.065,16.913,,1.59,0.99939
2023-04-25,28286.7,1865.4,338.04,0.4694,0.3942,0.07974,21.924,90.98,7.271,17.619,,1.59,0.99923
2023-04-26,28395.9,1865.02,330.4,0.4611,0.401,0.07853,21.256,88.07,6.998,17.167,,1.59,0.99908
2023-04-27,29459.0,1907.67,330.4,0.4662,0.4096,0.0801,22.326,89.7,7.166,17.712,,1.59,0.99914
2023-04-28,29300.0,1890.13,323.81,0.4794,0.4042,0.08029,23.331,89.58,7.036,17.54,,1.59,0.99869
2023-04-29,29212.7,1907.01,321.74,0.4777,0.4022,0.08153,23.175,91.04,7.181,17.48,,1.59,0.9987
2023-04-30,29223.0,1868.41,336.84,0.4703,0.3953,0.07947,22.729,88.17,7.019,17.083,,1.59,0.99901
2023-05-01,28054.4,1829.97,328.19,0.4647,0.3864,0.07875,21.939,86.71,6.891,16.638,,1.59,0.99928
2023-05-02,28656.5,1869.2,321.59,0.464,0.3914,0.07871,22.244,88.16,6.983,16.839,,1.59,0.99902
2023-05-03,29018.4,1904.74,325.74,0.463,0.3939,0.07958,22.227,88.84,7.128,17.208,,1.59,0.99928
2023-05-04,28826.0,1876.13,323.69,0.4606,0.387,0.07833,21.726,88.33,6.993,16.91,,1.59,0.99907
2023-05-05,29491.5,1992.56,326.33,0.4668,0.3938,0.08016,22.813,88.57,7.223,17.368,,1.59,0.99865
2023-05-06,28837.8,1895.29,321.75,0.4579,0.3785,0.07668,21.908,83.22,6.916,16.572,,1.59,0.99762
2023-05-07,28419.4,1869.5,320.97,0.4487,0.3759,0.07648,21.659,83.37,6.907,16.402,,1.59,0.99829
2023-05-08,27659.8,1846.54,313.55,0.4279,0.3651,0.07234,20.615,77.67,6.579,15.396,,1.59,0.99854
2023-05-09,27610.2,1845.8,311.91,0.4284,0.3629,0.07304,20.648,79.88,6.518,15.305,,1.59,0.9989
2023-05-10,27582.9,1839.86,314.16,0.4298,0.3689,0.07308,20.909,80.88,6.584,15.505,,1.59,0.99873
2023-05-11,26956.4,1793.24,307.27,0.4204,0.3596,0.0719,20.163,80.83,6.354,14.946,,1.59,0.99896
2023-05-12,26785.1,1806.53,308.32,0.4303,0.3701,0.07229,20.898,80.41,6.62,15.18,,1.59,0.99887
2023-05-13,26762.7,1794.44,310.62,0.4238,0.3644,0.07164,20.832,80.21,6.488,14.909,,1.59,0.99899
2023-05-14,26901.9,1798.25,311.92,0.425,0.3707,0.07191,20.917,83.43,6.543,15.015,,1.59,0.99892
2023-05-15,27152.5,1815.56,313.25,0.427,0.3667,0.07186,20.971,86.88,6.63,15.076,,1.59,0.99909
2023-05-16,27024.8,1823.53,311.23,0.4424,0.3682,0.07271,20.669,89.96,6.656,14.896,,1.59,0.99918
2023-05-17,27395.8,1821.65,314.29,0.4482,0.3755,0.07479,21.047,93.83,6.754,15.169,,1.59,0.99917
2023-05-18,26809.3,1799.69,309.14,0.4595,0.3712,0.07339,20.329,90.41,6.527,14.678,,1.59,0.99934
2023-05-19,26870.1,1811.38,308.74,0.4671,0.3678,0.07346,20.343,91.7,6.508,14.672,,1.59,0.99927
2023-05-20,27089.5,1818.59,310.7,0.4684,0.366,0.07357,20.264,92.34,6.499,14.619,,1.59,0.99896
2023-05-21,26732.8,1803.89,306.36,0.4572,0.3601,0.07207,19.605,92.12,6.425,14.305,,1.59,0.99903
2023-05-22,26840.2,1816.67,309.17,0.4614,0.3677,0.07287,19.514,90.79,6.529,14.671,,1.59,0.99933
2023-05-23,27209.9,1853.36,313.5,0.4649,0.3702,0.07284,20.024,91.66,6.502,14.715,,1.59,0.99933
2023-05-24,26313.8,1798.84,305.9,0.4528,0.3637,0.07059,19.201,85.77,6.317,14.132,,1.59,0.99941
2023-05-25,26461.8,1804.65,304.71,0.4535,0.3579,0.07085,19.243,86.53,6.275,14.078,,1.59,0.99964
2023-05-26,26689.9,1826.81,306.81,0.4681,0.3625,0.07092,19.349,87.04,6.342,14.326,,1.59,0.99956
2023-05-27,26841.6,1828.85,307.55,0.4712,0.3666,0.07254,20.415,88.5,6.436,14.558,,1.59,0.99929
2023-05-28,28055.7,1908.36,314.36,0.482,0.3827,0.07351,20.797,91.43,6.634,14.901,,1.59,0.99931
2023-05-29,27722.0,1891.5,311.98,0.4942,0.3788,0.0731,20.575,90.85,6.637,14.467,,1.59,0.99933
2023-05-30,27680.1,1899.81,311.54,0.5202,0.3776,0.07227,21.244,92.19,6.612,14.436,,1.59,0.9992
2023-05-31,27201.1,1872.84,306.9,0.5166,0.3743,0.07161,20.809,90.39,6.475,14.099,,1.59,0.99914
2023-06-01,26805.3,1860.59,305.12,0.5061,0.3641,0.07139,20.486,94.14,6.342,14.081,,1.59,0.99918
2023-06-02,27227.8,1905.58,307.39,0.5241,0.3781,0.07257,21.247,95.42,6.446,14.488,,1.59,0.99905
2023-06-03,27054.9,1890.91,306.73,0.5186,0.3761,0.07268,21.183,96.02,6.418,14.575,,1.59,0.999
2023-06-04,27102.4,1888.54,305.23,0.5354,0.3773,0.07246,21.814,94.16,6.446,14.782,,1.59,0.99911
2023-06-05,25714.7,1810.03,277.0,0.5085,0.3511,0.06635,19.997,87.66,6.05,13.864,,1.59,0.9991
2023-06-06,27221.5,1883.26,281.18,0.5297,0.3528,0.07021,20.379,90.88,6.259,14.621,,1.59,0.99914
2023-06-07,26325.9,1831.31,259.22,0.5179,0.322,0.06723,18.627,88.8,5.914,14.014,,1.59,0.99929
2023-06-08,26485.9,1844.94,261.96,0.5233,0.3227,0.06791,18.873,88.42,5.991,13.916,,1.59,0.99926
2023-06-09,26468.1,1839.61,260.78,0.5375,0.2948,0.06943,17.384,89.26,5.989,13.75,,1.59,0.99949
2023-06-10,25826.6,1750.64,238.74,0.5065,0.2744,0.06168,15.605,77.09,5.229,11.634,,1.59,0.99908
2023-06-11,25909.9,1751.8,235.19,0.5207,0.2717,0.06147,15.534,77.63,5.171,11.565,,1.59,0.99905
2023-06-12,25894.8,1741.61,231.23,0.5247,0.2745,0.06139,15.183,77.45,5.156,11.507,,1.59,0.99929
2023-06-13,25918.0,1739.24,243.92,0.5189,0.275,0.0617,15.025,77.45,5.295,11.786,,1.59,0.99949
2023-06-14,25115.9,1650.18,237.78,0.4797,0.2632,0.06032,14.476,73.09,5.247,11.37,,1.59,0.99953
2023-06-15,25586.1,1665.64,236.33,0.4798,0.2619,0.0615,14.766,74.56,5.307,11.395,,1.59,1.0008
2023-06-16,26336.0,1717.31,239.17,0.4752,0.263,0.06215,15.306,76.09,5.321,11.54,,1.59,1.00078
2023-06-17,26508.9,1727.2,244.44,0.479,0.2665,0.06214,15.633,76.81,5.277,11.616,,1.59,1.0003
2023-06-18,26329.7,1719.99,244.01,0.4865,0.2607,0.06205,15.43,77.14,5.152,11.328,,1.59,0.99994
2023-06-19,26828.5,1736.21,243.02,0.4934,0.2631,0.0624,16.1,77.43,5.129,11.466,,1.59,0.99974
2023-06-20,28290.6,1791.37,247.93,0.4925,0.2703,0.0631,16.632,80.3,5.265,12.116,,1.59,0.99954
2023-06-21,29988.5,1888.31,248.94,0.4999,0.286,0.06555,17.22,84.98,5.552,12.89,,1.59,0.99946
2023-06-22,29875.0,1871.36,240.91,0.4936,0.2897,0.06553,16.62,85.89,5.554,12.65,,1.59,0.99929
2023-06-23,30673.4,1892.2,244.53,0.4959,0.2965,0.06822,17.129,91.26,6.068,13.28,,1.59,0.99906
2023-06-24,30524.2,1874.48,236.33,0.4862,0.2892,0.06665,16.634,89.69,6.129,13.01,,1.59,0.99906
2023-06-25,30458.0,1898.27,238.97,0.4899,0.2918,0.06669,16.947,88.15,6.153,13.429,,1.59,0.99914
2023-06-26,30260.1,1858.14,236.15,0.4788,0.2802,0.06467,16.264,87.18,6.054,13.149,,1.59,0.9993
2023-06-27,30683.2,1889.05,237.45,0.4836,0.2865,0.06553,16.621,88.03,6.197,13.191,,1.59,0.99937
2023-06-28,30066.3,1827.26,230.52,0.4645,0.2667,0.06251,15.967,82.97,5.81,12.337,,1.59,0.99957
2023-06-29,30439.9,1851.19,233.12,0.4743,0.275,0.06338,17.988,84.68,5.888,12.664,,1.59,0.99972
2023-06-30,30460.2,1933.41,240.45,0.4729,0.2868,0.06642,18.858,108.66,6.311,13.024,,1.59,0.99966
2023-07-01,30573.6,1924.08,247.99,0.4732,0.2922,0.0685,18.677,107.09,6.502,12.993,,1.59,0.99956
2023-07-02,30612.7,1937.69,246.77,0.4843,0.2915,0.06802,19.453,113.63,6.538,13.12,,1.59,0.99956
2023-07-03,31149.0,1955.0,246.62,0.4888,0.2966,0.06843,19.251,107.32,6.626,13.248,,1.59,0.99947
2023-07-04,30756.1,1935.72,242.53,0.487,0.2923,0.06888,19.13,104.31,6.521,13.036,,1.59,0.99927
2023-07-05,30488.4,1909.88,238.85,0.4773,0.2837,0.06695,18.981,102.56,6.297,12.658,,1.59,0.99939
2023-07-06,29874.4,1844.82,231.92,0.4618,0.2783,0.06479,19.592,95.21,6.074,12.349,,1.59,0.99949
2023-07-07,30327.9,1870.0,235.43,0.4683,0.2843,0.06534,21.484,98.15,6.153,12.729,,1.59,0.99942
2023-07-08,30269.3,1864.45,236.13,0.4702,0.2904,0.06568,21.807,97.75,6.194,13.633,,1.59,0.9993
2023-07-09,30147.8,1861.81,233.91,0.4677,0.2842,0.06531,21.314,95.06,6.146,13.583,,1.59,0.9994
2023-07-10,30396.9,1879.34,245.97,0.4775,0.2876,0.0652,21.286,96.66,6.164,13.378,,1.59,0.99934
2023-07-11,30608.4,1877.66,248.34,0.4749,0.2927,0.06524,22.05,96.71,6.201,13.257,,1.59,0.99935
2023-07-12,30368.9,1870.81,243.7,0.4707,0.2888,0.06498,21.928,96.15,6.248,13.008,,1.59,0.99946
2023-07-13,31441.7,2004.78,255.99,0.8154,0.3565,0.07042,26.018,101.85,7.128,14.116,,1.59,0.99929
2023-07-14,30293.3,1936.74,247.89,0.7177,0.3279,0.06845,26.671,95.06,6.954,14.64,,1.59,0.99903
2023-07-15,30276.4,1930.4,250.79,0.7144,0.3257,0.07193,27.459,94.74,6.914,14.847,,1.59,0.99922
2023-07-16,30216.8,1920.97,241.91,0.7463,0.3141,0.06948,27.404,92.84,6.603,14.28,,1.59,0.99893
2023-07-17,30126.1,1910.37,244.03,0.737,0.3118,0.0698,26.79,92.16,7.185,14.392,,1.59,0.99927
2023-07-18,29845.6,1896.46,240.48,0.7776,0.3092,0.06862,25.544,91.5,6.911,13.801,,1.59,0.99938
2023-07-19,29895.5,1887.55,241.05,0.8193,0.3224,0.07,26.298,91.97,6.911,13.988,,1.59,0.9994
2023-07-20,29791.0,1890.56,242.93,0.794,0.3159,0.07056,25.365,92.32,8.355,13.86,,1.59,0.9995
2023-07-21,29891.4,1890.84,243.88,0.7709,0.3125,0.07318,25.493,94.03,8.127,13.975,,1.59,0.99951
2023-07-22,29783.5,1865.6,241.23,0.7326,0.3099,0.07044,24.512,92.05,7.878,13.513,,1.59,0.99959
2023-07-23,30070.8,1887.86,242.54,0.7379,0.3169,0.07176,24.752,93.11,7.884,13.533,,1.59,0.99952
2023-07-24,29163.8,1849.04,239.02,0.7017,0.305,0.07417,23.354,89.09,7.581,13.099,,1.59,0.99968
2023-07-25,29216.3,1856.91,237.86,0.7084,0.3036,0.08183,23.264,89.41,7.386,13.329,,1.59,0.99966
2023-07-26,29336.0,1870.98,239.05,0.7156,0.3065,0.0779,25.163,90.58,7.737,13.255,,1.59,0.99954
2023-07-27,29209.7,1860.28,240.88,0.7136,0.3076,0.07758,25.08,90.56,7.983,13.147,,1.59,0.99968
2023-07-28,29299.9,1873.39,241.93,0.7116,0.3097,0.07714,24.798,91.39,7.767,13.219,,1.59,0.99964
2023-07-29,29339.1,1879.85,242.64,0.712,0.3129,0.0802,25.159,94.28,7.839,13.229,,1.59,0.99947
2023-07-30,29271.1,1860.76,242.72,0.7045,0.3156,0.07798,24.236,93.97,7.55,13.122,,1.59,0.99948
2023-07-31,29220.8,1855.39,241.04,0.6973,0.3069,0.0778,23.716,92.21,7.546,12.806,,1.59,0.99969
2023-08-01,29701.2,1873.05,247.87,0.7066,0.3102,0.07811,24.045,93.91,7.638,12.882,,1.59,1.0
2023-08-02,29170.1,1839.07,240.64,0.6846,0.2992,0.07418,23.135,87.48,7.348,12.536,,1.59,1.00009
2023-08-03,29180.2,1834.69,241.01,0.6627,0.292,0.07355,22.634,82.5,7.121,12.436,,1.59,1.00056
2023-08-04,29101.1,1829.4,241.73,0.6353,0.2933,0.07342,22.792,82.18,7.14,12.399,,1.59,1.00137
2023-08-05,29057.7,1835.5,243.34,0.6285,0.2937,0.07569,22.641,83.06,7.226,12.44,,1.59,1.00064
2023-08-06,29075.9,1829.38,243.26,0.6239,0.2921,0.07425,23.182,82.53,7.098,12.593,,1.59,1.0011
2023-08-07,29202.7,1828.18,241.96,0.6232,0.2909,0.07352,23.108,82.46,7.326,12.465,,1.59,1.00085
2023-08-08,29759.0,1855.36,245.24,0.6415,0.2973,0.07494,24.205,83.81,7.453,12.684,,1.59,1.0
2023-08-09,29572.8,1854.7,243.9,0.6431,0.3013,0.07539,24.375,84.05,7.677,12.627,,1.59,0.99997
2023-08-10,29443.7,1851.42,241.33,0.6329,0.2962,0.07584,24.614,83.09,7.614,12.48,,1.59,1.00055
2023-08-11,29415.5,1848.04,239.76,0.6314,0.2931,0.07569,24.613,83.54,7.488,12.442,,1.59,1.00051
2023-08-12,29420.7,1849.14,240.18,0.6274,0.2917,0.07667,24.902,83.44,7.441,12.387,,1.59,1.00012
2023-08-13,29293.3,1840.09,239.92,0.6252,0.2893,0.07473,24.216,81.88,7.363,12.266,,1.59,1.00022
2023-08-14,29419.5,1844.81,240.35,0.6339,0.2904,0.07466,25.175,82.06,7.409,12.365,,1.59,1.00054
2023-08-15,29188.8,1828.28,236.73,0.6099,0.2818,0.07085,23.889,79.23,7.037,11.822,,1.59,1.00051
2023-08-16,28714.4,1807.19,231.96,0.5887,0.2746,0.06715,22.811,74.53,6.761,11.376,,1.59,1.00073
2023-08-17,26609.7,1681.0,217.89,0.5057,0.2549,0.06098,21.661,64.71,6.183,10.569,,1.59,0.99984
2023-08-18,26042.1,1660.76,215.97,0.5058,0.2636,0.0632,21.336,63.93,6.172,10.799,,1.59,0.99986
2023-08-19,26088.3,1668.69,216.8,0.5198,0.2686,0.06375,21.88,64.1,6.176,10.809,,1.59,0.99969
2023-08-20,26175.9,1684.16,216.41,0.5383,0.2701,0.06379,21.76,65.2,6.216,10.855,,1.59,0.99964
2023-08-21,26115.4,1666.79,210.22,0.5239,0.2627,0.06248,21.187,66.95,6.172,10.346,,1.59,0.99965
2023-08-22,26044.4,1634.5,210.84,0.5206,0.2583,0.06255,20.572,64.81,6.111,10.136,,1.59,0.99995
2023-08-23,26419.2,1678.8,216.53,0.5298,0.2679,0.06373,21.717,65.59,6.348,10.325,,1.59,0.99977
2023-08-24,26164.6,1660.22,219.06,0.5184,0.2656,0.06303,21.039,64.83,6.08,10.11,,1.59,0.99989
2023-08-25,26051.7,1653.24,218.36,0.5255,0.261,0.06308,20.409,65.09,6.01,10.043,,1.59,1.00001
2023-08-26,26004.3,1646.28,216.34,0.5227,0.2607,0.06284,20.272,64.97,6.002,10.087,,1.59,1.0
2023-08-27,26087.7,1657.59,218.35,0.5232,0.2631,0.06313,20.779,65.35,6.025,10.196,,1.59,1.00005
2023-08-28,26106.5,1652.51,218.75,0.5227,0.2674,0.06342,20.549,65.48,5.98,10.366,,1.59,1.00015
2023-08-29,27700.1,1728.51,226.87,0.5395,0.2724,0.06636,21.772,68.82,6.19,10.804,,1.59,0.99959
2023-08-30,27290.4,1704.39,223.83,0.5279,0.2652,0.06583,20.807,67.61,5.92,10.399,,1.59,0.9996
2023-08-31,25928.0,1645.27,216.58,0.5106,0.2553,0.06376,19.72,63.84,5.873,9.979,,1.59,0.99979
2023-09-01,25795.6,1628.19,213.65,0.4975,0.2548,0.06384,19.315,62.94,5.937,9.919,,1.59,1.00002
2023-09-02,25855.8,1636.24,214.33,0.4985,0.256,0.06345,19.48,64.54,5.967,9.905,,1.59,0.99981
2023-09-03,25962.1,1635.02,214.35,0.5044,0.2557,0.06313,19.555,63.88,6.025,9.868,,1.59,0.9997
2023-09-04,25814.0,1630.09,215.19,0.5083,0.2561,0.06323,19.514,63.72,6.009,9.805,,1.59,0.99984
2023-09-05,25779.7,1633.63,214.51,0.5051,0.2577,0.064,20.257,63.1,6.133,9.907,,1.59,0.99994
2023-09-06,25747.4,1632.33,215.22,0.503,0.2576,0.0636,19.62,62.84,6.297,9.94,,1.59,1.00009
2023-09-07,26240.7,1647.27,217.11,0.5046,0.2578,0.06363,19.9,63.68,6.382,10.089,,1.59,0.99999
2023-09-08,25899.8,1635.78,214.62,0.5046,0.2542,0.06369,19.596,62.56,6.275,9.919,,1.59,0.99986
2023-09-09,25892.6,1634.8,214.2,0.5035,0.253,0.06335,19.425,63.02,6.161,9.83,,1.59,0.99986
2023-09-10,25828.4,1616.47,212.28,0.4967,0.2488,0.06126,18.219,61.07,6.012,9.457,,1.59,0.9999
2023-09-11,25150.4,1551.03,206.08,0.474,0.2419,0.06044,17.715,58.81,5.824,9.227,,1.59,0.99985
2023-09-12,25825.8,1592.29,210.73,0.4799,0.2454,0.06086,17.904,59.94,5.954,9.206,,1.59,0.99963
2023-09-13,26209.9,1606.68,212.63,0.4829,0.2485,0.06121,18.389,61.95,6.014,9.283,,1.59,0.9996
2023-09-14,26510.3,1625.65,212.04,0.4888,0.2512,0.06203,18.835,62.78,6.149,9.394,,1.59,0.99937
2023-09-15,26591.1,1640.67,214.0,0.5001,0.2504,0.06246,19.136,65.84,6.36,9.422,,1.59,0.99968
2023-09-16,26546.9,1633.68,214.74,0.4995,0.2501,0.06209,19.112,65.34,6.275,9.373,,1.59,0.99941
2023-09-17,26514.2,1621.62,216.31,0.4922,0.2468,0.06141,18.798,63.52,6.142,9.091,,1.59,0.99931
2023-09-18,26749.9,1635.63,215.99,0.5027,0.2514,0.06195,19.628,65.84,6.56,9.099,,1.59,0.99936
2023-09-19,27196.0,1642.49,217.22,0.5134,0.2546,0.06264,20.019,67.24,6.841,9.205,,1.59,0.99938
2023-09-20,27107.7,1621.6,214.39,0.5209,0.2514,0.06259,20.278,64.5,6.902,9.04,,1.59,0.99948
2023-09-21,26552.6,1583.0,210.91,0.5068,0.2448,0.06125,19.442,64.65,6.662,8.818,,1.59,0.99958
2023-09-22,26566.7,1592.28,211.15,0.512,0.2448,0.06148,19.417,64.32,6.953,8.857,,1.59,0.99963
2023-09-23,26563.1,1592.97,210.52,0.5073,0.2459,0.06147,19.472,65.04,7.183,8.899,,1.59,0.9995
2023-09-24,26232.4,1579.99,208.34,0.5017,0.2425,0.06064,19.351,63.55,6.969,8.775,,1.59,0.99938
2023-09-25,26290.5,1587.69,210.06,0.5051,0.2457,0.0609,19.381,64.31,7.486,8.944,,1.59,0.99974
2023-09-26,26208.8,1593.3,212.68,0.5015,0.2453,0.06059,19.016,63.74,7.353,9.039,,1.59,0.99988
2023-09-27,26359.6,1597.89,212.15,0.4992,0.2446,0.06048,19.12,63.51,7.638,8.926,,1.59,1.00023
2023-09-28,27011.8,1652.13,215.06,0.5093,0.2489,0.06148,19.948,65.18,7.805,9.262,,1.59,0.99959
2023-09-29,26890.9,1666.61,215.21,0.5211,0.2492,0.06208,20.26,65.51,7.941,9.167,,1.59,0.99968
2023-09-30,26950.9,1670.18,214.69,0.5146,0.2538,0.06203,21.348,65.93,8.185,9.236,,1.59,0.99951
2023-10-01,27981.4,1733.39,218.29,0.524,0.2658,0.06317,23.873,68.15,8.049,9.75,,1.59,0.9997
2023-10-02,27477.6,1661.49,214.7,0.5119,0.2589,0.06196,23.366,65.92,7.464,9.312,,1.59,0.99935
2023-10-03,27412.0,1656.18,213.46,0.5386,0.2608,0.06132,23.594,65.45,7.404,9.409,,1.59,0.99955
2023-10-04,27759.8,1645.75,213.45,0.5323,0.2588,0.06141,23.106,64.36,7.667,10.092,,1.59,0.99953
2023-10-05,27398.4,1611.23,210.8,0.5223,0.2601,0.06083,22.682,64.78,7.463,10.126,,1.59,0.99934
2023-10-06,27916.3,1644.33,213.42,0.5251,0.2645,0.06132,23.391,65.45,7.635,10.649,,1.59,0.99915
2023-10-07,27943.0,1633.18,212.33,0.5212,0.2585,0.0614,23.279,65.4,7.521,10.342,,1.59,0.999
2023-10-08,27901.2,1632.02,211.42,0.5172,0.2561,0.0609,23.204,65.29,7.669,10.079,,1.59,0.99903
2023-10-09,27578.3,1579.4,205.83,0.5023,0.2511,0.05869,22.077,63.03,7.274,9.535,,1.59,0.99921
2023-10-10,27381.2,1566.89,208.59,0.4962,0.2489,0.05907,22.107,63.57,7.257,9.518,,1.59,0.99935
2023-10-11,26864.5,1566.07,206.61,0.4884,0.2479,0.05847,21.998,61.52,7.387,9.296,,1.59,0.99969
2023-10-12,26744.0,1538.81,205.29,0.4828,0.2458,0.05785,21.274,61.09,7.194,9.108,,1.59,0.99982
2023-10-13,26849.8,1551.55,206.05,0.4849,0.2457,0.05836,21.829,61.54,7.252,9.146,,1.59,0.99967
2023-10-14,26836.3,1554.15,206.6,0.4862,0.2467,0.05983,21.983,61.59,7.325,9.141,,1.59,0.99952
2023-10-15,27139.8,1557.25,209.87,0.4871,0.2471,0.05929,21.918,61.58,7.42,9.173,,1.59,0.99938
2023-10-16,28486.3,1598.61,214.75,0.4973,0.2511,0.05995,23.939,63.17,7.519,9.391,,1.59,0.99914
2023-10-17,28381.9,1563.99,211.55,0.4908,0.2462,0.05899,23.93,62.03,7.318,9.101,,1.59,0.9992
2023-10-18,28307.1,1562.65,210.37,0.4874,0.2427,0.05854,23.408,60.19,7.354,8.901,,1.59,0.99923
2023-10-19,28696.9,1565.89,211.32,0.5193,0.2469,0.05881,24.91,61.74,7.301,9.059,,1.59,0.99917
2023-10-20,29653.0,1603.14,212.17,0.5146,0.2511,0.05987,27.01,63.35,7.567,9.213,,1.59,0.9994
2023-10-21,29895.4,1628.29,214.32,0.5205,0.2585,0.06117,29.312,64.71,8.91,9.63,,1.59,0.9993
2023-10-22,29981.5,1662.83,217.95,0.5225,0.2639,0.06167,29.031,65.23,10.182,10.079,,1.59,0.9995
2023-10-23,33074.0,1766.35,228.8,0.5476,0.2809,0.06745,31.902,69.03,10.577,10.588,,1.59,0.99928
2023-10-24,33917.0,1784.31,225.32,0.5586,0.2791,0.06661,30.157,69.12,10.372,10.323,,1.59,0.99957
2023-10-25,34487.7,1786.71,222.29,0.5551,0.2808,0.06836,32.446,68.73,11.057,10.528,,1.59,0.99928
2023-10-26,34154.0,1803.3,223.32,0.5535,0.2872,0.07189,32.77,68.75,10.93,11.051,,1.59,0.99939
2023-10-27,33893.1,1780.02,224.18,0.5432,0.2893,0.06779,31.739,67.01,11.185,10.596,,1.59,0.99953
2023-10-28,34086.6,1776.76,225.8,0.5447,0.2907,0.06903,31.614,67.77,10.922,10.975,,1.59,0.99934
2023-10-29,34528.6,1795.49,227.2,0.5564,0.2955,0.06939,32.826,68.82,11.088,11.38,,1.59,0.99939
2023-10-30,34483.8,1809.81,228.1,0.5786,0.3031,0.06963,34.958,69.26,11.223,11.469,,1.59,0.99915
2023-10-31,34651.4,1815.67,226.35,0.5997,0.293,0.06826,38.372,68.95,11.359,11.328,,1.59,0.99909
2023-11-01,35437.4,1848.2,228.15,0.6091,0.3075,0.06897,41.204,70.04,11.652,12.239,,1.59,0.99912
2023-11-02,34940.1,1800.68,232.03,0.6057,0.3233,0.06793,40.251,69.48,11.013,11.884,,1.59,0.99934
2023-11-03,34700.4,1832.49,230.4,0.6124,0.3292,0.06813,39.497,69.49,11.472,12.121,,1.59,0.99922
2023-11-04,35069.7,1856.08,237.36,0.6156,0.3279,0.06914,42.422,70.44,11.508,12.227,,1.59,0.99912
2023-11-05,35025.5,1892.49,244.0,0.661,0.342,0.07111,41.167,71.65,12.238,12.36,,1.59,0.99902
2023-11-06,35057.4,1901.71,255.27,0.7153,0.3628,0.07643,42.181,74.51,12.997,13.085,,1.59,0.99931
2023-11-07,35406.5,1885.79,246.39,0.6852,0.3514,0.07341,42.976,73.46,13.053,12.813,,1.59,0.99929
2023-11-08,35626.7,1888.42,246.78,0.6876,0.3579,0.0754,43.142,73.1,14.918,12.994,,1.59,0.99922
2023-11-09,36719.5,2122.92,251.84,0.667,0.3685,0.07358,45.305,73.88,14.609,12.972,,1.59,0.99936
2023-11-10,37330.4,2079.1,251.14,0.6599,0.3863,0.07547,56.679,73.31,15.512,14.76,,1.59,0.99908
2023-11-11,37162.1,2054.52,251.66,0.6634,0.3849,0.0785,56.409,75.33,16.484,16.808,,1.59,0.99928
2023-11-12,37085.5,2046.08,247.68,0.6618,0.3838,0.07801,56.315,74.97,16.031,18.98,,1.59,0.99905
2023-11-13,36486.2,2055.18,241.16,0.6706,0.357,0.07455,51.662,71.14,14.37,16.122,,1.59,0.9992
2023-11-14,35559.0,1980.11,242.4,0.6294,0.358,0.07247,56.849,70.64,13.96,17.053,,1.59,0.99943
2023-11-15,37885.6,2059.29,254.02,0.6482,0.3789,0.07629,65.506,74.09,15.034,20.708,,1.59,0.99907
2023-11-16,36176.0,1962.13,242.82,0.612,0.3707,0.07949,57.842,71.02,13.871,21.719,,1.59,0.99933
2023-11-17,36621.9,1961.21,244.97,0.6133,0.3671,0.08645,58.49,70.29,13.704,21.928,,1.59,0.9992
2023-11-18,36580.9,1963.19,244.91,0.611,0.3773,0.08032,58.581,69.88,13.751,21.999,,1.59,0.9991
2023-11-19,37375.9,2012.46,246.55,0.626,0.3841,0.0805,61.099,70.58,14.911,22.862,,1.59,0.9991
2023-11-20,37462.5,2022.41,253.27,0.6122,0.3806,0.07774,56.603,69.53,14.488,20.851,,1.59,0.99888
2023-11-21,35737.0,1933.44,225.66,0.5786,0.3567,0.07176,51.682,66.17,13.361,19.032,,1.59,0.99918
2023-11-22,37413.4,2063.91,236.38,0.6113,0.3804,0.07574,57.579,68.73,14.213,20.788,,1.59,0.99928
2023-11-23,37294.3,2062.68,233.89,0.6211,0.3874,0.0762,56.537,69.52,14.402,20.644,,1.59,0.99939
2023-11-24,37706.3,2081.16,232.86,0.6212,0.3861,0.07816,56.869,70.73,14.479,20.887,,1.59,0.99888
2023-11-25,37766.6,2082.87,234.45,0.6227,0.3942,0.07895,58.83,71.88,14.766,21.378,,1.59,0.99881
2023-11-26,37437.9,2061.97,231.92,0.6159,0.3873,0.07865,57.593,70.03,14.763,21.081,,1.59,0.9989
2023-11-27,37234.3,2027.57,227.42,0.6038,0.3777,0.07883,55.03,69.22,14.181,20.361,,1.59,0.99932
2023-11-28,37812.1,2048.2,229.69,0.6105,0.3859,0.08087,58.183,69.79,14.525,20.699,,1.59,0.999
2023-11-29,37837.1,2028.41,227.43,0.6091,0.3818,0.08047,59.324,70.03,14.513,21.125,,1.59,0.99928
2023-11-30,37716.8,2051.76,227.67,0.6065,0.3759,0.08347,59.309,69.46,14.407,21.409,,1.59,0.99926
2023-12-01,38660.0,2086.99,228.64,0.6129,0.3845,0.08385,59.75,71.6,14.991,21.875,,1.59,0.99905
2023-12-02,39435.0,2165.28,229.24,0.6213,0.3982,0.08623,63.684,72.24,15.999,22.252,,1.59,0.99903
2023-12-03,39979.7,2193.24,228.23,0.6236,0.3952,0.08574,63.015,72.33,15.721,21.957,,1.59,0.99911
2023-12-04,41993.1,2243.66,233.66,0.625,0.4071,0.09197,61.671,72.98,15.825,22.709,,1.59,0.99941
2023-12-05,44081.7,2293.97,231.43,0.6216,0.4261,0.09439,61.061,74.38,15.73,24.557,,1.59,0.99926
2023-12-06,43774.8,2233.29,229.6,0.6405,0.4433,0.095,61.878,72.44,15.274,26.238,,1.59,0.99943
2023-12-07,43296.0,2357.04,232.81,0.6438,0.4558,0.09595,67.806,74.08,15.71,26.28,,1.59,0.99932
2023-12-08,44209.5,2360.82,239.1,0.6729,0.546,0.10174,74.98,78.55,16.945,30.466,,1.59,0.99932
2023-12-09,43734.3,2342.4,237.87,0.6587,0.5796,0.09856,72.368,76.39,16.209,31.94,,1.59,0.99914
2023-12-10,43810.0,2353.97,239.96,0.6622,0.595,0.10197,74.907,77.22,16.38,37.199,,1.59,0.9994
2023-12-11,41271.0,2225.56,246.63,0.6189,0.5512,0.09413,70.286,72.7,14.769,38.055,,1.59,0.99991
2023-12-12,41515.0,2204.7,253.64,0.6197,0.579,0.09385,68.644,72.43,14.533,37.518,,1.59,0.99997
2023-12-13,42875.0,2261.44,251.86,0.6277,0.6683,0.09647,70.668,73.19,14.775,39.021,,1.59,0.99929
2023-12-14,43032.4,2316.54,253.07,0.6321,0.6436,0.09837,75.751,72.99,15.381,39.295,,1.59,0.99929
2023-12-15,41968.0,2221.71,244.55,0.6158,0.6008,0.09305,72.552,70.98,14.288,39.749,,1.59,0.9995
2023-12-16,42287.4,2229.64,244.16,0.6207,0.6081,0.09715,73.737,72.24,14.33,42.22,,1.59,1.00031
2023-12-17,41396.5,2197.93,238.97,0.6107,0.5809,0.09299,70.902,71.23,14.031,40.627,,1.59,1.00036
2023-12-18,42671.7,2220.48,241.86,0.6127,0.602,0.09215,74.429,70.9,14.672,41.13,,1.59,0.99977
2023-12-19,42298.3,2179.02,252.35,0.6048,0.576,0.09025,73.04,70.77,14.104,39.74,,1.59,0.99984
2023-12-20,43708.9,2203.95,259.97,0.6174,0.5899,0.09158,82.243,69.88,14.262,43.473,,1.59,0.99952
2023-12-21,43896.3,2241.35,271.91,0.6246,0.6359,0.09509,93.927,70.99,15.318,46.02,,1.59,0.99941
2023-12-22,43999.2,2326.53,271.07,0.6251,0.6229,0.09505,97.962,73.66,15.496,45.363,,1.59,0.9988
2023-12-23,43725.2,2309.86,270.75,0.62,0.6135,0.09353,107.965,72.52,15.695,48.106,,1.59,0.99905
2023-12-24,43008.4,2265.43,264.02,0.6129,0.5923,0.09176,112.571,71.18,15.279,47.723,,1.59,0.99906
2023-12-25,43611.9,2273.07,266.56,0.6467,0.6248,0.09445,120.942,72.31,15.601,48.231,,1.59,0.99918
2023-12-26,42538.5,2232.44,297.51,0.6225,0.6092,0.09143,112.543,73.31,15.108,44.415,,1.59,0.99952
2023-12-27,43453.8,2380.31,323.76,0.6349,0.6342,0.09378,107.095,76.02,16.728,42.457,,1.59,0.99876
2023-12-28,42600.1,2345.96,322.21,0.6352,0.6164,0.0918,101.913,76.6,16.022,39.841,,1.59,0.9992
2023-12-29,42095.1,2300.6,313.29,0.6232,0.6085,0.09103,106.225,73.31,15.552,40.204,,1.59,0.99929
2023-12-30,42174.2,2293.26,316.71,0.6212,0.6014,0.09007,101.971,73.29,15.18,39.379,,1.59,0.9994
2023-12-31,42314.0,2283.85,311.33,0.6157,0.5941,0.08957,101.778,72.89,14.952,38.589,,1.59,0.99968
2024-01-01,44230.2,2354.62,313.53,0.6303,0.6241,0.09209,110.047,74.81,15.563,41.979,,1.59,0.99925
2024-01-02,44979.8,2356.93,311.88,0.625,0.6058,0.09115,106.83,73.04,15.18,40.654,,1.59,0.99916
2024-01-03,42849.5,2210.39,315.6,0.5822,0.5568,0.08197,98.519,65.23,14.147,36.768,,1.59,0.99908
2024-01-04,44143.8,2267.85,323.02,0.5868,0.5697,0.084,104.975,66.41,14.526,38.705,,1.59,0.99831
2024-01-05,44145.4,2268.93,317.14,0.5756,0.541,0.08266,99.874,65.99,14.091,36.459,,1.59,0.99876
2024-01-06,43956.7,2240.36,307.2,0.5679,0.523,0.08058,93.799,65.65,13.432,34.616,,1.59,0.99904
2024-01-07,43916.9,2220.87,302.06,0.5511,0.4944,0.07821,89.414,64.24,13.15,33.633,,1.59,0.99888
2024-01-08,46972.7,2331.11,303.84,0.5776,0.541,0.08134,97.901,67.76,14.14,36.07,,1.59,0.99863
2024-01-09,46114.0,2344.44,301.37,0.5669,0.5123,0.07923,99.347,67.0,13.712,34.64,,1.59,0.99908
2024-01-10,46662.9,2585.82,305.99,0.6011,0.5662,0.08309,102.063,70.11,15.077,38.547,,1.59,0.9991
2024-01-11,46337.8,2618.59,308.51,0.602,0.5821,0.08457,99.928,71.91,15.02,39.31,,1.59,0.99937
2024-01-12,42788.9,2523.3,296.81,0.5698,0.5479,0.08008,92.153,72.98,14.157,35.929,,1.59,0.9997
2024-01-13,42846.4,2578.5,302.35,0.5748,0.5491,0.08093,95.836,71.99,14.35,36.476,,1.59,0.99942
2024-01-14,41734.9,2474.36,299.67,0.5765,0.5251,0.08003,93.83,69.82,14.765,35.283,,1.59,0.99999
2024-01-15,42515.0,2512.21,317.14,0.5757,0.5276,0.08108,94.359,69.13,15.185,35.602,,1.59,1.00004
2024-01-16,43133.0,2587.4,315.05,0.5758,0.5355,0.08136,97.637,69.45,15.269,35.567,,1.59,0.99982
2024-01-17,42783.4,2530.62,309.25,0.5688,0.5283,0.0806,102.155,69.47,15.761,36.063,,1.59,1.0004
2024-01-18,41323.1,2471.29,312.73,0.5521,0.5026,0.07809,94.389,68.11,14.653,33.587,,1.59,1.0004
2024-01-19,41662.2,2492.46,314.39,0.5443,0.504,0.07858,93.596,71.32,16.121,32.723,,1.59,1.00031
2024-01-20,41691.8,2472.27,317.03,0.5535,0.5161,0.08776,92.9,71.37,15.782,32.882,,1.59,1.00014
2024-01-21,41580.0,2457.02,318.41,0.5465,0.5034,0.08547,91.105,71.77,15.396,32.534,,1.59,0.99999
2024-01-22,39567.0,2314.33,305.8,0.5276,0.4788,0.08055,83.883,67.36,14.593,29.535,,1.59,1.00047
2024-01-23,39890.0,2241.67,298.52,0.518,0.477,0.07817,84.325,65.48,14.292,30.608,,1.59,1.00031
2024-01-24,40078.7,2234.62,292.91,0.5181,0.4766,0.07904,88.744,66.11,14.237,31.179,,1.59,0.99998
2024-01-25,39953.3,2218.02,292.08,0.5138,0.4666,0.07793,86.886,65.49,13.741,30.51,,1.59,1.0
2024-01-26,41806.4,2266.72,302.07,0.532,0.4848,0.07984,92.261,67.02,14.184,32.249,,1.59,0.99976
2024-01-27,42102.2,2266.99,305.68,0.5301,0.486,0.0801,94.238,68.04,14.338,33.256,,1.59,0.99957
2024-01-28,42021.2,2256.0,305.24,0.5239,0.4902,0.07879,95.948,68.32,14.475,34.82,,1.59,0.99963
2024-01-29,43287.7,2316.52,310.67,0.5348,0.5261,0.08135,101.623,68.41,15.001,36.042,,1.59,0.99956
2024-01-30,42918.3,2341.95,307.59,0.5106,0.5137,0.0797,101.371,67.46,15.476,35.214,,1.59,0.9995
2024-01-31,42560.5,2282.0,300.53,0.5031,0.4974,0.0787,96.912,66.72,15.424,33.172,,1.59,1.00004
2024-02-01,43072.6,2303.33,300.14,0.5056,0.5076,0.07933,97.775,67.53,17.191,33.841,,1.59,0.99976
2024-02-02,43182.0,2307.99,301.27,0.5102,0.5143,0.07925,100.559,68.03,17.822,36.761,,1.59,1.00004
2024-02-03,42992.4,2295.42,299.66,0.5186,0.5125,0.07872,97.915,68.82,17.66,35.952,,1.59,0.99993
2024-02-04,42570.3,2288.66,304.72,0.5029,0.4933,0.07828,95.451,66.93,18.15,34.853,,1.59,1.00002
2024-02-05,42692.9,2300.83,301.13,0.5065,0.494,0.07831,95.605,67.68,19.156,34.53,,1.59,1.00066
2024-02-06,43079.1,2371.74,302.77,0.5048,0.4983,0.07849,96.856,68.28,18.289,34.146,,1.59,0.99981
2024-02-07,44326.2,2424.22,307.41,0.5136,0.5022,0.08013,101.135,68.61,18.809,35.295,,1.59,0.99973
2024-02-08,45269.1,2418.76,318.54,0.5144,0.5302,0.07986,102.742,70.51,18.2,35.422,,1.59,0.99932
2024-02-09,47116.1,2485.24,323.78,0.526,0.5408,0.08157,106.921,70.64,18.469,38.009,,1.59,0.99905
2024-02-10,47732.6,2499.2,322.59,0.5239,0.5516,0.08141,108.976,70.79,19.08,40.199,,1.59,0.99933
2024-02-11,48303.4,2506.1,320.43,0.526,0.5414,0.08123,107.471,71.55,20.153,39.73,,1.59,0.99934
2024-02-12,49943.6,2660.91,327.66,0.5317,0.5596,0.08229,111.737,72.86,20.472,41.002,,1.59,0.99917
2024-02-13,49696.4,2640.83,324.3,0.525,0.5451,0.0811,112.539,68.97,19.879,39.756,,1.59,0.99909
2024-02-14,51823.2,2776.14,333.47,0.538,0.5774,0.08558,117.092,69.88,20.26,42.253,,1.59,0.99906
2024-02-15,51898.5,2824.54,353.89,0.5625,0.6093,0.08534,113.598,69.82,19.952,41.575,,1.59,0.99843
2024-02-16,52148.6,2803.69,360.25,0.5646,0.5991,0.08595,110.392,70.63,19.566,40.276,,1.59,0.99871
2024-02-17,51679.4,2787.43,352.41,0.55,0.6103,0.08361,109.008,70.0,20.046,39.782,,1.59,0.99932
2024-02-18,52175.9,2883.58,349.87,0.5577,0.6197,0.08523,112.345,70.86,20.137,40.318,,1.59,0.99926
2024-02-19,51813.8,2946.55,351.83,0.563,0.6315,0.08949,111.658,71.36,19.848,39.54,,1.59,0.99942
2024-02-20,52297.4,3017.21,354.86,0.5628,0.6222,0.08618,108.418,69.69,19.296,38.523,,1.59,0.99947
2024-02-21,51877.8,2969.65,378.69,0.5495,0.599,0.08462,105.113,68.96,18.598,37.622,,1.59,0.99954
2024-02-22,51316.9,2972.8,382.33,0.5413,0.5863,0.08417,101.805,68.83,18.14,36.801,,1.59,1.00008
2024-02-23,50771.9,2923.35,375.29,0.5345,0.5829,0.08457,99.973,68.86,17.954,35.943,,1.59,0.99965
2024-02-24,51602.1,2994.39,381.27,0.5453,0.5973,0.08622,104.114,70.48,18.549,36.783,,1.59,0.99978
2024-02-25,51764.9,3115.24,388.28,0.5431,0.592,0.08618,103.569,70.24,18.741,37.495,,1.59,0.99983
2024-02-26,54511.6,3178.6,401.46,0.5512,0.6199,0.08933,110.034,72.03,19.106,39.338,,1.59,0.99928
2024-02-27,57074.5,3244.98,394.27,0.5869,0.6245,0.09768,108.45,74.06,19.047,39.288,,1.59,0.99963
2024-02-28,62487.9,3387.07,414.58,0.5755,0.6294,0.11596,119.425,74.56,19.454,40.373,,1.59,0.99893
2024-02-29,61203.3,3343.15,399.62,0.5872,0.6554,0.11743,125.769,79.99,19.297,40.997,,1.59,0.99889
2024-03-01,62430.6,3435.82,407.65,0.6019,0.7205,0.13953,129.456,84.99,20.081,42.727,,1.59,0.99906
2024-03-02,62039.9,3424.43,411.17,0.6449,0.7424,0.14219,130.184,94.59,21.427,44.436,,1.59,0.99904
2024-03-03,63178.5,3491.77,414.73,0.6272,0.7288,0.15365,130.304,90.81,20.53,42.647,,1.59,0.9991
2024-03-04,68296.4,3629.72,418.87,0.6484,0.7707,0.18218,133.45,89.03,20.44,43.121,,1.59,0.99826
2024-03-05,63747.4,3555.43,394.19,0.5915,0.692,0.15302,125.358,81.96,18.978,39.437,,1.59,0.99838
2024-03-06,66128.1,3822.36,429.64,0.6128,0.7357,0.15797,130.916,85.93,20.107,41.598,,1.59,0.9988
2024-03-07,66870.0,3871.69,474.55,0.628,0.7437,0.15781,143.997,88.1,20.117,43.26,,1.59,0.99804
2024-03-08,68180.2,3886.04,485.29,0.6204,0.7235,0.16467,144.879,88.42,19.721,42.666,,1.59,0.99801
2024-03-09,68360.1,3908.15,488.05,0.6206,0.7424,0.17901,144.424,90.77,19.997,42.973,,1.59,0.99817
2024-03-10,69001.8,3881.22,529.09,0.6086,0.7173,0.17007,144.497,87.49,21.703,42.084,,1.59,0.99818
2024-03-11,72153.8,4070.52,523.06,0.7243,0.7766,0.18236,149.062,104.06,21.316,49.194,,1.59,0.99932
2024-03-12,71503.2,3984.18,537.69,0.6886,0.7488,0.16827,151.201,97.62,20.724,55.555,,1.59,0.99923
2024-03-13,73127.6,4008.76,631.02,0.6898,0.7646,0.16911,164.055,97.31,20.77,54.854,,1.59,0.99884
2024-03-14,71455.5,3884.99,603.75,0.6698,0.7515,0.17742,176.851,94.18,20.909,54.016,,1.59,0.99962
2024-03-15,69552.2,3745.0,633.01,0.6348,0.7282,0.1637,184.155,89.84,19.648,58.457,,1.59,0.99947
2024-03-16,65351.0,3525.58,576.84,0.6036,0.6597,0.14261,182.184,84.16,18.13,53.478,,1.59,1.00004
2024-03-17,68447.9,3646.99,571.5,0.6198,0.6818,0.15439,201.962,85.99,18.68,58.494,,1.59,1.00018
2024-03-18,67660.0,3523.43,555.66,0.6457,0.661,0.14362,196.143,86.84,18.319,60.696,,1.59,0.99962
2024-03-19,61974.1,3161.0,507.96,0.585,0.5866,0.12887,169.917,78.51,16.816,53.664,,1.59,0.99999
2024-03-20,67876.4,3517.8,556.99,0.6112,0.6399,0.15223,191.916,84.73,18.425,57.077,,1.59,0.999352
2024-03-21,65539.9,3495.16,554.13,0.6412,0.6323,0.15549,179.535,85.81,18.468,53.86,,1.59,0.99975
2024-03-22,63826.0,3339.0,554.31,0.6119,0.6152,0.15304,175.257,83.47,18.38,53.456,,1.59,0.999381
2024-03-23,64020.3,3330.96,552.15,0.6172,0.6235,0.16202,172.725,85.33,18.078,53.482,,1.59,0.999475
2024-03-24,67260.9,3457.16,568.36,0.6333,0.6474,0.1766,184.019,89.7,18.538,55.733,,1.59,0.999498
2024-03-25,69920.5,3592.94,587.48,0.6408,0.6573,0.17539,189.181,90.64,19.396,57.809,,1.59,0.999131
2024-03-26,70044.1,3589.64,580.56,0.6323,0.6656,0.18245,190.623,95.87,20.023,55.826,,1.59,0.999401
2024-03-27,69532.6,3504.99,574.8,0.6123,0.6486,0.1907,186.448,93.65,19.315,54.146,,1.59,0.999923
2024-03-28,70838.7,3563.99,583.83,0.6252,0.6517,0.22022,189.852,94.2,19.172,54.684,,1.59,0.999429
2024-03-29,69903.6,3512.46,612.35,0.6308,0.665,0.21319,192.2,109.14,18.989,53.385,,1.59,0.99902
2024-03-30,69642.1,3508.66,600.25,0.6217,0.6441,0.19929,194.351,102.92,18.953,52.98,,1.59,0.999029
2024-03-31,71363.0,3648.79,606.03,0.6297,0.6506,0.22024,202.678,105.15,19.193,54.134,,1.59,0.999399
2024-04-01,69700.0,3506.52,576.42,0.6115,0.6217,0.20513,192.355,99.28,18.377,51.434,,1.59,0.999139
2024-04-02,65505.3,3280.76,551.83,0.5858,0.5809,0.1826,181.679,106.86,17.97,46.904,,1.59,0.999209
2024-04-03,65971.9,3313.29,562.13,0.5746,0.5697,0.17535,185.173,98.37,17.699,45.914,,1.59,0.99915
2024-04-04,68489.9,3329.65,584.34,0.5937,0.5834,0.18006,184.123,98.47,17.799,46.534,,1.59,0.99913
2024-04-05,67825.7,3319.66,577.66,0.5872,0.5745,0.17733,174.45,97.9,17.34,45.337,,1.59,0.99913
2024-04-06,68901.6,3353.15,585.01,0.5932,0.5841,0.18585,178.768,101.68,17.572,48.209,,1.59,0.999281
2024-04-07,69362.7,3455.99,583.45,0.5948,0.5898,0.19902,179.615,101.3,17.922,49.347,,1.59,0.999439
2024-04-08,71678.4,3697.6,586.72,0.6152,0.6143,0.20277,180.822,103.35,18.116,49.906,,1.59,0.999461
2024-04-09,69189.3,3508.45,580.82,0.6145,0.5915,0.18927,172.558,97.6,17.372,46.5,,1.59,0.999869
2024-04-10,70681.7,3547.64,610.03,0.6176,0.5865,0.1999,173.438,96.79,17.431,47.334,,1.59,0.99947
2024-04-11,70055.7,3504.43,604.85,0.6089,0.5864,0.19393,172.497,98.85,17.566,46.064,,1.59,0.999425
2024-04-12,67136.4,3238.3,595.2,0.5469,0.5026,0.17406,153.162,86.09,15.151,39.331,,1.59,0.999119
2024-04-13,63939.7,3005.46,553.33,0.4786,0.4448,0.15256,138.467,77.33,13.28,33.89,,1.59,0.998479
2024-04-14,65615.9,3153.16,566.0,0.5029,0.4671,0.16197,151.187,79.68,14.084,37.248,,1.59,0.998493
2024-04-15,63392.7,3100.75,552.18,0.4973,0.4606,0.16115,138.442,78.06,13.573,35.136,,1.59,0.999199
2024-04-16,63765.0,3082.85,537.52,0.496,0.4581,0.15594,136.183,79.9,13.456,34.734,,1.59,0.99895
2024-04-17,61254.5,2983.25,533.94,0.4947,0.4438,0.14747,131.781,80.15,13.124,33.55,,1.59,0.999449
2024-04-18,63445.0,3062.85,551.95,0.5022,0.4577,0.15215,141.957,80.72,13.879,34.831,,1.59,0.99899
2024-04-19,63787.4,3054.91,553.77,0.5027,0.4679,0.15627,142.444,80.82,13.936,34.651,,1.59,0.99896
2024-04-20,64897.2,3154.31,570.37,0.5285,0.5068,0.16251,151.155,84.99,14.947,38.289,,1.59,0.9991
2024-04-21,64912.6,3145.73,579.31,0.5243,0.499,0.15815,148.734,84.12,15.091,37.114,,1.59,0.999308
2024-04-22,66778.0,3198.66,604.37,0.5558,0.5163,0.16115,156.881,85.34,15.434,39.155,,1.59,0.999162
2024-04-23,66386.3,3218.04,605.74,0.5443,0.4997,0.15972,154.723,84.97,15.169,38.284,,1.59,0.999352
2024-04-24,64250.0,3138.84,608.47,0.5271,0.4743,0.1513,147.701,83.19,14.526,36.352,,1.59,1.000053
2024-04-25,64478.8,3154.44,612.55,0.5251,0.4702,0.15123,144.786,83.72,14.58,35.56,,1.59,0.99956
2024-04-26,63748.8,3129.98,597.47,0.5257,0.4628,0.14792,139.202,88.04,14.483,34.41,,1.59,0.999749
2024-04-27,63421.0,3253.97,595.74,0.5176,0.4672,0.14767,141.242,83.83,14.258,34.449,,1.59,1.000034
2024-04-28,63088.3,3262.28,599.64,0.5099,0.4601,0.14659,137.922,83.94,13.797,33.941,,1.59,0.999731
2024-04-29,63842.4,3215.27,592.62,0.5147,0.4568,0.14334,137.725,83.48,14.066,35.271,,1.59,0.999801
2024-04-30,60651.2,3012.58,577.72,0.5004,0.4409,0.13329,126.685,79.43,13.123,32.68,,1.59,1.000275
2024-05-01,58307.6,2970.61,561.45,0.5173,0.4499,0.13014,134.541,80.11,13.34,33.308,,1.59,1.000794
2024-05-02,59036.7,2984.8,560.21,0.5178,0.4575,0.13188,137.538,80.0,13.584,33.562,,1.59,0.999495
2024-05-03,62853.7,3100.83,586.65,0.5312,0.4669,0.14597,143.607,81.83,14.084,35.529,,1.59,0.999223
2024-05-04,63864.2,3115.46,584.78,0.5299,0.463,0.16005,146.007,81.6,14.307,37.329,,1.59,0.999367
2024-05-05,63988.0,3135.24,591.56,0.5292,0.4577,0.16089,145.673,81.28,14.362,37.33,,1.59,0.999388
2024-05-06,63142.8,3061.5,587.81,0.5398,0.4537,0.15642,152.784,80.72,14.478,37.1,,1.59,0.999471
2024-05-07,62296.0,3004.55,575.86,0.5242,0.4411,0.14997,148.011,80.79,13.992,35.295,,1.59,0.999513
2024-05-08,61157.9,2972.93,588.22,0.5168,0.4516,0.14311,142.118,81.66,13.892,33.994,,1.59,0.99982
2024-05-09,63050.1,3034.75,596.42,0.5206,0.4633,0.15211,152.459,83.02,14.226,35.043,,1.59,0.999555
2024-05-10,60778.1,2908.85,585.26,0.5019,0.4476,0.14381,145.966,80.18,13.552,33.698,,1.59,0.999671
2024-05-11,60809.2,2911.27,592.03,0.5057,0.4388,0.143,145.355,81.35,13.299,33.482,,1.59,0.999675
2024-05-12,61455.8,2927.73,594.25,0.4989,0.4374,0.14111,143.364,81.39,13.551,33.114,,1.59,0.9999
2024-05-13,62912.1,2949.71,591.29,0.505,0.4363,0.14856,147.496,80.59,13.383,32.443,,1.59,0.999589
2024-05-14,61550.5,2880.87,566.59,0.4999,0.4281,0.14543,141.963,78.73,12.975,31.572,,1.59,0.999831
2024-05-15,66175.4,3030.66,580.81,0.5186,0.4524,0.15527,158.423,82.42,13.861,34.658,,1.59,0.999075
2024-05-16,65217.7,2943.22,568.48,0.5155,0.4596,0.14963,159.303,82.39,15.503,34.449,,1.59,0.999315
2024-05-17,66980.0,3090.48,580.52,0.5231,0.482,0.15549,169.351,84.13,16.222,36.41,,1.59,0.99912
2024-05-18,66884.9,3121.59,580.27,0.521,0.4819,0.15295,172.299,83.82,16.32,37.222,,1.59,0.999211
2024-05-19,66239.4,3069.98,574.31,0.5091,0.4671,0.14899,169.853,82.36,16.551,35.58,,1.59,0.999567
2024-05-20,71466.5,3664.39,599.71,0.5379,0.5021,0.16572,186.701,88.67,17.259,40.12,,1.59,0.999291
2024-05-21,70168.8,3792.32,619.02,0.5372,0.4949,0.17035,178.15,88.29,16.748,41.224,,1.59,0.9996
2024-05-22,69219.1,3740.25,615.24,0.5272,0.4837,0.16637,177.03,85.85,16.362,40.037,,1.59,0.9998
2024-05-23,67999.9,3784.8,599.66,0.529,0.4658,0.15973,176.182,85.48,16.606,38.524,,1.59,0.999839
2024-05-24,68584.1,3729.61,600.55,0.5364,0.4601,0.16388,167.657,85.05,17.259,38.014,,1.59,0.999601
2024-05-25,69314.4,3751.15,602.48,0.542,0.4622,0.1741,168.356,85.01,17.445,38.289,,1.59,0.99959
2024-05-26,68524.3,3827.53,600.65,0.5285,0.4581,0.16625,163.505,83.96,17.046,36.76,,1.59,0.999891
2024-05-27,69461.6,3896.09,604.13,0.5343,0.4687,0.16919,170.249,85.3,18.801,38.286,,1.59,1.00023
2024-05-28,68440.5,3847.0,601.91,0.5291,0.4579,0.16511,168.807,83.48,18.545,37.047,,1.59,1.000436
2024-05-29,67686.7,3770.0,595.77,0.5239,0.4513,0.16397,168.418,83.63,18.464,36.208,,1.59,1.000849
2024-05-30,68402.5,3750.39,595.34,0.519,0.4468,0.15954,166.986,84.48,17.948,35.995,,1.59,0.999852
2024-05-31,67577.9,3764.35,594.03,0.5179,0.4473,0.15909,165.762,83.25,18.422,36.05,,1.59,1.000616
2024-06-01,67799.2,3817.49,602.39,0.5189,0.4503,0.16043,166.281,83.52,18.455,35.781,,1.59,1.0003
2024-06-02,67805.9,3783.98,603.4,0.5137,0.4466,0.15718,163.251,83.16,18.153,34.937,,1.59,1.000004
2024-06-03,68851.4,3769.15,626.86,0.5203,0.4577,0.15841,164.995,82.89,17.635,35.048,,1.59,0.999973
2024-06-04,70580.0,3813.12,686.16,0.526,0.4617,0.16148,171.888,83.71,17.73,36.095,,1.59,0.999384
2024-06-05,71133.3,3868.61,699.32,0.5263,0.4616,0.16341,173.668,85.48,17.762,36.597,,1.59,0.999366
2024-06-06,70830.0,3815.76,711.29,0.5218,0.4585,0.16026,170.271,84.27,17.267,35.917,,1.59,0.999823
2024-06-07,69377.0,3679.82,684.0,0.4989,0.4493,0.14821,162.524,80.14,16.32,33.515,,1.59,0.999934
2024-06-08,69346.5,3682.11,682.61,0.4926,0.4366,0.14589,157.838,79.96,15.926,32.262,,1.59,0.999613
2024-06-09,69667.1,3707.67,673.16,0.4985,0.4441,0.14676,162.116,80.48,16.368,32.977,,1.59,0.999763
2024-06-10,69558.7,3669.66,625.0,0.497,0.4408,0.14476,159.096,79.7,15.907,32.279,,1.59,0.999804
2024-06-11,67320.7,3498.16,602.18,0.4803,0.4216,0.13801,149.245,77.29,14.982,31.546,,1.59,0.999806
2024-06-12,68270.3,3560.45,619.28,0.4915,0.438,0.14624,155.173,78.49,16.009,33.279,,1.59,0.999702
2024-06-13,66786.9,3469.18,599.7,0.4768,0.421,0.14111,147.209,79.13,15.139,30.994,,1.59,0.999967
2024-06-14,66039.7,3480.51,603.11,0.4745,0.4119,0.13488,142.974,77.56,14.736,30.275,,1.59,1.000221
2024-06-15,66213.7,3567.87,607.99,0.4906,0.4138,0.1367,145.45,79.21,14.852,29.994,,1.59,1.000025
2024-06-16,66653.6,3622.96,610.65,0.4889,0.4166,0.13705,151.245,78.96,15.134,30.06,,1.59,1.000299
2024-06-17,66472.1,3509.56,603.96,0.5044,0.4011,0.12869,143.197,76.56,14.512,28.45,,1.59,0.999989
2024-06-18,65150.0,3482.34,588.5,0.4907,0.3833,0.12216,137.359,72.61,13.972,26.582,,1.59,1.00015
2024-06-19,64933.6,3558.85,598.92,0.493,0.3843,0.12242,135.557,73.74,14.336,26.927,,1.59,0.99989
2024-06-20,64854.0,3511.26,587.32,0.4885,0.384,0.12447,133.5,74.66,14.25,27.57,,1.59,1.000038
2024-06-21,64124.0,3517.18,586.11,0.4888,0.3758,0.12411,134.534,74.12,13.841,27.47,,1.59,1.000014
2024-06-22,64240.0,3494.26,590.98,0.4864,0.3845,0.12368,133.627,74.58,13.472,25.603,,1.59,0.999869
2024-06-23,63194.9,3419.38,577.4,0.4796,0.3798,0.12214,128.661,73.35,13.187,25.069,,1.59,1.00016
2024-06-24,60273.6,3352.0,567.95,0.4738,0.3776,0.11894,132.237,69.64,13.609,24.768,,1.59,1.000118
2024-06-25,61777.8,3393.06,577.94,0.4755,0.3917,0.12611,136.544,71.32,14.186,25.391,,1.59,0.999768
2024-06-26,60860.1,3370.76,573.09,0.4696,0.3848,0.12274,136.808,70.97,13.911,25.807,,1.59,1.000116
2024-06-27,61682.0,3450.34,581.75,0.4752,0.3913,0.12707,149.651,73.24,14.426,27.904,,1.59,1.000543
2024-06-28,60429.8,3379.51,567.7,0.4715,0.3856,0.12301,139.98,72.87,13.771,27.957,,1.59,1.001249
2024-06-29,60982.4,3377.62,570.4,0.4724,0.3838,0.1218,140.234,74.9,13.536,27.758,,1.59,1.001069
2024-06-30,62766.0,3436.73,582.63,0.476,0.3923,0.12445,146.582,75.27,14.278,29.356,,1.59,1.001063
2024-07-01,62883.6,3440.46,577.17,0.4768,0.4032,0.12345,146.625,74.37,14.332,28.825,,1.59,1.00035
2024-07-02,62123.6,3420.43,580.3,0.4853,0.4183,0.12529,153.97,76.01,14.412,28.699,,1.59,1.000969
2024-07-03,60208.0,3294.75,556.91,0.4668,0.4068,0.11842,140.737,72.05,13.584,26.494,,1.59,1.00061
2024-07-04,57045.9,3059.31,513.22,0.4326,0.3621,0.10497,127.76,65.37,12.529,24.431,,1.59,0.99985
2024-07-05,56604.9,2980.43,497.54,0.4249,0.3497,0.10537,134.23,61.8,12.303,25.118,,1.59,0.999469
2024-07-06,58216.0,3065.5,526.15,0.4487,0.3706,0.11337,142.996,65.37,13.173,27.388,,1.59,0.999262
2024-07-07,55830.9,2930.24,490.64,0.4194,0.3465,0.10409,131.599,62.02,12.348,25.736,,1.59,0.999429
2024-07-08,56686.4,3017.51,510.28,0.4314,0.3688,0.10752,139.74,64.89,13.111,25.188,,1.59,0.999449
2024-07-09,58023.2,3065.06,516.67,0.4355,0.3752,0.10751,141.391,65.27,12.831,26.425,,1.59,0.999449
2024-07-10,57707.0,3099.12,524.68,0.4385,0.3882,0.10794,141.927,66.91,12.782,25.74,,1.59,0.999544
2024-07-11,57315.5,3098.25,524.87,0.4488,0.3958,0.10656,135.702,67.32,12.336,25.184,,1.59,0.999487
2024-07-12,57870.0,3133.24,534.09,0.4742,0.4163,0.10759,139.379,69.22,12.735,25.954,,1.59,0.999338
2024-07-13,59174.0,3174.01,532.46,0.5255,0.4414,0.11227,141.811,69.78,13.011,25.833,,1.59,0.999243
2024-07-14,60766.0,3243.56,544.76,0.5202,0.4316,0.11526,147.575,69.88,13.442,26.332,,1.59,0.999227
2024-07-15,64680.6,3481.62,585.1,0.5368,0.4447,0.12482,159.294,72.25,14.382,27.819,,1.59,0.998947
2024-07-16,65010.0,3442.83,576.05,0.5791,0.4379,0.12474,160.592,73.17,14.199,27.995,,1.59,0.999061
2024-07-17,64055.7,3386.0,568.79,0.6257,0.4357,0.12172,155.467,71.32,13.73,27.223,,1.59,0.999329
2024-07-18,63959.9,3424.99,571.96,0.5693,0.4231,0.11948,159.146,71.58,13.589,27.118,,1.59,0.999639
2024-07-19,66627.9,3502.18,593.59,0.5729,0.4388,0.12541,169.064,73.36,14.071,28.148,,1.59,0.998937
2024-07-20,67095.6,3516.03,593.2,0.5936,0.437,0.1342,173.532,72.99,14.24,29.093,,1.59,0.998991
2024-07-21,68138.0,3534.29,602.47,0.5984,0.4467,0.14025,184.473,73.95,14.81,32.628,,1.59,0.999262
2024-07-22,67499.2,3438.08,587.31,0.6076,0.4258,0.1377,178.823,71.2,13.926,31.859,,1.59,0.99906
2024-07-23,65916.4,3481.01,582.19,0.5972,0.4097,0.13024,172.912,72.86,13.899,29.797,,1.59,0.999178
2024-07-24,65350.8,3334.24,574.78,0.6175,0.406,0.12786,177.983,71.25,13.394,28.356,,1.59,0.999506
2024-07-25,65773.0,3173.67,570.94,0.5993,0.3946,0.12516,171.759,68.77,12.932,27.222,,1.59,0.999673
2024-07-26,67882.5,3272.82,581.04,0.6032,0.417,0.13416,182.991,71.28,13.52,28.693,,1.59,0.999436
2024-07-27,67873.8,3248.17,581.91,0.5954,0.4173,0.13141,183.903,71.3,13.541,28.033,,1.59,0.99937
2024-07-28,68215.5,3268.03,584.21,0.601,0.407,0.12996,184.808,71.05,13.3,27.377,,1.59,0.999492
2024-07-29,66750.0,3316.87,574.46,0.6016,0.4029,0.12837,182.509,73.66,13.527,26.978,,1.59,0.999515
2024-07-30,66159.3,3278.17,588.34,0.6274,0.401,0.12542,179.072,71.66,13.129,26.303,,1.59,0.999722
2024-07-31,64601.8,3231.48,576.79,0.623,0.3878,0.12187,171.632,70.1,12.824,25.69,,1.59,0.99976
2024-08-01,65328.9,3201.67,575.37,0.5962,0.3924,0.11895,167.294,69.54,12.877,25.688,,1.59,1.0003
2024-08-02,61483.7,2988.11,543.15,0.5605,0.3635,0.11149,152.711,65.02,11.914,23.585,,1.59,1.000708
2024-08-03,60684.6,2901.94,529.64,0.5556,0.3645,0.10807,142.456,64.62,11.681,22.656,,1.59,1.000106
2024-08-04,58144.5,2687.6,496.92,0.5227,0.344,0.10371,138.291,62.42,10.881,21.246,,1.59,1.000009
2024-08-05,54003.1,2418.6,464.2,0.4887,0.3117,0.0943,129.768,56.04,9.477,19.527,,1.59,0.99914
2024-08-06,55991.2,2459.87,484.78,0.5057,0.3309,0.09638,144.328,58.22,10.058,20.875,,1.59,0.999048
2024-08-07,55102.9,2341.41,474.99,0.6001,0.3238,0.09555,144.736,55.96,9.488,19.842,,1.59,0.999282
2024-08-08,61659.8,2681.59,517.05,0.6164,0.3513,0.10741,163.069,61.12,10.745,22.724,,1.59,0.999106
2024-08-09,60808.6,2597.9,508.87,0.5801,0.3482,0.10378,156.188,60.67,10.528,21.735,,1.59,0.999294
2024-08-10,60889.9,2608.76,523.29,0.5837,0.3455,0.10511,153.932,61.14,10.548,21.564,,1.59,0.999324
2024-08-11,58693.1,2554.65,503.68,0.5525,0.3274,0.10053,141.492,59.7,9.995,20.386,,1.59,0.999381
2024-08-12,59323.6,2721.15,518.48,0.568,0.3387,0.10784,146.241,61.45,10.548,21.247,,1.59,0.999275
2024-08-13,60550.5,2701.01,524.24,0.5765,0.3397,0.1063,146.565,63.37,10.567,21.367,,1.59,0.999173
2024-08-14,58648.1,2659.82,523.18,0.5684,0.3351,0.10235,143.644,64.03,10.388,20.944,,1.59,0.999366
2024-08-15,57511.0,2568.73,518.87,0.5605,0.3246,0.10013,142.538,65.3,10.166,20.108,,1.59,0.999183
2024-08-16,58854.9,2591.52,519.47,0.5634,0.3298,0.10028,138.986,66.47,10.121,20.359,,1.59,0.999235
2024-08-17,59468.5,2613.18,541.81,0.5661,0.3371,0.10271,141.83,67.55,10.152,20.688,,1.59,0.999434
2024-08-18,58390.0,2610.67,531.28,0.5628,0.3341,0.09998,142.354,66.31,10.078,20.803,,1.59,0.999386
2024-08-19,59398.5,2635.15,558.77,0.598,0.3364,0.10127,144.201,66.27,10.177,21.196,,1.59,0.999276
2024-08-20,58982.9,2571.51,569.37,0.5933,0.3433,0.10286,142.21,64.38,10.231,22.247,,1.59,0.999421
2024-08-21,61120.0,2629.38,569.79,0.5997,0.3686,0.10612,142.726,64.23,11.209,23.518,,1.59,0.999093
2024-08-22,60349.9,2622.0,582.8,0.5974,0.3761,0.10522,143.159,63.72,11.467,25.196,,1.59,0.999261
2024-08-23,64019.9,2761.58,591.29,0.6105,0.3911,0.11288,153.228,66.07,12.047,26.483,,1.59,0.998668
2024-08-24,64116.5,2766.4,580.43,0.6121,0.3933,0.1125,160.558,66.55,12.335,27.101,,1.59,0.998955
2024-08-25,64190.2,2744.47,573.48,0.5996,0.3846,0.10954,158.88,64.76,12.097,26.898,,1.59,0.998943
2024-08-26,62807.6,2679.25,548.03,0.5871,0.366,0.10513,157.052,62.97,11.833,25.929,,1.59,0.999116
2024-08-27,59384.5,2455.98,533.17,0.5662,0.35,0.09884,146.727,60.34,11.147,24.067,,1.59,0.999148
2024-08-28,59010.0,2527.31,537.05,0.569,0.3498,0.09956,143.892,61.79,11.17,23.432,,1.59,0.999399
2024-08-29,59323.2,2526.28,536.31,0.5615,0.3577,0.10031,139.948,62.43,10.937,22.879,,1.59,0.999272
2024-08-30,59096.3,2524.99,535.01,0.5665,0.3468,0.10175,137.921,64.9,11.114,23.274,,1.59,0.99957
2024-08-31,58941.9,2511.91,532.83,0.5661,0.3449,0.10124,135.266,64.94,11.009,22.786,,1.59,0.999508
2024-09-01,57268.1,2424.55,512.05,0.5467,0.3308,0.09502,128.411,63.54,10.359,21.397,,1.59,0.999565
2024-09-02,59112.1,2536.74,526.41,0.5674,0.3359,0.09907,134.865,65.31,10.756,22.351,,1.59,0.999532
2024-09-03,57451.9,2424.05,518.85,0.5569,0.3182,0.09674,127.506,64.33,10.311,21.374,,1.59,0.999744
2024-09-04,57944.8,2449.67,507.71,0.5576,0.323,0.09797,133.564,65.36,10.331,21.893,,1.59,0.999442
2024-09-05,56145.7,2367.37,502.48,0.5441,0.3249,0.09837,129.337,66.01,10.021,21.356,,1.59,0.999731
2024-09-06,53927.7,2223.7,487.04,0.5206,0.3144,0.09244,124.959,62.98,9.568,21.143,,1.59,0.999962
2024-09-07,54134.9,2272.21,493.37,0.5246,0.3252,0.09534,127.656,62.02,10.023,21.784,,1.59,0.999547
2024-09-08,54839.6,2295.89,503.03,0.5292,0.3388,0.09609,130.073,60.89,10.346,23.231,,1.59,0.999547
2024-09-09,57010.0,2358.19,518.91,0.5392,0.3433,0.10375,135.014,61.38,10.532,23.829,,1.59,0.999479
2024-09-10,57609.1,2387.63,517.22,0.5405,0.3428,0.10274,135.563,61.49,10.584,24.336,,1.59,0.999513
2024-09-11,57306.0,2339.22,530.37,0.5346,0.353,0.10125,132.346,62.15,10.393,23.264,,1.59,0.999539
2024-09-12,58097.0,2360.79,544.58,0.5624,0.3561,0.10267,135.997,62.79,10.78,24.005,,1.59,0.999375
2024-09-13,60456.2,2438.15,556.02,0.5722,0.3603,0.1069,138.916,64.88,11.441,24.898,,1.59,0.999142
2024-09-14,59964.0,2416.65,553.21,0.5953,0.3537,0.10534,137.068,65.88,11.29,25.317,,1.59,0.99917
2024-09-15,59100.5,2314.85,553.12,0.5703,0.3382,0.10275,131.319,63.2,10.799,23.779,,1.59,0.999346
2024-09-16,58187.0,2294.61,533.37,0.5861,0.33,0.0996,131.412,62.58,10.537,23.496,,1.59,0.99964
2024-09-17,60281.0,2340.59,546.02,0.5836,0.3336,0.10105,131.467,63.73,10.616,23.762,,1.59,0.99925
2024-09-18,61735.3,2373.93,559.32,0.5851,0.344,0.10381,134.299,64.81,10.891,24.697,,1.59,0.999491
2024-09-19,62926.9,2464.56,566.85,0.5867,0.3509,0.10497,142.82,65.38,11.199,26.651,,1.59,0.999272
2024-09-20,63175.7,2560.29,568.83,0.5847,0.352,0.10548,146.627,65.29,11.43,27.655,,1.59,0.999401
2024-09-21,63320.6,2611.4,588.98,0.5973,0.3582,0.1099,149.372,66.81,11.486,27.764,,1.59,0.999393
2024-09-22,63558.4,2579.94,588.65,0.5869,0.3515,0.10627,144.587,68.65,11.122,27.287,,1.59,0.99945
2024-09-23,63302.0,2645.84,604.97,0.5845,0.3636,0.108,144.691,66.93,11.389,27.379,,1.59,0.999655
2024-09-24,64243.1,2652.0,606.07,0.5909,0.3876,0.10973,152.712,66.67,12.149,28.462,,1.59,0.999588
2024-09-25,63118.4,2578.9,587.49,0.5827,0.3808,0.10843,147.88,66.53,12.107,27.27,,1.59,0.999701
2024-09-26,65139.2,2631.11,596.47,0.5903,0.4013,0.11813,155.48,68.53,12.557,29.155,,1.59,0.99939
2024-09-27,65749.6,2693.53,607.33,0.5885,0.4017,0.12348,157.591,71.1,12.667,30.424,,1.59,0.999318
2024-09-28,65822.6,2673.9,601.12,0.6136,0.4005,0.12805,156.682,69.92,12.942,29.277,,1.59,0.999319
2024-09-29,65568.1,2656.3,595.76,0.6412,0.3972,0.12435,158.385,69.23,12.458,29.02,,1.59,0.99941
2024-09-30,63309.1,2601.49,567.65,0.6113,0.3732,0.11415,152.428,66.78,11.843,27.698,,1.59,0.999676
2024-10-01,60776.8,2446.85,546.98,0.5966,0.3518,0.10679,145.071,63.36,11.008,25.801,,1.59,0.99966
2024-10-02,60622.6,2363.0,542.38,0.5379,0.3429,0.10459,140.082,62.9,10.647,25.317,,1.59,0.99953
2024-10-03,60727.2,2348.74,544.64,0.5214,0.3451,0.10502,136.733,63.43,10.651,24.633,,1.59,0.999528
2024-10-04,62054.4,2413.38,555.27,0.5338,0.3514,0.10918,143.159,64.89,11.069,26.248,,1.59,0.999404
2024-10-05,62023.1,2413.42,563.13,0.5291,0.3507,0.10937,142.538,66.26,11.26,25.65,,1.59,0.999675
2024-10-06,62789.3,2438.77,570.26,0.5334,0.3573,0.11153,146.412,67.01,11.274,26.916,,1.59,0.99962
2024-10-07,62190.7,2421.75,564.33,0.5282,0.3508,0.10837,143.909,64.73,11.152,26.546,,1.59,0.999662
2024-10-08,62131.7,2439.84,579.92,0.5308,0.3444,0.10704,143.417,65.66,10.828,26.335,,1.59,0.999965
2024-10-09,60606.4,2369.6,570.35,0.5241,0.3395,0.10788,139.266,64.56,10.53,25.758,,1.59,1.000329
2024-10-10,60293.2,2385.24,563.63,0.5303,0.3393,0.10596,138.963,64.26,10.553,25.842,,1.59,1.000398
2024-10-11,62509.0,2438.46,573.77,0.5386,0.3516,0.11075,145.47,65.54,10.901,27.451,,1.59,0.999835
2024-10-12,63176.0,2475.09,576.51,0.539,0.3529,0.11132,146.318,66.16,10.999,28.624,,1.59,0.999745
2024-10-13,62839.8,2467.79,572.21,0.5316,0.3483,0.11136,147.645,64.77,10.746,29.048,,1.59,0.999789
2024-10-14,66064.9,2628.88,589.31,0.5484,0.3642,0.11664,157.52,66.81,11.28,29.047,,1.59,0.999727
2024-10-15,67044.1,2606.53,594.89,0.5415,0.359,0.11747,154.69,70.85,11.458,28.195,,1.59,0.999669
2024-10-16,67592.0,2610.39,601.13,0.5481,0.3521,0.12571,154.19,70.05,11.242,28.007,,1.59,0.999649
2024-10-17,67401.5,2605.01,592.83,0.5439,0.3431,0.1296,150.45,72.78,11.027,27.286,,1.59,0.999668
2024-10-18,68407.8,2641.11,599.03,0.5465,0.3506,0.13717,154.86,73.09,11.482,28.077,,1.59,0.999456
2024-10-19,68357.1,2647.45,597.94,0.5438,0.3512,0.14402,159.7,74.87,11.418,28.089,,1.59,0.999576
2024-10-20,69020.1,2746.98,606.28,0.5483,0.3648,0.1421,167.42,74.3,11.977,28.97,,1.59,0.999596
2024-10-21,67368.8,2666.63,598.74,0.5448,0.3609,0.14363,166.13,70.74,11.711,27.738,,1.59,0.999658
2024-10-22,67406.4,2621.78,593.81,0.5336,0.3644,0.13964,167.56,70.0,11.976,27.629,,1.59,0.999967
2024-10-23,66647.2,2523.84,584.95,0.5257,0.3495,0.13998,170.81,70.01,11.321,26.733,,1.59,1.000279
2024-10-24,68173.8,2535.39,594.65,0.5322,0.3464,0.14188,177.1,71.14,11.615,26.819,,1.59,1.000112
2024-10-25,66662.8,2440.1,574.64,0.5017,0.3257,0.13154,164.8,68.8,11.128,24.907,,1.59,1.001465
2024-10-26,67071.8,2482.04,583.4,0.5133,0.3334,0.13739,170.81,68.42,11.002,25.388,,1.59,1.000774
2024-10-27,67992.6,2507.22,589.34,0.5167,0.3397,0.14425,176.58,71.05,10.977,25.744,,1.59,1.000617
2024-10-28,69940.0,2566.49,601.37,0.5192,0.3435,0.1614,178.2,70.79,11.179,26.252,,1.59,1.000125
2024-10-29,72739.5,2639.28,606.71,0.5286,0.3562,0.17587,179.4,73.98,11.798,26.869,,1.59,0.9996
2024-10-30,72349.0,2659.36,595.9,0.5231,0.355,0.16829,174.83,71.78,12.396,26.161,,1.59,0.999937
2024-10-31,70321.9,2518.37,576.71,0.5095,0.3416,0.16162,168.62,69.32,11.419,24.999,,1.59,1.000601
2024-11-01,69495.5,2511.57,572.93,0.513,0.3575,0.15913,166.01,70.26,11.248,24.773,,1.59,0.999867
2024-11-02,69366.6,2493.61,568.58,0.5103,0.3482,0.15952,166.09,69.19,11.185,24.101,,1.59,0.999647
2024-11-03,68762.5,2457.29,557.78,0.5029,0.3339,0.15129,162.44,66.82,10.752,23.517,,1.59,0.999901
2024-11-04,67834.3,2397.37,552.51,0.5032,0.3261,0.15817,157.87,65.53,10.248,22.717,,1.59,0.999888
2024-11-05,69353.1,2421.42,563.3,0.514,0.3335,0.16991,166.55,65.37,10.829,23.973,,1.59,0.999667
2024-11-06,75579.9,2722.49,592.61,0.5421,0.3632,0.19646,186.61,71.04,12.175,27.007,,1.59,0.999452
2024-11-07,75859.4,2895.76,598.74,0.5559,0.4068,0.19334,196.47,71.48,12.595,27.395,,1.59,0.999694
2024-11-08,76482.2,2962.12,598.17,0.5541,0.4448,0.20203,199.92,72.8,13.696,28.788,,1.59,0.999236
2024-11-09,76675.1,3127.03,625.06,0.5596,0.497,0.219,199.94,74.02,13.782,30.389,,1.59,0.999136
2024-11-10,80410.0,3185.19,627.84,0.5888,0.5907,0.27794,210.29,76.65,14.271,31.904,,1.59,0.998972
2024-11-11,88728.9,3375.02,660.53,0.6216,0.6139,0.35184,222.33,80.12,14.93,35.748,,1.59,0.998851
2024-11-12,87972.0,3245.98,625.78,0.7048,0.5714,0.3802,211.77,76.76,13.96,33.971,,1.59,0.999031
2024-11-13,90413.3,3188.9,621.19,0.6901,0.5788,0.39903,215.28,75.47,13.491,33.13,,1.59,0.99812
2024-11-14,87382.7,3061.03,622.64,0.7741,0.5795,0.36261,209.65,82.44,13.005,31.207,,1.59,0.999357
2024-11-15,91074.6,3091.75,619.73,0.8924,0.7076,0.38203,218.68,83.76,13.849,33.132,,1.59,0.999164
2024-11-16,90643.3,3134.72,623.19,1.122,0.742,0.36435,215.87,95.53,14.539,35.172,,1.59,0.99893
2024-11-17,89899.9,3078.09,618.99,1.055,0.703,0.36737,237.61,87.26,13.792,34.738,,1.59,0.999301
2024-11-18,90507.4,3210.48,619.46,1.1151,0.7333,0.37144,239.96,89.29,15.281,35.509,,1.59,0.998909
2024-11-19,92335.9,3109.34,615.93,1.1012,0.7389,0.3908,237.69,86.74,14.631,34.224,,1.59,0.998164
2024-11-20,94288.0,3071.05,605.78,1.1045,0.8003,0.37791,235.47,83.42,14.241,33.598,,1.59,0.99881
2024-11-21,98366.8,3358.42,622.33,1.2477,0.8226,0.387,256.59,89.6,14.909,35.873,,1.59,0.998545
2024-11-22,98921.4,3330.05,633.51,1.4739,1.0177,0.41301,257.1,92.28,16.582,43.208,,1.59,0.998356
2024-11-23,97725.5,3396.33,651.13,1.4697,1.0665,0.43049,255.07,99.59,17.4,41.463,,1.59,0.999056
2024-11-24,97960.4,3362.98,660.22,1.4334,1.0233,0.43046,252.94,97.0,17.921,42.083,,1.59,0.998683
2024-11-25,93064.0,3416.92,636.59,1.4151,0.9445,0.39284,234.29,92.36,17.355,41.335,,1.59,0.99949
2024-11-26,92021.4,3327.17,613.94,1.3993,0.9607,0.38733,230.73,92.88,17.349,42.752,,1.59,0.99977
2024-11-27,95905.2,3655.88,644.69,1.4709,1.0123,0.4013,242.05,97.34,18.672,43.819,,1.59,0.99847
2024-11-28,95694.4,3581.58,654.33,1.5431,1.0328,0.40192,237.6,95.59,17.948,42.806,,1.59,0.999294
2024-11-29,97516.3,3594.5,655.13,1.8019,1.0762,0.42664,243.44,104.83,18.26,44.886,,1.59,0.998939
2024-11-30,96475.1,3705.73,653.88,1.953,1.08,0.42179,237.73,102.82,19.016,44.845,,1.59,0.998921
2024-12-01,97265.1,3711.24,656.63,2.2942,1.1512,0.44092,237.06,119.69,18.935,45.145,,1.59,0.998979
2024-12-02,95890.5,3646.26,648.28,2.7243,1.2036,0.42497,225.88,133.0,25.241,52.312,,1.59,0.999217
2024-12-03,95913.3,3616.82,735.67,2.5127,1.1924,0.4067,234.1,131.03,24.127,50.931,,1.59,0.998847
2024-12-04,98669.8,3840.75,740.46,2.36,1.1881,0.43318,229.32,133.84,24.092,52.815,,1.59,0.998609
2024-12-05,97001.5,3787.31,717.76,2.2455,1.1605,0.42718,236.05,135.89,23.172,50.314,,1.59,0.998571
2024-12-06,99802.5,4001.75,730.75,2.4266,1.2288,0.43505,237.08,136.06,25.893,52.517,,1.59,0.998507
2024-12-07,99899.2,3999.79,750.33,2.612,1.2116,0.45332,238.3,133.9,24.808,51.632,,1.59,0.998546
2024-12-08,101200.0,4007.3,742.51,2.6031,1.1947,0.46673,237.24,135.01,26.12,54.024,,1.59,0.998803
2024-12-09,97349.1,3712.55,689.54,2.2122,1.0033,0.41393,216.65,110.45,22.241,44.98,,1.59,0.998859
2024-12-10,96602.4,3628.4,677.22,2.3688,1.0214,0.39372,213.58,109.79,22.115,44.589,,1.59,0.998929
2024-12-11,101115.3,3830.44,711.69,2.3939,1.0867,0.41404,227.29,117.27,24.064,48.446,,1.59,0.9986
2024-12-12,99982.4,3880.52,706.18,2.3377,1.1229,0.406,226.88,119.24,29.128,53.124,,1.59,0.99909
2024-12-13,101371.9,3905.6,725.73,2.422,1.1212,0.40901,224.71,124.49,28.983,52.781,,1.59,0.999271
2024-12-14,101381.0,3868.6,715.57,2.3997,1.0603,0.39805,219.84,118.19,29.117,49.83,,1.59,0.999375
2024-12-15,104460.4,3958.5,719.53,2.4473,1.0997,0.40642,224.21,121.14,29.257,50.765,,1.59,0.999647
2024-12-16,106023.2,3984.76,721.09,2.4847,1.0774,0.40185,216.08,118.0,28.73,48.979,,1.59,0.999557
2024-12-17,106074.6,3890.81,717.85,2.5655,1.0518,0.39393,223.16,125.54,27.858,47.898,,1.59,0.999458
2024-12-18,100181.1,3625.4,686.45,2.309,0.968,0.35808,206.46,108.29,24.855,42.75,,1.59,0.999709
2024-12-19,97434.4,3416.7,665.48,2.2386,0.8802,0.31416,193.71,99.3,22.806,38.807,,1.59,1.000336
2024-12-20,97764.4,3470.88,678.32,2.2786,0.9492,0.31779,194.28,101.32,23.38,39.835,,1.59,0.999955
2024-12-21,97261.8,3337.6,663.73,2.2374,0.9048,0.32027,181.37,101.52,22.123,37.408,,1.59,0.999893
2024-12-22,95153.5,3280.8,649.77,2.2025,0.883,0.31246,180.44,99.74,22.084,36.557,,1.59,1.000455
2024-12-23,94861.1,3420.74,693.9,2.2611,0.9261,0.32481,190.06,106.7,24.539,39.083,,1.59,1.000699
2024-12-24,98627.2,3491.97,696.63,2.3224,0.9355,0.33696,196.99,108.28,25.418,41.217,,1.59,1.000116
2024-12-25,99379.7,3495.72,702.13,2.2968,0.9172,0.3342,197.35,109.79,24.428,40.236,,1.59,1.000454
2024-12-26,95751.0,3333.15,688.75,2.1549,0.8604,0.31252,188.37,102.21,22.665,37.309,,1.59,1.000522
2024-12-27,94258.9,3332.09,691.49,2.1454,0.8768,0.31176,184.18,100.52,21.558,36.552,,1.59,1.001026
2024-12-28,95259.1,3402.54,722.14,2.1836,0.8892,0.32429,195.39,100.68,21.974,37.731,,1.59,1.001395
2024-12-29,93700.0,3355.46,694.48,2.0926,0.8582,0.31419,189.85,98.44,20.946,35.818,,1.59,1.001543
2024-12-30,92759.3,3360.11,704.76,2.0579,0.8613,0.31382,191.26,99.36,20.569,35.966,,1.59,1.001196
2024-12-31,93548.9,3336.57,702.12,2.0836,0.8447,0.31582,189.22,103.22,20.003,35.688,,1.59,1.001274
2025-01-01,94580.9,3359.36,707.43,2.3321,0.9223,0.32504,194.22,105.19,21.721,37.771,,1.59,1.00173
2025-01-02,96967.5,3454.83,706.11,2.4025,0.9613,0.33879,208.17,105.08,22.064,39.276,,1.59,1.000501
2025-01-03,98145.7,3607.89,715.22,2.4544,1.0895,0.37981,217.91,112.72,23.48,41.955,,1.59,1.000001
2025-01-04,98173.2,3655.99,713.38,2.4202,1.0707,0.39467,216.56,111.19,23.591,42.624,,1.59,0.999853
2025-01-05,98340.2,3634.96,709.28,2.3988,1.0909,0.38219,213.3,115.7,23.574,43.112,,1.59,0.999617
2025-01-06,102180.4,3685.72,729.81,2.4194,1.0932,0.38767,218.11,113.97,23.816,44.048,,1.59,0.999178
2025-01-07,96920.3,3379.38,697.16,2.2698,0.9888,0.3478,202.07,102.67,21.377,39.187,,1.59,0.999527
2025-01-08,95014.1,3325.38,695.49,2.3722,0.9462,0.34206,197.37,101.35,20.426,37.4,,1.59,0.99966
2025-01-09,92505.9,3218.24,684.89,2.271,0.9038,0.32071,184.88,102.18,19.635,36.177,,1.59,0.999657
2025-01-10,94675.5,3265.52,693.04,2.3411,0.9297,0.33364,187.59,103.88,20.234,36.646,,1.59,0.99957
2025-01-11,94562.5,3281.84,696.42,2.5761,0.9952,0.341,187.99,104.3,20.204,37.114,,1.59,0.999739
2025-01-12,94499.9,3265.7,692.96,2.5031,0.9671,0.33573,188.43,102.3,19.833,36.54,,1.59,1.000017
2025-01-13,94485.3,3136.14,688.41,2.5225,0.9439,0.33791,182.78,98.33,19.349,35.27,,1.59,0.999838
2025-01-14,96514.9,3223.99,698.84,2.6668,0.9969,0.35579,187.46,102.4,20.323,36.552,,1.59,0.999803
2025-01-15,100460.0,3449.8,714.38,3.1411,1.0753,0.38509,205.76,116.94,22.075,39.811,,1.59,0.999654
2025-01-16,99937.4,3306.94,708.05,3.2433,1.0889,0.37632,211.02,124.36,23.015,40.054,,1.59,0.999496
2025-01-17,104042.5,3472.38,722.09,3.2911,1.1328,0.41512,219.46,137.02,25.089,41.359,,1.59,0.999199
2025-01-18,104524.3,3306.7,709.91,3.2695,1.1042,0.39625,261.9,125.34,24.098,39.221,,1.59,1.000371
2025-01-19,101311.5,3214.15,683.39,2.9555,0.9924,0.35822,252.52,115.56,24.339,35.659,,1.59,1.000794
2025-01-20,102247.6,3283.2,682.84,3.1042,1.0092,0.3544,241.89,118.5,25.069,36.008,,1.59,1.000532
2025-01-21,106114.5,3326.72,692.54,3.1735,1.0056,0.37166,250.26,119.06,26.651,36.947,,1.59,0.99965
2025-01-22,103664.9,3242.0,695.95,3.1788,0.9824,0.36272,257.3,115.34,25.293,36.798,,1.59,0.999748
2025-01-23,103864.1,3337.88,690.12,3.1186,0.9865,0.35193,253.01,116.36,25.65,35.545,,1.59,0.99949
2025-01-24,104808.1,3308.62,680.46,3.0985,0.9706,0.35065,253.22,118.63,25.17,35.324,,1.59,0.999557
2025-01-25,104702.0,3317.91,686.74,3.1069,0.9762,0.35335,256.32,123.88,24.911,36.609,,1.59,0.999649
2025-01-26,102560.1,3230.5,666.64,3.0198,0.9523,0.33579,240.32,117.05,24.867,35.724,,1.59,0.999741
2025-01-27,102021.3,3180.99,680.16,3.0533,0.934,0.33377,234.77,115.0,24.196,34.17,,1.59,0.999828
2025-01-28,101279.6,3075.96,661.08,3.0553,0.9161,0.31853,226.91,109.86,22.599,32.048,,1.59,0.999961
2025-01-29,103698.2,3112.55,667.94,3.0671,0.9391,0.32388,228.04,115.8,23.649,32.779,,1.59,0.999773
2025-01-30,104676.9,3245.86,677.87,3.127,0.9591,0.33137,238.15,130.06,24.449,34.278,,1.59,0.999314
2025-01-31,102379.7,3299.5,677.79,3.0347,0.9422,0.32872,231.59,128.01,25.15,34.421,,1.59,0.99983
2025-02-01,100603.6,3116.22,652.83,2.8768,0.8941,0.30771,212.89,118.02,22.961,32.089,,1.59,0.999999
2025-02-02,97664.5,2868.05,617.69,2.5784,0.8042,0.26793,203.42,109.04,20.45,27.614,,1.59,0.999828
2025-02-03,101293.7,2878.69,616.76,2.6989,0.8116,0.28469,216.2,106.84,21.636,28.382,,1.59,0.998859
2025-02-04,97709.9,2730.03,572.81,2.5253,0.7434,0.26331,206.48,101.01,19.965,26.448,,1.59,0.999244
2025-02-05,96553.2,2787.0,569.42,2.3799,0.7319,0.25604,196.03,103.31,19.181,25.836,,1.59,0.999507
2025-02-06,96515.1,2685.25,571.47,2.3238,0.7047,0.24773,189.45,101.59,18.574,24.488,,1.59,0.99948
2025-02-07,96454.5,2620.66,577.42,2.3951,0.7066,0.24637,191.84,103.03,18.368,24.447,,1.59,0.999351
2025-02-08,96411.9,2630.99,612.27,2.4179,0.7001,0.25274,199.21,104.62,18.428,24.569,,1.59,0.999485
2025-02-09,96423.6,2626.07,615.36,2.3909,0.681,0.24873,200.32,107.14,18.255,24.86,,1.59,0.999397
2025-02-10,97379.2,2659.99,618.38,2.4226,0.7114,0.25528,200.32,120.17,18.791,25.658,,1.59,0.999409
2025-02-11,95731.4,2601.03,641.58,2.4117,0.7776,0.25292,197.87,119.17,18.635,25.376,,1.59,0.999433
2025-02-12,97816.3,2737.14,696.76,2.4723,0.7991,0.26411,196.71,122.01,19.19,26.491,,1.59,0.999481
2025-02-13,96560.6,2674.52,664.35,2.558,0.8101,0.2623,194.12,126.53,18.54,25.382,,1.59,0.999599
2025-02-14,97445.1,2724.74,659.42,2.7372,0.7992,0.27164,199.31,124.83,19.371,26.371,,1.59,0.999298
2025-02-15,97538.0,2691.73,661.76,2.7601,0.7803,0.27161,194.35,133.77,18.987,25.468,,1.59,0.999434
2025-02-16,96067.0,2660.0,672.65,2.7272,0.7707,0.26545,188.14,125.64,18.69,24.842,,1.59,0.999372
2025-02-17,95743.2,2743.0,667.12,2.6586,0.8084,0.25807,177.47,122.24,19.097,25.017,,1.59,0.999447
2025-02-18,95622.0,2670.57,648.04,2.5615,0.7536,0.25119,169.21,129.67,17.856,23.513,,1.59,0.999822
2025-02-19,96598.0,2714.06,653.11,2.7356,0.7731,0.25467,168.85,134.82,17.963,23.715,,1.59,0.999829
2025-02-20,98252.9,2736.87,655.94,2.6867,0.8034,0.25458,175.9,130.75,18.278,25.142,,1.59,0.999226
2025-02-21,96127.9,2660.85,647.11,2.5698,0.7614,0.23941,168.83,127.97,17.412,24.531,,1.59,1.000058
2025-02-22,96503.3,2762.01,668.13,2.5726,0.773,0.24643,171.98,125.84,17.745,25.823,,1.59,0.999357
2025-02-23,96218.4,2818.54,657.65,2.5744,0.7692,0.24269,167.84,129.79,17.604,24.833,,1.59,0.999518
2025-02-24,91514.5,2512.27,614.06,2.2769,0.6811,0.21037,141.73,114.69,15.249,21.866,,1.59,0.999723
2025-02-25,88639.1,2494.45,622.87,2.3211,0.6829,0.21147,144.24,114.51,15.306,21.936,,1.59,1.000669
2025-02-26,84208.5,2335.33,611.5,2.1971,0.6469,0.20347,135.27,124.6,15.249,21.859,,1.59,1.000638
2025-02-27,84668.1,2306.66,605.19,2.1973,0.6448,0.20678,137.6,126.81,15.103,22.519,,1.59,1.000311
2025-02-28,84299.6,2236.59,587.82,2.1443,0.6326,0.20176,148.1,127.99,14.81,22.368,,1.59,0.999697
2025-03-01,86007.7,2216.6,607.28,2.1904,0.6589,0.20663,143.58,124.24,14.751,21.853,,1.59,1.000059
2025-03-02,94222.8,2517.12,623.53,2.9384,1.1336,0.23918,178.64,127.82,17.407,24.941,,1.59,0.999417
2025-03-03,86192.7,2148.22,575.72,2.386,0.857,0.19903,142.05,109.81,14.445,20.931,,1.59,0.999973
2025-03-04,87245.9,2170.51,583.8,2.4532,0.9404,0.19898,144.7,103.57,14.855,19.982,,1.59,0.99989
2025-03-05,90566.1,2240.45,597.93,2.498,0.9736,0.20463,146.16,104.66,16.411,21.713,,1.59,0.999682
2025-03-06,89887.8,2201.34,596.27,2.5981,0.9058,0.2014,143.22,103.33,17.046,20.988,,1.59,0.999291
2025-03-07,86753.8,2140.72,594.53,2.3836,0.8174,0.19829,139.31,103.63,15.928,20.13,,1.59,0.999553
2025-03-08,86184.7,2202.84,592.8,2.3245,0.8045,0.1922,136.92,102.32,15.253,20.488,,1.59,0.999618
2025-03-09,80688.8,2019.2,554.4,2.1376,0.7208,0.16799,126.42,94.57,13.795,17.959,,1.59,0.999735
2025-03-10,78567.8,1864.51,531.25,2.0202,0.6707,0.15401,118.26,87.44,12.653,16.253,,1.59,0.999939
2025-03-11,82896.0,1922.61,551.47,2.17,0.7233,0.1645,125.28,90.41,13.132,17.498,,1.59,0.99951
2025-03-12,83640.7,1907.24,569.75,2.2382,0.7354,0.17231,126.55,91.46,13.479,18.904,,1.59,0.999879
2025-03-13,81085.4,1863.76,579.45,2.2512,0.7023,0.16513,123.32,88.04,13.035,18.496,,1.59,0.999729
2025-03-14,83939.8,1910.79,587.56,2.3555,0.737,0.17185,133.49,91.27,13.656,18.557,,1.59,0.999569
2025-03-15,84302.9,1936.27,619.62,2.3899,0.7461,0.17586,135.79,92.39,14.006,19.385,,1.59,0.999306
2025-03-16,82541.6,1885.97,602.14,2.2928,0.7042,0.1681,126.05,90.16,13.358,18.245,,1.59,0.999577
2025-03-17,83962.9,1925.37,631.39,2.3366,0.7169,0.17325,127.93,92.23,14.021,18.809,,1.59,0.999353
2025-03-18,82666.1,1930.64,627.42,2.2836,0.701,0.16794,125.25,89.98,13.909,18.972,,1.59,0.99955
2025-03-19,86809.8,2055.21,618.02,2.5457,0.7433,0.1779,135.3,94.04,15.013,19.721,,1.59,0.999201
2025-03-20,84183.6,1982.72,629.92,2.4346,0.7174,0.16938,127.53,93.22,14.211,18.736,,1.59,0.99996
2025-03-21,84050.3,1964.81,634.64,2.3793,0.7044,0.16718,128.38,90.79,13.949,19.17,,1.59,0.999856
2025-03-22,83804.9,1979.56,626.5,2.3698,0.7009,0.16729,128.44,91.35,14.242,19.417,,1.59,0.999597
2025-03-23,86044.2,2005.0,623.25,2.4378,0.7103,0.17255,132.77,91.44,14.461,19.807,,1.59,0.999502
2025-03-24,87463.4,2080.41,636.58,2.4485,0.7317,0.1829,140.95,93.73,15.121,21.471,,1.59,0.999697
2025-03-25,87369.8,2065.22,629.53,2.4481,0.7441,0.19056,143.59,94.35,15.428,22.89,,1.59,0.999693
2025-03-26,86873.8,2008.69,617.72,2.3473,0.7282,0.19481,137.26,92.38,15.241,22.041,,1.59,0.999174
2025-03-27,87191.2,2002.8,636.66,2.34,0.7379,0.19039,138.37,92.73,15.513,22.003,,1.59,0.999654
2025-03-28,84380.8,1896.02,619.24,2.2055,0.7057,0.18013,129.39,87.3,14.244,20.351,,1.59,0.999881
2025-03-29,82604.7,1827.32,602.59,2.1335,0.6726,0.16946,124.5,85.41,13.544,19.589,,1.59,0.999776
2025-03-30,82352.8,1806.99,601.95,2.1352,0.6607,0.16645,124.73,86.06,13.408,18.855,,1.59,0.999827
2025-03-31,82517.5,1821.59,604.63,2.0889,0.6613,0.16658,124.48,82.94,13.501,18.762,,1.59,0.999992
2025-04-01,85120.9,1904.21,610.93,2.1378,0.6769,0.17391,126.6,84.43,14.038,19.809,,1.59,0.99941
2025-04-02,82485.1,1794.1,590.08,2.021,0.6395,0.16376,117.34,81.47,12.894,17.968,,1.59,0.999672
2025-04-03,83181.5,1816.48,592.43,2.063,0.6504,0.16222,117.08,83.41,12.891,18.144,,1.59,0.999771
2025-04-04,83861.3,1815.97,597.84,2.1294,0.6601,0.1712,122.72,84.36,12.938,18.178,,1.59,0.999851
2025-04-05,83506.1,1805.15,593.11,2.1436,0.6544,0.16887,120.24,82.63,12.838,17.869,,1.59,0.999794
2025-04-06,78390.0,1579.98,555.35,1.9204,0.5731,0.14915,105.84,70.56,11.279,16.032,,1.59,0.999901
2025-04-07,79140.0,1552.44,554.63,1.8974,0.586,0.14951,106.91,70.95,11.448,16.677,,1.59,0.999851
2025-04-08,76297.9,1472.67,553.72,1.7956,0.558,0.1422,105.32,69.12,10.918,16.137,,1.59,1.000235
2025-04-09,82588.0,1668.69,582.12,2.0523,0.6314,0.16028,119.01,76.01,12.652,18.431,,1.59,0.999864
2025-04-10,79560.2,1521.57,577.79,1.9645,0.6091,0.15349,112.73,73.76,12.067,18.303,,1.59,1.000013
2025-04-11,83378.3,1565.96,585.84,2.0213,0.6235,0.15996,121.33,76.16,12.639,19.112,,1.59,0.999807
2025-04-12,85237.8,1643.6,597.11,2.1588,0.6593,0.16757,132.17,78.58,13.142,20.48,,1.59,0.999701
2025-04-13,83713.7,1596.92,584.06,2.1181,0.638,0.16252,128.3,77.8,12.616,19.574,,1.59,0.999759
2025-04-14,84553.9,1623.02,584.09,2.1262,0.6347,0.15845,129.34,77.13,12.632,20.105,,1.59,0.999601
2025-04-15,83608.7,1588.0,579.11,2.083,0.6085,0.15349,126.05,75.25,12.229,19.002,,1.59,0.99953
2025-04-16,83990.0,1576.58,582.68,2.0822,0.6102,0.15464,131.3,74.28,12.349,18.742,,1.59,0.999399
2025-04-17,84915.0,1582.84,590.36,2.066,0.6165,0.15579,134.76,74.9,12.53,19.037,,1.59,0.99949
2025-04-18,84421.0,1587.91,591.53,2.0607,0.6274,0.15753,133.97,75.94,12.555,19.058,,1.59,0.999544
2025-04-19,85046.9,1612.44,591.56,2.0865,0.6277,0.15726,139.77,76.07,12.931,19.886,,1.59,0.999602
2025-04-20,85138.8,1586.56,592.42,2.0777,0.6199,0.15519,137.76,77.77,13.277,19.491,,1.59,0.999545
2025-04-21,87466.0,1578.64,596.88,2.084,0.6237,0.15931,136.44,78.09,13.093,19.908,,1.59,0.999449
2025-04-22,93404.9,1755.57,618.27,2.2138,0.6793,0.17857,148.71,83.45,14.129,22.103,,1.59,0.998997
2025-04-23,93632.1,1794.46,605.45,2.2175,0.6974,0.17858,151.05,83.21,15.01,22.326,,1.59,0.999189
2025-04-24,93931.6,1768.8,601.26,2.2038,0.7215,0.18246,152.48,84.25,15.053,22.369,,1.59,0.999123
2025-04-25,94591.8,1783.77,599.57,2.1801,0.7131,0.18154,150.76,86.24,14.912,22.152,,1.59,0.9988
2025-04-26,94575.7,1820.0,607.18,2.1898,0.7065,0.18182,149.14,87.0,14.858,22.398,,1.59,0.999101
2025-04-27,93697.1,1790.21,603.63,2.2512,0.703,0.17924,147.91,85.33,14.548,21.699,,1.59,0.999154
2025-04-28,94969.0,1799.22,605.99,2.2941,0.7052,0.17898,147.76,85.62,15.018,21.83,,1.59,0.99928
2025-04-29,94200.1,1796.57,600.67,2.2364,0.6951,0.17453,146.18,85.51,14.589,21.547,,1.59,0.999105
2025-04-30,94125.1,1792.71,599.21,2.1898,0.6811,0.17217,147.47,83.48,14.284,20.899,,1.59,0.99927
2025-05-01,96423.3,1837.19,599.14,2.2114,0.7047,0.18057,150.73,88.81,14.739,21.626,,1.59,0.999248
2025-05-02,96831.2,1841.22,600.6,2.2083,0.6979,0.18142,147.93,87.91,14.65,21.241,,1.59,0.999113
2025-05-03,95803.3,1832.55,599.07,2.186,0.6991,0.17555,146.62,86.49,14.241,20.509,,1.59,0.999247
2025-05-04,94230.2,1807.87,585.65,2.1548,0.6756,0.1704,143.87,84.99,13.848,19.886,,1.59,0.999389
2025-05-05,94696.7,1819.43,597.19,2.1298,0.6617,0.1705,146.66,83.19,13.632,19.672,,1.59,0.999478
2025-05-06,96798.9,1816.22,602.56,2.154,0.6785,0.17211,146.83,91.58,13.816,20.005,,1.59,0.999559
2025-05-07,96988.4,1810.14,602.51,2.1255,0.6713,0.17193,147.27,89.5,13.81,19.537,,1.59,0.999455
2025-05-08,103228.1,2206.54,629.29,2.3266,0.7693,0.19807,164.42,94.93,15.883,22.15,,1.59,0.999549
2025-05-09,102941.9,2344.3,666.72,2.3435,0.7771,0.20521,172.74,100.49,16.009,23.266,,1.59,0.999423
2025-05-10,104788.8,2581.91,664.1,2.4711,0.8406,0.25057,177.86,105.23,17.332,25.81,,1.59,0.999607
2025-05-11,104072.7,2513.48,651.36,2.3661,0.8049,0.23172,173.11,100.08,17.104,24.776,,1.59,0.999371
2025-05-12,102739.3,2494.16,660.5,2.5431,0.8166,0.2309,174.14,103.82,16.722,24.824,,1.59,0.99947
2025-05-13,104082.0,2678.59,664.62,2.582,0.8297,0.24068,183.7,103.37,17.385,25.71,,1.59,0.999552
2025-05-14,103458.1,2608.74,652.8,2.5492,0.7981,0.23267,176.51,100.91,17.005,24.947,,1.59,0.999332
2025-05-15,103714.5,2547.75,652.17,2.3841,0.762,0.21926,169.06,99.21,16.033,23.495,,1.59,0.999284
2025-05-16,103412.2,2535.72,646.39,2.3785,0.7584,0.221,167.33,99.4,15.748,23.047,,1.59,0.999245
2025-05-17,103079.6,2474.09,639.42,2.352,0.7424,0.21449,165.87,96.0,15.316,22.165,,1.59,0.999313
2025-05-18,106407.6,2496.98,651.32,2.427,0.7595,0.23296,173.24,100.89,15.863,23.041,,1.59,0.999114
2025-05-19,105531.6,2526.87,649.96,2.3796,0.7424,0.22437,166.76,98.23,15.779,22.244,,1.59,0.999202
2025-05-20,106800.1,2523.09,650.37,2.355,0.7458,0.22617,168.51,94.41,15.695,22.597,,1.59,0.999113
2025-05-21,109609.5,2550.26,673.58,2.3947,0.7691,0.23398,173.5,97.05,16.094,23.164,,1.59,0.999108
2025-05-22,111662.7,2663.72,686.49,2.43,0.8092,0.24547,179.6,100.22,16.733,25.25,,1.59,0.999201
2025-05-23,107271.5,2525.39,656.85,2.2953,0.7468,0.22505,173.92,95.18,15.528,23.063,,1.59,0.999251
2025-05-24,107698.9,2529.27,667.89,2.3291,0.7463,0.22501,175.81,95.56,15.329,22.937,,1.59,0.999012
2025-05-25,108955.9,2550.03,669.13,2.3405,0.7593,0.22478,175.65,95.55,15.523,23.43,,1.59,0.999087
2025-05-26,109386.8,2562.43,673.91,2.3089,0.7598,0.22585,174.8,94.96,15.524,23.047,,1.59,0.999013
2025-05-27,108889.3,2659.84,687.14,2.3158,0.758,0.22589,176.64,95.86,15.901,23.361,,1.59,0.999091
2025-05-28,107723.1,2680.4,686.8,2.2732,0.7473,0.22086,172.11,95.34,15.682,23.599,,1.59,0.999102
2025-05-29,105539.9,2630.3,674.7,2.2426,0.7217,0.21477,166.62,93.14,15.034,22.236,,1.59,0.999357
2025-05-30,103950.0,2529.63,655.0,2.1383,0.6884,0.19348,156.12,85.55,13.878,20.535,,1.59,0.999255
2025-05-31,104544.7,2527.08,657.92,2.1732,0.6856,0.19241,156.35,86.99,13.96,20.786,,1.59,0.99897
2025-06-01,105583.3,2537.89,660.66,2.178,0.6853,0.19353,157.62,88.36,14.054,20.869,,1.59,0.999077
2025-06-02,105814.3,2606.48,665.93,2.1956,0.6895,0.19498,156.74,89.49,14.071,21.143,,1.59,0.998962
2025-06-03,105330.1,2592.16,661.33,2.2438,0.6834,0.19302,155.08,89.45,14.103,21.129,,1.59,0.998875
2025-06-04,104641.8,2606.62,662.93,2.1998,0.6652,0.188,153.18,87.91,13.826,20.076,,1.59,0.998768
2025-06-05,101458.6,2412.9,632.9,2.0922,0.6251,0.17095,144.21,83.53,12.876,18.73,,1.59,0.999103
2025-06-06,104240.0,2475.38,642.25,2.159,0.6551,0.17869,147.76,87.22,13.562,19.637,,1.59,0.99876
2025-06-07,105507.5,2523.4,650.41,2.1756,0.664,0.18502,149.98,88.28,13.814,20.646,,1.59,0.998788
2025-06-08,105676.5,2508.32,651.64,2.2659,0.67,0.18409,152.37,87.15,13.712,21.038,,1.59,0.998998
2025-06-09,110227.9,2679.12,665.61,2.3202,0.7046,0.19482,161.09,90.68,14.346,21.941,,1.59,0.998991
2025-06-10,110235.4,2815.74,673.66,2.3066,0.7166,0.19838,165.06,93.27,15.445,22.567,,1.59,0.999268
2025-06-11,108600.0,2770.34,667.58,2.2691,0.6976,0.19284,160.88,91.51,14.886,21.56,,1.59,0.999241
2025-06-12,105609.5,2641.38,654.41,2.1889,0.6609,0.18103,152.23,86.08,13.965,20.27,,1.59,0.999202
2025-06-13,106027.3,2578.09,655.04,2.1463,0.6418,0.18032,148.54,86.47,13.432,19.403,,1.59,0.999
2025-06-14,105359.9,2529.66,645.23,2.1381,0.6242,0.17817,144.55,85.13,13.141,18.926,,1.59,0.999
2025-06-15,105534.6,2546.32,647.92,2.1644,0.6331,0.17543,152.89,86.24,13.289,19.099,,1.59,0.999207
2025-06-16,106750.1,2543.12,650.74,2.2372,0.63,0.17261,150.67,86.64,13.558,19.049,,1.59,0.998997
2025-06-17,104508.0,2508.99,648.04,2.1581,0.6087,0.16926,147.49,84.17,12.98,18.574,,1.59,0.999325
2025-06-18,104832.8,2523.49,644.33,2.1695,0.6038,0.17057,146.28,85.03,13.106,18.155,,1.59,0.999151
2025-06-19,104607.1,2520.18,644.51,2.1639,0.6018,0.17085,146.96,85.06,13.063,18.045,,1.59,0.999346
2025-06-20,103246.1,2405.42,641.68,2.1185,0.5771,0.16227,140.02,82.88,12.499,17.357,,1.59,0.999263
2025-06-21,102079.8,2294.63,628.75,2.0618,0.5559,0.1544,135.32,80.2,12.014,16.811,,1.59,0.999459
2025-06-22,100904.7,2226.33,615.72,2.0159,0.5415,0.15118,131.64,80.15,11.648,16.513,,1.59,0.999337
2025-06-23,105290.9,2410.39,640.02,2.1575,0.5817,0.16371,144.41,84.86,12.818,18.051,,1.59,0.9989
2025-06-24,106034.9,2447.58,643.3,2.1888,0.5872,0.16564,145.83,84.8,13.405,18.224,,1.59,0.99905
2025-06-25,107280.0,2417.28,646.1,2.1848,0.5668,0.16451,143.48,84.62,13.133,17.567,,1.59,0.998996
2025-06-26,106913.7,2414.54,642.05,2.1047,0.554,0.15993,138.98,84.21,12.93,17.222,,1.59,0.999056
2025-06-27,107010.7,2422.06,645.56,2.1408,0.5584,0.16097,142.05,84.79,13.044,17.569,,1.59,0.999207
2025-06-28,107241.0,2434.8,648.38,2.1843,0.5652,0.16357,150.67,86.27,13.39,17.965,,1.59,0.999167
2025-06-29,108309.8,2499.25,654.96,2.2052,0.577,0.16938,153.21,87.92,13.701,18.728,,1.59,0.999204
2025-06-30,107087.4,2484.3,656.99,2.2358,0.5719,0.16509,154.73,85.96,13.367,17.958,,1.59,0.999283
2025-07-01,105637.9,2403.65,646.11,2.1706,0.5416,0.15769,146.79,83.16,12.887,17.093,,1.59,0.999236
2025-07-02,108800.0,2569.37,659.97,2.2328,0.584,0.16866,152.21,87.3,13.552,18.519,,1.59,0.999252
2025-07-03,109545.2,2590.17,663.9,2.256,0.599,0.17194,152.29,89.05,13.66,18.535,,1.59,0.999132
2025-07-04,107935.4,2506.86,653.39,2.2194,0.572,0.16279,147.6,86.78,13.16,17.782,,1.59,0.999221
2025-07-05,108153.4,2515.25,655.99,2.2163,0.5752,0.16413,147.5,87.49,13.222,17.904,,1.59,0.99922
2025-07-06,109145.8,2569.14,663.12,2.2701,0.5854,0.17188,151.8,87.3,13.477,18.281,,1.59,0.998853
2025-07-07,108203.9,2541.37,661.04,2.2694,0.5802,0.16782,148.82,85.99,13.426,17.985,,1.59,0.999307
2025-07-08,108873.1,2613.97,660.52,2.3096,0.5881,0.17085,151.59,87.71,13.964,18.359,,1.59,0.999451
2025-07-09,111199.9,2767.7,668.88,2.4033,0.6223,0.18051,156.99,90.59,14.243,19.5,,1.59,0.999426
2025-07-10,115979.2,2950.62,686.3,2.5463,0.6774,0.195,164.29,94.84,15.24,20.702,,1.59,0.99944
2025-07-11,117500.0,2956.93,690.4,2.7335,0.7093,0.20103,162.87,94.24,15.287,20.672,,1.59,0.99936
2025-07-12,117389.3,2941.87,686.1,2.7395,0.7087,0.19732,160.63,92.73,15.101,20.684,,1.59,0.999145
2025-07-13,119038.3,2970.37,692.33,2.8355,0.7364,0.19843,161.04,94.59,15.649,21.184,,1.59,0.999119
2025-07-14,119816.5,3012.26,689.11,2.9582,0.7349,0.19736,162.13,95.58,15.753,21.255,,1.59,0.999303
2025-07-15,117738.5,3137.62,690.37,2.9203,0.7468,0.19916,163.99,96.36,16.106,22.504,,1.59,0.999406
2025-07-16,118590.7,3370.55,709.13,3.0398,0.7644,0.2127,173.64,97.46,16.671,22.651,,1.59,0.999556
2025-07-17,119176.6,3476.65,721.11,3.484,0.8217,0.21826,175.82,101.6,17.997,23.905,,1.59,0.998569
2025-07-18,117896.4,3546.36,730.39,3.414,0.8158,0.23576,177.21,101.72,17.828,23.515,,1.59,0.999031
2025-07-19,117814.4,3591.31,733.43,3.425,0.8296,0.24136,176.93,113.19,18.391,24.496,,1.59,0.99899
2025-07-20,117216.0,3755.67,757.31,3.4542,0.858,0.27379,181.42,116.63,19.284,25.039,,1.59,0.999119
2025-07-21,117330.2,3760.96,766.51,3.5497,0.8891,0.2714,195.75,115.51,19.502,25.435,,1.59,0.999213
2025-07-22,119993.7,3746.01,787.6,3.5533,0.904,0.27107,205.78,119.69,19.669,25.9,,1.59,0.999088
2025-07-23,118713.5,3627.49,776.92,3.1845,0.8157,0.24072,189.4,112.06,18.173,23.941,,1.59,0.998877
2025-07-24,118294.3,3706.2,771.15,3.1442,0.8057,0.23208,182.8,112.24,17.904,23.656,,1.59,0.998932
2025-07-25,117583.5,3724.17,785.98,3.141,0.8157,0.23662,186.69,113.76,18.284,24.003,,1.59,0.999164
2025-07-26,117889.2,3740.0,793.61,3.165,0.8197,0.23537,184.82,113.91,18.402,24.929,,1.59,0.999142
2025-07-27,119423.4,3871.47,844.8,3.2376,0.8317,0.24059,188.55,114.77,19.228,26.056,,1.59,0.999133
2025-07-28,118041.4,3796.0,824.48,3.1218,0.7927,0.22606,183.03,108.96,18.115,25.196,,1.59,0.999208
2025-07-29,117897.0,3791.55,805.82,3.1269,0.7824,0.22381,181.39,108.46,17.823,24.358,,1.59,0.999389
2025-07-30,117771.0,3808.67,794.07,3.0957,0.7629,0.21988,177.68,110.45,17.698,23.301,,1.59,0.999268
2025-07-31,115697.3,3696.58,783.68,3.0203,0.7386,0.20966,172.15,106.01,16.921,22.45,,1.59,0.999359
2025-08-01,113244.8,3486.42,757.64,2.9602,0.7139,0.20085,162.61,106.55,16.06,21.509,,1.59,0.999775
2025-08-02,112508.8,3392.42,736.97,2.7684,0.697,0.19093,158.4,106.05,15.635,20.851,,1.59,0.99973
2025-08-03,114150.8,3495.0,751.41,2.9463,0.7266,0.19866,161.84,110.34,16.288,21.359,,1.59,0.999134
2025-08-04,115002.1,3719.42,768.89,3.0701,0.7544,0.21031,169.46,121.2,17.107,23.096,,1.59,0.999327
2025-08-05,114069.6,3610.19,755.57,2.9607,0.7254,0.19971,163.99,120.22,16.374,21.896,,1.59,0.999408
2025-08-06,114941.0,3681.21,769.94,2.9896,0.7409,0.20519,168.03,119.15,16.666,22.22,,1.59,0.999328
2025-08-07,117419.9,3908.4,788.99,3.3181,0.7871,0.22216,175.26,122.84,18.46,23.351,,1.59,0.999589
2025-08-08,116628.2,4009.05,793.71,3.2848,0.791,0.23032,176.7,123.72,19.887,23.797,,1.59,0.9992
2025-08-09,116422.1,4259.1,799.16,3.2245,0.8025,0.23989,179.85,120.13,21.939,24.241,,1.59,0.999193
2025-08-10,119255.3,4248.77,807.65,3.1856,0.8011,0.23377,182.59,123.69,22.059,23.83,,1.59,0.999261
2025-08-11,118641.9,4221.31,805.26,3.1281,0.7723,0.22198,174.75,119.99,21.062,22.775,,1.59,0.99925
2025-08-12,120081.0,4589.31,833.05,3.2665,0.8411,0.23571,191.76,130.46,23.592,24.684,,1.59,0.999375
2025-08-13,123323.9,4748.37,848.3,3.2752,0.9044,0.24478,201.58,130.89,23.966,25.482,,1.59,0.999287
2025-08-14,118242.2,4545.26,840.8,3.0774,0.9251,0.22368,192.39,121.22,22.447,23.644,,1.59,0.999113
2025-08-15,117279.2,4437.16,828.0,3.0763,0.9447,0.22875,185.62,119.06,21.737,23.751,,1.59,0.99905
2025-08-16,117329.7,4420.22,838.97,3.1039,0.9205,0.23103,189.52,120.97,22.627,24.29,,1.59,0.99893
2025-08-17,117353.8,4470.66,855.96,3.0856,0.9607,0.23447,190.92,120.67,25.639,25.063,,1.59,0.998845
2025-08-18,116183.6,4311.73,847.56,3.0605,0.9229,0.22253,182.84,117.69,25.765,23.682,,1.59,0.999004
2025-08-19,112824.2,4073.94,824.44,2.8593,0.8459,0.20933,176.13,112.59,23.553,22.35,,1.59,0.9995
2025-08-20,114220.5,4334.5,869.71,2.9503,0.8805,0.2216,187.9,116.01,26.446,23.447,,1.59,0.99949
2025-08-21,112462.2,4223.7,839.78,2.8505,0.8514,0.21465,180.25,114.69,24.804,22.769,,1.59,0.999587
2025-08-22,116897.5,4830.37,901.0,3.0738,0.9315,0.2405,200.68,122.97,26.8,25.265,,1.59,0.999556
2025-08-23,115377.1,4777.26,880.86,3.0478,0.914,0.23625,204.21,121.44,26.276,26.263,,1.59,0.999632
2025-08-24,113446.3,4778.32,876.9,3.025,0.9083,0.23175,206.09,118.18,25.817,25.823,,1.59,0.999665
2025-08-25,110064.0,4374.25,839.63,2.8567,0.8366,0.20953,187.09,109.08,23.373,23.339,,1.59,0.99935
2025-08-26,111709.9,4598.49,864.16,3.0112,0.8661,0.21833,195.77,113.43,24.369,24.172,,1.59,0.999391
2025-08-27,111194.9,4504.84,855.74,2.9676,0.8504,0.21883,202.94,112.14,23.773,24.42,,1.59,0.999346
2025-08-28,112507.3,4509.1,873.92,2.9647,0.8571,0.2243,214.29,113.6,25.171,24.928,,1.59,0.99925
2025-08-29,108332.4,4358.65,862.84,2.8179,0.8265,0.2138,204.98,109.86,23.413,23.536,,1.59,0.9994
2025-08-30,108757.9,4372.0,862.6,2.8167,0.8219,0.21585,202.59,110.76,23.493,23.77,,1.59,0.999352
2025-08-31,108208.4,4389.58,858.08,2.7745,0.8107,0.21359,200.57,108.82,23.195,23.381,,1.59,0.9993
2025-09-01,109187.9,4313.0,846.19,2.7576,0.8009,0.21063,197.22,108.68,22.505,23.205,,1.59,0.999283
2025-09-02,111188.0,4324.59,852.22,2.8605,0.8348,0.21481,209.54,111.69,23.49,24.467,,1.59,0.999304
2025-09-03,111659.8,4448.22,855.21,2.843,0.8364,0.22022,210.65,112.94,23.686,25.197,,1.59,0.999041
2025-09-04,110679.4,4295.68,843.8,2.7933,0.8088,0.2123,202.23,111.0,22.301,24.202,,1.59,0.999186
2025-09-05,110614.9,4305.71,850.28,2.8132,0.8304,0.21778,203.3,112.01,22.284,24.465,,1.59,0.999202
2025-09-06,110135.3,4271.69,861.47,2.8083,0.8179,0.21583,200.06,112.09,22.191,24.369,,1.59,0.999101
2025-09-07,111076.0,4303.84,880.67,2.876,0.8349,0.22868,206.29,114.86,22.452,24.683,,1.59,0.999283
2025-09-08,112012.6,4303.98,878.55,2.9687,0.8651,0.24157,214.02,112.69,23.035,25.282,,1.59,0.999276
2025-09-09,111499.9,4308.4,880.3,2.9456,0.8648,0.24051,217.11,111.88,23.041,25.931,,1.59,0.999271
2025-09-10,113896.8,4347.83,894.14,2.9822,0.8853,0.24525,223.94,117.59,23.566,29.474,,1.59,0.999184
2025-09-11,115427.0,4456.86,903.13,3.0388,0.8937,0.25591,228.62,115.76,24.452,29.133,,1.59,0.998995
2025-09-12,115978.4,4710.83,925.5,3.1046,0.9169,0.27545,242.07,117.97,25.122,28.968,,1.59,0.99905
2025-09-13,115862.7,4664.74,934.21,3.1181,0.9294,0.28933,242.25,119.17,24.876,30.069,,1.59,0.998875
2025-09-14,115210.0,4602.0,926.82,3.0266,0.8873,0.27785,239.63,115.02,24.083,29.431,,1.59,0.99883
2025-09-15,115300.6,4521.54,920.12,2.9957,0.8627,0.26818,234.18,113.66,23.55,29.794,,1.59,0.999065
2025-09-16,116747.3,4499.41,956.26,3.0364,0.8798,0.26984,236.86,114.96,23.472,30.055,,1.59,0.999087
2025-09-17,116402.5,4588.3,990.81,3.083,0.9134,0.28241,244.75,116.97,23.988,31.825,,1.59,0.998875
2025-09-18,117017.1,4585.31,981.78,3.0721,0.9241,0.27838,247.34,118.14,24.624,35.193,,1.59,0.99889
2025-09-19,115569.5,4466.49,984.48,2.9885,0.8899,0.26513,238.4,113.95,23.462,33.719,,1.59,0.99881
2025-09-20,115624.9,4478.27,1044.27,2.9735,0.8926,0.26747,239.38,113.85,23.318,33.154,,1.59,0.999299
2025-09-21,115183.9,4443.01,1048.25,2.9686,0.8835,0.2606,236.05,113.92,22.941,33.02,,1.59,0.999176
2025-09-22,112604.7,4196.86,993.51,2.8512,0.8252,0.24109,220.28,105.61,21.642,33.861,,1.59,0.998772
2025-09-23,111947.0,4162.25,1016.87,2.8234,0.8056,0.23698,213.18,106.01,21.508,33.586,,1.59,0.999101
2025-09-24,113254.0,4150.51,1018.81,2.9246,0.8124,0.24097,211.45,105.49,21.594,32.298,,1.59,0.999085
2025-09-25,108934.5,3873.1,946.49,2.742,0.7633,0.22281,192.6,102.23,20.139,28.629,,1.59,0.998924
2025-09-26,109588.5,4030.17,961.28,2.7823,0.7915,0.23232,205.01,104.5,21.06,29.081,,1.59,0.998836
2025-09-27,109577.3,4017.01,968.71,2.8032,0.7807,0.23067,203.32,104.42,20.906,28.736,,1.59,0.998902
2025-09-28,112119.6,4139.55,993.09,2.8662,0.8083,0.23722,210.7,106.82,21.668,29.979,,1.59,0.998808
2025-09-29,114257.1,4212.98,1030.43,2.8788,0.8056,0.23469,212.59,106.72,21.72,30.394,,1.59,0.9987
2025-09-30,113988.8,4142.75,1008.77,2.8454,0.807,0.23282,208.6,106.83,21.304,30.012,,1.59,0.998874
2025-10-01,118552.4,4345.85,1026.85,2.9473,0.8505,0.24894,221.91,115.06,22.568,30.72,,1.59,0.9988
2025-10-02,120481.3,4481.7,1090.91,3.0375,0.8703,0.26191,234.6,119.5,22.764,30.965,,1.59,0.998753
2025-10-03,122182.7,4511.11,1190.39,3.0395,0.8653,0.25811,232.74,120.52,22.499,31.317,,1.59,0.998615
2025-10-04,122343.2,4484.79,1151.46,2.9675,0.8391,0.2507,227.72,120.43,22.009,30.093,,1.59,0.998796
2025-10-05,123426.7,4512.34,1167.98,2.9679,0.8366,0.25268,228.45,118.78,21.984,30.051,,1.59,0.99924
2025-10-06,124628.5,4682.43,1223.97,2.9878,0.8716,0.26601,232.27,118.25,23.368,30.609,,1.59,0.998787
2025-10-07,121286.5,4445.76,1305.33,2.8509,0.8195,0.24671,219.84,116.85,21.791,27.911,,1.59,0.998752
2025-10-08,123237.5,4523.67,1306.84,2.8786,0.8385,0.25557,228.95,118.55,22.625,28.804,,1.59,0.999108
2025-10-09,121579.3,4365.83,1256.16,2.8011,0.815,0.24843,220.8,125.84,21.986,28.374,,1.59,0.998932
2025-10-10,112714.9,3819.99,1102.85,2.3666,0.6347,0.19312,187.65,96.77,17.275,20.608,,1.59,0.998191
2025-10-11,110579.1,3744.99,1134.93,2.3806,0.631,0.18516,177.22,93.28,17.19,21.438,,1.59,0.998541
2025-10-12,114894.4,4149.99,1302.92,2.5271,0.6995,0.20704,196.88,98.89,18.983,22.477,,1.59,0.998828
2025-10-13,115111.9,4239.7,1293.71,2.6042,0.7282,0.2137,208.57,99.4,19.838,23.798,,1.59,0.998576
2025-10-14,112983.8,4123.05,1208.03,2.502,0.6983,0.20426,202.34,97.29,19.093,22.723,,1.59,0.998894
2025-10-15,110699.0,3983.81,1163.09,2.4097,0.668,0.19611,193.73,95.43,18.044,21.886,,1.59,0.99895
2025-10-16,108129.4,3892.02,1144.65,2.3268,0.6447,0.18838,184.76,91.73,17.417,20.959,,1.59,0.999199
2025-10-17,106378.6,3829.99,1070.3,2.2925,0.6243,0.18463,181.89,90.08,16.594,19.944,,1.59,0.998967
2025-10-18,107117.5,3887.01,1092.0,2.3582,0.634,0.18951,187.47,91.62,16.804,20.205,,1.59,0.999058
2025-10-19,108586.2,3980.59,1109.08,2.3894,0.6524,0.19526,187.78,93.27,17.274,20.582,,1.59,0.999024
2025-10-20,110469.9,3977.54,1099.72,2.4936,0.6622,0.19991,189.63,93.97,18.647,20.332,,1.59,0.99917
2025-10-21,108253.7,3871.11,1056.56,2.4212,0.6423,0.19418,185.54,92.42,17.597,19.53,,1.59,0.999162
2025-10-22,107532.0,3803.93,1071.37,2.3635,0.6234,0.18982,180.01,91.83,17.195,19.007,,1.59,0.999093
2025-10-23,110025.9,3855.21,1125.61,2.3936,0.6426,0.19484,191.27,93.96,17.423,19.12,,1.59,0.998946
2025-10-24,110965.4,3933.19,1108.16,2.5093,0.6556,0.19766,193.5,96.4,17.888,19.492,,1.59,0.999123
2025-10-25,111589.4,3952.25,1116.35,2.5947,0.654,0.1964,193.72,96.91,18.007,19.711,,1.59,0.99922
2025-10-26,114497.8,4156.37,1137.87,2.6449,0.6809,0.2057,199.93,99.95,18.535,20.812,,1.59,0.999374
2025-10-27,114064.1,4118.47,1138.38,2.6327,0.6667,0.2003,198.61,99.33,18.205,20.316,,1.59,0.999218
2025-10-28,112833.5,3977.56,1102.35,2.602,0.6454,0.19351,194.05,96.58,17.814,19.461,,1.59,0.999253
2025-10-29,109985.6,3900.38,1107.7,2.5489,0.6397,0.19228,193.81,98.48,18.128,19.652,,1.59,0.999252
2025-10-30,108263.5,3802.8,1078.15,2.4378,0.6013,0.18256,184.55,93.33,16.787,18.103,,1.59,0.999408
2025-10-31,109557.3,3846.42,1088.13,2.5081,0.6087,0.18635,187.13,95.34,17.233,18.184,,1.59,0.999625
2025-11-01,110047.2,3872.14,1094.22,2.5043,0.6124,0.18726,186.29,101.31,17.135,18.711,,1.59,0.999547
2025-11-02,110494.9,3904.8,1082.98,2.5253,0.6103,0.18629,187.65,99.36,17.581,18.801,,1.59,0.999342
2025-11-03,106544.0,3602.15,993.15,2.308,0.5526,0.1673,165.95,87.35,15.237,16.645,,1.59,0.999449
2025-11-04,101450.3,3285.28,937.16,2.2039,0.5206,0.16217,154.94,85.15,14.674,15.98,,1.59,0.999449
2025-11-05,103837.0,3423.06,958.81,2.342,0.5449,0.16709,162.28,89.34,15.083,16.6,,1.59,0.999418
2025-11-06,101305.6,3313.7,950.75,2.2117,0.5316,0.16155,155.2,86.95,14.733,16.118,,1.59,0.999734
2025-11-07,103305.2,3434.36,991.21,2.3149,0.576,0.17873,161.72,101.85,15.79,17.74,,1.59,0.999729
2025-11-08,102269.3,3400.07,990.5,2.2854,0.5682,0.17597,157.94,106.89,15.508,17.488,,1.59,0.999739
2025-11-09,104670.6,3581.31,996.12,2.3649,0.5785,0.17922,164.45,110.22,15.919,17.764,,1.59,0.999626
2025-11-10,105966.3,3566.38,991.55,2.525,0.5924,0.1817,167.24,104.2,16.358,18.169,,1.59,0.999702
2025-11-11,103005.8,3416.32,957.89,2.3903,0.556,0.17197,154.5,99.64,15.275,16.996,,1.59,0.999456
2025-11-12,101605.8,3413.46,952.51,2.3864,0.5454,0.17008,153.32,97.56,15.142,16.805,,1.59,0.999487
2025-11-13,99654.3,3230.12,926.67,2.3211,0.5294,0.16374,144.62,96.49,14.537,16.087,,1.59,1.000118
2025-11-14,94544.9,3111.2,915.69,2.2432,0.4981,0.15756,138.83,97.63,13.802,15.111,,1.59,1.000147
2025-11-15,95560.3,3166.55,932.79,2.2358,0.5032,0.16309,139.55,101.67,14.128,15.52,,1.59,1.000069
2025-11-16,94221.7,3094.05,927.15,2.2137,0.4844,0.15851,137.12,95.74,13.727,15.132,,1.59,1.000147
2025-11-17,92169.7,3030.06,907.32,2.1622,0.4659,0.15205,130.9,91.2,13.323,14.512,,1.59,1.000457
2025-11-18,92916.9,3122.2,933.35,2.2162,0.4751,0.16168,140.61,95.61,13.797,14.58,,1.59,0.999934
2025-11-19,91508.9,3024.09,897.66,2.1082,0.4637,0.15453,136.96,92.85,13.52,14.282,,1.59,1.000367
2025-11-20,86601.3,2832.97,866.91,1.9989,0.4322,0.14886,133.6,87.19,12.932,13.8,,1.59,1.000412
2025-11-21,85093.5,2764.69,831.16,1.95,0.4089,0.14022,128.61,82.61,12.11,13.278,,1.59,1.000177
2025-11-22,84689.4,2769.06,834.28,1.9497,0.4043,0.14019,127.5,82.05,12.166,13.23,,1.59,0.999625
2025-11-23,86807.7,2800.73,844.05,2.0477,0.4083,0.14494,130.51,83.03,12.511,13.267,,1.59,0.999709
2025-11-24,88247.1,2952.19,865.26,2.227,0.4274,0.15173,138.38,85.43,12.962,13.889,,1.59,0.999706
2025-11-25,87324.1,2958.24,863.11,2.201,0.4217,0.15295,138.9,85.26,13.077,14.172,,1.59,0.999689
2025-11-26,90438.1,3025.02,892.08,2.222,0.4355,0.15467,142.95,86.8,13.449,14.945,,1.59,0.999555
2025-11-27,91292.2,3013.8,896.12,2.1989,0.4329,0.15256,140.77,86.53,13.329,15.011,,1.59,0.999487
2025-11-28,90847.8,3029.8,887.54,2.1782,0.4197,0.15011,137.28,84.18,13.114,14.837,,1.59,0.99925
2025-11-29,90765.0,2987.96,873.26,2.1998,0.4144,0.14829,135.84,83.89,12.976,14.239,,1.59,0.999229
2025-11-30,90320.6,2990.02,875.21,2.1537,0.4139,0.1459,133.38,82.32,12.945,13.705,,1.59,0.999384
2025-12-01,86241.6,2797.47,826.47,2.0286,0.3853,0.13536,126.57,77.48,12.067,12.745,,1.59,0.999472
2025-12-02,91249.1,2994.63,877.18,2.1526,0.4334,0.1457,138.65,82.75,13.462,13.622,,1.59,0.999232
2025-12-03,93376.7,3187.07,921.19,2.1965,0.4498,0.15159,144.62,85.79,14.631,14.776,,1.59,0.99916
2025-12-04,92034.7,3132.01,900.48,2.0949,0.439,0.14734,138.96,83.48,14.248,14.391,,1.59,0.999268
2025-12-05,89288.5,3020.38,883.97,2.0333,0.4155,0.13947,133.22,80.33,13.581,13.201,,1.59,0.999239
2025-12-06,89197.1,3036.53,890.62,2.0298,0.4135,0.1397,132.14,81.65,13.912,13.394,,1.59,0.999234
2025-12-07,90345.4,3058.14,894.8,2.0426,0.4171,0.13862,132.16,81.38,13.641,13.473,,1.59,0.999204
2025-12-08,90610.8,3123.14,897.35,2.0711,0.4326,0.14253,133.19,83.83,13.754,13.637,,1.59,0.999209
2025-12-09,92638.4,3316.49,897.62,2.1051,0.4694,0.1479,137.82,85.79,14.399,14.599,,1.59,0.999405
2025-12-10,91977.5,3322.79,893.88,2.0406,0.4534,0.14324,136.18,84.28,14.088,14.107,,1.59,0.999223
2025-12-11,92477.5,3235.77,886.29,2.033,0.4251,0.14028,136.36,82.89,14.06,13.407,,1.59,0.999294
2025-12-12,90229.6,3083.34,881.86,2.0063,0.4089,0.13684,132.19,81.91,13.627,13.103,,1.59,0.999262
2025-12-13,90191.3,3113.01,897.49,2.0215,0.4103,0.13897,133.04,81.44,13.725,13.363,,1.59,0.999262
2025-12-14,88118.8,3062.02,877.61,1.977,0.396,0.134,129.31,78.92,13.267,12.869,,1.59,0.999262
2025-12-15,86389.9,2963.25,858.51,1.8965,0.3879,0.12968,127.73,77.48,12.851,12.34,,1.59,0.999167
2025-12-16,87826.3,2960.84,876.09,1.9286,0.3857,0.13171,129.09,79.04,12.92,12.338,,1.59,0.999417
2025-12-17,86201.6,2832.0,843.0,1.8614,0.3672,0.12626,123.17,75.98,12.261,11.857,,1.59,0.999801
2025-12-18,85469.7,2827.3,830.25,1.8067,0.3512,0.12203,119.54,74.24,11.929,11.435,,1.59,0.999681
2025-12-19,88100.0,2978.33,856.54,1.9082,0.3766,0.13215,126.22,77.45,12.533,12.251,,1.59,0.999782
2025-12-20,88320.8,2976.54,854.56,1.9323,0.3728,0.13188,125.74,77.8,12.547,12.201,,1.59,0.999781
2025-12-21,88621.3,3000.62,859.13,1.9211,0.3659,0.13105,125.96,76.73,12.43,12.14,,1.59,0.999628
2025-12-22,88581.5,3008.49,859.12,1.9033,0.371,0.13249,125.87,77.01,12.58,12.411,,1.59,0.999645
2025-12-23,87463.0,2963.29,844.29,1.8725,0.3627,0.12923,123.95,76.96,12.389,12.174,,1.59,0.999708
2025-12-24,87627.3,2946.23,846.9,1.8618,0.3565,0.12849,122.49,75.75,12.269,12.1,,1.59,1.000051
2025-12-25,87182.8,2902.32,829.46,1.8315,0.3433,0.12356,119.95,75.64,12.055,12.071,,1.59,0.99999
2025-12-26,87318.2,2926.82,834.85,1.8428,0.3494,0.12205,122.22,76.84,12.179,12.336,,1.59,0.999859
2025-12-27,87829.4,2947.61,845.71,1.8727,0.3699,0.1243,124.67,80.29,12.515,12.691,,1.59,0.999951
2025-12-28,87920.5,2949.6,859.92,1.8646,0.3684,0.12388,125.21,78.68,12.49,12.635,,1.59,0.999968
2025-12-29,87203.3,2936.45,852.85,1.8494,0.3528,0.1228,123.19,78.3,12.297,12.364,,1.59,1.000391
2025-12-30,88455.3,2972.22,862.14,1.8765,0.351,0.12326,124.92,78.84,12.409,12.575,,1.59,1.000194
2025-12-31,87608.2,2970.4,864.71,1.8411,0.3332,0.11741,124.59,76.82,12.202,12.309,,1.59,1.000551
2026-01-01,88800.0,3002.49,864.62,1.8791,0.3564,0.12679,126.83,79.92,12.605,13.584,,1.59,1.000661
2026-01-02,89951.4,3123.89,881.8,2.0061,0.3948,0.14181,132.24,81.88,13.273,13.805,,1.59,0.999762
2026-01-03,90595.8,3125.47,879.07,2.017,0.3893,0.14307,133.31,82.04,13.225,13.977,,1.59,0.999765
2026-01-04,91497.1,3143.32,895.99,2.0896,0.4004,0.14944,134.04,82.2,13.415,14.237,,1.59,0.999879
2026-01-05,93822.4,3223.71,910.9,2.3471,0.4209,0.15165,137.84,83.42,13.907,14.446,,1.59,0.999281
2026-01-06,93708.0,3295.46,918.4,2.3029,0.4193,0.15048,141.03,83.93,14.029,14.592,,1.59,0.999723
2026-01-07,91328.0,3167.52,900.86,2.1648,0.402,0.14634,136.32,81.65,13.44,14.113,,1.59,1.000053
2026-01-08,91059.8,3105.45,892.58,2.1221,0.3955,0.14189,138.3,81.26,13.209,13.879,,1.59,1.000153
2026-01-09,90603.6,3087.15,897.36,2.0946,0.3912,0.14065,135.88,81.46,13.135,13.782,,1.59,1.000565
2026-01-10,90469.6,3085.47,908.44,2.0897,0.3882,0.13958,135.78,81.15,13.132,13.729,,1.59,1.000508
2026-01-11,90964.4,3122.0,904.75,2.0731,0.3907,0.13794,139.65,78.76,13.201,13.689,,1.59,1.000569
2026-01-12,91252.6,3093.84,906.32,2.0526,0.3859,0.13653,139.13,76.07,13.068,13.507,,1.59,1.000473
2026-01-13,95375.2,3324.69,944.24,2.1645,0.4219,0.14821,145.48,78.15,14.058,14.757,,1.59,0.9999
2026-01-14,96907.9,3353.27,949.06,2.1385,0.4141,0.14712,146.61,76.63,14.106,14.604,,1.59,0.99937
2026-01-15,95567.3,3317.0,931.53,2.0774,0.3934,0.13997,142.32,72.15,13.782,13.818,,1.59,0.999608
2026-01-16,95503.7,3294.77,938.52,2.0668,0.3954,0.13804,144.85,75.17,13.722,13.575,,1.59,0.999796
2026-01-17,95107.9,3308.87,947.57,2.0623,0.3972,0.13781,143.64,74.88,13.733,13.735,,1.59,0.999737
2026-01-18,93614.0,3282.77,932.72,1.9904,0.3754,0.13156,137.79,72.23,13.3,12.975,,1.59,0.99966
2026-01-19,92589.6,3188.01,924.13,1.985,0.3701,0.12909,133.38,70.75,12.877,12.728,,1.59,1.000039
2026-01-20,88390.6,2938.24,884.71,1.8889,0.3505,0.12329,125.72,67.07,12.12,12.087,,1.59,1.000461
2026-01-21,89411.4,2980.66,883.68,1.9466,0.3659,0.12644,129.48,68.43,12.395,12.406,,1.59,1.000179
2026-01-22,89518.5,2951.21,888.45,1.9226,0.3592,0.12431,128.41,68.15,12.252,12.188,,1.59,1.000184
2026-01-23,89558.7,2955.08,892.1,1.9186,0.3601,0.1247,127.36,68.02,12.21,12.12,,1.59,1.000449
2026-01-24,89180.7,2952.09,887.65,1.9135,0.3582,0.12415,127.13,68.15,12.197,12.039,,1.59,1.000795
2026-01-25,86628.9,2815.49,866.63,1.8344,0.3388,0.11938,118.76,67.27,11.517,11.49,,1.59,1.00036
2026-01-26,88300.6,2928.9,879.94,1.9031,0.352,0.12228,124.18,69.68,11.941,11.713,,1.59,1.00031
2026-01-27,89197.8,3024.92,898.86,1.9147,0.3605,0.12615,127.12,70.0,12.036,12.128,,1.59,1.000469
2026-01-28,89261.7,3009.36,903.46,1.9104,0.3581,0.12495,125.28,69.36,11.835,12.068,,1.59,1.000712
2026-01-29,84604.7,2821.0,868.9,1.8065,0.3344,0.1172,117.72,66.19,11.115,11.034,,1.59,1.000878
2026-01-30,84211.4,2705.66,859.11,1.7337,0.3206,0.11577,117.54,65.43,10.784,10.872,,1.59,1.000816
2026-01-31,78706.8,2450.38,781.33,1.646,0.2934,0.10417,105.45,59.49,9.983,10.114,,1.59,1.000587
2026-02-01,76931.5,2269.04,758.69,1.5901,0.2856,0.10421,100.73,58.47,9.401,9.909,,1.59,1.000197
2026-02-02,78692.5,2345.55,774.22,1.6189,0.2989,0.10785,104.48,59.97,9.801,10.14,,1.59,1.00009
2026-02-03,75732.4,2232.23,755.16,1.5782,0.2915,0.10595,97.81,59.44,9.484,9.923,,1.59,1.000518
2026-02-04,73137.4,2147.01,697.49,1.5111,0.2862,0.10377,92.07,58.85,9.247,9.711,,1.59,1.001276
2026-02-05,62868.1,1824.95,608.55,1.2136,0.2451,0.08841,78.29,50.73,7.906,8.305,,1.59,1.001046
2026-02-06,70544.5,2062.54,657.0,1.4684,0.2759,0.09842,87.42,54.99,8.879,9.268,,1.59,1.000196
2026-02-07,69254.2,2085.93,647.07,1.4224,0.2719,0.09819,87.51,55.17,8.903,9.219,,1.59,0.999999
2026-02-08,70288.1,2088.6,639.86,1.4299,0.2698,0.09657,86.92,54.5,8.818,9.074,,1.59,1.000019
2026-02-09,70110.5,2103.96,636.42,1.4363,0.2697,0.09605,86.71,54.41,8.832,9.046,,1.59,0.999899
2026-02-10,68805.3,2021.51,619.48,1.3988,0.2617,0.09271,82.95,53.33,8.57,8.744,,1.59,0.999999
2026-02-11,67054.4,1940.07,608.19,1.369,0.2557,0.09107,79.25,52.28,8.319,8.629,,1.59,1.000164
2026-02-12,66243.1,1947.15,614.36,1.3627,0.2643,0.09296,78.37,53.13,8.41,8.902,,1.59,1.000209
2026-02-13,68821.5,2047.6,618.99,1.4061,0.2727,0.09663,84.29,55.0,8.764,9.139,,1.59,1.000031
2026-02-14,69795.4,2085.43,632.88,1.5082,0.2949,0.11099,88.02,55.95,9.085,9.59,,1.59,0.999938
2026-02-15,68796.9,1965.47,615.16,1.4741,0.2816,0.10261,86.09,55.05,8.779,9.278,,1.59,1.000007
2026-02-16,68862.5,1997.35,627.15,1.4864,0.2857,0.10097,86.39,55.1,8.929,9.255,,1.59,0.999999
2026-02-17,67475.9,1990.68,617.73,1.4732,0.2809,0.10061,85.02,53.91,8.825,9.136,,1.59,0.999948
2026-02-18,66422.8,1954.77,604.43,1.4211,0.2734,0.09849,81.55,53.29,8.598,8.852,,1.59,0.999899
2026-02-19,66974.0,1948.15,607.56,1.4059,0.2728,0.09831,82.46,52.68,8.572,8.896,,1.59,0.999971
2026-02-20,67979.3,1967.85,626.09,1.4283,0.2847,0.10004,84.62,55.15,8.937,9.165,,1.59,0.999809
2026-02-21,67933.1,1972.54,625.82,1.4295,0.2797,0.09836,85.12,54.87,8.868,9.11,,1.59,0.999722
2026-02-22,67613.5,1957.01,614.97,1.3923,0.2715,0.09552,82.75,53.45,8.677,8.874,,1.59,0.999809
2026-02-23,64625.8,1855.47,596.22,1.3512,0.2622,0.09263,77.87,51.31,8.262,8.359,,1.59,0.999649
2026-02-24,64031.3,1851.09,583.4,1.3477,0.2584,0.09133,78.91,51.13,8.191,8.279,,1.59,0.999601
2026-02-25,67952.5,2056.5,629.81,1.4332,0.2971,0.10091,88.01,56.74,9.266,9.515,,1.59,0.999398
2026-02-26,67448.2,2026.71,626.03,1.4016,0.2868,0.09694,85.86,55.59,9.093,9.302,,1.59,0.999423
2026-02-27,65836.0,1928.5,614.03,1.3552,0.2774,0.09331,81.8,54.51,8.705,8.945,,1.59,0.999474
2026-02-28,66937.1,1963.48,617.14,1.3752,0.2808,0.094,84.29,54.37,8.84,9.162,,1.59,0.999448
2026-03-01,65750.0,1938.57,618.2,1.3518,0.2734,0.09186,83.55,53.21,8.669,9.029,,1.59,0.999499
2026-03-02,68801.8,2026.69,637.81,1.3893,0.2768,0.09351,86.59,54.57,8.945,9.171,,1.59,0.999516
2026-03-03,68295.3,1981.85,633.45,1.3599,0.2623,0.08991,86.92,54.74,8.805,9.175,,1.59,0.999456
2026-03-04,72641.4,2125.98,658.08,1.4302,0.2762,0.0989,90.82,56.72,9.343,9.496,,1.59,0.999329
2026-03-05,70854.8,2072.18,648.01,1.4029,0.2689,0.09353,88.74,55.43,9.199,9.375,,1.59,0.999391
2026-03-06,68083.0,1977.66,627.24,1.3625,0.2589,0.09123,84.64,53.76,8.791,9.012,,1.59,0.999484
2026-03-07,67232.1,1968.39,620.24,1.356,0.2543,0.08987,83.17,53.54,8.692,8.902,,1.59,0.9995
2026-03-08,65934.3,1935.97,611.7,1.3392,0.249,0.08907,81.56,52.54,8.507,8.809,,1.59,0.999607
2026-03-09,68394.1,1992.28,634.52,1.3622,0.255,0.09042,84.91,53.73,8.863,9.26,,1.59,0.99952
2026-03-10,69901.9,2035.39,641.89,1.3855,0.2619,0.09446,85.83,53.83,8.979,9.528,,1.59,0.999374
2026-03-11,70150.0,2050.99,651.73,1.3839,0.2624,0.09283,86.52,54.78,8.993,9.547,,1.59,0.999374
2026-03-12,70480.1,2072.6,651.97,1.3839,0.2634,0.09469,86.8,54.54,9.052,9.673,,1.59,0.999443
2026-03-13,70895.5,2091.01,655.75,1.3979,0.2654,0.09591,88.12,55.28,9.081,9.715,,1.59,0.999401
2026-03-14,71174.4,2095.27,657.61,1.4055,0.2632,0.09599,87.99,54.94,9.162,9.724,,1.59,0.999342
2026-03-15,72778.9,2177.73,674.12,1.4482,0.2701,0.09734,92.28,56.23,9.489,9.945,,1.59,0.999275
2026-03-16,74846.4,2351.66,679.7,1.5422,0.2903,0.10299,96.14,58.68,9.918,10.482,,1.59,0.999384
2026-03-17,73872.4,2316.45,668.51,1.5176,0.2888,0.10012,94.57,58.07,9.786,10.189,,1.59,0.999259
2026-03-18,71202.9,2201.95,651.87,1.464,0.2741,0.0952,90.02,56.05,9.222,9.678,,1.59,0.999423
2026-03-19,69887.4,2136.56,638.82,1.4469,0.2674,0.09349,88.84,55.5,9.041,9.466,,1.59,0.99943
2026-03-20,70472.7,2145.08,642.0,1.4444,0.2659,0.09413,89.8,56.14,9.107,9.568,,1.59,0.999555
2026-03-21,68881.5,2083.37,630.29,1.4081,0.2571,0.09129,87.5,54.75,8.819,9.208,,1.59,0.999619
2026-03-22,67830.6,2052.85,626.08,1.3841,0.2504,0.09008,86.15,53.48,8.685,9.019,,1.59,0.99972
2026-03-23,70865.9,2151.01,639.3,1.4316,0.2615,0.09408,91.4,55.68,9.103,9.561,,1.59,0.999693
2026-03-24,70523.9,2155.29,638.31,1.4151,0.2663,0.09506,90.75,56.35,9.246,9.62,,1.59,0.999845
2026-03-25,71297.5,2168.0,647.85,1.4138,0.2704,0.09613,91.65,56.61,9.372,9.676,,1.59,0.999691
2026-03-26,68788.0,2059.17,628.75,1.3599,0.2545,0.09201,86.47,54.56,8.906,9.095,,1.59,0.999869
2026-03-27,66364.2,1991.58,613.72,1.325,0.2458,0.09005,83.03,53.69,8.564,8.785,,1.59,1.000039
2026-03-28,66334.8,1993.48,610.9,1.3327,0.2458,0.09092,82.0,53.82,8.428,8.752,,1.59,1.00005
2026-03-29,65977.9,1983.44,605.86,1.3271,0.2398,0.0904,81.34,53.29,8.409,8.594,,1.59,1.000063
2026-03-30,66764.4,2025.69,609.42,1.3235,0.2433,0.09078,82.51,53.31,8.622,8.806,,1.59,1.000062
2026-03-31,68241.5,2104.49,617.64,1.3404,0.2416,0.09228,83.15,53.91,8.777,8.907,,1.59,1.000062
2026-04-01,68086.5,2138.8,611.18,1.3471,0.2484,0.09214,81.14,53.78,8.939,9.123,,1.59,0.99953
2026-04-02,66868.5,2055.96,583.8,1.3192,0.2392,0.09035,78.91,52.24,8.627,8.746,,1.59,0.999537
2026-04-03,66930.0,2052.92,588.4,1.3177,0.2462,0.0915,80.35,53.2,8.654,8.91,,1.59,0.999606
2026-04-04,67271.0,2064.43,593.62,1.3145,0.2477,0.09202,80.79,53.55,8.689,8.985,,1.59,0.999606
2026-04-05,68997.9,2109.35,601.81,1.3259,0.2507,0.09235,81.85,54.08,8.82,9.065,,1.59,0.999753
2026-04-06,68817.9,2106.14,600.45,1.3202,0.2458,0.09053,79.96,53.49,8.794,8.892,,1.59,0.999452
2026-04-07,71890.2,2239.14,620.61,1.378,0.2627,0.09491,85.54,55.34,9.285,9.428,,1.59,0.999489
2026-04-08,71038.1,2188.87,601.41,1.3419,0.2505,0.09235,82.52,53.91,8.851,9.049,,1.59,0.999514
2026-04-09,71750.4,2188.92,603.39,1.343,0.2541,0.09255,83.29,54.52,8.943,9.361,,1.59,0.999321
2026-04-10,72917.4,2243.9,605.95,1.3551,0.2541,0.09365,84.78,54.94,9.08,9.39,,1.59,0.999168
2026-04-11,73013.4,2283.85,607.52,1.3539,0.2494,0.09303,84.89,55.03,9.065,9.371,,1.59,0.999132
2026-04-12,70711.1,2190.62,592.42,1.3239,0.2359,0.09078,81.49,53.45,8.729,9.025,,1.59,0.999049
2026-04-13,74385.0,2368.8,615.19,1.3752,0.2486,0.09409,86.5,54.59,9.359,9.659,,1.59,0.998978
2026-04-14,74106.9,2321.17,614.16,1.3608,0.2393,0.0929,83.66,54.25,9.014,9.296,,1.59,0.998862
2026-04-15,74776.2,2358.87,623.08,1.3915,0.246,0.09485,84.85,55.13,9.258,9.43,,1.59,0.999049
2026-04-16,75106.8,2346.92,636.15,1.4521,0.259,0.09917,89.03,56.32,9.596,9.723,,1.59,0.999222
2026-04-17,77030.6,2417.66,643.52,1.4749,0.2585,0.09936,88.71,56.35,9.607,9.715,,1.59,0.99904
2026-04-18,75653.8,2348.99,630.22,1.4315,0.249,0.09473,86.11,55.61,9.277,9.328,,1.59,0.999097
2026-04-19,73758.4,2262.2,616.38,1.3935,0.2423,0.09298,83.41,54.01,9.058,8.999,,1.59,0.999031
2026-04-20,75790.1,2312.59,629.56,1.4236,0.2478,0.09515,85.24,54.99,9.282,9.269,,1.59,0.998916
2026-04-21,76288.2,2326.13,631.97,1.4326,0.2497,0.09513,86.0,55.53,9.392,9.388,,1.59,0.999016
2026-04-22,78139.8,2373.04,637.81,1.4284,0.2482,0.09557,86.83,55.46,9.284,9.33,,1.59,0.999077
2026-04-23,78216.8,2328.94,638.84,1.4379,0.2496,0.09709,86.08,56.17,9.344,9.376,,1.59,0.99906
2026-04-24,77395.4,2313.88,636.49,1.4325,0.2502,0.09839,86.13,56.51,9.371,9.396,,1.59,0.999051
2026-04-25,77585.0,2318.21,628.9,1.4231,0.2501,0.09796,86.13,56.02,9.342,9.358,,1.59,0.99915
2026-04-26,78613.5,2368.32,636.18,1.4302,0.252,0.09916,86.87,56.24,9.479,9.45,,1.59,0.99918
2026-04-27,77331.2,2302.28,627.18,1.3999,0.2479,0.09889,84.78,55.54,9.316,9.262,,1.59,0.999334
2026-04-28,76298.1,2288.37,624.88,1.3798,0.2466,0.09928,84.02,55.69,9.237,9.171,,1.59,0.99947
2026-04-29,75749.9,2251.52,617.63,1.3685,0.2444,0.10402,83.01,55.29,9.107,9.119,,1.59,0.999693
2026-04-30,76305.4,2256.49,615.61,1.3672,0.2461,0.10645,83.04,55.15,9.1,9.09,,1.59,0.999694
2026-05-01,78192.0,2294.34,615.72,1.385,0.248,0.10845,83.7,55.36,9.09,9.082,,1.59,0.9995
2026-05-02,78652.9,2315.9,618.33,1.3928,0.2501,0.10844,84.23,55.33,9.174,9.182,,1.59,0.99948
2026-05-03,78529.0,2321.67,617.58,1.3871,0.2494,0.10822,83.87,55.27,9.122,9.079,,1.59,0.999529
2026-05-04,79826.1,2346.11,623.03,1.3909,0.2497,0.11005,84.05,54.92,9.355,9.168,,1.59,0.999549
2026-05-05,80861.9,2359.47,630.75,1.4117,0.2619,0.11478,86.24,56.3,9.763,9.399,,1.59,0.999487
2026-05-06,81390.1,2349.7,648.12,1.4241,0.2669,0.11239,89.1,56.72,9.993,9.609,,1.59,0.999489
2026-05-07,79969.4,2289.91,637.31,1.3859,0.2625,0.10778,88.4,56.41,9.846,9.498,,1.59,0.999461
2026-05-08,80155.2,2306.17,649.78,1.4177,0.2734,0.10947,91.97,58.28,10.34,9.903,,1.59,0.999461
2026-05-09,80634.0,2325.22,650.08,1.4197,0.2707,0.10869,93.07,57.97,10.368,9.957,,1.59,0.999403
2026-05-10,82177.7,2370.21,664.13,1.4726,0.2822,0.11242,96.42,60.38,10.716,10.222,,1.59,0.999493
2026-05-11,81699.1,2338.61,670.98,1.4768,0.2801,0.11127,97.31,58.47,10.591,10.128,,1.59,0.999642
2026-05-12,80461.0,2273.62,665.23,1.4363,0.2709,0.11012,94.25,58.09,10.284,9.83,,1.59,0.999552
2026-05-13,79288.3,2257.54,671.9,1.4263,0.2646,0.11261,91.11,56.96,10.213,9.75,,1.59,0.999621
2026-05-14,81048.9,2282.06,678.76,1.4846,0.2704,0.1154,92.11,58.19,10.48,9.901,,1.59,0.999506
2026-05-15,79074.0,2223.66,672.63,1.4332,0.2613,0.1133,89.2,57.47,10.064,9.532,,1.59,0.999795
2026-05-16,78104.2,2179.66,656.52,1.4128,0.2549,0.10933,86.48,56.1,9.713,9.285,,1.59,0.999794
2026-05-17,77430.4,2129.88,649.75,1.4006,0.252,0.10891,85.17,54.52,9.561,9.19,,1.59,0.999743
2026-05-18,76963.2,2128.99,643.85,1.3895,0.2515,0.10472,85.34,54.35,9.602,9.245,,1.59,0.999972
2026-05-19,76799.9,2111.0,640.35,1.3607,0.248,0.10293,84.24,54.47,9.443,9.1,,1.59,1.000122
2026-05-20,77510.3,2128.6,649.8,1.3663,0.249,0.10365,86.11,53.94,9.631,9.292,,1.59,1.000158
2026-05-21,77586.2,2132.78,658.82,1.3733,0.2505,0.10562,87.32,54.13,9.75,9.448,,1.59,1.0002
2026-05-22,75513.1,2064.98,650.84,1.3338,0.2422,0.10228,84.36,52.6,9.414,9.148,,1.59,1.000306
2026-05-23,76715.2,2116.82,656.62,1.3575,0.2459,0.10303,85.71,53.45,9.559,9.385,,1.59,1.000355
2026-05-24,77030.3,2098.99,656.87,1.35,0.242,0.10222,85.23,52.72,9.426,9.208,,1.59,1.000417
2026-05-25,77281.5,2111.64,663.47,1.3494,0.2435,0.10208,85.01,52.71,9.499,9.304,,1.59,1.000157
2026-05-26,75905.5,2072.99,656.78,1.3283,0.2399,0.10099,83.66,51.89,9.38,9.135,,1.59,1.00053
2026-05-27,74418.1,2023.7,649.1,1.3069,0.2371,0.10043,82.38,51.94,9.13,9.035,,1.59,1.000598
2026-05-28,73591.4,2008.92,638.66,1.3146,0.2348,0.09951,82.07,51.64,8.998,8.922,,1.59,1.000513
2026-05-29,73428.2,2013.35,643.5,1.329,0.2328,0.09965,81.98,51.87,9.017,8.822,,1.59,1.000419
2026-05-30,73856.8,2021.58,719.01,1.3402,0.2358,0.10056,82.69,52.43,9.187,8.942,,1.59,1.000478
2026-05-31,73653.2,2006.31,710.91,1.3327,0.2355,0.10038,82.39,52.05,9.143,8.98,,1.59,1.000509
2026-06-01,71391.5,2006.0,693.45,1.2967,0.2309,0.10105,81.25,50.76,9.053,8.932,,1.59,1.000371
2026-06-02,66730.0,1858.96,651.07,1.211,0.2128,0.09272,74.18,46.87,8.37,8.176,,1.59,1.000499
2026-06-03,64117.7,1812.46,620.98,1.2005,0.2002,0.09136,71.58,47.11,8.329,8.044,,1.59,1.000477
2026-06-04,63853.4,1769.86,604.85,1.1679,0.1796,0.08851,68.82,45.62,8.012,7.701,,1.59,1.000112
2026-06-05,61022.0,1582.35,572.44,1.097,0.1565,0.08143,63.6,43.29,7.36,6.723,,1.59,0.999397
2026-06-06,60849.7,1568.6,574.72,1.0926,0.1572,0.08186,62.16,41.36,7.39,6.659,,1.59,0.999653
2026-06-07,63298.5,1689.66,604.81,1.1548,0.1652,0.08622,66.45,42.79,7.913,6.814,,1.59,0.999648
2026-06-08,63057.9,1689.21,602.13,1.1677,0.1702,0.08629,66.79,43.01,7.995,6.762,,1.59,0.999632
2026-06-09,61695.0,1638.64,593.83,1.1367,0.1652,0.08476,64.92,43.0,7.835,6.634,,1.59,0.999941
2026-06-10,61483.7,1620.72,586.75,1.0962,0.1605,0.0829,63.16,41.69,7.556,6.376,,1.59,1.000251
2026-06-11,63597.9,1672.57,606.08,1.142,0.1706,0.08603,66.88,42.43,7.882,6.645,,1.59,1.000169
2026-06-12,63547.0,1665.48,604.08,1.1318,0.1696,0.08594,66.79,43.05,7.863,6.567,,1.59,0.99978
2026-06-13,64418.2,1680.41,609.9,1.1499,0.1716,0.08783,68.88,44.32,7.981,6.714,,1.59,0.999785
2026-06-14,65702.1,1724.74,617.17,1.1852,0.1829,0.08886,71.24,45.37,8.177,6.787,,1.59,0.999829
2026-06-15,66285.9,1795.16,618.15,1.2373,0.1783,0.08808,73.93,45.72,8.294,6.834,,1.59,0.999818
2026-06-16,65644.8,1792.32,605.38,1.2166,0.1723,0.08712,73.49,45.67,8.272,6.877,,1.59,1.00015
2026-06-17,64472.9,1749.56,601.93,1.1859,0.1667,0.08588,72.0,44.9,8.087,6.762,,1.59,1.000027
2026-06-18,62924.1,1710.18,578.56,1.146,0.1636,0.08348,69.69,43.83,8.013,6.312,,1.59,1.000373
2026-06-19,63512.6,1710.31,581.59,1.1351,0.1619,0.0835,69.69,44.02,7.946,5.89,,1.59,1.000195
2026-06-20,64270.0,1740.0,588.35,1.1494,0.1631,0.08366,73.19,44.49,7.983,6.234,,1.59,1.000408
2026-06-21,63287.1,1706.31,584.55,1.1243,0.1564,0.08221,72.42,44.44,7.778,6.109,,1.59,1.000439
2026-06-22,63990.2,1727.32,590.43,1.1288,0.1584,0.08241,71.91,44.51,7.868,6.236,,1.59,1.000343
2026-06-23,62696.7,1666.4,578.19,1.1094,0.1514,0.07882,69.65,42.14,7.629,6.48,,1.59,1.000361
2026-06-24,61051.2,1621.54,564.54,1.0729,0.1476,0.07609,68.07,41.16,7.422,6.442,,1.59,1.000642
2026-06-25,59771.9,1566.97,560.9,1.043,0.1438,0.07488,67.69,40.9,7.244,6.231,,1.59,1.00059
2026-06-26,60072.0,1577.86,567.98,1.0483,0.1484,0.07574,71.87,41.88,7.349,6.629,,1.59,1.000541
2026-06-27,60000.3,1573.1,557.44,1.0469,0.1452,0.07445,70.47,42.14,7.291,6.427,,1.59,1.00064
2026-06-28,59550.2,1571.1,551.43,1.048,0.1437,0.07316,71.35,42.48,7.266,6.443,,1.59,1.00063
2026-06-29,60224.7,1612.12,559.82,1.0583,0.1457,0.07339,75.13,43.16,7.377,6.674,,1.59,1.000578
2026-06-30,58605.4,1571.47,546.84,1.0395,0.1442,0.07204,73.63,41.91,7.196,6.534,,1.59,1.000589
2026-07-01,59999.6,1608.87,550.81,1.0526,0.1539,0.07218,77.42,42.69,7.355,6.662,,1.59,1.000169
2026-07-02,61540.6,1699.9,559.18,1.0873,0.1614,0.07415,80.68,43.51,7.745,6.798,,1.59,1.000448
2026-07-03,62565.5,1757.41,574.23,1.1341,0.1798,0.07751,82.3,44.8,7.971,6.944,,1.59,1.000251
2026-07-04,63114.8,1779.94,575.76,1.1568,0.192,0.07762,81.74,44.82,8.001,6.962,,1.59,1.000103
2026-07-05,63617.1,1785.07,590.32,1.1565,0.1895,0.07785,81.55,45.78,8.06,6.922,,1.59,1.000181
2026-07-06,64023.6,1798.84,586.38,1.1445,0.184,0.07663,81.91,44.83,8.018,6.927,,1.59,0.999966
2026-07-07,63335.4,1770.67,577.11,1.1114,0.1745,0.07414,80.54,43.88,7.857,6.686,,1.59,1.000014
2026-07-08,62255.3,1742.68,568.98,1.0903,0.1669,0.07238,77.79,43.65,7.637,6.471,,1.59,1.00014
2026-07-09,63197.0,1744.25,569.05,1.0929,0.1665,0.07287,78.0,43.77,7.728,6.675,,1.59,1.000015
2026-07-10,64129.5,1796.03,575.72,1.1041,0.1665,0.07408,78.08,44.74,7.966,6.735,,1.59,0.999999
2026-07-11,63783.0,1786.7,574.91,1.0963,0.1657,0.07316,76.74,44.62,7.908,6.546,,1.59,1.000002
2026-07-12,63750.0,1805.92,574.14,1.0854,0.1618,0.07269,76.86,43.98,7.992,6.403,,1.59,0.999881
2026-07-13,62307.0,1776.0,567.85,1.0668,0.1573,0.07194,74.96,43.54,7.886,6.447,,1.59,1.000549
2026-07-14,65014.7,1891.12,582.22,1.1111,0.1654,0.07442,77.82,45.37,8.342,6.709,,1.59,1.000042
2026-07-15,64721.4,1916.91,581.03,1.1126,0.165,0.07405,77.23,45.14,8.535,6.698,,1.59,0.999971
2026-07-16,63801.0,1863.73,572.79,1.0864,0.1607,0.07231,75.27,44.92,8.338,6.511,,1.59,1.00013
2026-07-17,63909.9,1841.08,568.42,1.0884,0.1666,0.07252,75.0,45.13,8.25,6.585,,1.59,1.000059
2026-07-18,64806.7,1861.75,570.99,1.0922,0.1667,0.07249,75.46,46.97,8.343,6.57,,1.59,1.000119
2026-07-19,64694.7,1871.49,571.43,1.0972,0.166,0.07237,76.34,47.05,8.381,6.462,,1.59,1.000119
2026-07-20,65224.8,1903.5,571.57,1.1118,0.1697,0.07214,77.8,47.35,8.587,6.577,,1.59,1.000084
2026-07-21,66522.4,1929.29,574.37,1.1432,0.1736,0.07335,78.1,46.83,8.655,6.567,,1.59,1.000022
2026-07-22,66082.0,1933.31,571.39,1.1415,0.1742,0.07296,77.93,47.12,8.628,6.623,,1.59,0.99999
2026-07-23,65069.6,1877.42,567.71,1.1073,0.1683,0.06916,75.83,46.93,8.466,6.262,,1.59,1.000211
2026-07-24,64116.5,1860.57,565.26,1.0913,0.1638,0.06953,73.93,46.34,8.336,6.301,,1.59,1.000243
2026-07-25,64338.1,1873.92,569.32,1.0971,0.1646,0.0717,74.49,46.52,8.379,6.776,,1.59,1.000352
2026-07-26,65375.1,1953.79,575.61,1.1125,0.1658,0.07336,76.74,47.82,8.823,6.742,,1.59,1.00036
2026-07-27,63720.8,1891.44,566.55,1.0652,0.1554,0.07031,74.16,46.02,8.377,6.402,,1.59,1.000289
2026-07-28,63903.6,1921.13,571.6,1.0686,0.1619,0.07084,73.77,46.19,8.442,6.574,,1.59,1.000469
2026-07-29,63958.9,1909.68,572.41,1.0733,0.1621,0.07012,73.65,45.42,8.33,6.428,,1.59,1.000433
2026-07-30,64750.0,1917.31,592.38,1.0824,0.1697,0.07055,74.46,45.54,8.447,6.43,,1.59,1.000217
2026-07-31,62859.9,1861.68,587.32,1.0613,0.1681,0.06956,72.83,44.28,8.167,6.383,,1.59,1.000299
2026-08-01,62792.3,1844.17,575.46,1.06,0.1743,0.0691,71.91,44.21,8.064,6.185,,1.59,1.000315
2026-08-02,63550.0,1884.37,588.86,1.0865,0.1895,0.07078,73.61,44.65,8.379,6.55,,1.59,1.000387
2026-08-03,63497.2,1859.78,589.72,1.0754,0.1936,0.0702,73.54,44.25,8.184,6.572,,1.59,1.000279
2026-08-04,64075.5,1868.9,593.58,1.0733,0.1929,0.07003,73.72,44.81,8.144,6.685,,1.59,1.000241
2026-08-05,64633.9,1907.95,594.15,1.0617,0.1911,0.07001,74.0,45.3,8.156,6.657,,1.59,1.000271
2026-08-06,64300.0,1903.12,592.6,1.0347,0.2011,0.06906,72.65,45.42,8.192,6.437,,1.59,1.000188
2026-08-07,64885.4,1913.07,592.81,1.0205,0.2007,0.06961,73.62,45.52,8.185,6.428,,1.59,1.000098
2026-08-08,64928.5,1915.98,601.0,1.0391,0.1994,0.0704,76.0,45.98,8.301,6.475,,1.59,1.000146
2026-08-09,64867.8,1909.57,602.5,1.0292,0.1943,0.06928,76.23,45.44,8.181,6.415,,1.59,1.000179
2026-08-10,63939.3,1872.31,599.54,1.0116,0.1908,0.06966,75.95,45.11,8.297,6.432,,1.59,1.000279
2026-08-11,63572.0,1881.8,616.95,1.0224,0.187,0.07187,76.27,45.48,8.777,6.317,,1.59,1.000236
2026-08-12,63454.7,1878.8,610.7,1.0051,0.1825,0.06965,75.59,44.86,8.67,6.316,,1.59,1.000368
2026-08-13,63456.7,1885.39,610.89,1.0089,0.1822,0.07014,76.23,44.79,8.884,6.453,,1.59,1.000333
2026-08-14,63015.0,1881.39,608.33,0.9988,0.18,0.07005,75.37,43.82,8.966,6.474,,1.59,1.00045
2026-08-15,63053.9,1881.73,608.08,1.0022,0.1764,0.06958,75.3,44.09,9.465,6.328,,1.59,1.000449
2026-08-16,62876.0,1875.22,603.32,0.9929,0.1748,0.06956,74.57,44.12,9.385,6.326,,1.59,1.00045
2026-08-17,64504.1,1912.7,606.12,1.0025,0.174,0.07037,75.99,44.54,9.538,6.347,,1.59,1.000316
2026-08-18,64694.0,1917.1,604.27,1.0015,0.1745,0.07023,77.03,44.36,9.533,6.331,,1.59,1.000171
2026-08-19,69310.0,2252.16,627.97,1.1054,0.1871,0.07503,85.37,46.78,10.549,6.778,,1.59,0.999946
2026-08-20,72998.7,2326.18,655.12,1.2677,0.199,0.08044,87.63,47.78,10.687,7.293,,1.59,0.999654
2026-08-21,78309.1,2515.97,687.51,1.4538,0.2292,0.09157,93.72,53.18,11.992,7.841,,1.59,0.999689
2026-08-22,77084.5,2421.4,695.69,1.4617,0.2261,0.09188,93.83,52.48,11.65,7.495,,1.59,0.99955
2026-08-23,77719.1,2462.58,702.93,1.52,0.227,0.09343,95.44,52.28,11.543,7.61,,1.59,0.999551
2026-08-24,78953.0,2481.03,704.67,1.4813,0.2214,0.0901,98.96,51.63,11.629,7.543,,1.59,0.999577
2026-08-25,78505.4,2441.72,694.83,1.4335,0.209,0.08568,96.56,49.94,11.287,7.323,,1.59,0.999608
2026-08-26,78989.4,2505.66,707.89,1.4217,0.2122,0.08764,102.05,50.5,11.617,7.439,,1.59,0.999545
2026-08-27,80208.9,2509.74,712.14,1.4524,0.2136,0.0891,109.08,49.88,11.911,7.523,,1.59,0.999423
2026-08-28,77805.9,2441.9,691.77,1.3829,0.203,0.08522,104.1,49.29,11.426,7.305,,1.59,0.999594
2026-08-29,78200.7,2456.5,692.85,1.3956,0.2016,0.08524,105.56,48.97,11.451,7.326,,1.59,0.999456
2026-08-30,77634.6,2415.55,685.02,1.3566,0.1925,0.08198,101.69,47.9,11.137,7.109,,1.59,0.999456
2026-08-31,78549.6,2466.53,691.67,1.3792,0.1978,0.08281,103.0,48.53,11.316,7.229,,1.59,0.999746
