,Crypto carry (gross),Crypto carry (net),price component,funding component,turnover,n_long,n_short
2020-01-01,,,,,,0,0
2020-01-02,,,,,,0,0
2020-01-03,,,,,,0,0
2020-01-04,,,,,,0,0
2020-01-05,,,,,,0,0
2020-01-06,,,,,,0,0
2020-01-07,,,,,,0,0
2020-01-08,,,,,,0,0
2020-01-09,,,,,,0,0
2020-01-10,,,,,,0,0
2020-01-11,,,,,,0,0
2020-01-12,,,,,,0,0
2020-01-13,,,,,,0,0
2020-01-14,,,,,,0,0
2020-01-15,,,,,,0,0
2020-01-16,,,,,,0,0
2020-01-17,,,,,,0,0
2020-01-18,,,,,,0,0
2020-01-19,,,,,,0,0
2020-01-20,,,,,,0,0
2020-01-21,,,,,,0,0
2020-01-22,,,,,,0,0
2020-01-23,,,,,,0,0
2020-01-24,,,,,,0,0
2020-01-25,,,,,,0,0
2020-01-26,,,,,,0,0
2020-01-27,,,,,,0,0
2020-01-28,,,,,,0,0
2020-01-29,,,,,,0,0
2020-01-30,,,,,,0,0
2020-01-31,,,,,,0,0
2020-02-01,,,,,,0,0
2020-02-02,,,,,,2,2
2020-02-03,-0.0007191535649774037,-0.0012191535649774036,-0.0003397660649774037,-0.00037938749999999997,0.0,2,2
2020-02-04,-0.021703148851722285,-0.021703148851722285,-0.021794958851722335,9.181000000004999e-05,0.0,2,2
2020-02-05,0.002009877017916863,0.002009877017916863,0.001988269517916863,2.160749999999994e-05,0.0,2,2
2020-02-06,-0.010502537563982776,-0.010502537563982776,-0.010066065063982776,-0.00043647249999999977,0.0,2,2
2020-02-07,-0.006125298463697844,-0.006125298463697844,-0.005935018463697844,-0.00019028000000000014,0.0,2,2
2020-02-08,0.009066524926978986,0.009066524926978986,0.00990398742697901,-0.000837462500000025,0.0,2,2
2020-02-09,-0.0022102875864946697,-0.0022102875864946697,-0.0017304450864946697,-0.0004798424999999998,1.5,2,2
2020-02-10,0.0007295544586497958,-2.044554135020426e-05,0.0012372469586497958,-0.0005076925000000001,0.0,2,2
2020-02-11,0.003955835764409062,0.003955835764409062,0.004139143264409062,-0.0001833074999999999,0.0,2,2
2020-02-12,-0.004406360380584583,-0.004406360380584583,-0.005192047880584583,0.0007856874999999999,0.0,2,2
2020-02-13,-0.01999436437191582,-0.01999436437191582,-0.02155334187191582,0.0015589775,0.0,2,2
2020-02-14,0.004722971986274687,0.004722971986274687,0.004788339486274662,-6.5367499999975e-05,0.0,2,2
2020-02-15,0.016118949208529305,0.016118949208529305,0.015786884208529306,0.000332065,0.0,2,2
2020-02-16,0.016253211319400232,0.016253211319400232,0.01707854131940023,-0.00082533,1.5,2,2
2020-02-17,-0.01483589523600988,-0.01558589523600988,-0.01514486523600983,0.00030896999999995006,0.0,2,2
2020-02-18,-0.0038744418095279665,-0.0038744418095279665,-0.004287274309527966,0.0004128325000000001,0.0,2,2
2020-02-19,0.008571641015661552,0.008571641015661552,0.007742928515661551,0.0008287125000000001,0.0,2,2
2020-02-20,0.009247581120902054,0.009247581120902054,0.008992246120902103,0.00025533499999995,0.0,2,2
2020-02-21,-0.018453582384146298,-0.018453582384146298,-0.018791129884146274,0.00033754749999997507,0.0,2,2
2020-02-22,-0.0025938364495437733,-0.0025938364495437733,-0.0028773589495437735,0.0002835225,0.0,2,2
2020-02-23,-0.007428949334112718,-0.007428949334112718,-0.007425334334112743,-3.6149999999749534e-06,1.0,2,2
2020-02-24,-0.011622170839188536,-0.012122170839188536,-0.011938670839188537,0.00031649999999999994,0.0,2,2
2020-02-25,-0.0024410264540476205,-0.0024410264540476205,-0.0026887014540476206,0.000247675,0.0,2,2
2020-02-26,0.01788015384170014,0.01788015384170014,0.01737450384170014,0.0005056500000000001,0.0,2,2
2020-02-27,0.021718804623850695,0.021718804623850695,0.021378312123850718,0.000340492499999975,0.0,2,2
2020-02-28,0.011143317617067213,0.011143317617067213,0.010901470117067213,0.0002418475,0.0,2,2
2020-02-29,-0.007055705774220544,-0.007055705774220544,-0.007752130774220545,0.0006964250000000001,0.0,2,2
2020-03-01,-0.016143332087334244,-0.016143332087334244,-0.01652856208733422,0.000385229999999975,0.5,2,2
2020-03-02,0.01891063670672051,0.01866063670672051,0.01767858670672051,0.00123205,0.0,2,2
2020-03-03,0.03116791945062382,0.03116791945062382,0.030402284450623818,0.000765635,0.0,2,2
2020-03-04,0.004488822683153628,0.004488822683153628,0.003959145183153628,0.0005296775,0.0,2,2
2020-03-05,0.0015374534152639884,0.0015374534152639884,0.0006535584152639884,0.000883895,0.0,2,2
2020-03-06,-0.017127361986173945,-0.017127361986173945,-0.017390406986173945,0.000263045,0.0,2,2
2020-03-07,-0.018089649028187844,-0.018089649028187844,-0.018201541528187842,0.00011189250000000003,0.0,2,2
2020-03-08,0.018226395704681195,0.018226395704681195,0.017642763204681194,0.0005836325,1.0,2,2
2020-03-09,-0.00686876069634271,-0.007368760696342709,-0.00790319069634271,0.00103443,0.0,2,2
2020-03-10,-0.004929703352667491,-0.004929703352667491,-0.005325205852667492,0.0003955025,0.0,2,2
2020-03-11,-0.014256340552954501,-0.014256340552954501,-0.0145567130529545,0.0003003725,0.0,2,2
2020-03-12,-0.0362409236476145,-0.0362409236476145,-0.0367469336476145,0.00050601,0.0,2,2
2020-03-13,-0.0026470629472347385,-0.0026470629472347385,-0.0014786929472347388,-0.0011683699999999997,0.0,2,2
2020-03-14,-0.012869147379314225,-0.012869147379314225,-0.013240914879314225,0.0003717675,0.0,2,2
2020-03-15,-0.019797504625347496,-0.019797504625347496,-0.020580582125347496,0.0007830775,1.5,2,2
2020-03-16,0.0006498515632037405,-0.00010014843679625953,0.00012018906320374056,0.0005296624999999999,0.0,2,2
2020-03-17,-0.0016685752748143707,-0.0016685752748143707,-0.0020457652748143706,0.00037719,0.0,2,2
2020-03-18,0.007484124218629847,0.007484124218629847,0.006699136718629872,0.0007849874999999749,0.0,2,2
2020-03-19,-0.006427760247979849,-0.006427760247979849,-0.006199487747979848,-0.00022827250000000007,0.0,2,2
2020-03-20,0.01640427703132739,0.01640427703132739,0.01623767703132739,0.00016659999999999998,0.0,2,2
2020-03-21,0.0031550883674770383,0.0031550883674770383,0.0029947258674770383,0.0001603625,0.0,2,2
2020-03-22,-0.007243609662800781,-0.007243609662800781,-0.007375154662800781,0.000131545,1.0,2,2
2020-03-23,0.00822799159906018,0.00772799159906018,0.00798972409906018,0.00023826749999999997,0.0,2,2
2020-03-24,0.005226327917192216,0.005226327917192216,0.005176150417192216,5.0177499999999985e-05,0.0,2,2
2020-03-25,-0.007848427245830975,-0.007848427245830975,-0.007875497245830976,2.7069999999999997e-05,0.0,2,2
2020-03-26,-0.007631292074450992,-0.007631292074450992,-0.007695242074450992,6.395e-05,0.0,2,2
2020-03-27,-0.019057162520756003,-0.019057162520756003,-0.019132162520756002,7.5e-05,0.0,2,2
2020-03-28,0.005674645566729602,0.005674645566729602,0.0054185230667296025,0.00025612249999999997,0.0,2,2
2020-03-29,0.002461952749452199,0.002461952749452199,0.0018090027494521987,0.00065295,1.0,2,2
2020-03-30,0.006261268727192067,0.005761268727192067,0.005420843727192093,0.000840424999999975,0.0,2,2
2020-03-31,0.01623661522628604,0.01623661522628604,0.01567125522628604,0.00056536,0.0,2,2
2020-04-01,-0.004452729193919725,-0.004452729193919725,-0.004559309193919725,0.00010658,0.0,2,2
2020-04-02,-0.010416304433236868,-0.010416304433236868,-0.010758499433236868,0.000342195,0.0,2,2
2020-04-03,0.004743302122718263,0.004743302122718263,0.004343084622718263,0.0004002175,0.0,2,2
2020-04-04,0.0038437891171469564,0.0038437891171469564,0.0037065866171469564,0.0001372025,0.0,2,2
2020-04-05,-0.0001538712712443211,-0.0001538712712443211,-0.0002742262712443211,0.000120355,0.5,2,2
2020-04-06,0.00077383452690738,0.00052383452690738,0.00070501952690738,6.881499999999998e-05,0.0,2,2
2020-04-07,0.021090557433170228,0.021090557433170228,0.020977904933170227,0.00011265249999999999,0.0,2,2
2020-04-08,0.026819808801341587,0.026819808801341587,0.026617696301341587,0.0002021125,0.0,2,2
2020-04-09,0.017114100290809352,0.017114100290809352,0.016948820290809352,0.00016528,0.0,2,2
2020-04-10,0.004256137425648842,0.004256137425648842,0.004182947425648842,7.319e-05,0.0,2,2
2020-04-11,0.005269099264246399,0.005269099264246399,0.004930519264246425,0.00033857999999997496,0.0,2,2
2020-04-12,0.016807966770388753,0.016807966770388753,0.016516824270388752,0.0002911425,0.5,2,2
2020-04-13,0.017780345056899256,0.017530345056899255,0.016521030056899255,0.001259315,0.0,2,2
2020-04-14,0.002603951111255947,0.002603951111255947,0.001114011111255947,0.00148994,0.0,2,2
2020-04-15,-0.003946568557731379,-0.003946568557731379,-0.005302338557731379,0.00135577,0.0,2,2
2020-04-16,0.009794143923196818,0.009794143923196818,0.008355333923196817,0.00143881,0.0,2,2
2020-04-17,0.00012601972311801425,0.00012601972311801425,-0.0013116002768819857,0.00143762,0.0,2,2
2020-04-18,0.011916019197448146,0.011916019197448146,0.011512614197448146,0.00040340499999999996,0.0,2,2
2020-04-19,-0.0024017305280251873,-0.0024017305280251873,-0.003148298028025187,0.0007465675,0.5,2,2
2020-04-20,-0.003005776258687877,-0.003255776258687877,-0.003764638758687877,0.0007588625,0.0,2,2
2020-04-21,0.0010021568285287683,0.0010021568285287683,-4.233317147123161e-05,0.00104449,0.0,2,2
2020-04-22,-0.006528511942027467,-0.006528511942027467,-0.0073090244420274675,0.0007805125,0.0,2,2
2020-04-23,-0.021420219089313533,-0.021420219089313533,-0.021709744089313532,0.000289525,0.0,2,2
2020-04-24,-0.008506000145351213,-0.008506000145351213,-0.008273907645351214,-0.0002320925,0.0,2,2
2020-04-25,-0.0064606527888014026,-0.0064606527888014026,-0.006732920288801403,0.00027226750000000004,0.0,2,2
2020-04-26,-0.028562904674759262,-0.028562904674759262,-0.028737392174759263,0.00017448749999999998,1.0,2,2
2020-04-27,0.001349568363754073,0.0008495683637540731,0.001231353363754073,0.000118215,0.0,2,2
2020-04-28,-0.010944657725026435,-0.010944657725026435,-0.011220185225026436,0.0002755275,0.0,2,2
2020-04-29,0.007414953728598903,0.007414953728598903,0.007062448728598902,0.000352505,0.0,2,2
2020-04-30,0.022200222376699465,0.022200222376699465,0.021377722376699465,0.0008225,0.0,2,2
2020-05-01,-0.007611927719437539,-0.007611927719437539,-0.00853821521943754,0.0009262875,0.0,2,2
2020-05-02,-0.0054899936182174714,-0.0054899936182174714,-0.006101926118217471,0.0006119325,0.0,2,2
2020-05-03,0.008627602707446128,0.008627602707446128,0.007737020207446127,0.0008905825,1.0,2,2
2020-05-04,0.0011222511346820833,0.0006222511346820833,0.0006267286346821332,0.0004955224999999501,0.0,2,2
2020-05-05,0.0032713782892071323,0.0032713782892071323,0.0031386332892071322,0.000132745,0.0,2,2
2020-05-06,0.002805230386239371,0.002805230386239371,0.0021658503862393708,0.00063938,0.0,2,2
2020-05-07,-0.0076912173644609295,-0.0076912173644609295,-0.00793571486446093,0.00024449750000000005,0.0,2,2
2020-05-08,-0.0009697434438436978,-0.0009697434438436978,-0.0019511484438436977,0.0009814049999999999,0.0,2,2
2020-05-09,-0.01846430695642505,-0.01846430695642505,-0.01871367445642505,0.00024936749999999997,0.0,2,2
2020-05-10,-0.0011477660091249791,-0.0011477660091249791,-0.0016730610091249543,0.000525294999999975,0.0,2,2
2020-05-11,0.005183188398693893,0.005183188398693893,0.005156128398693893,2.7060000000000002e-05,0.0,2,2
2020-05-12,0.005146021528102245,0.005146021528102245,0.005147626528102245,-1.6049999999999956e-06,0.0,2,2
2020-05-13,0.0020299581880002374,0.0020299581880002374,0.0017934381880002626,0.000236519999999975,0.0,2,2
2020-05-14,-0.0017078246264245094,-0.0017078246264245094,-0.0019104396264245094,0.00020261499999999998,0.0,2,2
2020-05-15,-0.00034467144084094617,-0.00034467144084094617,-0.0002696714408409462,-7.5e-05,0.0,2,2
2020-05-16,-0.0022186324487507097,-0.0022186324487507097,-0.0021436324487507097,-7.5e-05,0.0,2,2
2020-05-17,0.0016906630814526508,0.0016906630814526508,0.0017656630814526508,-7.5e-05,1.5,2,2
2020-05-18,-0.004935248980338369,-0.005685248980338369,-0.005385048980338369,0.0004498,0.0,2,2
2020-05-19,0.00042155708724752765,0.00042155708724752765,0.00014058958724755266,0.000280967499999975,0.0,2,2
2020-05-20,-0.009623211238851636,-0.009623211238851636,-0.009773211238851637,0.00015,0.0,2,2
2020-05-21,0.010358318678512394,0.010358318678512394,0.010178736178512393,0.0001795825,0.0,2,2
2020-05-22,-0.008591244268081851,-0.008591244268081851,-0.00864805426808185,5.681e-05,0.0,2,2
2020-05-23,0.001833703170501323,0.001833703170501323,0.0017217356705013231,0.00011196749999999999,0.0,2,2
2020-05-24,0.007484419083212294,0.007484419083212294,0.007408611583212293,7.580749999999998e-05,1.0,2,2
2020-05-25,-0.008785795206373275,-0.009285795206373276,-0.008935795206373276,0.00015,0.0,2,2
2020-05-26,0.0001392057123520923,0.0001392057123520923,6.644571235209229e-05,7.276e-05,0.0,2,2
2020-05-27,-0.005844206556565222,-0.005844206556565222,-0.005964844056565222,0.0001206375,0.0,2,2
2020-05-28,-0.041616035313440165,-0.041616035313440165,-0.04173624531344017,0.00012020999999999999,0.0,2,2
2020-05-29,-0.004486252073312372,-0.004486252073312372,-0.004607602073312372,0.00012135,0.0,2,2
2020-05-30,-0.04214054775374647,-0.04214054775374647,-0.04228440025374647,0.00014385249999999999,0.0,2,2
2020-05-31,0.008099176594718134,0.008099176594718134,0.007960206594718133,0.00013896999999999998,0.5,2,2
2020-06-01,0.0012062262921035416,0.0009562262921035416,0.0010757662921035416,0.00013046,0.0,2,2
2020-06-02,0.008495792687427879,0.008495792687427879,0.009025695187427879,-0.0005299025,0.0,2,2
2020-06-03,0.003162513891894164,0.003162513891894164,0.003012513891894164,0.00015,0.0,2,2
2020-06-04,-0.0007895016973450035,-0.0007895016973450035,-0.0006720866973450035,-0.00011741500000000003,0.0,2,2
2020-06-05,-0.0020787255755314125,-0.0020787255755314125,-0.0019874305755314126,-9.1295e-05,0.0,2,2
2020-06-06,-0.00409626995575849,-0.00409626995575849,-0.0039041599557584905,-0.00019211000000000003,0.0,2,2
2020-06-07,-0.003391110732134961,-0.003391110732134961,-0.0033504657321349607,-4.0645000000000015e-05,1.5,2,2
2020-06-08,-0.007042918423408727,-0.007792918423408727,-0.007264403423408727,0.000221485,0.0,2,2
2020-06-09,0.008479508112728084,0.008479508112728084,0.008260835612728085,0.0002186725,0.0,2,2
2020-06-10,0.004041202586968284,0.004041202586968284,0.0036914625869682582,0.000349740000000025,0.0,2,2
2020-06-11,0.015829726626406825,0.015829726626406825,0.015460091626406824,0.000369635,0.0,2,2
2020-06-12,-0.0065295496219910844,-0.0065295496219910844,-0.006604549621991085,7.5e-05,0.0,2,2
2020-06-13,0.0043165009042347244,0.0043165009042347244,0.004241500904234724,7.5e-05,0.0,2,2
2020-06-14,0.009062022009721874,0.009062022009721874,0.008987022009721873,7.5e-05,0.5,2,2
2020-06-15,-0.002438858407960577,-0.0026888584079605773,-0.002516650907960577,7.77925e-05,0.0,2,2
2020-06-16,-0.01069686715759748,-0.01069686715759748,-0.010771867157597481,7.5e-05,0.0,2,2
2020-06-17,-0.004975623888549127,-0.004975623888549127,-0.005050623888549127,7.5e-05,0.0,2,2
2020-06-18,-0.0025293595365727868,-0.0025293595365727868,-0.0026043595365727867,7.5e-05,0.0,2,2
2020-06-19,-0.0013356441024248628,-0.0013356441024248628,-0.0014106441024248628,7.5e-05,0.0,2,2
2020-06-20,0.0008061388454635525,0.0008061388454635525,0.0007311388454635526,7.5e-05,0.0,2,2
2020-06-21,-0.0040109224133108015,-0.0040109224133108015,-0.003940184913310801,-7.073750000000002e-05,1.0,2,2
2020-06-22,0.004558038610457316,0.0040580386104573166,0.004429098610457316,0.00012894,0.0,2,2
2020-06-23,0.018055715930303144,0.018055715930303144,0.017932923430303144,0.0001227925,0.0,2,2
2020-06-24,0.0024031942518974573,0.0024031942518974573,0.0023607742518974573,4.241999999999999e-05,0.0,2,2
2020-06-25,0.008116704299570236,0.008116704299570236,0.007996734299570235,0.00011996999999999999,0.0,2,2
2020-06-26,-9.330767431172098e-05,-9.330767431172098e-05,-0.000231907674311721,0.0001386,0.0,2,2
2020-06-27,-0.006717456444590616,-0.006717456444590616,-0.006838491444590616,0.00012103499999999998,0.0,2,2
2020-06-28,0.003946582060003802,0.003946582060003802,0.003841717060003802,0.00010486499999999999,1.0,2,2
2020-06-29,0.00971916076627604,0.00921916076627604,0.00901468076627604,0.00070448,0.0,2,2
2020-06-30,-0.0010802558870135694,-0.0010802558870135694,-0.0017842083870135694,0.0007039525,0.0,2,2
2020-07-01,0.03727957220004173,0.03727957220004173,0.03638714470004173,0.0008924275,0.0,2,2
2020-07-02,0.007728286760463406,0.007728286760463406,0.007032749260463406,0.0006955374999999999,0.0,2,2
2020-07-03,0.009751429725951454,0.009751429725951454,0.009254492225951455,0.0004969375,0.0,2,2
2020-07-04,0.005693839973017784,0.005693839973017784,0.00463575747301781,0.001058082499999975,0.0,2,2
2020-07-05,-0.004938018139821735,-0.004938018139821735,-0.00561161563982171,0.000673597499999975,1.0,2,2
2020-07-06,0.010226698637915059,0.009726698637915058,0.010007206137915059,0.00021949249999999999,0.0,2,2
2020-07-07,0.03007886539100745,0.03007886539100745,0.03004162789100745,3.723749999999999e-05,0.0,2,2
2020-07-08,0.025522668580214933,0.025522668580214933,0.025497216080214935,2.545249999999998e-05,0.0,2,2
2020-07-09,-0.00708761468287024,-0.00708761468287024,-0.006531932182870265,-0.0005556824999999751,0.0,2,2
2020-07-10,-0.012502914159050482,-0.012502914159050482,-0.012344146659050481,-0.00015876750000000001,0.0,2,2
2020-07-11,0.02029520631667171,0.02029520631667171,0.020240743816671708,5.446249999999999e-05,0.0,2,2
2020-07-12,-0.0019187941868361248,-0.0019187941868361248,-0.001957564186836125,3.8769999999999996e-05,1.5,2,2
2020-07-13,-0.0014961565532113472,-0.0022461565532113474,-0.0020413540532113472,0.0005451974999999999,0.0,2,2
2020-07-14,-0.012426723347312296,-0.012426723347312296,-0.012646470847312297,0.00021974750000000002,0.0,2,2
2020-07-15,0.0054783390252072925,0.0054783390252072925,0.004984009025207292,0.0004943300000000001,0.0,2,2
2020-07-16,0.007443772620675329,0.007443772620675329,0.007163430120675329,0.0002803425,0.0,2,2
2020-07-17,0.008247158449951275,0.008247158449951275,0.008247158449951275,-0.0,0.0,2,2
2020-07-18,0.0018131413322236,0.0018131413322236,0.0018131413322236,-0.0,0.0,2,2
2020-07-19,-0.013472354578084787,-0.013472354578084787,-0.013450512078084786,-2.18425e-05,1.0,2,2
2020-07-20,-0.01803072405095216,-0.01853072405095216,-0.01828092905095216,0.000250205,0.0,2,2
2020-07-21,-0.006161475905913592,-0.006161475905913592,-0.006350073405913592,0.0001885975,0.0,2,2
2020-07-22,-0.0014087106128522384,-0.0014087106128522384,-0.0014569531128522384,4.82425e-05,0.0,2,2
2020-07-23,0.005236239748863537,0.005236239748863537,0.004847362248863563,0.000388877499999975,0.0,2,2
2020-07-24,-0.022716948298847003,-0.022716948298847003,-0.02301279329884698,0.000295844999999975,0.0,2,2
2020-07-25,-0.0400413766662293,-0.0400413766662293,-0.0402125116662293,0.000171135,0.0,2,2
2020-07-26,-0.012395747956829071,-0.012395747956829071,-0.012696157956829046,0.00030040999999997504,1.0,2,2
2020-07-27,-0.056731691446414344,-0.057231691446414344,-0.057638631446414346,0.00090694,0.0,2,2
2020-07-28,-0.008948863839319709,-0.008948863839319709,-0.01059580883931971,0.001646945,0.0,2,2
2020-07-29,-0.01621309560050889,-0.01621309560050889,-0.017695570600508914,0.001482475000000025,0.0,2,2
2020-07-30,0.009032759074191701,0.009032759074191701,0.007699331574191726,0.001333427499999975,0.0,2,2
2020-07-31,-0.0069054092218410745,-0.0069054092218410745,-0.008671416721841074,0.0017660075000000002,0.0,2,2
2020-08-01,0.009902969779712431,0.009902969779712431,0.009156027279712431,0.0007469425000000001,0.0,2,2
2020-08-02,-0.0029448249817135407,-0.0029448249817135407,-0.004622272481713541,0.0016774475,0.5,2,2
2020-08-03,0.0186713249809632,0.0184213249809632,0.017772842480963225,0.000898482499999975,0.0,2,2
2020-08-04,0.02345444093553713,0.02345444093553713,0.021864080935537156,0.0015903599999999751,0.0,2,2
2020-08-05,-0.013254225409777023,-0.013254225409777023,-0.014936950409777022,0.001682725,0.0,2,2
2020-08-06,0.01854059464200286,0.01854059464200286,0.017685074642002863,0.0008555199999999999,0.0,2,2
2020-08-07,0.011607791398770476,0.011607791398770476,0.010564718898770475,0.0010430724999999999,0.0,2,2
2020-08-08,0.04656317407077995,0.04656317407077995,0.045453604070779974,0.001109569999999975,0.0,2,2
2020-08-09,0.028443155547655172,0.028443155547655172,0.027622943047655196,0.0008202124999999751,0.5,2,2
2020-08-10,-0.0052070834236937254,-0.005457083423693726,-0.0065912509236937256,0.0013841675000000001,0.0,2,2
2020-08-11,0.007110963338317912,0.007110963338317912,0.006247458338317913,0.0008635049999999999,0.0,2,2
2020-08-12,0.06743767574871244,0.06743767574871244,0.06733934574871245,9.833000000000003e-05,0.0,2,2
2020-08-13,-0.002618757454457427,-0.002618757454457427,-0.002674129954457427,5.537250000000002e-05,0.0,2,2
2020-08-14,0.01579545725617025,0.01579545725617025,0.015574879756170251,0.00022057750000000002,0.0,2,2
2020-08-15,0.020009896980581587,0.020009896980581587,0.019387744480581587,0.0006221524999999999,0.0,2,2
2020-08-16,-0.01691522866401151,-0.01691522866401151,-0.01805500616401151,0.0011397775,1.0,2,2
2020-08-17,-0.02427598003963571,-0.02477598003963571,-0.02470688253963571,0.0004309024999999999,0.0,2,2
2020-08-18,-0.004698870193439579,-0.004698870193439579,-0.0052927876934396045,0.0005939175000000249,0.0,2,2
2020-08-19,0.01795501656853341,0.01795501656853341,0.01777651156853341,0.00017850499999999997,0.0,2,2
2020-08-20,-0.013429110387118786,-0.013429110387118786,-0.013641440387118786,0.00021232999999999994,0.0,2,2
2020-08-21,-0.0024202434177802686,-0.0024202434177802686,-0.0020877234177802684,-0.00033252000000000005,0.0,2,2
2020-08-22,0.03063025694914392,0.03063025694914392,0.030810771949143945,-0.000180515000000025,0.0,2,2
2020-08-23,-0.0026320735168964006,-0.0026320735168964006,-0.0026943210168964005,6.224750000000002e-05,1.0,2,2
2020-08-24,-0.0010559498024204686,-0.0015559498024204687,-0.0014174423024204685,0.0003614925,0.0,2,2
2020-08-25,0.022228365641173937,0.022228365641173937,0.021878488141173963,0.000349877499999975,0.0,2,2
2020-08-26,-0.020432763455310622,-0.020432763455310622,-0.020910205955310596,0.0004774424999999749,0.0,2,2
2020-08-27,0.017688871746613093,0.017688871746613093,0.01717228674661314,0.0005165849999999501,0.0,2,2
2020-08-28,-0.005864847350520763,-0.005864847350520763,-0.006228522350520738,0.000363674999999975,0.0,2,2
2020-08-29,-0.03571750340435353,-0.03571750340435353,-0.036089543404353525,0.00037204,0.0,2,2
2020-08-30,0.0027246925034414837,0.0027246925034414837,0.0027246925034414837,-0.0,0.5,2,2
2020-08-31,-0.005417678998690519,-0.005667678998690519,-0.005463098998690519,4.542000000000001e-05,0.0,2,2
2020-09-01,0.003537731797830836,0.003537731797830836,0.003257349297830836,0.0002803825,0.0,2,2
2020-09-02,0.013389673039675525,0.013389673039675525,0.012738215539675524,0.0006514575,0.0,2,2
2020-09-03,0.0367763965810793,0.0367763965810793,0.0367726540810793,3.7425e-06,0.0,2,2
2020-09-04,-0.008705108926565017,-0.008705108926565017,-0.009043893926565016,0.00033878500000000003,0.0,2,2
2020-09-05,0.03814929561275737,0.03814929561275737,0.03808847311275737,6.08225e-05,0.0,2,2
2020-09-06,-0.05476343282820388,-0.05476343282820388,-0.05503642532820391,0.000272992500000025,1.5,2,2
2020-09-07,-0.011673293451073112,-0.012423293451073113,-0.012114915951073113,0.0004416225,0.0,2,2
2020-09-08,0.016347873818824594,0.016347873818824594,0.015365001318824595,0.0009828725,0.0,2,2
2020-09-09,0.012669558482289206,0.012669558482289206,0.011915785982289206,0.0007537725,0.0,2,2
2020-09-10,-0.005348281149039443,-0.005348281149039443,-0.005471938649039443,0.0001236575,0.0,2,2
2020-09-11,0.008237911235452927,0.008237911235452927,0.007375476235452927,0.0008624349999999999,0.0,2,2
2020-09-12,0.01739434834785986,0.01739434834785986,0.01655008084785986,0.0008442675,0.0,2,2
2020-09-13,0.04152155570297032,0.04152155570297032,0.040425300702970346,0.0010962549999999748,0.5,2,2
2020-09-14,-0.00958878434684951,-0.00983878434684951,-0.01115942184684951,0.0015706375,0.0,2,2
2020-09-15,-0.012500643956506243,-0.012500643956506243,-0.013741916456506242,0.0012412725,0.0,2,2
2020-09-16,0.013691554724434434,0.013691554724434434,0.012425244724434459,0.001266309999999975,0.0,2,2
2020-09-17,-0.020687983554147638,-0.020687983554147638,-0.02094597105414764,0.0002579875,0.0,2,2
2020-09-18,0.014805282591660264,0.014805282591660264,0.014406900091660263,0.0003983825,0.0,2,2
2020-09-19,-0.004425481888574475,-0.004425481888574475,-0.0044665618885744995,4.1080000000024984e-05,0.0,2,2
2020-09-20,0.00329679414298913,0.00329679414298913,0.00317347414298913,0.00012331999999999995,0.6666666666666666,3,3
2020-09-21,0.0038952199746400576,0.003561886641306724,0.0036334483079733908,0.00026177166666666664,0.0,3,3
2020-09-22,0.001902748438173502,0.001902748438173502,0.001495881771506835,0.0004068666666666667,0.0,3,3
2020-09-23,0.0046178277309248455,0.0046178277309248455,0.004264316064258179,0.0003535116666666666,0.0,3,3
2020-09-24,-0.0018951660342819124,-0.0018951660342819124,-0.0024469860342819123,0.00055182,0.0,3,3
2020-09-25,-0.03509890948132303,-0.03509890948132303,-0.035316877814656346,0.00021796833333331665,0.0,3,3
2020-09-26,0.013986656786665462,0.013986656786665462,0.01365008345333213,0.0003365733333333333,0.0,3,3
2020-09-27,-0.009948299431461558,-0.009948299431461558,-0.010673561098128224,0.0007252616666666666,0.3333333333333333,3,3
2020-09-28,0.0004411174614954454,0.0002744507948287787,2.7962461495445456e-05,0.00041315499999999996,0.0,3,3
2020-09-29,0.0075080972425403064,0.0075080972425403064,0.00654250890920699,0.0009655883333333165,0.0,3,3
2020-09-30,-0.005367406911263963,-0.005367406911263963,-0.006593996911263962,0.0012265899999999998,0.0,3,3
2020-10-01,-0.0056011702711915735,-0.0056011702711915735,-0.006252465271191573,0.000651295,0.0,3,3
2020-10-02,0.006435589784857001,0.006435589784857001,0.0058499214515236675,0.0005856683333333334,0.0,3,3
2020-10-03,0.005151813151946481,0.005151813151946481,0.004125141485279815,0.0010266716666666666,0.0,3,3
2020-10-04,-0.010381506455102102,-0.010381506455102102,-0.011796008121768769,0.0014145016666666666,0.6666666666666666,3,3
2020-10-05,-0.0036047480259346412,-0.003938081359267974,-0.005169753025934624,0.001565004999999983,0.0,3,3
2020-10-06,0.001556030396597954,0.001556030396597954,0.00013694872993130422,0.0014190816666666498,0.0,3,3
2020-10-07,-0.012317310542283763,-0.012317310542283763,-0.014130920542283763,0.00181361,0.0,3,3
2020-10-08,0.02252436230104143,0.02252436230104143,0.0212943489677081,0.001230013333333333,0.0,3,3
2020-10-09,0.011229399395853155,0.011229399395853155,0.010870311062519821,0.0003590883333333333,0.0,3,3
2020-10-10,-0.00774118867229248,-0.00774118867229248,-0.008188725338959146,0.0004475366666666666,0.0,3,3
2020-10-11,0.00031008217388962394,0.00031008217388962394,0.00012694884055630727,0.00018313333333331666,0.6666666666666666,3,3
2020-10-12,0.013754755660732221,0.013421422327398888,0.01349118066073222,0.000263575,0.0,3,3
2020-10-13,0.015069697516465658,0.015069697516465658,0.014223019183132325,0.0008466783333333333,0.0,3,3
2020-10-14,0.0010468478198770374,0.0010468478198770374,0.0004077444865437374,0.0006391033333332999,0.0,3,3
2020-10-15,0.005600419640923444,0.005600419640923444,0.005048627974256778,0.0005517916666666667,0.0,3,3
2020-10-16,0.009953928600369272,0.009953928600369272,0.009740806933702606,0.00021312166666666668,0.0,3,3
2020-10-17,0.004003553217775929,0.004003553217775929,0.003440223217775929,0.0005633299999999999,0.0,3,3
2020-10-18,-0.004496105477290498,-0.004496105477290498,-0.0045716088106238315,7.550333333333333e-05,0.3333333333333333,3,3
2020-10-19,0.0011221729007652942,0.0009555062340986276,0.000719387900765311,0.0004027849999999833,0.0,3,3
2020-10-20,-0.012766620482495723,-0.012766620482495723,-0.013485495482495724,0.0007188749999999999,0.0,3,3
2020-10-21,0.0012633805627322015,0.0012633805627322015,0.0009261972293988681,0.00033718333333333333,0.0,3,3
2020-10-22,0.02512226648419401,0.02512226648419401,0.024665606484194025,0.0004566599999999833,0.0,3,3
2020-10-23,-0.0024494505303099398,-0.0024494505303099398,-0.00266812053030994,0.00021867000000000005,0.0,3,3
2020-10-24,-0.0034690187786869018,-0.0034690187786869018,-0.003750237112020235,0.00028121833333333334,0.0,3,3
2020-10-25,0.002688015241395326,0.002688015241395326,0.0024682152413953258,0.00021979999999999995,0.9999999999999999,3,3
2020-10-26,0.027929896811599537,0.027429896811599536,0.02778555014493287,0.00014434666666666667,0.0,3,3
2020-10-27,-0.005837626630807029,-0.005837626630807029,-0.005873731630807029,3.6104999999999994e-05,0.0,3,3
2020-10-28,0.017147449338685335,0.017147449338685335,0.017088694338685335,5.875499999999999e-05,0.0,3,3
2020-10-29,0.0015385726319909305,0.0015385726319909305,0.0015154592986575972,2.311333333333332e-05,0.0,3,3
2020-10-30,-0.004708014029729838,-0.004708014029729838,-0.004838810696396505,0.00013079666666666664,0.0,3,3
2020-10-31,-0.01818248718643215,-0.01818248718643215,-0.018019142186432153,-0.00016334500000000002,0.0,3,3
2020-11-01,-0.01784076511736975,-0.01784076511736975,-0.0176266284507031,-0.00021413666666665,1.3333333333333335,3,3
2020-11-02,-0.005690814373078875,-0.006357481039745542,-0.005772066039745541,8.125166666666665e-05,0.0,3,3
2020-11-03,-0.009473680302589483,-0.009473680302589483,-0.009617200302589482,0.00014351999999999998,0.0,3,3
2020-11-04,-0.01062255490674947,-0.01062255490674947,-0.01073678490674947,0.00011423,0.0,3,3
2020-11-05,-0.0017962080533601658,-0.0017962080533601658,-0.0019689680533601824,0.0001727600000000167,0.0,3,3
2020-11-06,0.031819992196675216,0.031819992196675216,0.031599535530008535,0.00022045666666668326,0.0,3,3
2020-11-07,0.02074784746953147,0.02074784746953147,0.020365930802864803,0.0003819166666666667,0.0,3,3
2020-11-08,0.005818832494751915,0.005818832494751915,0.006088552494751932,-0.0002697200000000167,0.6666666666666666,3,3
2020-11-09,-0.0023011749211308097,-0.002634508254464143,-0.00249743992113081,0.00019626500000000002,0.0,3,3
2020-11-10,0.02461657434728022,0.02461657434728022,0.02442959768061357,0.00018697666666664996,0.0,3,3
2020-11-11,-0.023653881853921734,-0.023653881853921734,-0.023903736853921734,0.000249855,0.0,3,3
2020-11-12,-0.001811145343505377,-0.001811145343505377,-0.0018444520101720437,3.330666666666668e-05,0.0,3,3
2020-11-13,-0.009761760333973466,-0.009761760333973466,-0.010020865333973467,0.000259105,0.0,3,3
2020-11-14,0.0013789294393894032,0.0013789294393894032,0.0013713061060560698,7.623333333333325e-06,0.0,3,3
2020-11-15,0.02391695922863354,0.02391695922863354,0.023938757561966874,-2.1798333333333317e-05,0.9999999999999999,3,3
2020-11-16,0.010492560578453568,0.009992560578453567,0.010459860578453568,3.270000000000001e-05,0.0,3,3
2020-11-17,0.006342610552808708,0.006342610552808708,0.005964890552808725,0.0003777199999999833,0.0,3,3
2020-11-18,0.00730995021348397,0.00730995021348397,0.006951798546817304,0.00035815166666666677,0.0,3,3
2020-11-19,-0.00025216570218517583,-0.00025216570218517583,-0.00028325070218519245,3.108500000001662e-05,0.0,3,3
2020-11-20,-0.020879412807078758,-0.020879412807078758,-0.02096295780707876,8.3545e-05,0.0,3,3
2020-11-21,-0.013175789497985159,-0.013175789497985159,-0.013551371164651842,0.0003755816666666835,0.0,3,3
2020-11-22,-0.03291760094393407,-0.03291760094393407,-0.033335569277267385,0.00041796833333331663,0.6666666666666666,3,3
2020-11-23,-0.05959301222987718,-0.05992634556321051,-0.061325192229877167,0.0017321799999999831,0.0,3,3
2020-11-24,-0.03397483556613595,-0.03397483556613595,-0.03489650889946927,0.0009216733333333165,0.0,3,3
2020-11-25,0.027012004628292324,0.027012004628292324,0.026363467961625656,0.0006485366666666669,0.0,3,3
2020-11-26,-0.0022252919037873053,-0.0022252919037873053,-0.003069536903787272,0.0008442449999999667,0.0,3,3
2020-11-27,-0.013969942204373767,-0.013969942204373767,-0.0152262655377071,0.001256323333333333,0.0,3,3
2020-11-28,-0.03888853982545536,-0.03888853982545536,-0.03974524982545535,0.0008567099999999999,0.0,3,3
2020-11-29,0.008763364088853812,0.008763364088853812,0.00794025408885383,0.0008231099999999832,0.3333333333333333,3,3
2020-11-30,-0.012412984705818213,-0.01257965137248488,-0.013088514705818214,0.0006755299999999999,0.0,3,3
2020-12-01,0.015254260737222013,0.015254260737222013,0.014177717403888696,0.0010765433333333166,0.0,3,3
2020-12-02,0.014382713666159362,0.014382713666159362,0.013614428666159362,0.000768285,0.0,3,3
2020-12-03,-0.003718905332665407,-0.003718905332665407,-0.004258436999332074,0.0005395316666666666,0.0,3,3
2020-12-04,0.0050778832684164185,0.0050778832684164185,0.004534598268416418,0.000543285,0.0,3,3
2020-12-05,-0.00402823223039349,-0.00402823223039349,-0.004288407230393441,0.00026017499999995,0.0,3,3
2020-12-06,-0.008858950518474986,-0.008858950518474986,-0.008850272185141653,-8.678333333333333e-06,0.9999999999999999,3,3
2020-12-07,-0.0047171630817988,-0.0052171630817988,-0.005107311415132117,0.00039014833333331667,0.0,3,3
2020-12-08,-0.0007050122566582876,-0.0007050122566582876,-0.0013320839233249542,0.0006270716666666666,0.0,3,3
2020-12-09,-0.010484823507056304,-0.010484823507056304,-0.01065377017372297,0.00016894666666666667,0.0,3,3
2020-12-10,-0.0019986936675420756,-0.0019986936675420756,-0.001972457000875392,-2.623666666668332e-05,0.0,3,3
2020-12-11,0.01103782882076821,0.01103782882076821,0.012598468820768226,-0.0015606400000000166,0.0,3,3
2020-12-12,0.0037482566912827825,0.0037482566912827825,0.003966361691282783,-0.000218105,0.0,3,3
2020-12-13,-0.003126741887090408,-0.003126741887090408,-0.0037540385537570744,0.0006272966666666666,1.0,3,3
2020-12-14,-0.014174619665080448,-0.014674619665080449,-0.014318251331747115,0.00014363166666666666,0.0,3,3
2020-12-15,0.021658162167583154,0.021658162167583154,0.021500832167583153,0.00015733000000000004,0.0,3,3
2020-12-16,0.0011401762878851507,0.0011401762878851507,0.0008552646212184674,0.00028491166666668333,0.0,3,3
2020-12-17,-0.008641734764099535,-0.008641734764099535,-0.009671383097432852,0.0010296483333333167,0.0,3,3
2020-12-18,0.009127069793545425,0.009127069793545425,0.008592613126878793,0.0005344566666666332,0.0,3,3
2020-12-19,-0.0023171669371108965,-0.0023171669371108965,-0.00263292527044423,0.0003157583333333334,0.0,3,3
2020-12-20,-0.010793552263824563,-0.010793552263824563,-0.010900798930491229,0.00010724666666666672,0.9999999999999999,3,3
2020-12-21,0.024568130244030536,0.024068130244030535,0.024392823577363887,0.00017530666666664996,0.0,3,3
2020-12-22,-0.0273127029955682,-0.0273127029955682,-0.02729450632890153,-1.8196666666666655e-05,0.0,3,3
2020-12-23,-0.016044725301125055,-0.016044725301125055,-0.016115481967791723,7.075666666666665e-05,0.0,3,3
2020-12-24,0.03918988663089047,0.03918988663089047,0.03927046663089047,-8.057999999999999e-05,0.0,3,3
2020-12-25,0.009141289914091626,0.009141289914091626,0.008771513247424959,0.0003697766666666667,0.0,3,3
2020-12-26,0.00036676351285511426,0.00036676351285511426,-0.00044235482047821906,0.0008091183333333333,0.0,3,3
2020-12-27,-0.032407398485038055,-0.032407398485038055,-0.03320382848503807,0.0007964300000000168,1.3333333333333333,3,3
2020-12-28,-0.006260990397069523,-0.00692765706373619,-0.006777490397069523,0.0005164999999999999,0.0,3,3
2020-12-29,-0.011858602387250792,-0.011858602387250792,-0.013340404053917457,0.0014818016666666666,0.0,3,3
2020-12-30,-0.042159136135317576,-0.042159136135317576,-0.04373520946865091,0.0015760733333333333,0.0,3,3
2020-12-31,0.015932863929183003,0.015932863929183003,0.01435068059584967,0.0015821833333333334,0.0,3,3
2021-01-01,0.05815155006204403,0.05815155006204403,0.056880933395377364,0.0012706166666666668,0.0,3,3
2021-01-02,-0.05050199671638926,-0.05050199671638926,-0.051186393383055924,0.0006843966666666666,0.0,3,3
2021-01-03,-0.018049759977741647,-0.018049759977741647,-0.01916850997774163,0.0011187499999999833,0.6666666666666666,3,3
2021-01-04,0.03308611145802531,0.032752778124691975,0.031031293124691973,0.002054818333333333,0.0,3,3
2021-01-05,-0.019119424080962115,-0.019119424080962115,-0.022328805747628782,0.0032093816666666666,0.0,3,3
2021-01-06,-0.01804517991618259,-0.01804517991618259,-0.023460841582849258,0.005415661666666667,0.0,3,3
2021-01-07,0.07441239898990827,0.07441239898990827,0.07091722065657495,0.003495178333333316,0.0,3,3
2021-01-08,0.10663639706989353,0.10663639706989353,0.10543439040322686,0.0012020066666666666,0.0,3,3
2021-01-09,0.04113561143673537,0.04113561143673537,0.04110860143673537,2.7010000000000136e-05,0.0,3,3
2021-01-10,0.000274099991139997,0.000274099991139997,9.419165780666372e-05,0.0001799083333333333,1.0,3,3
2021-01-11,0.03497468357653717,0.03447468357653717,0.034421056909870504,0.0005536266666666665,0.0,3,3
2021-01-12,0.07883624496460136,0.07883624496460136,0.07822512663126804,0.0006111183333333166,0.0,3,3
2021-01-13,-0.012293444532317671,-0.012293444532317671,-0.012716644532317672,0.0004232,0.0,3,3
2021-01-14,-0.009766181053922832,-0.009766181053922832,-0.010387541053922832,0.0006213600000000001,0.0,3,3
2021-01-15,0.021475302412838064,0.021475302412838064,0.020943772412838065,0.00053153,0.0,3,3
2021-01-16,0.08989888841762204,0.08989888841762204,0.08902604508428871,0.0008728433333333333,0.0,3,3
2021-01-17,0.040932948166623725,0.040932948166623725,0.03970827983329041,0.0012246683333333166,0.9999999999999999,3,3
2021-01-18,0.007331806929973286,0.006831806929973286,0.006306008596639952,0.0010257983333333332,0.0,3,3
2021-01-19,-0.02144450687896255,-0.02144450687896255,-0.02329993021229587,0.0018554233333333166,0.0,3,3
2021-01-20,-0.003965140474348048,-0.003965140474348048,-0.005163213807681364,0.0011980733333333167,0.0,3,3
2021-01-21,0.02127276752670275,0.02127276752670275,0.0201372008600361,0.00113556666666665,0.0,3,3
2021-01-22,-0.01008373346303152,-0.01008373346303152,-0.010375878463031521,0.00029214499999999995,0.0,3,3
2021-01-23,-0.020833718904459453,-0.020833718904459453,-0.021241368904459452,0.0004076499999999999,0.0,3,3
2021-01-24,-0.02070777493168753,-0.02070777493168753,-0.0212915765983542,0.0005838016666666665,0.6666666666666666,3,3
2021-01-25,0.016834698827815374,0.01650136549448204,0.016217028827815373,0.0006176699999999999,0.0,3,3
2021-01-26,0.012068185409032378,0.012068185409032378,0.011147497075699045,0.0009206883333333332,0.0,3,3
2021-01-27,-0.0028912361024043412,-0.0028912361024043412,-0.003418821102404341,0.0005275849999999999,0.0,3,3
2021-01-28,-0.0008671254058303646,-0.0008671254058303646,-0.0014594020724970312,0.0005922766666666666,0.0,3,3
2021-01-29,-0.016856621058927115,-0.016856621058927115,-0.018218997725593784,0.0013623766666666667,0.0,3,3
2021-01-30,-0.0686074279666265,-0.0686074279666265,-0.06948285296662647,0.0008754249999999666,0.0,3,3
2021-01-31,0.008834991917069449,0.008834991917069449,0.008031191917069448,0.0008037999999999999,0.6666666666666666,3,3
2021-02-01,0.04898615064807865,0.04865281731474532,0.04626094898141198,0.0027252016666666668,0.0,3,3
2021-02-02,-0.03751324566063794,-0.03751324566063794,-0.03935498566063794,0.00184174,0.0,3,3
2021-02-03,0.018091617737534933,0.018091617737534933,0.015674756070868285,0.0024168616666666496,0.0,3,3
2021-02-04,0.07851189048158375,0.07851189048158375,0.07696272881491709,0.0015491616666666664,0.0,3,3
2021-02-05,0.01820656066647389,0.01820656066647389,0.016041752333140556,0.002164808333333333,0.0,3,3
2021-02-06,0.07039305241857753,0.07039305241857753,0.06836018075191086,0.0020328716666666666,0.0,3,3
2021-02-07,0.12039214729104476,0.12039214729104476,0.11889398395771145,0.0014981633333333165,0.3333333333333333,3,3
2021-02-08,-0.08728472008001976,-0.08745138674668643,-0.08867022508001979,0.0013855050000000167,0.0,3,3
2021-02-09,0.005822609795710791,0.005822609795710791,0.0037545314623774577,0.0020680783333333333,0.0,3,3
2021-02-10,0.16702740917553108,0.16702740917553108,0.16481892584219773,0.002208483333333334,0.0,3,3
2021-02-11,-0.03216735784231349,-0.03216735784231349,-0.03344559117564684,0.00127823333333335,0.0,3,3
2021-02-12,-0.029099470112137135,-0.029099470112137135,-0.029294271778803803,0.00019480166666666684,0.0,3,3
2021-02-13,-0.049716613648930486,-0.049716613648930486,-0.048940183648930484,-0.0007764299999999998,0.0,3,3
2021-02-14,-0.010231550474519959,-0.010231550474519959,-0.009942363807853292,-0.00028918666666666705,1.6666666666666667,3,3
2021-02-15,0.02818098354014532,0.02734765020681199,0.027865925206811987,0.00031505833333333327,0.0,3,3
2021-02-16,-0.01824618231192263,-0.01824618231192263,-0.018305422311922614,5.923999999998331e-05,0.0,3,3
2021-02-17,-0.03128785705115403,-0.03128785705115403,-0.03139580371782069,0.00010794666666666663,0.0,3,3
2021-02-18,-0.03627475542198988,-0.03627475542198988,-0.03706122708865656,0.0007864716666666834,0.0,3,3
2021-02-19,-0.0806160686975108,-0.0806160686975108,-0.08128904369751078,0.0006729749999999832,0.0,3,3
2021-02-20,0.08598396743139322,0.08598396743139322,0.08422772576472655,0.0017562416666666665,0.0,3,3
2021-02-21,-0.03480328918588584,-0.03480328918588584,-0.03466901418588584,-0.00013427499999999997,0.6666666666666666,3,3
2021-02-22,0.019129198872232345,0.01879586553889901,0.018737978872232344,0.00039121999999999996,0.0,3,3
2021-02-23,0.01949612534526232,0.01949612534526232,0.018435715345262317,0.00106041,0.0,3,3
2021-02-24,-0.010017530265410371,-0.010017530265410371,-0.009808981932077038,-0.00020854833333333334,0.0,3,3
2021-02-25,-0.007464722714375508,-0.007464722714375508,-0.007574651047708842,0.00010992833333333334,0.0,3,3
2021-02-26,-0.00032321614337370384,-0.00032321614337370384,-0.0006377111433736871,0.0003144949999999832,0.0,3,3
2021-02-27,-0.009487583534873856,-0.009487583534873856,-0.009792035201540539,0.00030445166666668335,0.0,3,3
2021-02-28,0.01767786813746279,0.01767786813746279,0.017427686470796122,0.0002501816666666667,1.6666666666666667,3,3
2021-03-01,0.023159160205402263,0.02232582687206893,0.022755586872068946,0.0004035733333333166,0.0,3,3
2021-03-02,0.0030912498110148606,0.0030912498110148606,0.0029472114776815275,0.0001440383333333333,0.0,3,3
2021-03-03,-0.018320139167260423,-0.018320139167260423,-0.01874201583392709,0.00042187666666666665,0.0,3,3
2021-03-04,-0.02048239015437636,-0.02048239015437636,-0.02048429682104304,1.90666666668337e-06,0.0,3,3
2021-03-05,-0.005320244183178052,-0.005320244183178052,-0.0054227458498447186,0.00010250166666666671,0.0,3,3
2021-03-06,-0.0063274306530273884,-0.0063274306530273884,-0.006600103986360722,0.0002726733333333333,0.0,3,3
2021-03-07,0.00992444341734124,0.00992444341734124,0.01017011841734124,-0.000245675,0.9999999999999999,3,3
2021-03-08,0.003098338331387925,0.002598338331387925,0.002774399998054608,0.00032393833333331664,0.0,3,3
2021-03-09,-0.02098806272447826,-0.02098806272447826,-0.021366561057811595,0.0003784983333333333,0.0,3,3
2021-03-10,0.01117148937170315,0.01117148937170315,0.01077035437170315,0.000401135,0.0,3,3
2021-03-11,-0.007577369138090655,-0.007577369138090655,-0.0073624624714239886,-0.00021490666666666665,0.0,3,3
2021-03-12,-0.04919851344351582,-0.04919851344351582,-0.04935987344351582,0.00016135999999999993,0.0,3,3
2021-03-13,0.01396942819290809,0.01396942819290809,0.01386706652624144,0.00010236166666665003,0.0,3,3
2021-03-14,-0.023873254714607547,-0.023873254714607547,-0.02404151138127423,0.0001682566666666832,0.9999999999999999,3,3
2021-03-15,-0.02873810407826854,-0.029238104078268542,-0.029043257411601874,0.00030515333333333333,0.0,3,3
2021-03-16,-0.0456225934424078,-0.0456225934424078,-0.046019003442407815,0.0003964100000000166,0.0,3,3
2021-03-17,0.03421620822404284,0.03421620822404284,0.03429563155737617,-7.942333333333323e-05,0.0,3,3
2021-03-18,-0.02322536968532746,-0.02322536968532746,-0.02362769135199411,0.0004023216666666499,0.0,3,3
2021-03-19,-0.024531341774771665,-0.024531341774771665,-0.024268570108105014,-0.00026277166666665,0.0,3,3
2021-03-20,0.003455591651277896,0.003455591651277896,0.004528578317944546,-0.00107298666666665,0.0,3,3
2021-03-21,-0.012418581121641447,-0.012418581121641447,-0.012225814454974763,-0.00019276666666668334,1.3333333333333333,3,3
2021-03-22,0.0013280718159956561,0.0006614051493289895,-0.0005122931840043435,0.0018403649999999996,0.0,3,3
2021-03-23,-0.01358494055905302,-0.01358494055905302,-0.01431906389238637,0.00073412333333335,0.0,3,3
2021-03-24,0.009954187590043235,0.009954187590043235,0.009391572590043251,0.0005626149999999833,0.0,3,3
2021-03-25,-0.007193258808014258,-0.007193258808014258,-0.007603242141347591,0.0004099833333333333,0.0,3,3
2021-03-26,0.0017406981534092937,0.0017406981534092937,0.0013986231534092938,0.00034207499999999995,0.0,3,3
2021-03-27,0.014584065005197594,0.014584065005197594,0.014085515005197594,0.00049855,0.0,3,3
2021-03-28,-0.008936059423591105,-0.008936059423591105,-0.009797792756924438,0.0008617333333333334,0.9999999999999999,3,3
2021-03-29,0.0007719865857735604,0.0002719865857735605,0.00040998491910689385,0.00036200166666666657,0.0,3,3
2021-03-30,0.020344786773338237,0.020344786773338237,0.019810603440004886,0.0005341833333333501,0.0,3,3
2021-03-31,-0.0030595622490355726,-0.0030595622490355726,-0.003641440582368906,0.0005818783333333332,0.0,3,3
2021-04-01,0.014161586860946904,0.014161586860946904,0.012962471860946938,0.0011991149999999666,0.0,3,3
2021-04-02,-0.008590143386402075,-0.008590143386402075,-0.009633096719735407,0.0010429533333333333,0.0,3,3
2021-04-03,0.03645788584938285,0.03645788584938285,0.0353345925160495,0.00112329333333335,0.0,3,3
2021-04-04,0.008815076977787576,0.008815076977787576,0.008061113644454276,0.0007539633333332998,0.9999999999999999,3,3
2021-04-05,-0.07387768947099425,-0.07437768947099425,-0.07570542447099425,0.001827735,0.0,3,3
2021-04-06,-0.025249470862262147,-0.025249470862262147,-0.02714194919559548,0.0018924783333333331,0.0,3,3
2021-04-07,0.020583164102906844,0.020583164102906844,0.019800389102906844,0.0007827749999999999,0.0,3,3
2021-04-08,-0.002919274244286689,-0.002919274244286689,-0.0038860459109533556,0.0009667716666666666,0.0,3,3
2021-04-09,0.01881153570222386,0.01881153570222386,0.017681837368890525,0.0011296983333333333,0.0,3,3
2021-04-10,-0.04442339209650009,-0.04442339209650009,-0.045316563763166756,0.0008931716666666668,0.0,3,3
2021-04-11,0.01908359539370416,0.01908359539370416,0.01814103706037083,0.0009425583333333332,0.3333333333333333,3,3
2021-04-12,-0.029045620510630053,-0.02921228717729672,-0.03049717717729672,0.0014515566666666666,0.0,3,3
2021-04-13,-0.030493689680381613,-0.030493689680381613,-0.032022583013714946,0.0015288933333333333,0.0,3,3
2021-04-14,-0.028446244105239098,-0.028446244105239098,-0.030210109105239115,0.0017638650000000164,0.0,3,3
2021-04-15,0.026282814784273537,0.026282814784273537,0.025037279784273538,0.0012455349999999999,0.0,3,3
2021-04-16,0.01045631659029754,0.01045631659029754,0.008855918256964208,0.0016003983333333334,0.0,3,3
2021-04-17,0.0009933966079607695,0.0009933966079607695,-0.0008480750587059136,0.0018414716666666831,0.0,3,3
2021-04-18,0.08148858530576193,0.08148858530576193,0.08144005197242857,4.8533333333366705e-05,0.3333333333333333,3,3
2021-04-19,0.013286093168657778,0.01311942650199111,0.013371771501991111,-8.567833333333335e-05,0.0,3,3
2021-04-20,0.002878790696770798,0.002878790696770798,0.003090160696770798,-0.00021137,0.0,3,3
2021-04-21,0.023086477720663256,0.023086477720663256,0.02292647105399659,0.00016000666666666667,0.0,3,3
2021-04-22,0.05335557921219438,0.05335557921219438,0.05330580921219438,4.977000000000003e-05,0.0,3,3
2021-04-23,-0.016461414656715846,-0.016461414656715846,-0.016186524656715846,-0.00027488999999999997,0.0,3,3
2021-04-24,0.013278743586479612,0.013278743586479612,0.01338280525314628,-0.00010406166666666666,0.0,3,3
2021-04-25,0.012022043493024867,0.012022043493024867,0.012206380159691516,-0.00018433666666665,1.6666666666666665,3,3
2021-04-26,-0.021305399074089564,-0.022138732407422895,-0.021619844074089546,0.0003144449999999833,0.0,3,3
2021-04-27,-0.0035329103867018843,-0.0035329103867018843,-0.0036809787200352178,0.00014806833333333333,0.0,3,3
2021-04-28,0.005634672331823293,0.005634672331823293,0.005233532331823276,0.00040114000000001667,0.0,3,3
2021-04-29,-0.024429776482277503,-0.024429776482277503,-0.02475204314894417,0.0003222666666666666,0.0,3,3
2021-04-30,-0.001577829925668077,-0.001577829925668077,-0.0017221932590013936,0.00014436333333331668,0.0,3,3
2021-05-01,-0.014455801787574378,-0.014455801787574378,-0.014535870120907695,8.006833333331671e-05,0.0,3,3
2021-05-02,0.01332020090471782,0.01332020090471782,0.013449327571384487,-0.00012912666666666672,1.3333333333333333,3,3
2021-05-03,0.004291263348112285,0.003624596681445618,0.0038414000147789515,0.0004498633333333333,0.0,3,3
2021-05-04,-0.03634155782825816,-0.03634155782825816,-0.03643882282825818,9.726500000001661e-05,0.0,3,3
2021-05-05,-0.03730394436695951,-0.03730394436695951,-0.03727401270029284,-2.9931666666666717e-05,0.0,3,3
2021-05-06,0.018484567589107555,0.018484567589107555,0.018135214255774204,0.0003493533333333501,0.0,3,3
2021-05-07,-0.02720889237827239,-0.02720889237827239,-0.027651287378272393,0.0004423950000000001,0.0,3,3
2021-05-08,0.03557094955156436,0.03557094955156436,0.03522221621823103,0.0003487333333333334,0.0,3,3
2021-05-09,0.02371765286234592,0.02371765286234592,0.024032917862345904,-0.0003152649999999833,1.0,3,3
2021-05-10,0.026648472123077045,0.026148472123077044,0.026188518789743726,0.0004599533333333167,0.0,3,3
2021-05-11,-0.0022988214357581548,-0.0022988214357581548,-0.0021892481024248216,-0.0001095733333333333,0.0,3,3
2021-05-12,0.016382203858943168,0.016382203858943168,0.016154655525609834,0.00022754833333333332,0.0,3,3
2021-05-13,-0.0411650790855891,-0.0411650790855891,-0.0411172790855891,-4.7799999999999996e-05,0.0,3,3
2021-05-14,0.012399257152793742,0.012399257152793742,0.012418163819460409,-1.8906666666666653e-05,0.0,3,3
2021-05-15,-0.02470418029239091,-0.02470418029239091,-0.02452656695905754,-0.00017761333333336674,0.0,3,3
2021-05-16,-0.0073421340299598455,-0.0073421340299598455,-0.007444565696626529,0.00010243166666668328,1.3333333333333333,3,3
2021-05-17,-0.024035797320384168,-0.024702463987050834,-0.02438192398705082,0.00034612666666665,0.0,3,3
2021-05-18,-0.019861106653450093,-0.019861106653450093,-0.020065379986783427,0.0002042733333333333,0.0,3,3
2021-05-19,-0.026620061605176694,-0.026620061605176694,-0.02720541327184338,0.0005853516666666836,0.0,3,3
2021-05-20,0.04224011160578155,0.04224011160578155,0.041797174939114896,0.00044293666666664995,0.0,3,3
2021-05-21,-0.009342870313982034,-0.009342870313982034,-0.009532491980648684,0.00018962166666664998,0.0,3,3
2021-05-22,-0.004475896535133425,-0.004475896535133425,-0.004709689868466758,0.0002337933333333333,0.0,3,3
2021-05-23,-0.007784277574066464,-0.007784277574066464,-0.007965765907399797,0.00018148833333333331,0.6666666666666666,3,3
2021-05-24,0.06836624270039242,0.06803290936705908,0.06793088770039242,0.0004353549999999999,0.0,3,3
2021-05-25,0.0024668609083209727,0.0024668609083209727,0.002480004241654306,-1.3143333333333327e-05,0.0,3,3
2021-05-26,0.028782062823225433,0.028782062823225433,0.02874624782322543,3.5814999999999995e-05,0.0,3,3
2021-05-27,-0.019169147402057867,-0.019169147402057867,-0.019188544068724535,1.939666666666667e-05,0.0,3,3
2021-05-28,-0.009772452808834195,-0.009772452808834195,-0.009700177808834195,-7.2275e-05,0.0,3,3
2021-05-29,-0.0028296488730086594,-0.0028296488730086594,-0.002869437206341993,3.978833333333334e-05,0.0,3,3
2021-05-30,0.018244001135974536,0.018244001135974536,0.01805521280264122,0.00018878833333331666,1.0,3,3
2021-05-31,-0.007864681619965114,-0.008364681619965115,-0.008036546619965114,0.000171865,0.0,3,3
2021-06-01,0.020566235331094727,0.020566235331094727,0.02050367866442806,6.255666666666666e-05,0.0,3,3
2021-06-02,-0.006662757963833729,-0.006662757963833729,-0.006714142963833729,5.1385e-05,0.0,3,3
2021-06-03,-0.023336411885139217,-0.023336411885139217,-0.02340899355180588,7.258166666666666e-05,0.0,3,3
2021-06-04,0.00386627536121933,0.00386627536121933,0.0038162753612193297,4.9999999999999996e-05,0.0,3,3
2021-06-05,-0.01248691216395517,-0.01248691216395517,-0.012588193830621836,0.00010128166666666666,0.0,3,3
2021-06-06,-0.01617112689571096,-0.01617112689571096,-0.01629826522904428,0.00012713833333331665,1.3333333333333333,3,3
2021-06-07,-0.008353071752352535,-0.0090197384190192,-0.008462496752352534,0.00010942499999999999,0.0,3,3
2021-06-08,-0.004807756650510122,-0.004807756650510122,-0.004931009983843456,0.00012325333333333333,0.0,3,3
2021-06-09,-0.01199876165592339,-0.01199876165592339,-0.01213719998925674,0.00013843833333334997,0.0,3,3
2021-06-10,0.003264633932775918,0.003264633932775918,0.003285573932775918,-2.094e-05,0.0,3,3
2021-06-11,-0.013645721502987856,-0.013645721502987856,-0.013672563169654522,2.6841666666666664e-05,0.0,3,3
2021-06-12,0.006447848094621185,0.006447848094621185,0.006383858094621185,6.399000000000002e-05,0.0,3,3
2021-06-13,0.004223213754136674,0.004223213754136674,0.004178967087470007,4.4246666666666664e-05,1.0,3,3
2021-06-14,-0.00789002578706026,-0.00839002578706026,-0.007968022453726926,7.799666666666666e-05,0.0,3,3
2021-06-15,-0.012354900724802921,-0.012354900724802921,-0.012408230724802922,5.332999999999999e-05,0.0,3,3
2021-06-16,0.008581928470157525,0.008581928470157525,0.008531928470157525,4.9999999999999996e-05,0.0,3,3
2021-06-17,0.007833942620133342,0.007833942620133342,0.007770089286800008,6.385333333333333e-05,0.0,3,3
2021-06-18,0.0001541886210234519,0.0001541886210234519,9.750695435678525e-05,5.6681666666666656e-05,0.0,3,3
2021-06-19,0.012948890633306627,0.012948890633306627,0.012840850633306627,0.00010804,0.0,3,3
2021-06-20,-0.011540072332314315,-0.011540072332314315,-0.011674262332314314,0.00013419,0.6666666666666666,3,3
2021-06-21,0.016570056329503702,0.016236722996170367,0.016364764662837053,0.00020529166666665,0.0,3,3
2021-06-22,0.01655321806475882,0.01655321806475882,0.01625272806475882,0.00030048999999999994,0.0,3,3
2021-06-23,-0.009941262578269355,-0.009941262578269355,-0.010211767578269356,0.000270505,0.0,3,3
2021-06-24,-0.0016839458214837962,-0.0016839458214837962,-0.0018746608214837961,0.000190715,0.0,3,3
2021-06-25,0.005714638784896086,0.005714638784896086,0.005644122118229419,7.051666666666666e-05,0.0,3,3
2021-06-26,-0.0021497000779119196,-0.0021497000779119196,-0.0023640534112452363,0.00021435333333331665,0.0,3,3
2021-06-27,0.00180272523587937,0.00180272523587937,0.0013583635692127035,0.00044436166666666664,0.9999999999999999,3,3
2021-06-28,-0.007988960126234962,-0.008488960126234962,-0.008114155126234961,0.00012519499999999998,0.0,3,3
2021-06-29,-0.015663659842569455,-0.015663659842569455,-0.015799331509236104,0.00013567166666664997,0.0,3,3
2021-06-30,0.003072090304823538,0.003072090304823538,0.0029910553048235378,8.1035e-05,0.0,3,3
2021-07-01,0.007353004300400336,0.007353004300400336,0.007167712633733669,0.00018529166666666667,0.0,3,3
2021-07-02,0.005636314465280538,0.005636314465280538,0.005392007798613855,0.00024430666666668335,0.0,3,3
2021-07-03,-0.0027023727749084336,-0.0027023727749084336,-0.0028010327749084336,9.866000000000001e-05,0.0,3,3
2021-07-04,-0.01994420054551294,-0.01994420054551294,-0.019994618878846272,5.041833333333333e-05,1.3333333333333335,3,3
2021-07-05,-0.004372945766247264,-0.005039612432913931,-0.004559199099580597,0.0001862533333333333,0.0,3,3
2021-07-06,-0.022246155811865658,-0.022246155811865658,-0.02249067081186566,0.00024451499999999995,0.0,3,3
2021-07-07,-0.023262717016839973,-0.023262717016839973,-0.023501832016839974,0.00023911499999999998,0.0,3,3
2021-07-08,0.014772233291641186,0.014772233291641186,0.014580861624974536,0.00019137166666665,0.0,3,3
2021-07-09,-0.02633574673759151,-0.02633574673759151,-0.026637395070924844,0.00030164833333333333,0.0,3,3
2021-07-10,0.013065153866563088,0.013065153866563088,0.012734658866563088,0.000330495,0.0,3,3
2021-07-11,-0.007261334755232196,-0.007261334755232196,-0.007520501421898862,0.00025916666666666666,0.3333333333333333,3,3
2021-07-12,0.009319692021779647,0.00915302535511298,0.009114153688446314,0.0002055383333333333,0.0,3,3
2021-07-13,0.016599899213215523,0.016599899213215523,0.01629514087988219,0.0003047583333333333,0.0,3,3
2021-07-14,-0.0057457191412310215,-0.0057457191412310215,-0.005954125807897688,0.00020840666666666662,0.0,3,3
2021-07-15,0.020618786779824316,0.020618786779824316,0.020379428446490985,0.0002393583333333333,0.0,3,3
2021-07-16,0.008496176141334532,0.008496176141334532,0.007919239474667866,0.0005769366666666666,0.0,3,3
2021-07-17,-0.004173375141783718,-0.004173375141783718,-0.004645290141783701,0.00047191499999998335,0.0,3,3
2021-07-18,0.009369740863119487,0.009369740863119487,0.008877405863119487,0.000492335,0.3333333333333333,3,3
2021-07-19,0.004499262499169347,0.00433259583250268,0.004178462499169347,0.0003208,0.0,3,3
2021-07-20,-0.009473505493113687,-0.009473505493113687,-0.00960048549311367,0.00012697999999998328,0.0,3,3
2021-07-21,-0.00232748409858447,-0.00232748409858447,-0.00247046909858447,0.00014298499999999993,0.0,3,3
2021-07-22,-0.020218540000533337,-0.020218540000533337,-0.02022153000053334,2.990000000000001e-06,0.0,3,3
2021-07-23,-0.010570316248392738,-0.010570316248392738,-0.010609196248392738,3.888000000000001e-05,0.0,3,3
2021-07-24,-0.007461456974258264,-0.007461456974258264,-0.007503235307591598,4.1778333333333326e-05,0.0,3,3
2021-07-25,0.005595833457325321,0.005595833457325321,0.005590681790658655,5.151666666666667e-06,1.0,3,3
2021-07-26,-0.0007567675145403626,-0.0012567675145403626,-0.0009557325145403625,0.00019896499999999998,0.0,3,3
2021-07-27,0.015218443884418884,0.015218443884418884,0.01508658555108555,0.00013185833333333332,0.0,3,3
2021-07-28,0.02717468037185319,0.02717468037185319,0.027104618705186524,7.006166666666666e-05,0.0,3,3
2021-07-29,-0.020758860340592274,-0.020758860340592274,-0.020926828673925625,0.00016796833333335,0.0,3,3
2021-07-30,-0.029009936100741526,-0.029009936100741526,-0.029149559434074858,0.00013962333333333334,0.0,3,3
2021-07-31,-0.032780403996654724,-0.032780403996654724,-0.032830403996654725,4.9999999999999996e-05,0.0,3,3
2021-08-01,0.0381468001209813,0.0381468001209813,0.0380968001209813,4.9999999999999996e-05,0.3333333333333333,3,3
2021-08-02,-0.011329231911833172,-0.01149589857849984,-0.011379231911833172,4.9999999999999996e-05,0.0,3,3
2021-08-03,0.033292823363352216,0.033292823363352216,0.03324281336335221,5.000999999999999e-05,0.0,3,3
2021-08-04,-0.011012839711625191,-0.011012839711625191,-0.011364418044958524,0.00035157833333333333,0.0,3,3
2021-08-05,0.006622875370766074,0.006622875370766074,0.006622123704099408,7.51666666666675e-07,0.0,3,3
2021-08-06,-0.003818794508683895,-0.003818794508683895,-0.003842739508683895,2.394499999999999e-05,0.0,3,3
2021-08-07,-0.048997504608767194,-0.048997504608767194,-0.049100409608767194,0.00010290499999999998,0.0,3,3
2021-08-08,0.012499829498198327,0.012499829498198327,0.012270474498198326,0.00022935499999999993,0.6666666666666666,3,3
2021-08-09,-0.008818911086598501,-0.009152244419931834,-0.008966599419931835,0.0001476883333333333,0.0,3,3
2021-08-10,-0.03206145427308919,-0.03206145427308919,-0.03224058093975586,0.00017912666666666663,0.0,3,3
2021-08-11,0.000573778292721872,0.000573778292721872,8.417829272185529e-05,0.0004896000000000167,0.0,3,3
2021-08-12,-0.008140395096331054,-0.008140395096331054,-0.008160003429664421,1.960833333336664e-05,0.0,3,3
2021-08-13,-0.0017756588097237623,-0.0017756588097237623,-0.0018721888097237623,9.653e-05,0.0,3,3
2021-08-14,-0.007204152850903406,-0.007204152850903406,-0.007273789517570089,6.963666666668337e-05,0.0,3,3
2021-08-15,-0.04610677852013448,-0.04610677852013448,-0.046434885186801146,0.00032810666666666663,1.3333333333333333,3,3
2021-08-16,0.0430711248052605,0.04240445813859383,0.042797494805260516,0.0002736299999999833,0.0,3,3
2021-08-17,0.047478473871578844,0.047478473871578844,0.04740621220491218,7.226166666666669e-05,0.0,3,3
2021-08-18,0.009140424725082353,0.009140424725082353,0.009114914725082354,2.5509999999999998e-05,0.0,3,3
2021-08-19,-0.03856858723242595,-0.03856858723242595,-0.03858101056575928,1.2423333333333334e-05,0.0,3,3
2021-08-20,0.01456200063257909,0.01456200063257909,0.014145598965912424,0.0004164016666666666,0.0,3,3
2021-08-21,-0.009232138577460445,-0.009232138577460445,-0.009319873577460428,8.773499999998333e-05,0.0,3,3
2021-08-22,-0.008327280344103342,-0.008327280344103342,-0.008591602010770008,0.0002643216666666666,0.9999999999999999,3,3
2021-08-23,-0.023687132844924345,-0.024187132844924346,-0.02384428951159101,0.00015715666666666663,0.0,3,3
2021-08-24,-0.03536237308309398,-0.03536237308309398,-0.03574100308309396,0.0003786299999999832,0.0,3,3
2021-08-25,0.034642261697318655,0.034642261697318655,0.03451709003065199,0.00012517166666666668,0.0,3,3
2021-08-26,0.0003911012512744153,0.0003911012512744153,0.000300047917941082,9.105333333333332e-05,0.0,3,3
2021-08-27,-0.06599072626898246,-0.06599072626898246,-0.0660452196023158,5.449333333333333e-05,0.0,3,3
2021-08-28,-0.012771887447132264,-0.012771887447132264,-0.012831677447132298,5.979000000003335e-05,0.0,3,3
2021-08-29,0.010049600185762338,0.010049600185762338,0.009875081852429005,0.00017451833333333332,1.0,3,3
2021-08-30,0.04871932183446017,0.04821932183446017,0.0481652601677935,0.0005540616666666665,0.0,3,3
2021-08-31,-0.007445489738592231,-0.007445489738592231,-0.007569903071925565,0.0001244133333333333,0.0,3,3
2021-09-01,-0.01027203075484909,-0.01027203075484909,-0.01035537575484909,8.334499999999994e-05,0.0,3,3
2021-09-02,0.008134560551630352,0.008134560551630352,0.007894882218297036,0.00023967833333331663,0.0,3,3
2021-09-03,0.05308992926748317,0.05308992926748317,0.05266783426748317,0.000422095,0.0,3,3
2021-09-04,-0.01079697718832892,-0.01079697718832892,-0.01119508052166222,0.0003981033333333,0.0,3,3
2021-09-05,0.007677524612408247,0.007677524612408247,0.006993024612408247,0.0006845,0.6666666666666666,3,3
2021-09-06,0.010328089044370518,0.009994755711037185,0.00941078404437055,0.0009173049999999666,0.0,3,3
2021-09-07,0.012187592343559006,0.012187592343559006,0.013480597343558956,-0.00129300499999995,0.0,3,3
2021-09-08,-0.004341648948428032,-0.004341648948428032,-0.004480758948428032,0.00013911,0.0,3,3
2021-09-09,-0.022003997233285937,-0.022003997233285937,-0.022042893899952603,3.8896666666666656e-05,0.0,3,3
2021-09-10,-0.11771541112326714,-0.11771541112326714,-0.11776526278993381,4.985166666666666e-05,0.0,3,3
2021-09-11,-0.0025741294733710707,-0.0025741294733710707,-0.002606319473371071,3.219e-05,0.0,3,3
2021-09-12,0.001283910088713888,0.001283910088713888,0.0012228984220472214,6.101166666666666e-05,1.6666666666666667,3,3
2021-09-13,-0.0018300734144255254,-0.002663406747758859,-0.0019142534144255255,8.418e-05,0.0,3,3
2021-09-14,0.01567993973840935,0.01567993973840935,0.01562993973840935,4.9999999999999996e-05,0.0,3,3
2021-09-15,0.0028515131328252993,0.0028515131328252993,0.002717393132825299,0.00013412,0.0,3,3
2021-09-16,0.006102166885131001,0.006102166885131001,0.005843653551797667,0.0002585133333333333,0.0,3,3
2021-09-17,0.007150295554061525,0.007150295554061525,0.007029177220728192,0.00012111833333333331,0.0,3,3
2021-09-18,-0.0215313889252638,-0.0215313889252638,-0.021578692258597133,4.730333333333333e-05,0.0,3,3
2021-09-19,0.015299983012036287,0.015299983012036287,0.015263314678702953,3.666833333333333e-05,0.9999999999999999,3,3
2021-09-20,0.029222976987186046,0.028722976987186045,0.029155781987186047,6.7195e-05,0.0,3,3
2021-09-21,-0.007174382848626511,-0.007174382848626511,-0.007224382848626511,4.9999999999999996e-05,0.0,3,3
2021-09-22,-0.0843844785567376,-0.0843844785567376,-0.08434381689007094,-4.066166666666667e-05,0.0,3,3
2021-09-23,-0.013032976681646342,-0.013032976681646342,-0.01318006334831301,0.00014708666666666666,0.0,3,3
2021-09-24,-0.029375732616805324,-0.029375732616805324,-0.02953368095013866,0.0001579483333333333,0.0,3,3
2021-09-25,0.018257425951738356,0.018257425951738356,0.018176522618405022,8.090333333333333e-05,0.0,3,3
2021-09-26,0.017556685306980072,0.017556685306980072,0.017340655306980073,0.00021603,0.9999999999999999,3,3
2021-09-27,-0.006483460160748063,-0.006983460160748063,-0.006537980160748063,5.452e-05,0.0,3,3
2021-09-28,0.008938328088260838,0.008938328088260838,0.008831336421594171,0.00010699166666666666,0.0,3,3
2021-09-29,0.0016658590719608132,0.0016658590719608132,0.0014943190719608132,0.00017153999999999997,0.0,3,3
2021-09-30,0.003658606772364931,0.003658606772364931,0.0032142701056982644,0.0004443366666666667,0.0,3,3
2021-10-01,0.0007998906060879467,0.0007998906060879467,0.0004049272727546134,0.0003949633333333333,0.0,3,3
2021-10-02,-0.008864779082968975,-0.008864779082968975,-0.009153514082968975,0.000288735,0.0,3,3
2021-10-03,-0.003855022935652406,-0.003855022935652406,-0.004232622935652389,0.0003775999999999833,0.6666666666666666,3,3
2021-10-04,-0.007047828666715534,-0.007381162000048867,-0.007274535333382201,0.0002267066666666666,0.0,3,3
2021-10-05,0.024124911781942694,0.024124911781942694,0.024018415115276026,0.00010649666666666666,0.0,3,3
2021-10-06,0.02941797757830986,0.02941797757830986,0.029143409244976527,0.00027456833333333337,0.0,3,3
2021-10-07,-0.020240235355928077,-0.020240235355928077,-0.02051654868926141,0.0002763133333333333,0.0,3,3
2021-10-08,0.006646865366721649,0.006646865366721649,0.006391147033388315,0.0002557183333333333,0.0,3,3
2021-10-09,0.0018313534128005986,0.0018313534128005986,0.0015263700794672652,0.0003049833333333333,0.0,3,3
2021-10-10,0.016728035705331903,0.016728035705331903,0.0163736357053319,0.00035440000000000005,0.6666666666666666,3,3
2021-10-11,0.014165746604368184,0.01383241327103485,0.014058678271034833,0.00010706833333335,0.0,3,3
2021-10-12,0.018597581824149004,0.018597581824149004,0.018547581824149003,4.9999999999999996e-05,0.0,3,3
2021-10-13,0.014161515226628254,0.014161515226628254,0.01411258689329492,4.8928333333333324e-05,0.0,3,3
2021-10-14,0.011416207948568947,0.011416207948568947,0.011133337948568947,0.00028286999999999995,0.0,3,3
2021-10-15,0.008493332582231096,0.008493332582231096,0.008160057582231112,0.0003332749999999833,0.0,3,3
2021-10-16,-0.005322745258198818,-0.005322745258198818,-0.0059619669248654845,0.0006392216666666667,0.0,3,3
2021-10-17,0.004905622927305954,0.004905622927305954,0.004166712927305971,0.0007389099999999833,1.0,3,3
2021-10-18,0.009245005732252079,0.008745005732252079,0.008684759065585412,0.0005602466666666667,0.0,3,3
2021-10-19,-0.0026680059356538155,-0.0026680059356538155,-0.003242339268987149,0.0005743333333333334,0.0,3,3
2021-10-20,-0.0043241884977068025,-0.0043241884977068025,-0.004857160164373469,0.0005329716666666667,0.0,3,3
2021-10-21,0.013378258696255961,0.013378258696255961,0.01278253036292261,0.00059572833333335,0.0,3,3
2021-10-22,-0.009074097938696216,-0.009074097938696216,-0.009065097938696216,-8.999999999999975e-06,0.0,3,3
2021-10-23,0.005929060470103204,0.005929060470103204,0.00585069713676987,7.836333333333334e-05,0.0,3,3
2021-10-24,0.01145278642247737,0.01145278642247737,0.011307929755810704,0.00014485666666666668,0.6666666666666666,3,3
2021-10-25,0.023177350071571935,0.0228440167382386,0.022743628404905254,0.0004337216666666833,0.0,3,3
2021-10-26,-0.005933100487915088,-0.005933100487915088,-0.006287977154581755,0.0003548766666666667,0.0,3,3
2021-10-27,0.01047478283629324,0.01047478283629324,0.010116769502959906,0.0003580133333333333,0.0,3,3
2021-10-28,-0.03266325732893153,-0.03266325732893153,-0.032731645662264865,6.838833333333334e-05,0.0,3,3
2021-10-29,0.015464261467897087,0.015464261467897087,0.015273316467897088,0.00019094500000000004,0.0,3,3
2021-10-30,0.017089213139651786,0.017089213139651786,0.016809388139651785,0.00027982499999999993,0.0,3,3
2021-10-31,-0.007408544836458068,-0.007408544836458068,-0.007774409836458052,0.00036586499999998335,0.6666666666666666,3,3
2021-11-01,0.017051108567017702,0.016717775233684368,0.016601751900351052,0.00044935666666665,0.0,3,3
2021-11-02,0.011941902432426894,0.011941902432426894,0.011405400765760243,0.00053650166666665,0.0,3,3
2021-11-03,0.010235695034647616,0.010235695034647616,0.009658903367980932,0.0005767916666666833,0.0,3,3
2021-11-04,-0.006717372743643429,-0.006717372743643429,-0.0073214044103100786,0.0006040316666666499,0.0,3,3
2021-11-05,0.01190804592294988,0.01190804592294988,0.011611850922949881,0.0002961949999999999,0.0,3,3
2021-11-06,0.01662966347289167,0.01662966347289167,0.016180496806225002,0.0004491666666666666,0.0,3,3
2021-11-07,-0.00028301460033364624,-0.00028301460033364624,-0.0009732312670003296,0.0006902166666666833,0.3333333333333333,3,3
2021-11-08,-0.022413028344140846,-0.02257969501080751,-0.02295263001080753,0.0005396016666666834,0.0,3,3
2021-11-09,-0.010175346508950946,-0.010175346508950946,-0.010346811508950947,0.00017146500000000007,0.0,3,3
2021-11-10,0.013480811675354056,0.013480811675354056,0.013285308342020723,0.00019550333333333338,0.0,3,3
2021-11-11,0.0014695279739973068,0.0014695279739973068,0.0012944446406639902,0.00017508333333331665,0.0,3,3
2021-11-12,-0.002938082846666304,-0.002938082846666304,-0.0033405961799996375,0.0004025133333333333,0.0,3,3
2021-11-13,0.03093084904280689,0.03093084904280689,0.030618962376140223,0.0003118866666666667,0.0,3,3
2021-11-14,-0.0021859831573851287,-0.0021859831573851287,-0.002522579824051795,0.0003365966666666667,1.3333333333333335,3,3
2021-11-15,0.002848075805796772,0.0021814091391301055,0.0027469474724634386,0.00010112833333333329,0.0,3,3
2021-11-16,-0.0022304938552585884,-0.0022304938552585884,-0.002373530521925255,0.00014303666666666667,0.0,3,3
2021-11-17,-0.0021064249979559717,-0.0021064249979559717,-0.002140473331289305,3.404833333333333e-05,0.0,3,3
2021-11-18,-0.003142856229457803,-0.003142856229457803,-0.003188874562791136,4.6018333333333326e-05,0.0,3,3
2021-11-19,0.014629896695247509,0.014629896695247509,0.014579896695247509,4.9999999999999996e-05,0.0,3,3
2021-11-20,0.010676690053785215,0.010676690053785215,0.010621690053785215,5.4999999999999995e-05,0.0,3,3
2021-11-21,-0.004567787915560697,-0.004567787915560697,-0.004623092915560697,5.530499999999999e-05,0.9999999999999999,3,3
2021-11-22,-0.003364791772786638,-0.003864791772786638,-0.0034227267727866377,5.793499999999999e-05,0.0,3,3
2021-11-23,0.016738862633710893,0.016738862633710893,0.016653917633710894,8.494500000000001e-05,0.0,3,3
2021-11-24,0.01076768404684162,0.01076768404684162,0.010573420713508287,0.00019426333333333331,0.0,3,3
2021-11-25,-0.0009281652845400175,-0.0009281652845400175,-0.0007899636178733509,-0.00013820166666666668,0.0,3,3
2021-11-26,-0.006944574674128408,-0.006944574674128408,-0.006955199674128408,1.0625e-05,0.0,3,3
2021-11-27,-0.009251312139894361,-0.009251312139894361,-0.009302685473227695,5.137333333333333e-05,0.0,3,3
2021-11-28,-0.018624765213772453,-0.018624765213772453,-0.018633133547105787,8.368333333333333e-06,1.3333333333333335,3,3
2021-11-29,0.005046279452321972,0.004379612785655305,0.0050266794523219725,1.9599999999999995e-05,0.0,3,3
2021-11-30,-0.0019522993499835443,-0.0019522993499835443,-0.0019604176833168943,8.118333333349996e-06,0.0,3,3
2021-12-01,-6.215331494515135e-05,-6.215331494515135e-05,-7.732498161181801e-05,1.5171666666666669e-05,0.0,3,3
2021-12-02,-0.01401059147660942,-0.01401059147660942,-0.01401457647660942,3.9849999999999966e-06,0.0,3,3
2021-12-03,0.010068344068350624,0.010068344068350624,0.01005644573501729,1.1898333333333328e-05,0.0,3,3
2021-12-04,0.007887237840057753,0.007887237840057753,0.008015116173391103,-0.00012787833333335004,0.0,3,3
2021-12-05,0.013518615820385108,0.013518615820385108,0.013442834153718441,7.578166666666667e-05,1.3333333333333333,3,3
2021-12-06,0.01287024902408672,0.012203582357420055,0.012757510690753388,0.00011273833333333332,0.0,3,3
2021-12-07,-0.008612752950820857,-0.008612752950820857,-0.009011919617487523,0.0003991666666666666,0.0,3,3
2021-12-08,0.0007919613122738725,0.0007919613122738725,0.000500849645607206,0.00029111166666666657,0.0,3,3
2021-12-09,0.020968055734804578,0.020968055734804578,0.020685255734804578,0.00028279999999999994,0.0,3,3
2021-12-10,0.002750042097533496,0.002750042097533496,0.0024161170975334958,0.000333925,0.0,3,3
2021-12-11,0.0030183845908675227,0.0030183845908675227,0.0027879695908675393,0.00023041499999998329,0.0,3,3
2021-12-12,-0.0063946371266144246,-0.0063946371266144246,-0.0066140121266144245,0.00021937499999999998,1.3333333333333335,3,3
2021-12-13,0.0055854760250006975,0.0049188093583340305,0.005330256025000698,0.00025521999999999996,0.0,3,3
2021-12-14,-0.003742265711320273,-0.003742265711320273,-0.003889795711320273,0.00014753,0.0,3,3
2021-12-15,-0.01718864247545254,-0.01718864247545254,-0.01727192247545254,8.327999999999999e-05,0.0,3,3
2021-12-16,-0.005383140382453202,-0.005383140382453202,-0.0054287837157865355,4.564333333333333e-05,0.0,3,3
2021-12-17,0.0025655173777725956,0.0025655173777725956,0.002469040711105929,9.647666666666666e-05,0.0,3,3
2021-12-18,-0.009584740541401866,-0.009584740541401866,-0.009637827208068533,5.308666666666666e-05,0.0,3,3
2021-12-19,0.013132845847450203,0.013132845847450203,0.013087712514116868,4.513333333333334e-05,0.6666666666666666,3,3
2021-12-20,-0.002804047420072975,-0.0031373807534063086,-0.003091144086739642,0.00028709666666666667,0.0,3,3
2021-12-21,-0.010751020025389958,-0.010751020025389958,-0.011200008358723292,0.00044898833333333337,0.0,3,3
2021-12-22,-0.005559545102046123,-0.005559545102046123,-0.005847228435379473,0.00028768333333334997,0.0,3,3
2021-12-23,-0.002035866337429058,-0.002035866337429058,-0.002115411337429058,7.954499999999998e-05,0.0,3,3
2021-12-24,0.016223807662225153,0.016223807662225153,0.01665699432889182,-0.00043318666666666676,0.0,3,3
2021-12-25,-0.003174908792327164,-0.003174908792327164,-0.0034815554589938307,0.00030664666666666663,0.0,3,3
2021-12-26,-0.006996319769601763,-0.006996319769601763,-0.00728398643626843,0.00028766666666666665,1.0,3,3
2021-12-27,-0.006072448127911238,-0.006572448127911239,-0.006361133127911239,0.000288685,0.0,3,3
2021-12-28,0.013148242286227364,0.013148242286227364,0.013023425619560713,0.00012481666666664998,0.0,3,3
2021-12-29,-0.0032593142836050736,-0.0032593142836050736,-0.00339298095027174,0.00013366666666666665,0.0,3,3
2021-12-30,0.0005720332008862017,0.0005720332008862017,0.0004646248675528684,0.00010740833333333332,0.0,3,3
2021-12-31,0.005592685107202893,0.005592685107202893,0.00546246677386956,0.00013021833333333333,0.0,3,3
2022-01-01,-0.0028991048858971152,-0.0028991048858971152,-0.003005524885897115,0.00010641999999999999,0.0,3,3
2022-01-02,-0.008215548552331463,-0.008215548552331463,-0.008296638552331464,8.109e-05,0.6666666666666666,3,3
2022-01-03,-0.010454880487921862,-0.010788213821255195,-0.010538033821255196,8.315333333333333e-05,0.0,3,3
2022-01-04,0.0027149638713572896,0.0027149638713572896,0.0026772238713572896,3.774e-05,0.0,3,3
2022-01-05,-0.023564343562134875,-0.023564343562134875,-0.023614343562134876,4.9999999999999996e-05,0.0,3,3
2022-01-06,0.0005093686370139933,0.0005093686370139933,0.0004422153036806599,6.715333333333332e-05,0.0,3,3
2022-01-07,-0.012941620178472814,-0.012941620178472814,-0.013011896845139481,7.027666666666666e-05,0.0,3,3
2022-01-08,-0.014684974160571603,-0.014684974160571603,-0.014734974160571603,4.9999999999999996e-05,0.0,3,3
2022-01-09,0.0019961227514217503,0.0019961227514217503,0.001810554418088417,0.00018556833333333332,0.6666666666666666,3,3
2022-01-10,-0.013282800858581996,-0.01361613419191533,-0.01362839585858198,0.0003455949999999833,0.0,3,3
2022-01-11,0.03548572080012283,0.03548572080012283,0.035300425800122825,0.00018529499999999998,0.0,3,3
2022-01-12,0.006943513331196275,0.006943513331196275,0.006303969997862942,0.0006395433333333333,0.0,3,3
2022-01-13,0.0217134317562387,0.0217134317562387,0.0211738617562387,0.0005395700000000001,0.0,3,3
2022-01-14,0.01257441415923881,0.01257441415923881,0.012090412492572145,0.0004840016666666666,0.0,3,3
2022-01-15,0.005672726591385648,0.005672726591385648,0.005245501591385648,0.00042722500000000004,0.0,3,3
2022-01-16,-0.0066350810920671206,-0.0066350810920671206,-0.007132724425400454,0.0004976433333333332,0.6666666666666666,3,3
2022-01-17,-0.007636563033805814,-0.007969896367139148,-0.008214411367139147,0.0005778483333333332,0.0,3,3
2022-01-18,0.007260908928179811,0.007260908928179811,0.006957125594846477,0.0003037833333333334,0.0,3,3
2022-01-19,0.014699986683752433,0.014699986683752433,0.0141863083504191,0.0005136783333333333,0.0,3,3
2022-01-20,0.0027325009148601353,0.0027325009148601353,0.002378842581526819,0.00035365833333331665,0.0,3,3
2022-01-21,-0.0008031179115477829,-0.0008031179115477829,-0.0009445662448811162,0.00014144833333333334,0.0,3,3
2022-01-22,0.026049322590745008,0.026049322590745008,0.025864604257411675,0.00018471833333333332,0.0,3,3
2022-01-23,0.014780693837214792,0.014780693837214792,0.014518863837214792,0.00026183,0.3333333333333333,3,3
2022-01-24,-0.0066642859234939894,-0.006830952590160656,-0.006788005923493989,0.00012372,0.0,3,3
2022-01-25,0.002971734884810636,0.002971734884810636,0.002881513218143986,9.022166666665e-05,0.0,3,3
2022-01-26,-0.011497987971823415,-0.011497987971823415,-0.011606509638490081,0.00010852166666666667,0.0,3,3
2022-01-27,-0.0069559920897819295,-0.0069559920897819295,-0.007195790423115263,0.00023979833333333332,0.0,3,3
2022-01-28,-0.02629300348653867,-0.02629300348653867,-0.026478910153205318,0.00018590666666664998,0.0,3,3
2022-01-29,0.0004399144037660018,0.0004399144037660018,0.0003950310704326685,4.488333333333333e-05,0.0,3,3
2022-01-30,-0.03490251127969118,-0.03490251127969118,-0.035022876279691174,0.00012036499999999999,0.9999999999999999,3,3
2022-01-31,0.012668544879174508,0.012168544879174507,0.01257614154584119,9.240333333331667e-05,0.0,3,3
2022-02-01,0.019047938439289706,0.019047938439289706,0.018949306772623038,9.863166666666667e-05,0.0,3,3
2022-02-02,-0.0009902609502869973,-0.0009902609502869973,-0.0010787692836203306,8.850833333333332e-05,0.0,3,3
2022-02-03,-0.004537742857001825,-0.004537742857001825,-0.004487467857001826,-5.0274999999999996e-05,0.0,3,3
2022-02-04,0.001856204134492005,0.001856204134492005,0.0017826724678253383,7.353166666666667e-05,0.0,3,3
2022-02-05,5.7424795048915766e-05,5.7424795048915766e-05,-5.106020495108422e-05,0.00010848499999999999,0.0,3,3
2022-02-06,-0.007754087948757682,-0.007754087948757682,-0.007875551282091015,0.00012146333333333332,0.6666666666666666,3,3
2022-02-07,-0.027232304933130606,-0.02756563826646394,-0.02740093326646394,0.0001686283333333333,0.0,3,3
2022-02-08,-0.01581440454418691,-0.01581440454418691,-0.015875911210853577,6.150666666666666e-05,0.0,3,3
2022-02-09,0.014551279766195314,0.014551279766195314,0.014413181432861981,0.0001380983333333333,0.0,3,3
2022-02-10,0.01857352716042854,0.01857352716042854,0.01851259716042854,6.0929999999999994e-05,0.0,3,3
2022-02-11,0.004630604436268811,0.004630604436268811,0.004522871102935477,0.00010773333333333331,0.0,3,3
2022-02-12,-0.01760597908179954,-0.01760597908179954,-0.017717282415132873,0.00011130333333333334,0.0,3,3
2022-02-13,0.002499922323445553,0.002499922323445553,0.002376885656778886,0.00012303666666666665,0.6666666666666666,3,3
2022-02-14,0.008014122583714351,0.007680789250381018,0.007924962583714352,8.916000000000001e-05,0.0,3,3
2022-02-15,0.015277201433669523,0.015277201433669523,0.01527431476700284,2.8866666666833335e-06,0.0,3,3
2022-02-16,0.003820425760621307,0.003820425760621307,0.003781715760621307,3.871000000000001e-05,0.0,3,3
2022-02-17,0.009971343285085883,0.009971343285085883,0.00987814995175255,9.319333333333332e-05,0.0,3,3
2022-02-18,-0.01645832295864478,-0.01645832295864478,-0.01650705629197813,4.873333333335e-05,0.0,3,3
2022-02-19,-0.005479135881786262,-0.005479135881786262,-0.005647397548452928,0.00016826166666666665,0.0,3,3
2022-02-20,-0.0013482470110611627,-0.0013482470110611627,-0.0015594320110611628,0.00021118500000000002,1.0,3,3
2022-02-21,-0.006857508441738174,-0.007357508441738174,-0.00692693177507149,6.942333333331665e-05,0.0,3,3
2022-02-22,-0.011842108617402255,-0.011842108617402255,-0.011923561950735588,8.145333333333331e-05,0.0,3,3
2022-02-23,-0.01709677395371586,-0.01709677395371586,-0.017139352287049194,4.257833333333333e-05,0.0,3,3
2022-02-24,-0.029224546742128953,-0.029224546742128953,-0.029489261742128937,0.0002647149999999833,0.0,3,3
2022-02-25,-0.024653536815320728,-0.024653536815320728,-0.024822231815320728,0.000168695,0.0,3,3
2022-02-26,-0.0063996041030178735,-0.0063996041030178735,-0.006160907436351207,-0.00023869666666666663,0.0,3,3
2022-02-27,0.013427730610561385,0.013427730610561385,0.013706470610561385,-0.00027874,1.3333333333333333,3,3
2022-02-28,-0.026602121083324888,-0.027268787749991554,-0.026769864416658223,0.0001677433333333333,0.0,3,3
2022-03-01,0.0284906559466159,0.0284906559466159,0.028472897613282568,1.7758333333333336e-05,0.0,3,3
2022-03-02,0.0036848366324253364,0.0036848366324253364,0.0035174949657586865,0.00016734166666665,0.0,3,3
2022-03-03,0.0021646056308108497,0.0021646056308108497,0.0020263856308108496,0.00013822,0.0,3,3
2022-03-04,0.005967451967218448,0.005967451967218448,0.005803071967218448,0.00016438,0.0,3,3
2022-03-05,0.008453422751235786,0.008453422751235786,0.008196457751235786,0.000256965,0.0,3,3
2022-03-06,-0.009743190092579063,-0.009743190092579063,-0.01005707175924573,0.00031388166666666665,1.3333333333333333,3,3
2022-03-07,0.010340817898152629,0.009674151231485963,0.009878324564819296,0.0004624933333333333,0.0,3,3
2022-03-08,0.013635308779727245,0.013635308779727245,0.013371108779727246,0.00026419999999999997,0.0,3,3
2022-03-09,0.00909481484409463,0.00909481484409463,0.008848513177427964,0.0002463016666666666,0.0,3,3
2022-03-10,0.013889855506509317,0.013889855506509317,0.01376727883984265,0.00012257666666666664,0.0,3,3
2022-03-11,-0.026474318159706516,-0.026474318159706516,-0.026858123159706516,0.000383805,0.0,3,3
2022-03-12,-0.001500573278761071,-0.001500573278761071,-0.0018350216120944043,0.00033444833333333337,0.0,3,3
2022-03-13,0.008275250372615537,0.008275250372615537,0.00803812870594887,0.00023712166666666664,0.3333333333333333,3,3
2022-03-14,0.0070198881018304704,0.006853221435163804,0.00672826810183047,0.00029162,0.0,3,3
2022-03-15,-0.01835602577039115,-0.01835602577039115,-0.018724850770391134,0.00036882499999998334,0.0,3,3
2022-03-16,-0.01693850209472948,-0.01693850209472948,-0.01721541876139613,0.00027691666666665,0.0,3,3
2022-03-17,-0.0024280217283692853,-0.0024280217283692853,-0.0025933317283692854,0.00016530999999999997,0.0,3,3
2022-03-18,-0.010190832715670258,-0.010190832715670258,-0.010245881049003591,5.504833333333334e-05,0.0,3,3
2022-03-19,0.0097930916887477,0.0097930916887477,0.0097058566887477,8.723499999999999e-05,0.0,3,3
2022-03-20,0.00790294889307287,0.00790294889307287,0.007684210559739538,0.00021873833333333333,0.3333333333333333,3,3
2022-03-21,0.0020915694737956613,0.0019249028071289945,0.0018494178071289946,0.00024215166666666666,0.0,3,3
2022-03-22,0.00022713859511111915,0.00022713859511111915,9.570859511111914e-05,0.00013143,0.0,3,3
2022-03-23,-0.007856236422557145,-0.007856236422557145,-0.007994059755890478,0.00013782333333333332,0.0,3,3
2022-03-24,-0.011865951408803995,-0.011865951408803995,-0.011994224742137329,0.00012827333333333333,0.0,3,3
2022-03-25,0.005018920043468898,0.005018920043468898,0.0048672417101355645,0.00015167833333333333,0.0,3,3
2022-03-26,-0.0041989975784239375,-0.0041989975784239375,-0.004416220911757271,0.00021722333333333332,0.0,3,3
2022-03-27,-0.0067724946221123326,-0.0067724946221123326,-0.006980609622112333,0.00020811499999999998,0.3333333333333333,3,3
2022-03-28,0.009254525606515455,0.009087858939848788,0.00916663393984879,8.789166666666666e-05,0.0,3,3
2022-03-29,0.01485814553219802,0.01485814553219802,0.014796302198864686,6.184333333333333e-05,0.0,3,3
2022-03-30,-0.013439161279949277,-0.013439161279949277,-0.01350909461328261,6.993333333333334e-05,0.0,3,3
2022-03-31,0.002855873571845048,0.002855873571845048,0.0027130119051783814,0.00014286166666666665,0.0,3,3
2022-04-01,0.0021337957900146747,0.0021337957900146747,0.0020010407900146747,0.00013275499999999997,0.0,3,3
2022-04-02,-0.005265733952303507,-0.005265733952303507,-0.005418215618970157,0.00015248166666665,0.0,3,3
2022-04-03,-0.00696279482907331,-0.00696279482907331,-0.007118079829073309,0.000155285,1.0,3,3
2022-04-04,0.004896482229087905,0.004396482229087905,0.004726282229087905,0.0001702,0.0,3,3
2022-04-05,-0.018681064148617355,-0.018681064148617355,-0.018828689148617354,0.000147625,0.0,3,3
2022-04-06,0.017346802346431673,0.017346802346431673,0.017162304013098338,0.00018449833333333333,0.0,3,3
2022-04-07,-0.008348873715680214,-0.008348873715680214,-0.008505103715680215,0.00015623,0.0,3,3
2022-04-08,-0.013883772467567846,-0.013883772467567846,-0.013969382467567846,8.560999999999999e-05,0.0,3,3
2022-04-09,0.004538322298297583,0.004538322298297583,0.004433140631630916,0.00010518166666666665,0.0,3,3
2022-04-10,-0.011129248284061692,-0.011129248284061692,-0.011323439950728358,0.00019419166666666667,0.6666666666666666,3,3
2022-04-11,0.005290710990095901,0.004957377656762568,0.005207455990095901,8.3255e-05,0.0,3,3
2022-04-12,0.0046547788877883455,0.0046547788877883455,0.004606503887788345,4.8275e-05,0.0,3,3
2022-04-13,0.011997259277757341,0.011997259277757341,0.011898392611090675,9.886666666666667e-05,0.0,3,3
2022-04-14,-0.021437248503025953,-0.021437248503025953,-0.021584158503025953,0.00014691000000000001,0.0,3,3
2022-04-15,-0.02139796029418086,-0.02139796029418086,-0.021502956960847527,0.00010499666666666664,0.0,3,3
2022-04-16,0.005424742489334822,0.005424742489334822,0.005298680822668156,0.00012606166666666665,0.0,3,3
2022-04-17,-0.0008597299528474253,-0.0008597299528474253,-0.0009064499528474252,4.671999999999999e-05,0.9999999999999999,3,3
2022-04-18,0.0018010868707080796,0.0013010868707080798,0.0016161902040414296,0.00018489666666664996,0.0,3,3
2022-04-19,-0.0029474418465006633,-0.0029474418465006633,-0.00302287851316733,7.543666666666666e-05,0.0,3,3
2022-04-20,0.0032500787298201162,0.0032500787298201162,0.0031775620631534496,7.251666666666666e-05,0.0,3,3
2022-04-21,0.002518516160594322,0.002518516160594322,0.002364981160594322,0.000153535,0.0,3,3
2022-04-22,0.0010293725659981212,0.0010293725659981212,0.0008819492326647878,0.00014742333333333334,0.0,3,3
2022-04-23,0.0016534722673522213,0.0016534722673522213,0.001509198934018888,0.0001442733333333333,0.0,3,3
2022-04-24,0.00461767614227548,0.00461767614227548,0.0045470411422754795,7.063499999999999e-05,0.9999999999999999,4,4
2022-04-25,-0.011373052057227936,-0.011873052057227936,-0.011573572057227935,0.00020051999999999998,0.0,4,4
2022-04-26,0.012785208848792466,0.012785208848792466,0.012722035098792467,6.317375e-05,0.0,4,4
2022-04-27,-0.000545838136854291,-0.000545838136854291,-0.0007606256368542785,0.00021478749999998751,0.0,4,4
2022-04-28,0.012912516413435184,0.012912516413435184,0.012754011413435185,0.00015850499999999997,0.0,4,4
2022-04-29,-0.00028498735459232593,-0.00028498735459232593,-0.0003425086045923259,5.7521249999999984e-05,0.0,4,4
2022-04-30,0.003583322646990258,0.003583322646990258,0.0034520238969902584,0.00013129875,0.0,4,4
2022-05-01,0.0004050083585319242,0.0004050083585319242,0.00021773835853194923,0.000187269999999975,0.25,4,4
2022-05-02,0.009986003798198603,0.009861003798198603,0.009714862548198616,0.0002711412499999875,0.0,4,4
2022-05-03,-0.001124461382746635,-0.001124461382746635,-0.001324468882746635,0.0002000075,0.0,4,4
2022-05-04,0.0022371359614608115,0.0022371359614608115,0.0021376247114608116,9.951125000000001e-05,0.0,4,4
2022-05-05,0.00361839824127254,0.00361839824127254,0.0035667982412725396,5.160000000000001e-05,0.0,4,4
2022-05-06,-0.011895305789121274,-0.011895305789121274,-0.01213734828912126,0.0002420424999999875,0.0,4,4
2022-05-07,-0.011722613476154102,-0.011722613476154102,-0.011919092226154102,0.00019647875,0.0,4,4
2022-05-08,-0.010053548712627354,-0.010053548712627354,-0.010097003712627353,4.3455e-05,0.75,4,4
2022-05-09,-0.04675749248570587,-0.04713249248570587,-0.04688615373570587,0.00012866125,0.0,4,4
2022-05-10,-0.04630064927034741,-0.04630064927034741,-0.04739834177034742,0.0010976925000000125,0.0,4,4
2022-05-11,-0.10011645582485591,-0.10011645582485591,-0.10339357707485591,0.00327712125,0.0,4,4
2022-05-12,-0.09849901960149975,-0.09849901960149975,-0.10191505960149974,0.00341604,0.0,4,4
2022-05-13,-0.010085860159929416,-0.010085860159929416,-0.010147788909929428,6.192875000001251e-05,0.125,3,4
2022-05-14,0.005081112867868443,0.005018612867868443,0.004797572867868444,0.00028354,0.0,3,4
2022-05-15,-0.008285372310983346,-0.008285372310983346,-0.008428677310983346,0.000143305,0.8749999999999999,3,3
2022-05-16,0.0003623080213465111,-7.519197865348882e-05,-1.3223645320155526e-05,0.0003755316666666666,0.0,3,3
2022-05-17,0.0017774363025827523,0.0017774363025827523,0.001537489635916119,0.00023994666666663335,0.0,3,3
2022-05-18,-0.007071743537974071,-0.007071743537974071,-0.0072506502046407375,0.00017890666666666664,0.0,3,3
2022-05-19,0.0010822258899643093,0.0010822258899643093,0.0009087675566309761,0.0001734583333333333,0.0,3,3
2022-05-20,-0.0022406465161507196,-0.0022406465161507196,-0.0025728331828173863,0.0003321866666666667,0.0,3,3
2022-05-21,0.006600660902378262,0.006600660902378262,0.006375184235711595,0.00022547666666666665,0.0,3,3
2022-05-22,0.0009370158575823296,0.0009370158575823296,0.0007445875242489963,0.00019242833333333334,0.6666666666666666,3,3
2022-05-23,-0.0014738437368066626,-0.001807177070139996,-0.001767538736806646,0.0002936949999999833,0.0,3,3
2022-05-24,-0.00132386316323737,-0.00132386316323737,-0.0016693231632373866,0.00034546000000001666,0.0,3,3
2022-05-25,-0.006124193017386067,-0.006124193017386067,-0.006429504684052734,0.00030531166666666665,0.0,3,3
2022-05-26,-0.01906857316481823,-0.01906857316481823,-0.019440491498151562,0.0003719183333333333,0.0,3,3
2022-05-27,0.003205049489595156,0.003205049489595156,0.0029145211562618227,0.00029052833333333323,0.0,3,3
2022-05-28,0.007982727295659636,0.007982727295659636,0.007756088962326303,0.0002266383333333333,0.0,3,3
2022-05-29,0.001776758751577859,0.001776758751577859,0.0016005120849112257,0.00017624666666663332,0.3333333333333333,3,3
2022-05-30,0.0007490339956501813,0.0005823673289835147,0.000602325662316848,0.00014670833333333333,0.0,3,3
2022-05-31,0.01001045573832004,0.01001045573832004,0.009866387404986706,0.0001440683333333333,0.0,3,3
2022-06-01,-0.012095895606603723,-0.012095895606603723,-0.01224087727327039,0.00014498166666666667,0.0,3,3
2022-06-02,0.010386710684936537,0.010386710684936537,0.010277819018269886,0.00010889166666665,0.0,3,3
2022-06-03,-0.006495224629348193,-0.006495224629348193,-0.006671882962681527,0.00017665833333333332,0.0,3,3
2022-06-04,-0.002024120768466938,-0.002024120768466938,-0.0022177624351335714,0.00019364166666663334,0.0,3,3
2022-06-05,-0.009346285275479928,-0.009346285275479928,-0.009509675275479912,0.00016338999999998332,0.3333333333333333,3,3
2022-06-06,-0.002285227803263265,-0.0024518944699299314,-0.0023250644699299317,3.983666666666666e-05,0.0,3,3
2022-06-07,-0.023049785923868298,-0.023049785923868298,-0.02327111425720163,0.0002213283333333333,0.0,3,3
2022-06-08,0.011835929098778104,0.011835929098778104,0.011722195765444771,0.00011373333333333334,0.0,3,3
2022-06-09,-0.007001287242251702,-0.007001287242251702,-0.007072955575585052,7.166833333335e-05,0.0,3,3
2022-06-10,0.016044704720751212,0.016044704720751212,0.015824449720751213,0.00022025499999999998,0.0,3,3
2022-06-11,0.010978077031129898,0.010978077031129898,0.010789445364463248,0.00018863166666664998,0.0,3,3
2022-06-12,0.01121217054644559,0.01121217054644559,0.011090638879778923,0.00012153166666666665,0.6666666666666666,3,3
2022-06-13,0.02953817684703464,0.029204843513701305,0.029176371847034623,0.0003618050000000166,0.0,3,3
2022-06-14,0.016743547822602973,0.016743547822602973,0.016563417822602972,0.00018013000000000003,0.0,3,3
2022-06-15,0.03670112635150826,0.03670112635150826,0.03651603968484163,0.00018508666666663333,0.0,3,3
2022-06-16,-0.008094616150935978,-0.008094616150935978,-0.008072847817602645,-2.176833333333332e-05,0.0,3,3
2022-06-17,-0.0012671498352262195,-0.0012671498352262195,-0.0013158865018928862,4.873666666666666e-05,0.0,3,3
2022-06-18,0.01730910591890922,0.01730910591890922,0.01711580091890922,0.00019330500000000003,0.0,3,3
2022-06-19,-0.01083857853927505,-0.01083857853927505,-0.01097922353927505,0.00014064499999999998,1.0,3,3
2022-06-20,0.027664420478970265,0.027164420478970264,0.0275185438123036,0.00014587666666666667,0.0,3,3
2022-06-21,-0.014308463959628034,-0.014308463959628034,-0.014406522292961351,9.805833333331667e-05,0.0,3,3
2022-06-22,-0.0050235731875579465,-0.0050235731875579465,-0.0054178315208912795,0.00039425833333333335,0.0,3,3
2022-06-23,0.015217219693462921,0.015217219693462921,0.014896503026796272,0.00032071666666664997,0.0,3,3
2022-06-24,0.022069737991249914,0.022069737991249914,0.02194142632458325,0.00012831166666666668,0.0,3,3
2022-06-25,-0.0008443529332611303,-0.0008443529332611303,-0.0009305279332611303,8.617499999999998e-05,0.0,3,3
2022-06-26,-0.021888387125098215,-0.021888387125098215,-0.02199255045843155,0.00010416333333333332,0.6666666666666666,3,3
2022-06-27,0.003848577920411371,0.0035152445870780375,0.0037549045870780375,9.367333333333332e-05,0.0,3,3
2022-06-28,0.0015187641531319426,0.0015187641531319426,0.0014493941531319426,6.937e-05,0.0,3,3
2022-06-29,-0.02601222776150492,-0.02601222776150492,-0.02614197609483824,0.00012974833333331666,0.0,3,3
2022-06-30,0.0030989414923339093,0.0030989414923339093,0.002870266492333926,0.00022867499999998332,0.0,3,3
2022-07-01,0.006757602125732875,0.006757602125732875,0.006592260459066209,0.00016534166666666664,0.0,3,3
2022-07-02,0.001838399485360285,0.001838399485360285,0.0015675961520269517,0.00027080333333333334,0.0,3,3
2022-07-03,-0.003296097608993614,-0.003296097608993614,-0.0035313659423269472,0.00023526833333333333,0.6666666666666666,3,3
2022-07-04,0.01550281361023917,0.015169480276905838,0.01517867361023917,0.00032414,0.0,3,3
2022-07-05,0.00959609987710735,0.00959609987710735,0.009289511543774035,0.0003065883333333166,0.0,3,3
2022-07-06,0.015687458816922677,0.015687458816922677,0.015300233816922693,0.0003872249999999833,0.0,3,3
2022-07-07,-0.0009593300328011308,-0.0009593300328011308,-0.0014530366994677975,0.0004937066666666666,0.0,3,3
2022-07-08,0.0016278743237457178,0.0016278743237457178,0.0013296409904123845,0.00029823333333333334,0.0,3,3
2022-07-09,-0.00785466353274699,-0.00785466353274699,-0.00803997353274699,0.00018531,0.0,3,3
2022-07-10,-0.002064633005043586,-0.002064633005043586,-0.002629248005043586,0.0005646150000000001,0.3333333333333333,3,3
2022-07-11,0.0009502849181881286,0.000783618251521462,0.0006117865848547952,0.00033849833333333333,0.0,3,3
2022-07-12,-0.003932244661130167,-0.003932244661130167,-0.0042911246611301666,0.00035887999999999995,0.0,3,3
2022-07-13,0.01647873395020747,0.01647873395020747,0.016148402283540787,0.00033033166666668334,0.0,3,3
2022-07-14,0.009958521167926825,0.009958521167926825,0.009946922834593492,1.1598333333333324e-05,0.0,3,3
2022-07-15,-0.0017225361836878965,-0.0017225361836878965,-0.0017644728503545632,4.193666666666666e-05,0.0,3,3
2022-07-16,0.010251965731946077,0.010251965731946077,0.010169835731946077,8.213e-05,0.0,3,3
2022-07-17,-0.0009716938095902917,-0.0009716938095902917,-0.001018637142923625,4.694333333333332e-05,0.9999999999999999,3,3
2022-07-18,-0.012143840037360916,-0.012643840037360916,-0.012198965037360916,5.5125e-05,0.0,3,3
2022-07-19,-0.010036829377592925,-0.010036829377592925,-0.010098824377592925,6.199499999999999e-05,0.0,3,3
2022-07-20,0.00427111244480519,0.00427111244480519,0.004218830778138523,5.228166666666667e-05,0.0,3,3
2022-07-21,0.0050389494625842635,0.0050389494625842635,0.004977569462584264,6.137999999999998e-05,0.0,3,3
2022-07-22,0.007721544676155696,0.007721544676155696,0.0076785780094890295,4.296666666666666e-05,0.0,3,3
2022-07-23,0.009707279648273432,0.009707279648273432,0.009704456314940098,2.8233333333333306e-06,0.0,3,3
2022-07-24,-0.007505452133238425,-0.007505452133238425,-0.007540988799905075,3.553666666664999e-05,1.6666666666666667,3,3
2022-07-25,0.0012046568643606012,0.00037132353102726785,0.001055138531027268,0.00014951833333333333,0.0,3,3
2022-07-26,0.006039253412464397,0.006039253412464397,0.005987193412464398,5.206e-05,0.0,3,3
2022-07-27,0.003512582570542566,0.003512582570542566,0.003433917570542566,7.866499999999999e-05,0.0,3,3
2022-07-28,0.0012074903346271796,0.0012074903346271796,0.001115458667960513,9.203166666666665e-05,0.0,3,3
2022-07-29,0.012598219853794931,0.012598219853794931,0.012535356520461598,6.286333333333332e-05,0.0,3,3
2022-07-30,0.0004252056019577885,0.0004252056019577885,0.0003592456019577885,6.596e-05,0.0,3,3
2022-07-31,0.0007428665222604803,0.0007428665222604803,0.0006719148555938137,7.095166666666665e-05,1.3333333333333333,3,3
2022-08-01,-0.0009415214739419632,-0.0016081881406086298,-0.00102855814060863,8.703666666666667e-05,0.0,3,3
2022-08-02,0.009657275948686579,0.009657275948686579,0.009574445948686578,8.283000000000002e-05,0.0,3,3
2022-08-03,0.009552750461180735,0.009552750461180735,0.009527812127847386,2.493833333335e-05,0.0,3,3
2022-08-04,0.010180232429462666,0.010180232429462666,0.010193762429462665,-1.3529999999999994e-05,0.0,3,3
2022-08-05,-0.009976445398766298,-0.009976445398766298,-0.009987603732099615,1.1158333333316667e-05,0.0,3,3
2022-08-06,0.015175766590059684,0.015175766590059684,0.01511000825672635,6.575833333333332e-05,0.0,3,3
2022-08-07,-0.0029288735166670236,-0.0029288735166670236,-0.0030216918500003405,9.281833333331666e-05,1.0,3,3
2022-08-08,-0.0028188822667740707,-0.0033188822667740707,-0.0028901206001074042,7.123833333333333e-05,0.0,3,3
2022-08-09,-0.006057139021594906,-0.006057139021594906,-0.006188815688261573,0.00013167666666666667,0.0,3,3
2022-08-10,-0.0021927007479617014,-0.0021927007479617014,-0.0024562507479617014,0.00026355,0.0,3,3
2022-08-11,-0.0027899036543281297,-0.0027899036543281297,-0.0028639553209947963,7.405166666666667e-05,0.0,3,3
2022-08-12,-0.007217987657728026,-0.007217987657728026,-0.007314422657728026,9.6435e-05,0.0,3,3
2022-08-13,-0.006340600419062541,-0.006340600419062541,-0.006401513752395874,6.0913333333333325e-05,0.0,3,3
2022-08-14,-0.022770238386068554,-0.022770238386068554,-0.02282749171940187,5.725333333331667e-05,0.6666666666666666,3,3
2022-08-15,0.014726276131929263,0.01439294279859593,0.014537867798595928,0.0001884083333333333,0.0,3,3
2022-08-16,-0.01861158345996227,-0.01861158345996227,-0.018737310126628937,0.00012572666666666666,0.0,3,3
2022-08-17,0.022648076365654864,0.022648076365654864,0.02260832969898818,3.974666666668333e-05,0.0,3,3
2022-08-18,0.016488538960113104,0.016488538960113104,0.01642587229344642,6.266666666668332e-05,0.0,3,3
2022-08-19,-0.0007426320713332757,-0.0007426320713332757,-0.0007272287379999423,-1.5403333333333332e-05,0.0,3,3
2022-08-20,-0.0009187687913372682,-0.0009187687913372682,-0.001019540458003935,0.00010077166666666664,0.0,3,3
2022-08-21,0.009114003714733473,0.009114003714733473,0.009159728714733473,-4.5725e-05,1.3333333333333333,3,3
2022-08-22,-0.0009722149595700666,-0.0016388816262367333,-0.0009914316262367166,1.9216666666649992e-05,0.0,3,3
2022-08-23,0.002891187061208567,0.002891187061208567,0.0028750670612085836,1.6119999999983332e-05,0.0,3,3
2022-08-24,-0.0013026632392014919,-0.0013026632392014919,-0.0012908349058681585,-1.1828333333333337e-05,0.0,3,3
2022-08-25,-0.0042737651291565185,-0.0042737651291565185,-0.004333851795823185,6.008666666666668e-05,0.0,3,3
2022-08-26,0.00850872001073941,0.00850872001073941,0.008474323344072728,3.439666666668333e-05,0.0,3,3
2022-08-27,-0.004590385027597684,-0.004590385027597684,-0.0046140833609310174,2.3698333333333357e-05,0.0,3,3
2022-08-28,-0.005907907874137083,-0.005907907874137083,-0.005894487874137099,-1.3419999999983351e-05,1.3333333333333333,3,3
2022-08-29,0.0006609624821431685,-5.704184523498191e-06,0.00026750248214316846,0.00039346,0.0,3,3
2022-08-30,0.016145857980714776,0.016145857980714776,0.015889784647381444,0.0002560733333333333,0.0,3,3
2022-08-31,-0.007700090055726152,-0.007700090055726152,-0.007739595055726151,3.9504999999999995e-05,0.0,3,3
2022-09-01,-0.00897499123342156,-0.00897499123342156,-0.009029807900088227,5.481666666666665e-05,0.0,3,3
2022-09-02,-0.01146694001034362,-0.01146694001034362,-0.011445903343676954,-2.1036666666666668e-05,0.0,3,3
2022-09-03,0.009417643734204229,0.009417643734204229,0.009278787067537578,0.00013885666666665,0.0,3,3
2022-09-04,0.010316757719242028,0.010316757719242028,0.010173607719242028,0.00014314999999999998,0.9999999999999999,3,3
2022-09-05,0.007661013758980232,0.007161013758980233,0.0074682470923135656,0.00019276666666666667,0.0,3,3
2022-09-06,0.01080522296877319,0.01080522296877319,0.010761499635439856,4.372333333333333e-05,0.0,3,3
2022-09-07,0.0060996837437471375,0.0060996837437471375,0.005836777077080487,0.00026290666666665,0.0,3,3
2022-09-08,0.0013480648050845057,0.0013480648050845057,0.0013829614717511725,-3.4896666666666654e-05,0.0,3,3
2022-09-09,-0.007725056279745304,-0.007725056279745304,-0.007772909613078638,4.7853333333333325e-05,0.0,3,3
2022-09-10,-0.0076313688091757025,-0.0076313688091757025,-0.007702125475842369,7.075666666666667e-05,0.0,3,3
2022-09-11,0.004306650079455695,0.004306650079455695,0.0042395934127890285,6.705666666666667e-05,1.3333333333333333,3,3
2022-09-12,-0.00853564606352149,-0.009202312730188155,-0.008757052730188139,0.00022140666666664997,0.0,3,3
2022-09-13,0.008781715772079233,0.008781715772079233,0.008527680772079233,0.000254035,0.0,3,3
2022-09-14,-0.014153935054908442,-0.014153935054908442,-0.014894790054908458,0.0007408550000000167,0.0,3,3
2022-09-15,-0.02015313148995888,-0.02015313148995888,-0.02112293148995888,0.0009697999999999999,0.0,3,3
2022-09-16,-0.005185904399756198,-0.005185904399756198,-0.005291104399756181,0.00010519999999998333,0.0,3,3
2022-09-17,-0.01134470910827306,-0.01134470910827306,-0.011379297441606411,3.458833333334999e-05,0.0,3,3
2022-09-18,0.00659086585728095,0.00659086585728095,0.006475474190614283,0.00011539166666666668,1.0,3,3
2022-09-19,0.00503960326249743,0.00453960326249743,0.0047365615958307634,0.00030304166666666663,0.0,3,3
2022-09-20,-0.0035963083416018365,-0.0035963083416018365,-0.0038529433416018364,0.00025663499999999996,0.0,3,3
2022-09-21,-0.0006848011046414601,-0.0006848011046414601,-0.0008455911046414601,0.00016079,0.0,3,3
2022-09-22,0.006763590172189374,0.006763590172189374,0.00649035017218939,0.0002732399999999833,0.0,3,3
2022-09-23,-0.006765398967954756,-0.006765398967954756,-0.006955687301288056,0.0001902883333333,0.0,3,3
2022-09-24,-0.0004508936437119138,-0.0004508936437119138,-0.0005691919770452471,0.00011829833333333332,0.0,3,3
2022-09-25,0.0016889488185713936,0.0016889488185713936,0.0015942554852380604,9.469333333333332e-05,0.9999999999999999,3,3
2022-09-26,-0.018711822949711635,-0.019211822949711636,-0.018939819616378303,0.00022799666666666664,0.0,3,3
2022-09-27,-0.005242110581041268,-0.005242110581041268,-0.005397183914374602,0.00015507333333333333,0.0,3,3
2022-09-28,0.006183693689427638,0.006183693689427638,0.0058843170227609876,0.00029937666666665,0.0,3,3
2022-09-29,0.009437855498975882,0.009437855498975882,0.009282863832309215,0.00015499166666666663,0.0,3,3
2022-09-30,0.006881515306855403,0.006881515306855403,0.006789471973522069,9.204333333333333e-05,0.0,3,3
2022-10-01,0.0030944694644619774,0.0030944694644619774,0.0030950627977953107,-5.933333333333333e-07,0.0,3,3
2022-10-02,-0.0024623081828225807,-0.0024623081828225807,-0.002594076516155914,0.0001317683333333333,0.3333333333333333,3,3
2022-10-03,-0.00023861040148091985,-0.00040527706814758653,-0.0003689287348142365,0.00013031833333331666,0.0,3,3
2022-10-04,-0.012271709236200011,-0.012271709236200011,-0.012252259236200028,-1.944999999998333e-05,0.0,3,3
2022-10-05,0.003313375584366129,0.003313375584366129,0.0033028789176994624,1.0496666666666664e-05,0.0,3,3
2022-10-06,0.0043327971634988405,0.0043327971634988405,0.004329058830165507,3.738333333333331e-06,0.0,3,3
2022-10-07,0.00802303687770629,0.00802303687770629,0.00791751687770629,0.00010552,0.0,3,3
2022-10-08,0.0027080414283512945,0.0027080414283512945,0.0026901814283512944,1.7860000000000002e-05,0.0,3,3
2022-10-09,0.0019666831171059477,0.0019666831171059477,0.0020194031171059477,-5.2720000000000003e-05,1.0,3,3
2022-10-10,0.003790155778617809,0.003290155778617809,0.003694905778617809,9.525e-05,0.0,3,3
2022-10-11,-0.002150831108560852,-0.002150831108560852,-0.0022707644418941686,0.00011993333333331666,0.0,3,3
2022-10-12,0.004937533635385365,0.004937533635385365,0.004823003635385365,0.00011452999999999998,0.0,3,3
2022-10-13,-0.0014715790548592283,-0.0014715790548592283,-0.0015054873881925617,3.3908333333333335e-05,0.0,3,3
2022-10-14,0.007929291234270915,0.007929291234270915,0.007851912900937582,7.737833333333332e-05,0.0,3,3
2022-10-15,-0.0023513087668435855,-0.0023513087668435855,-0.002283705433510252,-6.760333333333333e-05,0.0,3,3
2022-10-16,0.0037907578551843995,0.0037907578551843995,0.003763164521851066,2.759333333333334e-05,0.6666666666666666,3,3
2022-10-17,-0.0017601797490014357,-0.002093513082334769,-0.0018693830823347524,0.00010920333333331666,0.0,3,3
2022-10-18,-0.0018524840485599726,-0.0018524840485599726,-0.002061642381893306,0.0002091583333333333,0.0,3,3
2022-10-19,-0.0017912144706693908,-0.0017912144706693908,-0.001990127804002724,0.00019891333333333335,0.0,3,3
2022-10-20,-0.004007316233944588,-0.004007316233944588,-0.004099717900611255,9.240166666666665e-05,0.0,3,3
2022-10-21,0.006675260760344812,0.006675260760344812,0.0064565990936781455,0.00021866166666666665,0.0,3,3
2022-10-22,-0.0014351428584302352,-0.0014351428584302352,-0.0016520795250969018,0.00021693666666666665,0.0,3,3
2022-10-23,0.00553863608420469,0.00553863608420469,0.005408342750871356,0.00013029333333333334,0.6666666666666666,3,3
2022-10-24,0.003658279185408412,0.0033249458520750786,0.003403680852075079,0.0002545983333333333,0.0,3,3
2022-10-25,0.0065936837558495665,0.0065936837558495665,0.006366200422516233,0.00022748333333333335,0.0,3,3
2022-10-26,-0.022071907837279404,-0.022071907837279404,-0.02222354450394607,0.00015163666666666666,0.0,3,3
2022-10-27,-0.011695896432191865,-0.011695896432191865,-0.011751256432191881,5.5360000000016675e-05,0.0,3,3
2022-10-28,-0.0010422499974798395,-0.0010422499974798395,-0.0010679549974798395,2.5705e-05,0.0,3,3
2022-10-29,-0.06759316767387785,-0.06759316767387785,-0.06753262934054452,-6.053833333333333e-05,0.0,3,3
2022-10-30,0.01127867013602275,0.01127867013602275,0.011239788469356082,3.8881666666666664e-05,0.6666666666666666,3,3
2022-10-31,0.010707822160025336,0.010374488826692002,0.010641322160025335,6.649999999999999e-05,0.0,3,3
2022-11-01,0.0009556694456226575,0.0009556694456226575,0.0008539911122893242,0.00010167833333333332,0.0,3,3
2022-11-02,-0.018595164039663277,-0.018595164039663277,-0.018778279039663278,0.00018311499999999997,0.0,3,3
2022-11-03,-0.0068963215756930344,-0.0068963215756930344,-0.007072353242359701,0.00017603166666666666,0.0,3,3
2022-11-04,-0.018607882900183538,-0.018607882900183538,-0.018752202900183538,0.00014432,0.0,3,3
2022-11-05,-0.028036338287993245,-0.028036338287993245,-0.028169651621326577,0.00013331333333333332,0.0,3,3
2022-11-06,0.005199213678788386,0.005199213678788386,0.005064560345455053,0.0001346533333333333,0.6666666666666666,3,3
2022-11-07,-0.01322414061267242,-0.013557473946005753,-0.013559483946005754,0.00033534333333333337,0.0,3,3
2022-11-08,-0.06601455213300329,-0.06601455213300329,-0.06784051546633663,0.001825963333333333,0.0,3,3
2022-11-09,-0.0938208731862948,-0.0938208731862948,-0.09747118985296147,0.003650316666666667,0.0,3,3
2022-11-10,0.151738174197456,0.151738174197456,0.1244026158641227,0.027335558333333298,0.0,3,3
2022-11-11,-0.03571008120055938,-0.03571008120055938,-0.05416239120055936,0.018452309999999982,0.0,3,3
2022-11-12,-0.02318856844936367,-0.02318856844936367,-0.032484646782697,0.009296078333333332,0.0,3,3
2022-11-13,-0.024227139298702377,-0.024227139298702377,-0.03569666596536902,0.011469526666666648,0.3333333333333333,3,3
2022-11-14,0.03247338190509201,0.03230671523842534,0.01968384857175868,0.012789533333333334,0.0,3,3
2022-11-15,-0.00013431466305551757,-0.00013431466305551757,-0.0011782713297221843,0.0010439566666666667,0.16666666666666666,2,3
2022-11-16,0.006166084506214435,0.006082751172881101,0.004605517839547768,0.0015605666666666665,0.0,2,3
2022-11-17,-0.02235501411368545,-0.02235501411368545,-0.024133450780352117,0.0017784366666666665,0.0,2,3
2022-11-18,-0.0013233644912394914,-0.0013233644912394914,-0.0020149844912394914,0.0006916199999999999,0.0,2,3
2022-11-19,-0.00820471364136364,-0.00820471364136364,-0.008789911974696973,0.0005851983333333333,0.0,2,3
2022-11-20,0.01370411874602847,0.01370411874602847,0.013265650412695135,0.0004384683333333333,0.5,3,3
2022-11-21,-0.0025127820465126877,-0.002762782046512688,-0.0032558637131793375,0.00074308166666665,0.0,3,3
2022-11-22,-0.007255966736105765,-0.007255966736105765,-0.007871095069439098,0.0006151283333333333,0.0,3,3
2022-11-23,0.020732314509753182,0.020732314509753182,0.0203607795097532,0.0003715349999999833,0.0,3,3
2022-11-24,0.010525672321183592,0.010525672321183592,0.009608938987850259,0.0009167333333333332,0.0,3,3
2022-11-25,-0.021319021301574138,-0.021319021301574138,-0.021716921301574137,0.0003978999999999999,0.0,3,3
2022-11-26,-0.009735648517384664,-0.009735648517384664,-0.010071830184051314,0.00033618166666665,0.0,3,3
2022-11-27,-0.010418662810136271,-0.010418662810136271,-0.010946452810136271,0.00052779,0.6666666666666666,3,3
2022-11-28,-0.021946687795566425,-0.02228002112889976,-0.023929212795566424,0.0019825249999999997,0.0,3,3
2022-11-29,-0.006327397489256374,-0.006327397489256374,-0.006851445822589675,0.0005240483333333,0.0,3,3
2022-11-30,0.002325595662163812,0.002325595662163812,0.0015742556621638117,0.00075134,0.0,3,3
2022-12-01,-0.009220851071073196,-0.009220851071073196,-0.009965222737739846,0.00074437166666665,0.0,3,3
2022-12-02,0.011081923325763637,0.011081923325763637,0.01053283665909697,0.0005490866666666666,0.0,3,3
2022-12-03,0.0022770899107982766,0.0022770899107982766,0.0020870199107982934,0.00019006999999998333,0.0,3,3
2022-12-04,0.005170666952853013,0.005170666952853013,0.005033895286186363,0.00013677166666665,0.0,3,3
2022-12-05,-0.00597904821550987,-0.00597904821550987,-0.00601828488217652,3.923666666664999e-05,0.0,3,3
2022-12-06,0.01221927999519739,0.01221927999519739,0.012132861661864057,8.641833333333333e-05,0.0,3,3
2022-12-07,-0.0015068368318332528,-0.0015068368318332528,-0.001530443498499936,2.3606666666683335e-05,0.0,3,3
2022-12-08,-0.00031059472697162534,-0.00031059472697162534,-0.000385901393638292,7.530666666666667e-05,0.0,3,3
2022-12-09,0.005821275396799874,0.005821275396799874,0.005750653730133207,7.062166666666665e-05,0.0,3,3
2022-12-10,0.001190150903515431,0.001190150903515431,0.0011109992368487642,7.915166666666667e-05,0.0,3,3
2022-12-11,-0.0038885006043343764,-0.0038885006043343764,-0.00399320893766771,0.00010470833333333332,0.6666666666666666,3,3
2022-12-12,0.0071625937411137,0.006829260407780367,0.00698900707444705,0.00017358666666665,0.0,3,3
2022-12-13,0.012510652950866938,0.012510652950866938,0.012440501284200305,7.015166666663333e-05,0.0,3,3
2022-12-14,0.010878663016288682,0.010878663016288682,0.010833334682955349,4.5328333333333324e-05,0.0,3,3
2022-12-15,0.006439954925611534,0.006439954925611534,0.0064289065922782,1.1048333333333327e-05,0.0,3,3
2022-12-16,0.002517440874225965,0.002517440874225965,0.002569874207559282,-5.243333333331667e-05,0.0,3,3
2022-12-17,0.0002016873441822214,0.0002016873441822214,-1.0410989151128603e-05,0.00021209833333335,0.0,3,3
2022-12-18,-0.0004967911045744963,-0.0004967911045744963,-0.000739052771241163,0.00024226166666666666,1.3333333333333333,3,3
2022-12-19,-0.010178090076956563,-0.01084475674362323,-0.010748201743623214,0.00057011166666665,0.0,3,3
2022-12-20,0.0022988704283841846,0.0022988704283841846,0.0020085554283841844,0.000290315,0.0,3,3
2022-12-21,-0.006249816691381933,-0.006249816691381933,-0.006530210024715266,0.0002803933333333333,0.0,3,3
2022-12-22,-0.0031038828747622423,-0.0031038828747622423,-0.0034990012080955424,0.0003951183333333,0.0,3,3
2022-12-23,0.0006518146116559678,0.0006518146116559678,0.0005297929449893011,0.00012202166666666667,0.0,3,3
2022-12-24,-0.006892829209949715,-0.006892829209949715,-0.0074772958766163656,0.00058446666666665,0.0,3,3
2022-12-25,-0.0027514954834957058,-0.0027514954834957058,-0.003188750483495706,0.000437255,0.3333333333333333,3,3
2022-12-26,0.006163912753865148,0.005997246087198481,0.005842109420531815,0.0003218033333333333,0.0,3,3
2022-12-27,0.0073946987883442,0.0073946987883442,0.007229755455010867,0.00016494333333333332,0.0,3,3
2022-12-28,-0.01566141511907484,-0.01566141511907484,-0.01594590178574149,0.00028448666666664997,0.0,3,3
2022-12-29,-0.007416023945363697,-0.007416023945363697,-0.00766964394536368,0.00025361999999998333,0.0,3,3
2022-12-30,0.010995873808172229,0.010995873808172229,0.009667903808172229,0.00132797,0.0,3,3
2022-12-31,-0.001876372003975596,-0.001876372003975596,-0.002947382003975596,0.00107101,0.0,3,3
2023-01-01,-0.0035688160897705155,-0.0035688160897705155,-0.004037761089770516,0.000468945,0.3333333333333333,3,3
2023-01-02,0.020606466035319397,0.02043979936865273,0.020100481035319397,0.000505985,0.0,3,3
2023-01-03,0.034799197420569285,0.034799197420569285,0.03254876075390262,0.0022504366666666665,0.0,3,3
2023-01-04,0.00868730491755022,0.00868730491755022,0.006252911584216887,0.002434393333333333,0.0,3,3
2023-01-05,0.005663736964643241,0.005663736964643241,0.004939463631309908,0.0007242733333333334,0.0,3,3
2023-01-06,0.0044538290456111115,0.0044538290456111115,0.0036032990456111116,0.00085053,0.0,3,3
2023-01-07,-0.007399877306039669,-0.007399877306039669,-0.007762080639373003,0.0003622033333333334,0.0,3,3
2023-01-08,0.030069733921895745,0.030069733921895745,0.029674552255229077,0.0003951816666666666,0.6666666666666666,3,3
2023-01-09,0.00961912575068826,0.009285792417354928,0.009491965750688261,0.00012716,0.0,3,3
2023-01-10,-0.006253500613817099,-0.006253500613817099,-0.006348985613817099,9.5485e-05,0.0,3,3
2023-01-11,0.006499849045820712,0.006499849045820712,0.006296230712487379,0.00020361833333333332,0.0,3,3
2023-01-12,-0.005490571699265994,-0.005490571699265994,-0.0056331466992659935,0.00014257499999999998,0.0,3,3
2023-01-13,0.007092093860979054,0.007092093860979054,0.0067994905276457214,0.00029260333333333327,0.0,3,3
2023-01-14,0.0422937883929065,0.0422937883929065,0.042025211726239846,0.0002685766666666499,0.0,3,3
2023-01-15,-0.009765588592010021,-0.009765588592010021,-0.009897318592010004,0.00013172999999998332,0.3333333333333333,3,3
2023-01-16,0.008724936773538366,0.008558270106871699,0.00865073844020505,7.419833333331666e-05,0.0,3,3
2023-01-17,-0.006044833092537006,-0.006044833092537006,-0.006104081425870322,5.9248333333316664e-05,0.0,3,3
2023-01-18,-0.002346865949308751,-0.002346865949308751,-0.002396865949308751,4.9999999999999996e-05,0.0,3,3
2023-01-19,0.00031621138290653585,0.00031621138290653585,0.00021483638290653584,0.00010137499999999998,0.0,3,3
2023-01-20,0.01845372672514077,0.01845372672514077,0.01840240172514077,5.1324999999999994e-05,0.0,3,3
2023-01-21,-0.0003990352914632356,-0.0003990352914632356,-0.0004463852914632356,4.734999999999999e-05,0.0,3,3
2023-01-22,-0.010903000922729979,-0.010903000922729979,-0.010967815922729995,6.481500000001666e-05,0.9999999999999999,3,3
2023-01-23,0.004594528461609514,0.0040945284616095146,0.004509263461609514,8.5265e-05,0.0,3,3
2023-01-24,0.0178569281909254,0.0178569281909254,0.017836759857592067,2.016833333333332e-05,0.0,3,3
2023-01-25,-0.015460704321524786,-0.015460704321524786,-0.01549610265485812,3.5398333333333336e-05,0.0,3,3
2023-01-26,-0.00582657836292671,-0.00582657836292671,-0.00587657836292671,4.9999999999999996e-05,0.0,3,3
2023-01-27,-0.027218908863195487,-0.027218908863195487,-0.02726967386319549,5.076499999999999e-05,0.0,3,3
2023-01-28,0.004031938428516258,0.004031938428516258,0.003897851761849591,0.00013408666666666667,0.0,3,3
2023-01-29,-0.009088469292053166,-0.009088469292053166,-0.009145069292053167,5.66e-05,1.0,3,3
2023-01-30,-0.009845331961695717,-0.010345331961695717,-0.00983819529502905,-7.136666666666676e-06,0.0,3,3
2023-01-31,-0.010016961176395976,-0.010016961176395976,-0.010066961176395975,4.9999999999999996e-05,0.0,3,3
2023-02-01,-0.004048358954006394,-0.004048358954006394,-0.004112937287339727,6.457833333333332e-05,0.0,3,3
2023-02-02,0.00575259440428381,0.00575259440428381,0.005673921070950477,7.867333333333334e-05,0.0,3,3
2023-02-03,0.002472527628361135,0.002472527628361135,0.002429355961694468,4.317166666666666e-05,0.0,3,3
2023-02-04,-0.0051857589758354155,-0.0051857589758354155,-0.005224072309168732,3.8313333333316655e-05,0.0,3,3
2023-02-05,0.0071620072090103105,0.0071620072090103105,0.007032072209010328,0.00012993499999998333,0.9999999999999999,3,3
2023-02-06,0.006911288517228503,0.006411288517228503,0.006855366850561836,5.5921666666666663e-05,0.0,3,3
2023-02-07,-0.01254069468089169,-0.01254069468089169,-0.01259069468089169,4.9999999999999996e-05,0.0,3,3
2023-02-08,0.004790859794362173,0.004790859794362173,0.004740859794362173,4.9999999999999996e-05,0.0,3,3
2023-02-09,0.011651940675676601,0.011651940675676601,0.011601940675676601,4.9999999999999996e-05,0.0,3,3
2023-02-10,0.0032249338228063818,0.0032249338228063818,0.0031449238228063816,8.001e-05,0.0,3,3
2023-02-11,-0.0026252574854580286,-0.0026252574854580286,-0.0027222274854580286,9.697e-05,0.0,3,3
2023-02-12,0.0038077553985328165,0.0038077553985328165,0.0036354087318661663,0.00017234666666665,0.9999999999999999,3,3
2023-02-13,-0.0108183100924721,-0.011318310092472101,-0.011102673425805435,0.0002843633333333333,0.0,3,3
2023-02-14,-0.00025089736236525605,-0.00025089736236525605,-0.0004682056956985727,0.00021730833333331666,0.0,3,3
2023-02-15,-0.004082837339476125,-0.004082837339476125,-0.004193074006142808,0.00011023666666668332,0.0,3,3
2023-02-16,-0.006767206904933343,-0.006767206904933343,-0.006830351904933326,6.314499999998334e-05,0.0,3,3
2023-02-17,-0.008990230387746765,-0.008990230387746765,-0.009042753721080099,5.252333333333332e-05,0.0,3,3
2023-02-18,-0.0033720602358802087,-0.0033720602358802087,-0.003422060235880209,4.9999999999999996e-05,0.0,3,3
2023-02-19,0.0097349576581058,0.0097349576581058,0.009687320991439133,4.7636666666666664e-05,0.3333333333333333,3,3
2023-02-20,0.01078269645917238,0.010616029792505713,0.010746018125839047,3.667833333333334e-05,0.0,3,3
2023-02-21,0.0028880243202864223,0.0028880243202864223,0.002807735986953089,8.028833333333332e-05,0.0,3,3
2023-02-22,-0.0033374356906200435,-0.0033374356906200435,-0.003408339023953377,7.090333333333333e-05,0.0,3,3
2023-02-23,-0.007562311948486851,-0.007562311948486851,-0.007590873615153518,2.8561666666666668e-05,0.0,3,3
2023-02-24,0.008441252732687528,0.008441252732687528,0.008402364399354195,3.888833333333333e-05,0.0,3,3
2023-02-25,-0.0025901839155188207,-0.0025901839155188207,-0.0026310872488521375,4.090333333331666e-05,0.0,3,3
2023-02-26,0.0016471216745007644,0.0016471216745007644,0.0014948466745007645,0.000152275,1.3333333333333333,3,3
2023-02-27,0.008249300146634688,0.007582633479968021,0.008169365146634688,7.9935e-05,0.0,3,3
2023-02-28,0.00300910141919852,0.00300910141919852,0.0028843814191985197,0.00012471999999999998,0.0,3,3
2023-03-01,-0.011089139823171135,-0.011089139823171135,-0.011205054823171134,0.00011591499999999999,0.0,3,3
2023-03-02,0.008522474755155177,0.008522474755155177,0.008375574755155176,0.0001469,0.0,3,3
2023-03-03,0.0023930240355345203,0.0023930240355345203,0.0023129173688678705,8.010666666664998e-05,0.0,3,3
2023-03-04,0.009101147458153883,0.009101147458153883,0.008970537458153866,0.00013061000000001667,0.0,3,3
2023-03-05,-0.00334894167403487,-0.00334894167403487,-0.003407665007368203,5.872333333333332e-05,0.6666666666666666,3,3
2023-03-06,0.001822967049142728,0.0014896337158093948,0.0017757153824760614,4.725166666666667e-05,0.0,3,3
2023-03-07,-0.0039335157759964445,-0.0039335157759964445,-0.004089240775996428,0.0001557249999999833,0.0,3,3
2023-03-08,-0.0010065081213468784,-0.0010065081213468784,-0.0010538364546802117,4.7328333333333325e-05,0.0,3,3
2023-03-09,0.010542939870029766,0.010542939870029766,0.010499656536696433,4.328333333333333e-05,0.0,3,3
2023-03-10,0.011579642065837998,0.011579642065837998,0.011362980399171347,0.00021666166666665002,0.0,3,3
2023-03-11,0.006200987319090166,0.006200987319090166,0.005970067319090166,0.00023092000000000002,0.0,3,3
2023-03-12,0.0023557335854595012,0.0023557335854595012,0.0023150152521261846,4.071833333331668e-05,0.9999999999999999,3,3
2023-03-13,-0.005839955387194205,-0.006339955387194204,-0.005801770387194205,-3.8184999999999994e-05,0.0,3,3
2023-03-14,-0.0030628393904845474,-0.0030628393904845474,-0.0030855627238178807,2.272333333333334e-05,0.0,3,3
2023-03-15,0.006527357460997106,0.006527357460997106,0.006489347460997106,3.801e-05,0.0,3,3
2023-03-16,0.0039023460417705264,0.0039023460417705264,0.00376970437510386,0.00013264166666666663,0.0,3,3
2023-03-17,0.004239642199679574,0.004239642199679574,0.003652160533012908,0.0005874816666666666,0.0,3,3
2023-03-18,0.006448044023197575,0.006448044023197575,0.005926254023197575,0.0005217900000000001,0.0,3,3
2023-03-19,0.004423285956171997,0.004423285956171997,0.003614902622838664,0.0008083833333333333,0.9999999999999999,3,3
2023-03-20,0.008578668886247493,0.008078668886247493,0.007736582219580826,0.0008420866666666667,0.0,3,3
2023-03-21,0.0265296030615087,0.0265296030615087,0.025953809728175365,0.0005757933333333334,0.0,3,3
2023-03-22,-0.014232864470108294,-0.014232864470108294,-0.014826819470108277,0.0005939549999999832,0.0,3,3
2023-03-23,-0.0030512983631712292,-0.0030512983631712292,-0.0031600716965045628,0.00010877333333333332,0.0,3,3
2023-03-24,-0.0045157727736179305,-0.0045157727736179305,-0.00470569277361793,0.00018992,0.0,3,3
2023-03-25,0.006695974922022723,0.006695974922022723,0.006605233255356057,9.074166666666665e-05,0.0,3,3
2023-03-26,0.0026755200738573064,0.0026755200738573064,0.0026153500738573063,6.017e-05,0.9999999999999999,3,3
2023-03-27,-0.002692826360468082,-0.003192826360468082,-0.0028866296938014156,0.0001938033333333333,0.0,3,3
2023-03-28,0.003323784696617311,0.003323784696617311,0.003156354696617311,0.00016743,0.0,3,3
2023-03-29,-0.006270252537853512,-0.006270252537853512,-0.0063399692045201786,6.971666666666666e-05,0.0,3,3
2023-03-30,0.005808460889591485,0.005808460889591485,0.005693462556258152,0.00011499833333333332,0.0,3,3
2023-03-31,-0.007176394757214263,-0.007176394757214263,-0.0073947597572142625,0.00021836500000000001,0.0,3,3
2023-04-01,-0.016911729251086544,-0.016911729251086544,-0.017129829251086543,0.00021809999999999996,0.0,3,3
2023-04-02,0.005316857064508523,0.005316857064508523,0.005120473731175189,0.00019638333333333333,0.9999999999999999,3,3
2023-04-03,-0.011020283286496702,-0.011520283286496702,-0.011213881619830019,0.00019359833333331664,0.0,3,3
2023-04-04,-0.0017922060386105314,-0.0017922060386105314,-0.0020256310386105314,0.00023342499999999997,0.0,3,3
2023-04-05,-0.0002674075941300356,-0.0002674075941300356,-0.00032916259413003556,6.1755e-05,0.0,3,3
2023-04-06,0.002496883705585599,0.002496883705585599,0.0024020820389189326,9.480166666666666e-05,0.0,3,3
2023-04-07,0.0027013434135223988,0.0027013434135223988,0.0025177800801890653,0.00018356333333333332,0.0,3,3
2023-04-08,-0.0019391372628016598,-0.0019391372628016598,-0.0020160522628016597,7.691499999999999e-05,0.0,3,3
2023-04-09,-0.0007516517330465892,-0.0007516517330465892,-0.0008211667330465893,6.9515e-05,0.6666666666666666,3,3
2023-04-10,0.0019464445166429117,0.0016131111833095784,0.0018339561833095783,0.00011248833333333333,0.0,3,3
2023-04-11,0.0034123992320151514,0.0034123992320151514,0.0033312942320151513,8.110499999999999e-05,0.0,3,3
2023-04-12,-0.00253152304231897,-0.00253152304231897,-0.0025780347089856366,4.651166666666666e-05,0.0,3,3
2023-04-13,-0.006528440971690438,-0.006528440971690438,-0.006655505971690438,0.000127065,0.0,3,3
2023-04-14,-0.007813323074763333,-0.007813323074763333,-0.007838991408096666,2.5668333333333333e-05,0.0,3,3
2023-04-15,-0.004980840157473793,-0.004980840157473793,-0.005011750157473793,3.090999999999999e-05,0.0,3,3
2023-04-16,-0.010343109479130485,-0.010343109479130485,-0.010303174479130501,-3.993499999998332e-05,0.9999999999999999,3,3
2023-04-17,-0.009715449594120603,-0.010215449594120603,-0.009906474594120602,0.00019102500000000002,0.0,3,3
2023-04-18,-0.0010189819327938508,-0.0010189819327938508,-0.0011215869327938508,0.000102605,0.0,3,3
2023-04-19,0.006661182490357812,0.006661182490357812,0.006564655823691146,9.652666666666666e-05,0.0,3,3
2023-04-20,0.010155865826041919,0.010155865826041919,0.010020054159375253,0.00013581166666666665,0.0,3,3
2023-04-21,0.014934771080752097,0.014934771080752097,0.01484522941408543,8.954166666666667e-05,0.0,3,3
2023-04-22,0.00560907406898091,0.00560907406898091,0.00549418073564756,0.00011489333333335002,0.0,3,3
2023-04-23,0.005084475357773953,0.005084475357773953,0.004786862024440619,0.00029761333333333333,0.6666666666666666,3,3
2023-04-24,-0.0006521744353795208,-0.000985507768712854,-0.0010818394353795209,0.00042966500000000003,0.0,3,3
2023-04-25,-0.007054746559293641,-0.007054746559293641,-0.00755184322596029,0.0004970966666666499,0.0,3,3
2023-04-26,0.0012921351843449794,0.0012921351843449794,0.0009106135176783128,0.00038152166666666665,0.0,3,3
2023-04-27,-0.006653460759966107,-0.006653460759966107,-0.007211884093299424,0.0005584233333333166,0.0,3,3
2023-04-28,0.007283362001708147,0.007283362001708147,0.006701632001708164,0.0005817299999999832,0.0,3,3
2023-04-29,-0.0021000627291123644,-0.0021000627291123644,-0.002207939395779031,0.00010787666666666666,0.0,3,3
2023-04-30,0.012329476304979445,0.012329476304979445,0.012271191304979463,5.828499999998333e-05,0.6666666666666666,3,3
2023-05-01,-0.0005337429692353673,-0.0008670763025687006,-0.0010544579692353673,0.0005207149999999999,0.0,3,3
2023-05-02,-0.008030182528597262,-0.008030182528597262,-0.008758164195263929,0.0007279816666666666,0.0,3,3
2023-05-03,-3.992291598683062e-05,-3.992291598683062e-05,-0.0003670695826534973,0.0003271466666666667,0.0,3,3
2023-05-04,0.0023262137967236473,0.0023262137967236473,0.002233785463390314,9.242833333333332e-05,0.0,3,3
2023-05-05,-0.0006833742544448781,-0.0006833742544448781,-0.0007461592544448781,6.278499999999999e-05,0.0,3,3
2023-05-06,0.010603127740355324,0.010603127740355324,0.010471209407021991,0.00013191833333333334,0.0,3,3
2023-05-07,-0.004249382156941678,-0.004249382156941678,-0.004401022156941695,0.00015164000000001667,0.3333333333333333,3,3
2023-05-08,0.006760520511734919,0.006593853845068253,0.006530370511734919,0.00023014999999999996,0.0,3,3
2023-05-09,-0.006214740118477702,-0.006214740118477702,-0.006471811785144369,0.00025707166666666663,0.0,3,3
2023-05-10,0.00032404656227145404,0.00032404656227145404,5.949822893813739e-05,0.00026454833333331665,0.0,3,3
2023-05-11,-0.0045621323095276535,-0.0045621323095276535,-0.004692827309527654,0.00013069499999999998,0.0,3,3
2023-05-12,0.00025387018257204646,0.00025387018257204646,8.850851590537978e-05,0.00016536166666666666,0.0,3,3
2023-05-13,0.0010714293465571858,0.0010714293465571858,0.0009866660132238358,8.476333333334998e-05,0.0,3,3
2023-05-14,-0.006311330243943762,-0.006311330243943762,-0.0063773585772770956,6.602833333333333e-05,0.3333333333333333,3,3
2023-05-15,-0.005036549628021056,-0.005203216294687722,-0.005137647961354389,0.00010109833333333333,0.0,3,3
2023-05-16,-0.0041605315296914,-0.0041605315296914,-0.004297626529691401,0.000137095,0.0,3,3
2023-05-17,-0.00595921276122293,-0.00595921276122293,-0.006049921094556264,9.070833333333333e-05,0.0,3,3
2023-05-18,0.009712860002659947,0.009712860002659947,0.009661196669326614,5.1663333333333324e-05,0.0,3,3
2023-05-19,0.0021561957752062317,0.0021561957752062317,0.002106527441872915,4.9668333333316664e-05,0.0,3,3
2023-05-20,0.0008171913498342202,0.0008171913498342202,0.0008027980165008869,1.4393333333333333e-05,0.0,3,3
2023-05-21,-0.004931594582299894,-0.004931594582299894,-0.004911576248966561,-2.0018333333333335e-05,1.0,3,3
2023-05-22,0.003230803000551289,0.002730803000551289,0.0031994913338846223,3.131166666666666e-05,0.0,3,3
2023-05-23,0.002667767071168396,0.002667767071168396,0.0026021087378350627,6.565833333333333e-05,0.0,3,3
2023-05-24,0.001239128485979539,0.001239128485979539,0.0011940634859795391,4.5065e-05,0.0,3,3
2023-05-25,-0.0005326279675032001,-0.0005326279675032001,-0.0006172196341698668,8.459166666666666e-05,0.0,3,3
2023-05-26,0.0033349760858547746,0.0033349760858547746,0.0032689227525214415,6.605333333333332e-05,0.0,3,3
2023-05-27,-0.012085399997873194,-0.012085399997873194,-0.01217246666453986,8.706666666666665e-05,0.0,3,3
2023-05-28,0.004486368915733851,0.004486368915733851,0.004388493915733851,9.787500000000001e-05,0.6666666666666666,3,3
2023-05-29,0.004255347675533302,0.003922014342199969,0.004245251008866635,1.0096666666666661e-05,0.0,3,3
2023-05-30,0.002013352927743427,0.002013352927743427,0.0020158762610767607,-2.523333333333337e-06,0.0,3,3
2023-05-31,0.004192388658536828,0.004192388658536828,0.0041184736585368285,7.3915e-05,0.0,3,3
2023-06-01,-0.0063204310420806,-0.0063204310420806,-0.0063483710420806,2.794e-05,0.0,3,3
2023-06-02,7.037134757583586e-05,7.037134757583586e-05,7.264680909169208e-06,6.310666666666666e-05,0.0,3,3
2023-06-03,-0.0031655807414520164,-0.0031655807414520164,-0.0032119590747853497,4.6378333333333316e-05,0.0,3,3
2023-06-04,0.0019538278627281944,0.0019538278627281944,0.0019119078627281942,4.191999999999999e-05,0.6666666666666666,3,3
2023-06-05,0.00736886123129683,0.007035527897963497,0.007298237897963463,7.062333333336665e-05,0.0,3,3
2023-06-06,0.0003510219682456768,0.0003510219682456768,0.00038672030157901015,-3.569833333333333e-05,0.0,3,3
2023-06-07,0.007532914538641021,0.007532914538641021,0.0074917545386410204,4.115999999999999e-05,0.0,3,3
2023-06-08,-0.0020423906360485544,-0.0020423906360485544,-0.0020417539693818876,-6.366666666666736e-07,0.0,3,3
2023-06-09,0.008181018819842003,0.008181018819842003,0.00813025048650867,5.076833333333333e-05,0.0,3,3
2023-06-10,0.03053187428284459,0.03053187428284459,0.030623682616177907,-9.180833333331666e-05,0.0,3,3
2023-06-11,0.0011453831474811298,0.0011453831474811298,0.001344119814147763,-0.00019873666666663336,1.6666666666666667,3,3
2023-06-12,-0.001590375283335076,-0.0024237086166684096,-0.001917161950001726,0.00032678666666664997,0.0,3,3
2023-06-13,-0.0018100044155123876,-0.0018100044155123876,-0.002032264415512371,0.0002222599999999833,0.0,3,3
2023-06-14,-0.0029327305296386395,-0.0029327305296386395,-0.0030728605296386395,0.00014012999999999997,0.0,3,3
2023-06-15,-0.005403226234705969,-0.005403226234705969,-0.005495964568039302,9.273833333333333e-05,0.0,3,3
2023-06-16,0.00023102857030091753,0.00023102857030091753,0.00017136023696758419,5.966833333333333e-05,0.0,3,3
2023-06-17,0.0056510233347986235,0.0056510233347986235,0.005583238334798624,6.778499999999999e-05,0.0,3,3
2023-06-18,-0.005440045434373293,-0.005440045434373293,-0.0055651604343733094,0.00012511500000001667,1.0,3,3
2023-06-19,0.0004956198816587268,-4.380118341273205e-06,0.0003645365483253935,0.00013108333333333334,0.0,3,3
2023-06-20,-0.002784015153501217,-0.002784015153501217,-0.0028604151535012168,7.639999999999999e-05,0.0,3,3
2023-06-21,-0.011679078340701667,-0.011679078340701667,-0.011728833340701668,4.9755e-05,0.0,3,3
2023-06-22,-0.009864676590459094,-0.009864676590459094,-0.00995811825712576,9.344166666666666e-05,0.0,3,3
2023-06-23,-0.015070454414712496,-0.015070454414712496,-0.01513868774804583,6.823333333333333e-05,0.0,3,3
2023-06-24,-0.00921492260086277,-0.00921492260086277,-0.00926670760086277,5.1785e-05,0.0,3,3
2023-06-25,0.00815402062667963,0.00815402062667963,0.00810661062667963,4.7409999999999995e-05,0.9999999999999999,3,3
2023-06-26,-0.0071734928853527235,-0.007673492885352723,-0.007344196218686057,0.00017070333333333332,0.0,3,3
2023-06-27,0.0023067734540616297,0.0023067734540616297,0.002151483454061613,0.00015529000000001665,0.0,3,3
2023-06-28,-0.002183741786026495,-0.002183741786026495,-0.002328536786026495,0.00014479499999999997,0.0,3,3
2023-06-29,0.02031172022492359,0.02031172022492359,0.020336668558256922,-2.494833333333332e-05,0.0,3,3
2023-06-30,-0.03477687574792011,-0.03477687574792011,-0.034849599081253436,7.272333333333334e-05,0.0,3,3
2023-07-01,0.0033982339310652705,0.0033982339310652705,0.0033330422643986037,6.519166666666667e-05,0.0,3,3
2023-07-02,-0.003536742313992499,-0.003536742313992499,-0.003518075647325832,-1.866666666666667e-05,0.6666666666666666,3,3
2023-07-03,0.00845157048308266,0.008118237149749326,0.008455347149749326,-3.7766666666666672e-06,0.0,3,3
2023-07-04,0.0036738079630972294,0.0036738079630972294,0.0036238079630972293,4.9999999999999996e-05,0.0,3,3
2023-07-05,-0.0006911871445582441,-0.0006911871445582441,-0.0007802721445582441,8.908499999999999e-05,0.0,3,3
2023-07-06,0.00786512352959964,0.00786512352959964,0.007782551862932974,8.257166666666665e-05,0.0,3,3
2023-07-07,-0.0011992203430898922,-0.0011992203430898922,-0.0013827053430898921,0.000183485,0.0,3,3
2023-07-08,0.004759710374707793,0.004759710374707793,0.004638485374707809,0.00012122499999998332,0.0,3,3
2023-07-09,0.0006273724945109585,0.0006273724945109585,0.0005357058278443085,9.166666666665e-05,0.3333333333333333,3,3
2023-07-10,0.00574280626398744,0.0055761395973207735,0.005635764597320773,0.00010704166666666666,0.0,3,3
2023-07-11,0.002723578603471335,0.002723578603471335,0.002417326936804668,0.0003062516666666667,0.0,3,3
2023-07-12,-0.00472119425922469,-0.00472119425922469,-0.0049929725925580235,0.00027177833333333335,0.0,3,3
2023-07-13,0.02266008880413934,0.02266008880413934,0.022185692137472672,0.0004743966666666666,0.0,3,3
2023-07-14,-0.0018365763902000413,-0.0018365763902000413,-0.002039848056866708,0.00020327166666666665,0.0,3,3
2023-07-15,0.011287555531413139,0.011287555531413139,0.010917610531413156,0.0003699449999999833,0.0,3,3
2023-07-16,-0.005880337584561226,-0.005880337584561226,-0.006346664251227893,0.0004663266666666667,0.9999999999999999,3,3
2023-07-17,-0.013686455807761802,-0.014186455807761802,-0.014180662474428452,0.0004942066666666499,0.0,3,3
2023-07-18,-0.001201527555412464,-0.001201527555412464,-0.001347607555412464,0.00014607999999999998,0.0,3,3
2023-07-19,-0.003386028875413326,-0.003386028875413326,-0.0034072122087466595,2.1183333333333324e-05,0.0,3,3
2023-07-20,-0.03075654562030607,-0.03075654562030607,-0.03079485562030607,3.830999999999999e-05,0.0,3,3
2023-07-21,0.007429477731949663,0.007429477731949663,0.007433804398616312,-4.326666666649997e-06,0.0,3,3
2023-07-22,0.015115642016053915,0.015115642016053915,0.015097350349387232,1.8291666666683336e-05,0.0,3,3
2023-07-23,0.004700832693412354,0.004700832693412354,0.00469808936007902,2.743333333333338e-06,0.6666666666666666,3,3
2023-07-24,-0.004646590382950561,-0.004979923716283894,-0.004720055382950561,7.346499999999999e-05,0.0,3,3
2023-07-25,-0.015683893331898912,-0.015683893331898912,-0.01565155999856558,-3.233333333333333e-05,0.0,3,3
2023-07-26,0.003788872632862247,0.003788872632862247,0.0037888226328622304,5.0000000016667436e-08,0.0,3,3
2023-07-27,-0.0036397944070074646,-0.0036397944070074646,-0.0036514144070074646,1.161999999999999e-05,0.0,3,3
2023-07-28,0.006991107646105165,0.006991107646105165,0.006957814312771815,3.3293333333350005e-05,0.0,3,3
2023-07-29,-0.0069804958605283254,-0.0069804958605283254,-0.006995615860528326,1.5120000000000011e-05,0.0,3,3
2023-07-30,0.010127488503155747,0.010127488503155747,0.010082158503155747,4.5329999999999995e-05,1.3333333333333333,3,3
2023-07-31,-0.0015903239982254709,-0.0022569906648921374,-0.001606298998225471,1.5974999999999995e-05,0.0,3,3
2023-08-01,0.004141306790269735,0.004141306790269735,0.004105336790269735,3.5969999999999996e-05,0.0,3,3
2023-08-02,-0.001180889127483768,-0.001180889127483768,-0.0012646407941504347,8.375166666666666e-05,0.0,3,3
2023-08-03,0.0002734553177400257,0.0002734553177400257,0.00019662531774002566,7.683000000000001e-05,0.0,3,3
2023-08-04,0.005872009315156915,0.005872009315156915,0.005799144315156915,7.2865e-05,0.0,3,3
2023-08-05,-5.405990709096101e-05,-5.405990709096101e-05,-0.00015049157375762766,9.643166666666665e-05,0.0,3,3
2023-08-06,0.006297246231254981,0.006297246231254981,0.0062301778979216476,6.706833333333334e-05,0.9999999999999999,3,3
2023-08-07,-0.00895944581927848,-0.00945944581927848,-0.009010222485945147,5.077666666666667e-05,0.0,3,3
2023-08-08,0.002195844066027671,0.002195844066027671,0.0021413657326943376,5.447833333333332e-05,0.0,3,3
2023-08-09,-0.004873214753441837,-0.004873214753441837,-0.004871129753441838,-2.084999999999991e-06,0.0,3,3
2023-08-10,0.002734539364966193,0.002734539364966193,0.0026764676982995264,5.807166666666666e-05,0.0,3,3
2023-08-11,0.0019240003805453668,0.0019240003805453668,0.0017141920472120336,0.00020980833333333334,0.0,3,3
2023-08-12,0.003761480533660215,0.003761480533660215,0.003584677200326865,0.00017680333333335,0.0,3,3
2023-08-13,-0.0031082189394990916,-0.0031082189394990916,-0.0033465889394990915,0.00023836999999999996,1.0,3,3
2023-08-14,0.000629671242269161,0.00012967124226916094,0.0005525695756024943,7.710166666666666e-05,0.0,3,3
2023-08-15,0.010557994474047845,0.010557994474047845,0.01048649280738118,7.150166666666666e-05,0.0,3,3
2023-08-16,0.008057218031564388,0.008057218031564388,0.007930509698231038,0.00012670833333334997,0.0,3,3
2023-08-17,0.008017733777612886,0.008017733777612886,0.007948733777612887,6.899999999999998e-05,0.0,3,3
2023-08-18,-0.011124040123003921,-0.011124040123003921,-0.011307970123003922,0.00018392999999999996,0.0,3,3
2023-08-19,-0.0029669221614347235,-0.0029669221614347235,-0.003129115494768057,0.00016219333333333333,0.0,3,3
2023-08-20,1.139799233563257e-05,1.139799233563257e-05,-0.00016018034099768408,0.00017157833333331665,1.0,3,3
2023-08-21,-0.010887630437971559,-0.01138763043797156,-0.011125088771304876,0.00023745833333331664,0.0,3,3
2023-08-22,-0.0022290172282125424,-0.0022290172282125424,-0.002532765561545876,0.0003037483333333333,0.0,3,3
2023-08-23,0.002310992307961969,0.002310992307961969,0.001992422307962002,0.0003185699999999666,0.0,3,3
2023-08-24,0.009408086922117571,0.009408086922117571,0.009274710255450921,0.00013337666666665,0.0,3,3
2023-08-25,-0.00406688997072062,-0.00406688997072062,-0.004168281637387286,0.00010139166666666666,0.0,3,3
2023-08-26,0.0005890716330125066,0.0005890716330125066,0.00040996496634583996,0.00017910666666666664,0.0,3,3
2023-08-27,0.0036370638692960456,0.0036370638692960456,0.0035511855359627123,8.587833333333334e-05,0.6666666666666666,3,3
2023-08-28,0.0019619184017845366,0.0016285850684512034,0.0018778500684512034,8.406833333333333e-05,0.0,3,3
2023-08-29,0.004269983199075148,0.004269983199075148,0.004212386532408481,5.7596666666666664e-05,0.0,3,3
2023-08-30,-0.0036517008617316347,-0.0036517008617316347,-0.0036836625283983015,3.196166666666667e-05,0.0,3,3
2023-08-31,-0.00874793648953993,-0.00874793648953993,-0.00881100148953993,6.306500000000001e-05,0.0,3,3
2023-09-01,-0.004272970201566193,-0.004272970201566193,-0.004429096868232859,0.00015612666666666667,0.0,3,3
2023-09-02,0.0016615169422252436,0.0016615169422252436,0.0015599736088919103,0.00010154333333333332,0.0,3,3
2023-09-03,-0.0027016871805116364,-0.0027016871805116364,-0.002717393847178303,1.570666666666667e-05,0.9999999999999999,3,3
2023-09-04,6.1954831749040285e-06,-0.0004938045168250959,-4.857618349176263e-05,5.4771666666666656e-05,0.0,3,3
2023-09-05,0.009000477491883601,0.009000477491883601,0.008934447491883601,6.603e-05,0.0,3,3
2023-09-06,-0.0028178670663904543,-0.0028178670663904543,-0.0028132703997237876,-4.596666666666669e-06,0.0,3,3
2023-09-07,-0.00045865618936735144,-0.00045865618936735144,-0.0004934511893673514,3.4795e-05,0.0,3,3
2023-09-08,-0.0026261470789624938,-0.0026261470789624938,-0.0027424120789624937,0.00011626499999999999,0.0,3,3
2023-09-09,-0.003889005135830975,-0.003889005135830975,-0.004026038469164292,0.00013703333333331665,0.0,3,3
2023-09-10,-0.008008016638496807,-0.008008016638496807,-0.008369574971830124,0.0003615583333333167,0.9999999999999999,3,3
2023-09-11,0.006500458577508307,0.006000458577508308,0.0062897569108416405,0.00021070166666666668,0.0,3,3
2023-09-12,-0.006515239915379451,-0.006515239915379451,-0.006418096582046118,-9.714333333333334e-05,0.0,3,3
2023-09-13,0.003893754342623217,0.003893754342623217,0.0037866010092898836,0.00010715333333333332,0.0,3,3
2023-09-14,0.00023960229177950277,0.00023960229177950277,0.00010062229177950277,0.00013898,0.0,3,3
2023-09-15,-0.008386330710262799,-0.008386330710262799,-0.008482490710262783,9.615999999998333e-05,0.0,3,3
2023-09-16,0.0019596860783088403,0.0019596860783088403,0.001862022744975507,9.766333333333332e-05,0.0,3,3
2023-09-17,-0.0025442564251454652,-0.0025442564251454652,-0.0027531114251454487,0.00020885499999998334,1.0,3,3
2023-09-18,-0.01140890286333085,-0.01190890286333085,-0.0116365045299975,0.00022760166666665,0.0,3,3
2023-09-19,-0.006258881377271172,-0.006258881377271172,-0.006328698043937838,6.981666666666667e-05,0.0,3,3
2023-09-20,0.0025726904967097986,0.0025726904967097986,0.0024358904967097987,0.0001368,0.0,3,3
2023-09-21,-0.004598373143266353,-0.004598373143266353,-0.004693408143266353,9.503499999999999e-05,0.0,3,3
2023-09-22,-0.0062647080495254895,-0.0062647080495254895,-0.006342741382858823,7.803333333333334e-05,0.0,3,3
2023-09-23,-0.006577710206018265,-0.006577710206018265,-0.006586616872684931,8.906666666666664e-06,0.0,3,3
2023-09-24,0.005952652486097607,0.005952652486097607,0.005950092486097606,2.5600000000000026e-06,0.3333333333333333,3,3
2023-09-25,-0.009302907361729253,-0.00946957402839592,-0.009364155695062586,6.124833333333331e-05,0.0,3,3
2023-09-26,0.005758602679554002,0.005758602679554002,0.005707584346220669,5.1018333333333326e-05,0.0,3,3
2023-09-27,-0.006970689756716189,-0.006970689756716189,-0.006980379756716189,9.69000000000001e-06,0.0,3,3
2023-09-28,0.0060718691026804715,0.0060718691026804715,0.006005644102680488,6.622499999998333e-05,0.0,3,3
2023-09-29,-0.007302187174587074,-0.007302187174587074,-0.007378645507920408,7.645833333333334e-05,0.0,3,3
2023-09-30,0.007040161196410151,0.007040161196410151,0.006894174529743501,0.00014598666666665,0.0,3,3
2023-10-01,0.028498173572146037,0.028498173572146037,0.028444860238812705,5.3313333333333316e-05,1.3333333333333333,3,3
2023-10-02,0.00800037182656458,0.007333705159897913,0.00798602849323123,1.4343333333349998e-05,0.0,3,3
2023-10-03,-0.0013738958861529568,-0.0013738958861529568,-0.0015051142194862734,0.00013121833333331668,0.0,3,3
2023-10-04,-0.00925702253097941,-0.00925702253097941,-0.00938493753097941,0.00012791499999999998,0.0,3,3
2023-10-05,-0.009607404141058826,-0.009607404141058826,-0.00978368414105881,0.00017627999999998332,0.0,3,3
2023-10-06,-0.002671481019787294,-0.002671481019787294,-0.002719802686453961,4.832166666666667e-05,0.0,3,3
2023-10-07,0.007302182318621201,0.007302182318621201,0.007223035651954535,7.914666666666666e-05,0.0,3,3
2023-10-08,0.0046802087227052844,0.0046802087227052844,0.004565517056038618,0.00011469166666666666,0.3333333333333333,3,3
2023-10-09,0.002665960204231453,0.0024992935375647866,0.00262062520423147,4.533499999998333e-05,0.0,3,3
2023-10-10,0.005121455418037661,0.005121455418037661,0.005051595418037662,6.985999999999999e-05,0.0,3,3
2023-10-11,0.0016989935176436966,0.0016989935176436966,0.0016279818509770299,7.101166666666667e-05,0.0,3,3
2023-10-12,-0.0005302989206284641,-0.0005302989206284641,-0.0006042472539617974,7.394833333333332e-05,0.0,3,3
2023-10-13,0.004379800261179673,0.004379800261179673,0.004271890261179689,0.00010790999999998332,0.0,3,3
2023-10-14,0.0006097618605920217,0.0006097618605920217,0.000502835193925355,0.00010692666666666668,0.0,3,3
2023-10-15,0.0029587985085469536,0.0029587985085469536,0.002867826841880287,9.097166666666666e-05,0.9999999999999999,3,3
2023-10-16,0.011796532760232277,0.011296532760232276,0.011750299426898944,4.623333333333333e-05,0.0,3,3
2023-10-17,0.006096798701264482,0.006096798701264482,0.006102063701264482,-5.2650000000000114e-06,0.0,3,3
2023-10-18,-0.004203060275965131,-0.004203060275965131,-0.004144403609298464,-5.8656666666666664e-05,0.0,3,3
2023-10-19,0.010246817845812635,0.010246817845812635,0.010187071179145968,5.974666666666667e-05,0.0,3,3
2023-10-20,0.004941359052510444,0.004941359052510444,0.004852880719177111,8.847833333333334e-05,0.0,3,3
2023-10-21,-0.01756342017510475,-0.01756342017510475,-0.017594111841771398,3.069166666665e-05,0.0,3,3
2023-10-22,-0.028198695809540087,-0.028198695809540087,-0.028223069142873404,2.4373333333316656e-05,1.3333333333333333,3,3
2023-10-23,0.012659121452975394,0.011992454786308728,0.012614258119642077,4.4863333333316665e-05,0.0,3,3
2023-10-24,-0.0008478124542939929,-0.0008478124542939929,-0.0008478124542939929,-0.0,0.0,3,3
2023-10-25,0.002024498159378255,0.002024498159378255,0.002024498159378255,-0.0,0.0,3,3
2023-10-26,-0.0028818667175567656,-0.0028818667175567656,-0.0028902517175567657,8.384999999999995e-06,0.0,3,3
2023-10-27,0.004536954781588109,0.004536954781588109,0.004536954781588109,-0.0,0.0,3,3
2023-10-28,8.171359317793447e-05,8.171359317793447e-05,8.171359317793447e-05,-0.0,0.0,3,3
2023-10-29,0.005335921508214066,0.005335921508214066,0.005318149841547399,1.777166666666667e-05,0.9999999999999999,3,3
2023-10-30,0.004060174629203698,0.0035601746292036984,0.004051207962537032,8.96666666666667e-06,0.0,3,3
2023-10-31,0.01618738955631181,0.01618738955631181,0.016106396222978492,8.099333333331667e-05,0.0,3,3
2023-11-01,0.013483791031888976,0.013483791031888976,0.01339582269855566,8.796833333331666e-05,0.0,3,3
2023-11-02,-0.00972650024338608,-0.00972650024338608,-0.00986980857671943,0.00014330833333334997,0.0,3,3
2023-11-03,-0.0024369338146968296,-0.0024369338146968296,-0.0024846754813634964,4.774166666666666e-05,0.0,3,3
2023-11-04,0.007949102362422621,0.007949102362422621,0.00788561736242262,6.3485e-05,0.0,3,3
2023-11-05,-0.023511228013475653,-0.023511228013475653,-0.02357398801347565,6.276e-05,0.6666666666666666,3,3
2023-11-06,-0.016042597247456235,-0.01637593058078957,-0.016110212247456235,6.761499999999998e-05,0.0,3,3
2023-11-07,0.011283420286947036,0.011283420286947036,0.01122905362028037,5.436666666666668e-05,0.0,3,3
2023-11-08,-0.023773342443893432,-0.023773342443893432,-0.023831775777226765,5.8433333333333335e-05,0.0,3,3
2023-11-09,0.022589467308017926,0.022589467308017926,0.022462443974684627,0.00012702333333329996,0.0,3,3
2023-11-10,0.03857738361593996,0.03857738361593996,0.038546140282606625,3.1243333333333326e-05,0.0,3,3
2023-11-11,-0.01950384708301474,-0.01950384708301474,-0.019629385416348087,0.00012553833333335,0.0,3,3
2023-11-12,0.007025707474982733,0.007025707474982733,0.007158782474982749,-0.00013307500000001667,0.9999999999999999,3,3
2023-11-13,0.004492646098683931,0.0039926460986839316,0.004421947765350598,7.069833333333334e-05,0.0,3,3
2023-11-14,-0.005131782606839122,-0.005131782606839122,-0.005181849273505789,5.0066666666666646e-05,0.0,3,3
2023-11-15,-0.019911153440729436,-0.019911153440729436,-0.019915073440729437,3.9199999999999896e-06,0.0,3,3
2023-11-16,-0.009437359022677255,-0.009437359022677255,-0.009514457356010588,7.709833333333332e-05,0.0,3,3
2023-11-17,-0.004742263231610759,-0.004742263231610759,-0.00471094823161076,-3.1314999999999994e-05,0.0,3,3
2023-11-18,0.0035816867697489427,0.0035816867697489427,0.0035983467697489426,-1.6659999999999993e-05,0.0,3,3
2023-11-19,-0.0034798504670569145,-0.0034798504670569145,-0.0034504488003902476,-2.9401666666666667e-05,1.3333333333333333,3,3
2023-11-20,0.030929188374205448,0.03026252170753878,0.030934895040872115,-5.706666666666671e-06,0.0,3,3
2023-11-21,0.00017799628872675142,0.00017799628872675142,0.0002502929553934181,-7.229666666666665e-05,0.0,3,3
2023-11-22,-0.01400923429975595,-0.01400923429975595,-0.014019127633089283,9.893333333333329e-06,0.0,3,3
2023-11-23,0.00670261690322598,0.00670261690322598,0.006686003569892646,1.6613333333333332e-05,0.0,3,3
2023-11-24,-0.0076165341057620045,-0.0076165341057620045,-0.007629670772428671,1.3136666666666666e-05,0.0,3,3
2023-11-25,-0.003424809389966949,-0.003424809389966949,-0.0034114510566336156,-1.3358333333333324e-05,0.0,3,3
2023-11-26,0.001721851547089532,0.001721851547089532,0.001703526547089532,1.8325000000000005e-05,1.3333333333333333,3,3
2023-11-27,0.001593613159930063,0.0009269464932633963,0.001583523159930063,1.0090000000000007e-05,0.0,3,3
2023-11-28,-0.0026057645828252603,-0.0026057645828252603,-0.002611881249491927,6.116666666666662e-06,0.0,3,3
2023-11-29,-0.0028212493951777357,-0.0028212493951777357,-0.002848221061844402,2.6971666666666665e-05,0.0,3,3
2023-11-30,-0.007899447287446744,-0.007899447287446744,-0.007952760620780078,5.331333333333333e-05,0.0,3,3
2023-12-01,0.0037035957267691896,0.0037035957267691896,0.0036917940601025228,1.1801666666666659e-05,0.0,3,3
2023-12-02,0.003876270677888872,0.003876270677888872,0.0038371223445555387,3.914833333333333e-05,0.0,3,3
2023-12-03,0.008983327205999453,0.008983327205999453,0.008962162205999453,2.116500000000001e-05,0.9999999999999999,3,3
2023-12-04,0.004456702256339261,0.003956702256339262,0.004364635589672595,9.206666666666666e-05,0.0,3,3
2023-12-05,0.009937727668731171,0.009937727668731171,0.009942577668731188,-4.8500000000166655e-06,0.0,3,3
2023-12-06,-0.02024504662687014,-0.02024504662687014,-0.02039341162687014,0.00014836499999999997,0.0,3,3
2023-12-07,0.003426943151281135,0.003426943151281135,0.003297079817947802,0.00012986333333333335,0.0,3,3
2023-12-08,-0.0309367232892752,-0.0309367232892752,-0.0311781832892752,0.00024145999999999998,0.0,3,3
2023-12-09,-0.013425502326689345,-0.013425502326689345,-0.013556847326689362,0.0001313450000000167,0.0,3,3
2023-12-10,-0.003753780776347821,-0.003753780776347821,-0.003855712443014488,0.00010193166666666662,0.6666666666666666,3,3
2023-12-11,-0.014398334741039373,-0.014731668074372706,-0.01447283640770604,7.450166666666667e-05,0.0,3,3
2023-12-12,0.006733582868078307,0.006733582868078307,0.006770094534744974,-3.651166666666666e-05,0.0,3,3
2023-12-13,0.02923697032184342,0.02923697032184342,0.029558248655176755,-0.0003212783333333333,0.0,3,3
2023-12-14,-0.015745366409888304,-0.015745366409888304,-0.015444194743221637,-0.0003011716666666666,0.0,3,3
2023-12-15,-0.005131407550954265,-0.005131407550954265,-0.005081289217620948,-5.011833333331664e-05,0.0,3,3
2023-12-16,-0.00011649777368677114,-0.00011649777368677114,0.00010581222631322884,-0.00022230999999999998,0.0,3,3
2023-12-17,-0.0007984337588488634,-0.0007984337588488634,-0.0007007337588488633,-9.769999999999999e-05,0.9999999999999999,3,3
2023-12-18,0.003855058844066825,0.003355058844066825,0.0038636805107334915,-8.621666666666666e-06,0.0,3,3
2023-12-19,0.010224966041471441,0.010224966041471441,0.010209931041471441,1.5034999999999994e-05,0.0,3,3
2023-12-20,-0.027271994516057246,-0.027271994516057246,-0.02767014284939058,0.0003981483333333333,0.0,3,3
2023-12-21,-0.014342480810443203,-0.014342480810443203,-0.014676325810443203,0.00033384499999999993,0.0,3,3
2023-12-22,-0.0027739041256299255,-0.0027739041256299255,-0.0031012974589632587,0.00032739333333333336,0.0,3,3
2023-12-23,-0.02455464320504922,-0.02455464320504922,-0.024830996538382555,0.00027635333333333334,0.0,3,3
2023-12-24,-0.0147976090328205,-0.0147976090328205,-0.015167367366153832,0.00036975833333333325,1.3333333333333333,3,3
2023-12-25,0.008124608636063872,0.007457941969397205,0.007792616969397223,0.0003319916666666499,0.0,3,3
2023-12-26,0.013115049388742544,0.013115049388742544,0.012814397722075894,0.00030065166666665,0.0,3,3
2023-12-27,-0.013482944067770782,-0.013482944067770782,-0.013875392401104115,0.0003924483333333333,0.0,3,3
2023-12-28,-0.00719225312191476,-0.00719225312191476,-0.007856449788581427,0.0006641966666666667,0.0,3,3
2023-12-29,0.016128150113308648,0.016128150113308648,0.015497863446641981,0.0006302866666666666,0.0,3,3
2023-12-30,-0.0018582738230890129,-0.0018582738230890129,-0.0022328154897556796,0.0003745416666666666,0.0,3,3
2023-12-31,0.00026578277794739834,0.00026578277794739834,-0.00028113722205258497,0.0005469199999999833,0.9999999999999999,3,3
2024-01-01,-0.01445393286874836,-0.014953932868748361,-0.01499315286874836,0.00053922,0.0,3,3
2024-01-02,0.009018074532342385,0.009018074532342385,0.008594646199009051,0.0004234283333333334,0.0,3,3
2024-01-03,0.02126435054901012,0.02126435054901012,0.020924212215676787,0.00034013833333333335,0.0,3,3
2024-01-04,-0.008041234142423626,-0.008041234142423626,-0.008204775809090292,0.00016354166666666665,0.0,3,3
2024-01-05,0.00995855134455562,0.00995855134455562,0.00952723634455562,0.00043131499999999993,0.0,3,3
2024-01-06,0.009842765825601445,0.009842765825601445,0.009310844158934777,0.0005319216666666666,0.0,3,3
2024-01-07,0.005904734239530823,0.005904734239530823,0.005401187572864156,0.0005035466666666666,0.6666666666666666,3,3
2024-01-08,-0.0049774722066389466,-0.00531080553997228,-0.005327228873305613,0.00034975666666666664,0.0,3,3
2024-01-09,-0.006707726490466271,-0.006707726490466271,-0.006772053157132937,6.432666666666666e-05,0.0,3,3
2024-01-10,0.005257250093744862,0.005257250093744862,0.005207250093744863,4.9999999999999996e-05,0.0,3,3
2024-01-11,0.00269155728367227,0.00269155728367227,0.00264155728367227,4.9999999999999996e-05,0.0,3,3
2024-01-12,0.010498098366127879,0.010498098366127879,0.010462175032794545,3.592333333333333e-05,0.0,3,3
2024-01-13,-0.005183447923386378,-0.005183447923386378,-0.005219474590053045,3.6026666666666665e-05,0.0,3,3
2024-01-14,0.006881044288538376,0.006881044288538376,0.006851137621871709,2.9906666666666663e-05,0.6666666666666666,3,3
2024-01-15,0.01678540624950443,0.016452072916171095,0.01677306958283775,1.2336666666683336e-05,0.0,3,3
2024-01-16,-0.003901048691263093,-0.003901048691263093,-0.00415131035792976,0.00025026166666666664,0.0,3,3
2024-01-17,-0.008903946590700656,-0.008903946590700656,-0.009133286590700656,0.00022933999999999997,0.0,3,3
2024-01-18,0.012062541812348542,0.012062541812348542,0.011846113479015225,0.00021642833333331666,0.0,3,3
2024-01-19,0.017071067966446543,0.017071067966446543,0.016782402966446543,0.000288665,0.0,3,3
2024-01-20,-0.0014333350766161138,-0.0014333350766161138,-0.0016741000766161138,0.000240765,0.0,3,3
2024-01-21,0.0004422729759884094,0.0004422729759884094,0.0002522713093217428,0.00019000166666666664,0.6666666666666666,3,3
2024-01-22,0.010223754635076552,0.009890421301743219,0.009948839635076551,0.00027491500000000003,0.0,3,3
2024-01-23,-0.005603899714881887,-0.005603899714881887,-0.005805408048215221,0.00020150833333333333,0.0,3,3
2024-01-24,-0.006815198954289842,-0.006815198954289842,-0.006939230620956509,0.00012403166666666667,0.0,3,3
2024-01-25,0.008763803988940744,0.008763803988940744,0.008713803988940744,4.9999999999999996e-05,0.0,3,3
2024-01-26,-0.0016371094186342207,-0.0016371094186342207,-0.001676367751967554,3.925833333333333e-05,0.0,3,3
2024-01-27,-0.006304831183581209,-0.006304831183581209,-0.006359492850247875,5.466166666666668e-05,0.0,3,3
2024-01-28,-0.011429525678871974,-0.011429525678871974,-0.011485084012205308,5.5558333333333326e-05,1.0,3,3
2024-01-29,-0.004505448738443135,-0.005005448738443136,-0.004555647071776469,5.019833333333333e-05,0.0,3,3
2024-01-30,0.006027953318705522,0.006027953318705522,0.005971611652038855,5.634166666666666e-05,0.0,3,3
2024-01-31,-0.008498693526456727,-0.008498693526456727,-0.008548693526456727,4.9999999999999996e-05,0.0,3,3
2024-02-01,-0.002011502837927572,-0.002011502837927572,-0.002072506171260905,6.100333333333333e-05,0.0,3,3
2024-02-02,0.012140352200568732,0.012140352200568732,0.012079815533902066,6.053666666666666e-05,0.0,3,3
2024-02-03,-0.005641423871535324,-0.005641423871535324,-0.005703713871535324,6.229e-05,0.0,3,3
2024-02-04,0.009044220936005161,0.009044220936005161,0.008981344269338495,6.287666666666665e-05,0.6666666666666666,3,3
2024-02-05,-0.011918774393693616,-0.012252107727026949,-0.01197772772702695,5.895333333333333e-05,0.0,3,3
2024-02-06,0.013972275178207238,0.013972275178207238,0.013907786844873905,6.448833333333332e-05,0.0,3,3
2024-02-07,0.004650507228540364,0.004650507228540364,0.004578592228540364,7.191499999999999e-05,0.0,3,3
2024-02-08,0.009889094263634041,0.009889094263634041,0.00964966426363404,0.00023943,0.0,3,3
2024-02-09,0.008221778177992184,0.008221778177992184,0.007762251511325518,0.0004595266666666666,0.0,3,3
2024-02-10,-0.0016486855721112694,-0.0016486855721112694,-0.0020137955721112695,0.00036511,0.0,3,3
2024-02-11,-0.013402009825497526,-0.013402009825497526,-0.013751191492164192,0.0003491816666666666,0.6666666666666666,3,3
2024-02-12,0.013005773772177208,0.012672440438843875,0.01268302710551054,0.0003227466666666666,0.0,3,3
2024-02-13,0.010002745088291009,0.010002745088291009,0.009616966754957691,0.00038577833333331666,0.0,3,3
2024-02-14,0.005122935308745669,0.005122935308745669,0.004852221975412319,0.00027071333333334997,0.0,3,3
2024-02-15,0.006637664164491036,0.006637664164491036,0.0063743608311577025,0.00026330333333333337,0.0,3,3
2024-02-16,-0.0009084763137250367,-0.0009084763137250367,-0.00117891631372502,0.00027043999999998335,0.0,3,3
2024-02-17,0.004407191439514677,0.004407191439514677,0.004240723106181343,0.00016646833333333334,0.0,3,3
2024-02-18,-0.0012789785969649697,-0.0012789785969649697,-0.001461241930298303,0.00018226333333333335,0.6666666666666666,3,3
2024-02-19,-0.006918802847249818,-0.007252136180583151,-0.007068207847249818,0.00014940499999999994,0.0,3,3
2024-02-20,0.02059968554938067,0.02059968554938067,0.020442918882713986,0.00015676666666668336,0.0,3,3
2024-02-21,0.021687459166168575,0.021687459166168575,0.02153992583283524,0.0001475333333333333,0.0,3,3
2024-02-22,0.010190804434763025,0.010190804434763025,0.00964194276809636,0.0005488616666666666,0.0,3,3
2024-02-23,-0.0038917110497431254,-0.0038917110497431254,-0.004437644383076459,0.0005459333333333333,0.0,3,3
2024-02-24,-0.004143987994487479,-0.004143987994487479,-0.004841486327820813,0.0006974983333333333,0.0,3,3
2024-02-25,0.013414060755849472,0.013414060755849472,0.01274524575584949,0.0006688149999999832,0.6666666666666666,3,3
2024-02-26,0.0012218217618150903,0.000888488428481757,0.0007539600951484236,0.0004678616666666666,0.0,3,3
2024-02-27,-0.004184401928615536,-0.004184401928615536,-0.004760911928615552,0.0005765100000000166,0.0,3,3
2024-02-28,0.017547126734965703,0.017547126734965703,0.016937103401632368,0.0006100233333333333,0.0,3,3
2024-02-29,-0.03568821808736315,-0.03568821808736315,-0.035981309754029835,0.00029309166666668344,0.0,3,3
2024-03-01,-0.007934919567324979,-0.007934919567324979,-0.008165204567324946,0.0002302849999999666,0.0,3,3
2024-03-02,-0.03144648359822608,-0.03144648359822608,-0.03182613359822606,0.0003796499999999834,0.0,3,3
2024-03-03,0.01910097924049174,0.01910097924049174,0.01886029924049174,0.0002406799999999999,0.3333333333333333,3,3
2024-03-04,0.010468396767444864,0.010301730100778197,0.010239585100778197,0.00022881166666666668,0.0,3,3
2024-03-05,0.014982732069368655,0.014982732069368655,0.014638520402701988,0.0003442116666666667,0.0,3,3
2024-03-06,0.011197168686794892,0.011197168686794892,0.011201730353461576,-4.561666666683296e-06,0.0,3,3
2024-03-07,-0.0057429828137677994,-0.0057429828137677994,-0.0060038178137677995,0.00026083499999999995,0.0,3,3
2024-03-08,0.011302587001897105,0.011302587001897105,0.010939885335230454,0.00036270166666664994,0.0,3,3
2024-03-09,0.002191617954359733,0.002191617954359733,0.0016063779543597498,0.0005852399999999832,0.0,3,3
2024-03-10,0.021413014971322506,0.021413014971322506,0.021017358304655856,0.0003956566666666499,0.3333333333333333,3,3
2024-03-11,-0.016326566507582393,-0.01649323317424906,-0.016608694840915726,0.0002821283333333333,0.0,3,3
2024-03-12,-0.01934069532214289,-0.01934069532214289,-0.01968990532214289,0.00034920999999999986,0.0,3,3
2024-03-13,0.021542664802288877,0.021542664802288877,0.021308154802288894,0.0002345099999999832,0.0,3,3
2024-03-14,-0.027467003641825395,-0.027467003641825395,-0.027728300308492045,0.0002612966666666499,0.0,3,3
2024-03-15,-0.012672360158085727,-0.012672360158085727,-0.012902278491419061,0.0002299183333333333,0.0,3,3
2024-03-16,-0.005750979736507184,-0.005750979736507184,-0.005765336403173834,1.4356666666649981e-05,0.0,3,3
2024-03-17,-0.026675584046419957,-0.026675584046419957,-0.026687390713086623,1.1806666666666656e-05,0.3333333333333333,3,3
2024-03-18,-0.0018962943693193186,-0.0020629610359859853,-0.002030267702652652,0.00013397333333333333,0.0,3,3
2024-03-19,0.013193199663265934,0.013193199663265934,0.013253859663265935,-6.0660000000000005e-05,0.0,3,3
2024-03-20,-0.011595953176748554,-0.011595953176748554,-0.011616546510081888,2.0593333333333345e-05,0.0,3,3
2024-03-21,0.008968397897477382,0.008968397897477382,0.008911107897477382,5.728999999999999e-05,0.0,3,3
2024-03-22,-0.003900000790976502,-0.003900000790976502,-0.003903130790976502,3.129999999999992e-06,0.0,3,3
2024-03-23,-0.007932227649034665,-0.007932227649034665,-0.007996154315701332,6.392666666666668e-05,0.0,3,3
2024-03-24,-0.013250634028922334,-0.013250634028922334,-0.013266955695589,1.6321666666666663e-05,0.9999999999999999,3,3
2024-03-25,0.010361953264046306,0.009861953264046305,0.010362226597379657,-2.733333333500195e-07,0.0,3,3
2024-03-26,-0.0003285478789661262,-0.0003285478789661262,-0.00023937787896612626,-8.916999999999997e-05,0.0,3,3
2024-03-27,-0.010436778492083703,-0.010436778492083703,-0.01041785015875037,-1.8928333333333326e-05,0.0,3,3
2024-03-28,-0.030128233729656784,-0.030128233729656784,-0.03017292539632345,4.469166666666661e-05,0.0,3,3
2024-03-29,0.011843563395769903,0.011843563395769903,0.011718465062436569,0.0001250983333333333,0.0,3,3
2024-03-30,0.0030113295919835916,0.0030113295919835916,0.0025583945919835918,0.0004529349999999999,0.0,3,3
2024-03-31,-0.02106338947864586,-0.02106338947864586,-0.02140874447864586,0.000345355,1.3333333333333335,3,3
2024-04-01,0.010931348546480237,0.01026468187981357,0.010525808546480237,0.00040553999999999997,0.0,3,3
2024-04-02,-0.007591759812420035,-0.007591759812420035,-0.007611314812420035,1.9554999999999985e-05,0.0,3,3
2024-04-03,0.02930468710566327,0.02930468710566327,0.029327433772329936,-2.274666666666667e-05,0.0,3,3
2024-04-04,0.006930579665831485,0.006930579665831485,0.006872541332498152,5.803833333333336e-05,0.0,3,3
2024-04-05,0.003993971448243515,0.003993971448243515,0.003757251448243515,0.00023672,0.0,3,3
2024-04-06,-0.018290285325174065,-0.018290285325174065,-0.0185549686585074,0.00026468333333333336,0.0,3,3
2024-04-07,-0.009039832615700587,-0.009039832615700587,-0.009339455949033921,0.0002996233333333333,0.6666666666666666,3,3
2024-04-08,0.0023168985184769124,0.001983565185143579,0.0021605485184769124,0.00015635000000000003,0.0,3,3
2024-04-09,0.003568613249670954,0.003568613249670954,0.0035120915830042874,5.6521666666666665e-05,0.0,3,3
2024-04-10,0.0019423696657737393,0.0019423696657737393,0.0019914479991070726,-4.907833333333333e-05,0.0,3,3
2024-04-11,0.0016230147211883602,0.0016230147211883602,0.0016236730545216935,-6.583333333333539e-07,0.0,3,3
2024-04-12,0.017399886804276756,0.017399886804276756,0.017331698470943423,6.818833333333331e-05,0.0,3,3
2024-04-13,0.01442972471837623,0.01442972471837623,0.01407034971837623,0.000359375,0.0,3,3
2024-04-14,-0.0013430401500351282,-0.0013430401500351282,-0.001709865150035128,0.00036682499999999993,1.0,3,3
2024-04-15,0.00727112849904817,0.00677112849904817,0.0070356134990481696,0.00023551499999999997,0.0,3,3
2024-04-16,0.005545281204653447,0.005545281204653447,0.005196126204653447,0.0003491549999999999,0.0,3,3
2024-04-17,0.01637131806934244,0.01637131806934244,0.016301121402675773,7.019666666666666e-05,0.0,3,3
2024-04-18,-0.007668271451867298,-0.007668271451867298,-0.007724114785200631,5.584333333333333e-05,0.0,3,3
2024-04-19,-0.00452527716692695,-0.00452527716692695,-0.00454379716692695,1.8520000000000002e-05,0.0,3,3
2024-04-20,0.005962541930954731,0.005962541930954731,0.005939206930954731,2.3335000000000003e-05,0.0,3,3
2024-04-21,0.009650413246529578,0.009650413246529578,0.009613344913196245,3.706833333333333e-05,1.6666666666666667,3,3
2024-04-22,0.015449959725088497,0.014616626391755164,0.015388796391755164,6.116333333333332e-05,0.0,3,3
2024-04-23,-0.0015975525596743543,-0.0015975525596743543,-0.0017067225596743376,0.00010916999999998333,0.0,3,3
2024-04-24,0.0033610633202062865,0.0033610633202062865,0.0031386733202062866,0.00022239000000000002,0.0,3,3
2024-04-25,-0.003468027394043926,-0.003468027394043926,-0.0035954340607105926,0.00012740666666666666,0.0,3,3
2024-04-26,-0.013643437722332395,-0.013643437722332395,-0.013987317722332394,0.00034387999999999997,0.0,3,3
2024-04-27,-0.0027968739907065347,-0.0027968739907065347,-0.003078670657373218,0.00028179666666668335,0.0,3,3
2024-04-28,-0.0015459923765687627,-0.0015459923765687627,-0.0019575623765687626,0.00041156999999999994,0.6666666666666666,3,3
2024-04-29,0.014134282060938287,0.013800948727604954,0.01363312539427162,0.0005011566666666666,0.0,3,3
2024-04-30,-0.0017684673633287897,-0.0017684673633287897,-0.002034745696662123,0.0002662783333333333,0.0,3,3
2024-05-01,0.000528684870321578,0.000528684870321578,0.00037482653698824465,0.00015385833333333334,0.0,3,3
2024-05-02,-0.0007802907423093025,-0.0007802907423093025,-0.0008636107423093025,8.332000000000001e-05,0.0,3,3
2024-05-03,-0.0012013755518043877,-0.0012013755518043877,-0.0012747422184710543,7.336666666666666e-05,0.0,3,3
2024-05-04,-0.003560242763928617,-0.003560242763928617,-0.0036642810972619504,0.00010403833333333333,0.0,3,3
2024-05-05,0.0045034445995110715,0.0045034445995110715,0.004264242932844405,0.0002392016666666667,0.6666666666666666,3,3
2024-05-06,-8.68232431876573e-05,-0.00042015657652099065,-0.00018909157652099062,0.00010226833333333332,0.0,3,3
2024-05-07,-0.010780483854257096,-0.010780483854257096,-0.010785112187590429,4.628333333333331e-06,0.0,3,3
2024-05-08,-0.014218308967303918,-0.014218308967303918,-0.014198070633970584,-2.0238333333333326e-05,0.0,3,3
2024-05-09,0.007457581970658114,0.007457581970658114,0.007388471970658098,6.911000000001666e-05,0.0,3,3
2024-05-10,-0.00018845741133094316,-0.00018845741133094316,-0.00034612741133094316,0.00015767,0.0,3,3
2024-05-11,0.0006882650638632625,0.0006882650638632625,0.0006269167305299292,6.134833333333333e-05,0.0,3,3
2024-05-12,-0.0038649693788830554,-0.0038649693788830554,-0.003902171045549722,3.7201666666666667e-05,0.9999999999999999,3,3
2024-05-13,0.0012181286272709903,0.0007181286272709904,0.0010492619606043236,0.00016886666666666663,0.0,3,3
2024-05-14,-0.003913805238186283,-0.003913805238186283,-0.00428228190485295,0.0003684766666666667,0.0,3,3
2024-05-15,0.003991248348819125,0.003991248348819125,0.003454773348819125,0.0005364749999999999,0.0,3,3
2024-05-16,0.002773028910327314,0.002773028910327314,0.002567903910327314,0.00020512499999999999,0.0,3,3
2024-05-17,0.0020269718573301455,0.0020269718573301455,0.0018405751906634955,0.00018639666666664997,0.0,3,3
2024-05-18,-0.000703893199193651,-0.000703893199193651,-0.0007375065325269843,3.361333333333334e-05,0.0,3,3
2024-05-19,0.001068914154753697,0.001068914154753697,0.001026409154753697,4.2504999999999994e-05,0.9999999999999999,3,3
2024-05-20,-0.015609157358000834,-0.016109157358000833,-0.015695527358000835,8.637e-05,0.0,3,3
2024-05-21,-0.013820505447767126,-0.013820505447767126,-0.013821725447767125,1.2199999999999917e-06,0.0,3,3
2024-05-22,0.008937668302143294,0.008937668302143294,0.008977666635476611,-3.999833333331667e-05,0.0,3,3
2024-05-23,0.005749602249343681,0.005749602249343681,0.005713948916010347,3.565333333333333e-05,0.0,3,3
2024-05-24,-0.007621502644143786,-0.007621502644143786,-0.007670754310810452,4.925166666666666e-05,0.0,3,3
2024-05-25,-0.008465896979845858,-0.008465896979845858,-0.008515896979845857,4.9999999999999996e-05,0.0,3,3
2024-05-26,0.009057449081057089,0.009057449081057089,0.009020580747723755,3.686833333333333e-05,1.0,3,3
2024-05-27,-0.008703262081643572,-0.009203262081643572,-0.008686227081643572,-1.7035000000000002e-05,0.0,3,3
2024-05-28,0.006658267321397799,0.006658267321397799,0.006649448988064466,8.81833333333333e-06,0.0,3,3
2024-05-29,0.004378714189612932,0.004378714189612932,0.004338885856279598,3.982833333333333e-05,0.0,3,3
2024-05-30,0.0036789071588406684,0.0036789071588406684,0.0035926621588406684,8.6245e-05,0.0,3,3
2024-05-31,-0.0037651545359960953,-0.0037651545359960953,-0.0037907228693294286,2.556833333333333e-05,0.0,3,3
2024-06-01,0.0009619217769063197,0.0009619217769063197,0.0009862134435729697,-2.429166666665e-05,0.0,3,3
2024-06-02,0.005413714730710273,0.005413714730710273,0.005389496397376939,2.4218333333333352e-05,0.6666666666666666,3,3
2024-06-03,0.00647699858289575,0.006143665249562417,0.0064909969162291,-1.3998333333349987e-05,0.0,3,3
2024-06-04,0.012824167017014757,0.012824167017014757,0.012850508683681424,-2.6341666666666672e-05,0.0,3,3
2024-06-05,0.0031971059041187256,0.0031971059041187256,0.0031887475707853925,8.358333333333351e-06,0.0,3,3
2024-06-06,0.006641727631926875,0.006641727631926875,0.0065816159652602076,6.011166666666667e-05,0.0,3,3
2024-06-07,0.0065333419606170735,0.0065333419606170735,0.00641648862728374,0.00011685333333333332,0.0,3,3
2024-06-08,0.007495642158082373,0.007495642158082373,0.007445642158082373,4.9999999999999996e-05,0.0,3,3
2024-06-09,-0.007249790364990067,-0.007249790364990067,-0.007299790364990066,4.9999999999999996e-05,0.9999999999999999,3,3
2024-06-10,-0.010949749584793235,-0.011449749584793235,-0.010999749584793234,4.9999999999999996e-05,0.0,3,3
2024-06-11,0.0026020564328599395,0.0026020564328599395,0.0025520564328599393,4.9999999999999996e-05,0.0,3,3
2024-06-12,-0.001885280922197558,-0.001885280922197558,-0.0019367792555308912,5.149833333333332e-05,0.0,3,3
2024-06-13,0.0014868329612349066,0.0014868329612349066,0.0014368329612349066,4.9999999999999996e-05,0.0,3,3
2024-06-14,0.007650417745576302,0.007650417745576302,0.007603461078909635,4.695666666666666e-05,0.0,3,3
2024-06-15,-0.007663502114296962,-0.007663502114296962,-0.007690618780963629,2.7116666666666657e-05,0.0,3,3
2024-06-16,-0.001435223754592788,-0.001435223754592788,-0.001488503754592788,5.327999999999999e-05,1.0,3,3
2024-06-17,-0.013769951723899106,-0.014269951723899107,-0.013843833390565772,7.388166666666666e-05,0.0,3,3
2024-06-18,-0.00441376611177962,-0.00441376611177962,-0.00450665611177962,9.289e-05,0.0,3,3
2024-06-19,0.0007007446352044951,0.0007007446352044951,0.0006109763018711618,8.976833333333332e-05,0.0,3,3
2024-06-20,0.0003126863488590875,0.0003126863488590875,0.00023372801552575418,7.895833333333332e-05,0.0,3,3
2024-06-21,-0.004807438991068281,-0.004807438991068281,-0.004786927324401631,-2.0511666666649986e-05,0.0,3,3
2024-06-22,-0.0027036526012381226,-0.0027036526012381226,-0.0027658592679047724,6.220666666664999e-05,0.0,3,3
2024-06-23,-0.000656419417314053,-0.000656419417314053,-0.0007805344173140529,0.000124115,0.3333333333333333,3,3
2024-06-24,0.01642787270183292,0.016261206035166256,0.01638915936849959,3.871333333333333e-05,0.0,3,3
2024-06-25,0.011280697760192982,0.011280697760192982,0.011267034426859649,1.3663333333333328e-05,0.0,3,3
2024-06-26,-0.003671227459020047,-0.003671227459020047,-0.003721597459020047,5.0369999999999994e-05,0.0,3,3
2024-06-27,0.005042319788992229,0.005042319788992229,0.0049991364556588955,4.3183333333333344e-05,0.0,3,3
2024-06-28,-0.0113445524511657,-0.0113445524511657,-0.011394552451165699,4.9999999999999996e-05,0.0,3,3
2024-06-29,-0.010080716265452299,-0.010080716265452299,-0.010176089598785631,9.537333333333332e-05,0.0,3,3
2024-06-30,0.00938914902922203,0.00938914902922203,0.009367749029222031,2.14e-05,0.9999999999999999,3,3
2024-07-01,-0.006991910376155739,-0.0074919103761557386,-0.007039325376155739,4.741499999999999e-05,0.0,3,3
2024-07-02,0.004766948311586777,0.004766948311586777,0.0047137383115867775,5.321e-05,0.0,3,3
2024-07-03,-0.007770182878538479,-0.007770182878538479,-0.007823354545205146,5.3171666666666664e-05,0.0,3,3
2024-07-04,-0.011297148853356406,-0.011297148853356406,-0.011375428853356406,7.828e-05,0.0,3,3
2024-07-05,0.008948195719705692,0.008948195719705692,0.008821797386372341,0.00012639833333335,0.0,3,3
2024-07-06,0.016099833085023815,0.016099833085023815,0.01601329475169048,8.653833333333334e-05,0.0,3,3
2024-07-07,-0.010272328336225798,-0.010272328336225798,-0.010323878336225797,5.155e-05,0.3333333333333333,3,3
2024-07-08,0.005170835689544858,0.005004169022878192,0.005073747356211541,9.708833333331665e-05,0.0,3,3
2024-07-09,0.0020230585634517188,0.0020230585634517188,0.0019664702301183854,5.6588333333333335e-05,0.0,3,3
2024-07-10,0.008701733033288564,0.008701733033288564,0.008717836366621897,-1.610333333333333e-05,0.0,3,3
2024-07-11,0.008239961249499802,0.008239961249499802,0.008185432916166469,5.4528333333333324e-05,0.0,3,3
2024-07-12,0.004306059122581117,0.004306059122581117,0.004285609122581134,2.0449999999983333e-05,0.0,3,3
2024-07-13,0.007308354053317563,0.007308354053317563,0.007253615719984229,5.4738333333333324e-05,0.0,3,3
2024-07-14,-0.009057036709311942,-0.009057036709311942,-0.009068566709311941,1.1530000000000006e-05,0.9999999999999999,3,3
2024-07-15,4.532069334320073e-05,-0.00045467930665679917,-4.4280973323465936e-05,8.960166666666667e-05,0.0,3,3
2024-07-16,0.004489037151789043,0.004489037151789043,0.004419243818455709,6.979333333333331e-05,0.0,3,3
2024-07-17,-0.0020525747410124794,-0.0020525747410124794,-0.0021215430743458294,6.896833333334998e-05,0.0,3,3
2024-07-18,0.007709006699086033,0.007709006699086033,0.007674296699086016,3.471000000001667e-05,0.0,3,3
2024-07-19,-0.0021982091828110957,-0.0021982091828110957,-0.0022706341828111123,7.242500000001667e-05,0.0,3,3
2024-07-20,0.002211305352639956,0.002211305352639956,0.002157317019306623,5.398833333333333e-05,0.0,3,3
2024-07-21,0.01211959136857802,0.01211959136857802,0.012087593035244686,3.199833333333332e-05,1.0,3,3
2024-07-22,0.0007648718854315089,0.0002648718854315089,0.0007316668854315256,3.3204999999983335e-05,0.0,3,3
2024-07-23,-0.0038955377033492006,-0.0038955377033492006,-0.003943079370015867,4.7541666666666666e-05,0.0,3,3
2024-07-24,-0.008072233346293544,-0.008072233346293544,-0.008175566679626878,0.00010333333333333332,0.0,3,3
2024-07-25,0.007507635310201695,0.007507635310201695,0.0074786253102017124,2.900999999998333e-05,0.0,3,3
2024-07-26,-0.003268047201400459,-0.003268047201400459,-0.0033474038680671257,7.935666666666666e-05,0.0,3,3
2024-07-27,0.0018058982592764493,0.0018058982592764493,0.001707119925943116,9.877833333333333e-05,0.0,3,3
2024-07-28,0.0009585496890174724,0.0009585496890174724,0.0008353963556841557,0.00012315333333331666,1.0,3,3
2024-07-29,0.005457210974085722,0.004957210974085722,0.005327007640752389,0.00013020333333333333,0.0,3,3
2024-07-30,0.003600190284406686,0.003600190284406686,0.0033967719510733527,0.00020341833333333332,0.0,3,3
2024-07-31,0.004628744341020114,0.004628744341020114,0.004537707674353464,9.103666666664999e-05,0.0,3,3
2024-08-01,0.006735997219704352,0.006735997219704352,0.006595497219704352,0.0001405,0.0,3,3
2024-08-02,-0.0005093854202166158,-0.0005093854202166158,-0.0006509754202165992,0.00014158999999998334,0.0,3,3
2024-08-03,0.004688235996465669,0.004688235996465669,0.004500939329799003,0.00018729666666666666,0.0,3,3
2024-08-04,-0.013349546964595586,-0.013349546964595586,-0.013510256964595586,0.00016071,0.3333333333333333,3,3
2024-08-05,-0.0069784849364965705,-0.007145151603163237,-0.007140168269829904,0.0001616833333333333,0.0,3,3
2024-08-06,0.0016653771169020085,0.0016653771169020085,0.0014324837835686752,0.00023289333333333331,0.0,3,3
2024-08-07,-0.010767693111069357,-0.010767693111069357,-0.010859324777736008,9.163166666665e-05,0.0,3,3
2024-08-08,-0.004045219398959967,-0.004045219398959967,-0.004111256065626633,6.603666666666667e-05,0.0,3,3
2024-08-09,0.0014042251277342167,0.0014042251277342167,0.0012787517944008835,0.00012547333333333332,0.0,3,3
2024-08-10,0.005336799600965097,0.005336799600965097,0.00521605793429843,0.00012074166666666667,0.0,3,3
2024-08-11,-0.0009040252419935649,-0.0009040252419935649,-0.0011491219086602316,0.0002450966666666667,1.0,3,3
2024-08-12,0.015972844851366193,0.015472844851366192,0.015771324851366193,0.00020152,0.0,3,3
2024-08-13,-0.0109172204852452,-0.0109172204852452,-0.011140553818578517,0.00022333333333331666,0.0,3,3
2024-08-14,-0.002757176541978401,-0.002757176541978401,-0.0028220965419783845,6.491999999998334e-05,0.0,3,3
2024-08-15,-0.013665852417620201,-0.013665852417620201,-0.013680120750953519,1.4268333333316674e-05,0.0,3,3
2024-08-16,-0.004750921230555865,-0.004750921230555865,-0.0049217995638891985,0.00017087833333333333,0.0,3,3
2024-08-17,-0.0005584011155119646,-0.0005584011155119646,-0.0006475011155119646,8.91e-05,0.0,3,3
2024-08-18,0.006690965262728849,0.006690965262728849,0.006605140262728849,8.5825e-05,0.6666666666666666,3,3
2024-08-19,-0.00469360120021121,-0.005026934533544543,-0.004809516200211193,0.00011591499999998332,0.0,3,3
2024-08-20,0.01148490692925427,0.01148490692925427,0.01142878692925427,5.612e-05,0.0,3,3
2024-08-21,0.024824506955581166,0.024824506955581166,0.0248008152889145,2.3691666666666665e-05,0.0,3,3
2024-08-22,0.017094249992839563,0.017094249992839563,0.017003908326172896,9.034166666666666e-05,0.0,3,3
2024-08-23,0.005192491336794104,0.005192491336794104,0.005143864670127471,4.8626666666633334e-05,0.0,3,3
2024-08-24,0.007098733265992525,0.007098733265992525,0.007038596599325875,6.013666666665001e-05,0.0,3,3
2024-08-25,0.00799038707186149,0.00799038707186149,0.007998993738528156,-8.606666666666658e-06,1.0,3,3
2024-08-26,-0.0006324538500613182,-0.001132453850061318,-0.0006860388500613181,5.358500000000001e-05,0.0,3,3
2024-08-27,-0.0016186339796289695,-0.0016186339796289695,-0.0016621539796289695,4.3520000000000003e-05,0.0,3,3
2024-08-28,-0.008451327931336256,-0.008451327931336256,-0.008489367931336256,3.804e-05,0.0,3,3
2024-08-29,-0.0052051082752026835,-0.0052051082752026835,-0.00529217994186935,8.707166666666666e-05,0.0,3,3
2024-08-30,-0.002290327864071617,-0.002290327864071617,-0.0023765811974049505,8.625333333333332e-05,0.0,3,3
2024-08-31,-0.002164184229099609,-0.002164184229099609,-0.0022241842290996092,6e-05,0.0,3,3
2024-09-01,-0.0010223744497178883,-0.0010223744497178883,-0.0011454777830512217,0.00012310333333333332,0.6666666666666666,3,3
2024-09-02,0.003906781727355765,0.0035734483940224313,0.0038127467273557647,9.403499999999999e-05,0.0,3,3
2024-09-03,0.004380345337255143,0.004380345337255143,0.00430847867058846,7.186666666668333e-05,0.0,3,3
2024-09-04,0.0038311900367386078,0.0038311900367386078,0.0037881917034052743,4.299833333333333e-05,0.0,3,3
2024-09-05,-0.0014188248155489497,-0.0014188248155489497,-0.0014594181488822664,4.059333333331667e-05,0.0,3,3
2024-09-06,0.010657638200645646,0.010657638200645646,0.01060989653397898,4.7741666666666664e-05,0.0,3,3
2024-09-07,-0.006436375802822581,-0.006436375802822581,-0.006470527469489248,3.415166666666667e-05,0.0,3,3
2024-09-08,0.003445400171396392,0.003445400171396392,0.003411725171396392,3.3675000000000005e-05,1.0,3,3
2024-09-09,-0.006628819079404397,-0.007128819079404398,-0.006601925746071064,-2.689333333333333e-05,0.0,3,3
2024-09-10,0.003127866142976315,0.003127866142976315,0.003069296142976315,5.856999999999999e-05,0.0,3,3
2024-09-11,-0.002107361509753733,-0.002107361509753733,-0.0021045298430870663,-2.8316666666666644e-06,0.0,3,3
2024-09-12,0.010460349253276156,0.010460349253276156,0.010389604253276173,7.074499999998332e-05,0.0,3,3
2024-09-13,0.0020440240108587407,0.0020440240108587407,0.0020451073441920906,-1.0833333333500033e-06,0.0,3,3
2024-09-14,0.0010421162578872288,0.0010421162578872288,0.0010958179245538955,-5.370166666666666e-05,0.0,3,3
2024-09-15,0.0005172449071914663,0.0005172449071914663,0.0004982182405247997,1.9026666666666662e-05,1.0,3,3
2024-09-16,0.0027279402306815653,0.0022279402306815653,0.0026833218973482485,4.461833333331666e-05,0.0,3,3
2024-09-17,0.006402083542742725,0.006402083542742725,0.006343483542742758,5.8599999999966655e-05,0.0,3,3
2024-09-18,0.0006821352441418899,0.0006821352441418899,0.0005732335774752233,0.00010890166666666666,0.0,3,3
2024-09-19,0.008841304478775824,0.008841304478775824,0.008728471145442507,0.00011283333333331663,0.0,3,3
2024-09-20,0.002846795836107898,0.002846795836107898,0.002749790836107898,9.7005e-05,0.0,3,3
2024-09-21,-0.003721578186092181,-0.003721578186092181,-0.0037930148527588474,7.143666666666667e-05,0.0,3,3
2024-09-22,0.01160525753739202,0.01160525753739202,0.011573349204058687,3.1908333333333334e-05,0.6666666666666666,3,3
2024-09-23,0.004933551855307044,0.004600218521973711,0.004887240188640378,4.6311666666666666e-05,0.0,3,3
2024-09-24,0.0022976287184232934,0.0022976287184232934,0.0022802720517566266,1.7356666666666676e-05,0.0,3,3
2024-09-25,-0.010110535620797825,-0.010110535620797825,-0.010149885620797808,3.9349999999983325e-05,0.0,3,3
2024-09-26,-0.00018224999675737734,-0.00018224999675737734,-0.00023782833009071067,5.557833333333332e-05,0.0,3,3
2024-09-27,0.0019988242365099338,0.0019988242365099338,0.001955002569843267,4.382166666666667e-05,0.0,3,3
2024-09-28,-0.02535216022938101,-0.02535216022938101,-0.02538061522938101,2.845500000000001e-05,0.0,3,3
2024-09-29,-0.0006898852105547865,-0.0006898852105547865,-0.0007704118772214532,8.052666666666666e-05,0.9999999999999999,3,3
2024-09-30,0.0090986754870178,0.0085986754870178,0.009025003820351133,7.367166666666665e-05,0.0,3,3
2024-10-01,0.0026875641459592385,0.0026875641459592385,0.0026732791459592384,1.4285000000000006e-05,0.0,3,3
2024-10-02,0.01853364375234515,0.01853364375234515,0.01854469375234515,-1.1049999999999994e-05,0.0,3,3
2024-10-03,0.0039582811748717075,0.0039582811748717075,0.003956806174871708,1.4749999999999927e-06,0.0,3,3
2024-10-04,-0.0020886066697931257,-0.0020886066697931257,-0.002064851669793126,-2.3755e-05,0.0,3,3
2024-10-05,0.0012558422753477679,0.0012558422753477679,0.0012014806086811012,5.436166666666666e-05,0.0,3,3
2024-10-06,0.0012897436466635648,0.0012897436466635648,0.0012214586466635648,6.828500000000001e-05,1.3333333333333333,3,3
2024-10-07,0.0026778328119134763,0.00201116614524681,0.0026309811452468095,4.685166666666666e-05,0.0,3,3
2024-10-08,-0.005951776065416872,-0.005951776065416872,-0.006022571065416889,7.079500000001666e-05,0.0,3,3
2024-10-09,-0.0009866789250309825,-0.0009866789250309825,-0.0012948872583643158,0.00030820833333333324,0.0,3,3
2024-10-10,-0.003226089018703246,-0.003226089018703246,-0.0033533523520365796,0.00012726333333333334,0.0,3,3
2024-10-11,0.009348137724887498,0.009348137724887498,0.009224516058220831,0.00012362166666666667,0.0,3,3
2024-10-12,0.00523390888354585,0.00523390888354585,0.0052119672168791835,2.1941666666666667e-05,0.0,3,3
2024-10-13,0.003662121489953563,0.003662121489953563,0.003673361489953563,-1.1240000000000008e-05,0.6666666666666666,3,3
2024-10-14,-0.0025990333931715415,-0.002932366726504875,-0.0026764283931715416,7.7395e-05,0.0,3,3
2024-10-15,-0.016814699834852453,-0.016814699834852453,-0.01691618650151912,0.00010148666666666665,0.0,3,3
2024-10-16,0.003237366156392985,0.003237366156392985,0.003090627823059652,0.0001467383333333333,0.0,3,3
2024-10-17,-0.012581246422967271,-0.012581246422967271,-0.01266521642296727,8.396999999999998e-05,0.0,3,3
2024-10-18,0.0031782001226122155,0.0031782001226122155,0.003076256789278882,0.00010194333333333332,0.0,3,3
2024-10-19,0.0027567682269835758,0.0027567682269835758,0.0026704598936502424,8.630833333333332e-05,0.0,3,3
2024-10-20,0.007416679446866578,0.007416679446866578,0.007338904446866578,7.777499999999999e-05,0.3333333333333333,3,3
2024-10-21,-0.0074506877884484134,-0.00761735445511508,-0.00747381445511508,2.3126666666666663e-05,0.0,3,3
2024-10-22,0.003766628026447403,0.003766628026447403,0.003692258026447403,7.437000000000001e-05,0.0,3,3
2024-10-23,0.006626428350122021,0.006626428350122021,0.006518121683455354,0.00010830666666666666,0.0,3,3
2024-10-24,0.0008628236878208337,0.0008628236878208337,0.000786147021154167,7.667666666666666e-05,0.0,3,3
2024-10-25,-0.0002768319236758667,-0.0002768319236758667,-0.00037979359034253334,0.00010296166666666665,0.0,3,3
2024-10-26,0.0026462269250335747,0.0026462269250335747,0.0024588085917002416,0.00018741833333333333,0.0,3,3
2024-10-27,0.0008081622576101139,0.0008081622576101139,0.0006169905909434639,0.00019117166666664996,0.6666666666666666,3,3
2024-10-28,0.000884241611669221,0.0005509082783358877,0.0007419199450025378,0.0001423216666666833,0.0,3,3
2024-10-29,-0.0053689964491786075,-0.0053689964491786075,-0.005413851449178607,4.485499999999999e-05,0.0,3,3
2024-10-30,-0.0159155168322143,-0.0159155168322143,-0.015904370165547632,-1.114666666666666e-05,0.0,3,3
2024-10-31,0.0073398907029869195,0.0073398907029869195,0.007243997369653586,9.589333333333333e-05,0.0,3,3
2024-11-01,0.0071612926686417866,0.0071612926686417866,0.006959434335308453,0.0002018583333333333,0.0,3,3
2024-11-02,-0.006964964036257836,-0.006964964036257836,-0.0071196307029245025,0.00015466666666666667,0.0,3,3
2024-11-03,-0.002609389297935574,-0.002609389297935574,-0.0027525559646022404,0.00014316666666666666,0.9999999999999999,3,3
2024-11-04,-0.002196221441464009,-0.002696221441464009,-0.0024017931081306756,0.00020557166666666666,0.0,3,3
2024-11-05,0.01677296606944793,0.01677296606944793,0.016636657736114596,0.00013630833333333334,0.0,3,3
2024-11-06,-0.00025208762024831935,-0.00025208762024831935,-0.00030352762024831934,5.1439999999999995e-05,0.0,3,3
2024-11-07,0.000658725815031512,0.000658725815031512,0.000668745815031512,-1.0019999999999989e-05,0.0,3,3
2024-11-08,0.002962169279592491,0.002962169279592491,0.002977289279592491,-1.5120000000000004e-05,0.0,3,3
2024-11-09,0.004253510758119819,0.004253510758119819,0.004285650758119819,-3.214e-05,0.0,3,3
2024-11-10,0.00048130395883602266,0.00048130395883602266,0.000537647292169356,-5.634333333333336e-05,0.6666666666666666,3,3
2024-11-11,0.010537477802042151,0.010204144468708818,0.010557226135375502,-1.974833333335002e-05,0.0,3,3
2024-11-12,-0.03591008832269471,-0.03591008832269471,-0.03597551498936139,6.542666666668333e-05,0.0,3,3
2024-11-13,0.002242285642543236,0.002242285642543236,0.0022449373092099196,-2.65166666668333e-06,0.0,3,3
2024-11-14,-0.04905888233338431,-0.04905888233338431,-0.04903294566671765,-2.593666666666666e-05,0.0,3,3
2024-11-15,-0.0015198707275393194,-0.0015198707275393194,-0.0015358890608726528,1.6018333333333342e-05,0.0,3,3
2024-11-16,-0.05220645864570801,-0.05220645864570801,-0.052192896979041344,-1.356166666666667e-05,0.0,3,3
2024-11-17,0.03353522298882365,0.03353522298882365,0.03355670298882367,-2.148000000001666e-05,1.3333333333333333,3,3
2024-11-18,-0.0017819429718477428,-0.0024486096385144093,-0.0019801196385144096,0.00019817666666666666,0.0,3,3
2024-11-19,-0.010684762161369748,-0.010684762161369748,-0.010741020494703064,5.625833333331668e-05,0.0,3,3
2024-11-20,0.014573751806104521,0.014573751806104521,0.014608813472771171,-3.506166666664998e-05,0.0,3,3
2024-11-21,-0.020095945447025244,-0.020095945447025244,-0.020083443780358576,-1.2501666666666662e-05,0.0,3,3
2024-11-22,0.03487744119610523,0.03487744119610523,0.03485339952943858,2.404166666664998e-05,0.0,3,3
2024-11-23,0.000718123322318508,0.000718123322318508,0.0006334049889851747,8.471833333333333e-05,0.0,3,3
2024-11-24,0.0035694320786169684,0.0035694320786169684,0.003587727078616968,-1.829499999999996e-05,0.9999999999999999,3,3
2024-11-25,0.0019281751224825064,0.0014281751224825066,0.0019131367891491897,1.5038333333316638e-05,0.0,3,3
2024-11-26,0.0023197958021669114,0.0023197958021669114,0.002389025802166895,-6.922999999998333e-05,0.0,3,3
2024-11-27,-0.007337547694987594,-0.007337547694987594,-0.007269017694987594,-6.853000000000001e-05,0.0,3,3
2024-11-28,0.00523865586941201,0.00523865586941201,0.005323295869412011,-8.463999999999999e-05,0.0,3,3
2024-11-29,0.00447245650183596,0.00447245650183596,0.004538823168502626,-6.636666666666669e-05,0.0,3,3
2024-11-30,-0.0046784478634219265,-0.0046784478634219265,-0.00464670619675526,-3.1741666666666675e-05,0.0,3,3
2024-12-01,0.021989251188907377,0.021989251188907377,0.022074092855574042,-8.484166666666669e-05,2.0,3,3
2024-12-02,-0.021993136304776496,-0.022993136304776497,-0.022075789638109827,8.265333333333332e-05,0.0,3,3
2024-12-03,-0.02371807679167234,-0.02371807679167234,-0.02392265179167234,0.000204575,0.0,3,3
2024-12-04,-0.011594456348389013,-0.011594456348389013,-0.01178409468172233,0.00018963833333331663,0.0,3,3
2024-12-05,-0.002161668560461816,-0.002161668560461816,-0.002166085227128466,4.416666666650005e-06,0.0,3,3
2024-12-06,-0.0012668676269901235,-0.0012668676269901235,-0.0013294142936567735,6.254666666665e-05,0.0,3,3
2024-12-07,0.01597185348961265,0.01597185348961265,0.015946938489612667,2.4914999999983277e-05,0.0,3,3
2024-12-08,-0.0020049166420984745,-0.0020049166420984745,-0.0020469199754318077,4.200333333333333e-05,0.9999999999999999,3,3
2024-12-09,0.030351608507515254,0.029851608507515254,0.030295683507515256,5.592500000000002e-05,0.0,3,3
2024-12-10,0.016819668876233873,0.016819668876233873,0.016819668876233873,-0.0,0.0,3,3
2024-12-11,-0.01579532792540229,-0.01579532792540229,-0.01581255292540229,1.7225e-05,0.0,3,3
2024-12-12,-0.038237569564526785,-0.038237569564526785,-0.038237569564526785,-0.0,0.0,3,3
2024-12-13,0.001660458084676803,0.001660458084676803,0.0016594947513434697,9.633333333333315e-07,0.0,3,3
2024-12-14,0.00903681844646685,0.00903681844646685,0.009031401779800182,5.416666666666672e-06,0.0,3,3
2024-12-15,0.0037773090254590753,0.0037773090254590753,0.003775535692125742,1.7733333333333186e-06,1.0,3,3
2024-12-16,0.0059125928209536995,0.0054125928209537,0.005863036154287033,4.955666666666666e-05,0.0,3,3
2024-12-17,-0.004286522289424,-0.004286522289424,-0.004285763956090666,-7.583333333333292e-07,0.0,3,3
2024-12-18,0.011073557799149914,0.011073557799149914,0.011005797799149914,6.775999999999999e-05,0.0,3,3
2024-12-19,0.0016829020069760408,0.0016829020069760408,0.0015302153403093741,0.00015268666666666664,0.0,3,3
2024-12-20,7.35383623653474e-05,7.35383623653474e-05,-3.0138304301319252e-05,0.00010367666666666666,0.0,3,3
2024-12-21,0.00424908381028339,0.00424908381028339,0.004190747143616723,5.8336666666666667e-05,0.0,3,3
2024-12-22,-0.003269027755436568,-0.003269027755436568,-0.0033406460887699017,7.161833333333332e-05,0.6666666666666666,3,3
2024-12-23,0.008737081167440314,0.008403747834106981,0.008565464500773647,0.00017161666666666667,0.0,3,3
2024-12-24,0.0005919867519803033,0.0005919867519803033,0.00041181341864697,0.00018017333333333332,0.0,3,3
2024-12-25,-0.0033600528805714514,-0.0033600528805714514,-0.0035195312139047847,0.00015947833333333333,0.0,3,3
2024-12-26,0.0039274570238583455,0.0039274570238583455,0.003771547023858345,0.00015591000000000002,0.0,3,3
2024-12-27,0.002162286707448872,0.002162286707448872,0.001956441707448872,0.00020584500000000002,0.0,3,3
2024-12-28,0.018741531676824,0.018741531676824,0.018672385010157333,6.914666666666666e-05,0.0,3,3
2024-12-29,-0.007506558881846086,-0.007506558881846086,-0.007558160548512752,5.160166666666668e-05,0.3333333333333333,3,3
2024-12-30,0.006699080549205915,0.006532413882539248,0.006624013882539248,7.506666666666666e-05,0.0,3,3
2024-12-31,-0.00456817378993156,-0.00456817378993156,-0.004647138789931561,7.896499999999999e-05,0.0,3,3
2025-01-01,-0.008674416120669892,-0.008674416120669892,-0.008803884454003225,0.0001294683333333333,0.0,3,3
2025-01-02,0.012126833981199838,0.012126833981199838,0.012047245647866505,7.958833333333333e-05,0.0,3,3
2025-01-03,0.005401467807336298,0.005401467807336298,0.005289066140669631,0.00011240166666666665,0.0,3,3
2025-01-04,0.006562345908948237,0.006562345908948237,0.00648713424228157,7.521166666666666e-05,0.0,3,3
2025-01-05,-0.015584808322991852,-0.015584808322991852,-0.01566064498965852,7.583666666666667e-05,0.3333333333333333,3,3
2025-01-06,0.009537943044129915,0.009371276377463248,0.009426031377463248,0.00011191166666666666,0.0,3,3
2025-01-07,0.010690463262384202,0.010690463262384202,0.010591778262384203,9.8685e-05,0.0,3,3
2025-01-08,0.00554633269444561,0.00554633269444561,0.0051941026944456094,0.00035223,0.0,3,3
2025-01-09,-0.012907879662449684,-0.012907879662449684,-0.013030762995783018,0.00012288333333333333,0.0,3,3
2025-01-10,0.0011367683641975072,0.0011367683641975072,0.0008398933641975406,0.00029687499999996665,0.0,3,3
2025-01-11,0.0037431769820339984,0.0037431769820339984,0.0035851553153673317,0.00015802166666666667,0.0,3,3
2025-01-12,0.004189836169256186,0.004189836169256186,0.004062311169256186,0.00012752499999999997,0.6666666666666666,3,3
2025-01-13,0.004548874830604142,0.004215541497270809,0.004309081497270809,0.00023979333333333335,0.0,3,3
2025-01-14,-0.007848852893054882,-0.007848852893054882,-0.007949734559721549,0.00010088166666666667,0.0,3,3
2025-01-15,-0.02059672471971254,-0.02059672471971254,-0.020721386386379208,0.00012466166666666665,0.0,3,3
2025-01-16,-0.0015981522174856088,-0.0015981522174856088,-0.0016406455508189421,4.2493333333333335e-05,0.0,3,3
2025-01-17,0.009662985877417526,0.009662985877417526,0.009641157544084194,2.1828333333333336e-05,0.0,3,3
2025-01-18,0.03514975557881951,0.03514975557881951,0.03509722057881951,5.2535e-05,0.0,3,3
2025-01-19,0.009358665726277677,0.009358665726277677,0.00935512405961101,3.541666666666667e-06,0.6666666666666666,3,3
2025-01-20,-0.01674639646692476,-0.017079729800258094,-0.016919689800258094,0.0001732933333333333,0.0,3,3
2025-01-21,0.00048508242070132183,0.00048508242070132183,0.00034856908736800515,0.00013651333333331665,0.0,3,3
2025-01-22,0.021472414784137875,0.021472414784137875,0.021419018117471208,5.3396666666666656e-05,0.0,3,3
2025-01-23,-0.01775846052534335,-0.01775846052534335,-0.01782721885867668,6.875833333333333e-05,0.0,3,3
2025-01-24,0.004071305184431939,0.004071305184431939,0.004035341851098606,3.596333333333334e-05,0.0,3,3
2025-01-25,0.009987199529349037,0.009987199529349037,0.009926914529349054,6.028499999998334e-05,0.0,3,3
2025-01-26,-0.010522680159342166,-0.010522680159342166,-0.010545200159342166,2.2519999999999994e-05,0.6666666666666666,3,3
2025-01-27,0.007345132714434899,0.007011799381101566,0.007204542714434899,0.00014059,0.0,3,3
2025-01-28,-0.0016117644711411282,-0.0016117644711411282,-0.0017189044711411281,0.00010714,0.0,3,3
2025-01-29,-0.009751000743452256,-0.009751000743452256,-0.009819650743452256,6.864999999999999e-05,0.0,3,3
2025-01-30,-0.017417653327338214,-0.017417653327338214,-0.017490564994004882,7.291166666666666e-05,0.0,3,3
2025-01-31,-0.0030249297705940937,-0.0030249297705940937,-0.003133968103927427,0.00010903833333333333,0.0,3,3
2025-02-01,0.000627138543943955,0.000627138543943955,0.0005255052106106217,0.00010163333333333333,0.0,3,3
2025-02-02,0.004850706815299325,0.004850706815299325,0.0047811951486326585,6.951166666666666e-05,0.3333333333333333,3,3
2025-02-03,0.016304779272737158,0.016138112606070492,0.01628137427273714,2.3405000000016667e-05,0.0,3,3
2025-02-04,-0.0028163536838650507,-0.0028163536838650507,-0.0028896136838650506,7.326e-05,0.0,3,3
2025-02-05,-0.013237809412849535,-0.013237809412849535,-0.013266819412849535,2.901e-05,0.0,3,3
2025-02-06,-0.001339408972291435,-0.001339408972291435,-0.0013691556389581016,2.9746666666666664e-05,0.0,3,3
2025-02-07,0.00030753965315000816,0.00030753965315000816,0.0002157396531500082,9.179999999999998e-05,0.0,3,3
2025-02-08,0.019789060799207184,0.019789060799207184,0.01980596246587385,-1.6901666666666675e-05,0.0,3,3
2025-02-09,-0.00018466249983905972,-0.00018466249983905972,-0.00036233583317239304,0.0001776733333333333,0.9999999999999999,3,3
2025-02-10,-0.013394904214825424,-0.013894904214825424,-0.013520132548158757,0.00012522833333333334,0.0,3,3
2025-02-11,0.017526015668308623,0.017526015668308623,0.017387094001641956,0.00013892166666666666,0.0,3,3
2025-02-12,-0.003955447702952089,-0.003955447702952089,-0.004021247702952072,6.579999999998333e-05,0.0,3,3
2025-02-13,-0.009670488077804316,-0.009670488077804316,-0.0097699980778043,9.950999999998333e-05,0.0,3,3
2025-02-14,0.0035417561517471236,0.0035417561517471236,0.0034854911517471234,5.6265000000000004e-05,0.0,3,3
2025-02-15,-0.02582455525037266,-0.02582455525037266,-0.02587283025037266,4.827500000000001e-05,0.0,3,3
2025-02-16,0.005076768277758761,0.005076768277758761,0.004950224944425411,0.00012654333333334997,0.9999999999999999,3,3
2025-02-17,0.0009570617902180906,0.00045706179021809065,0.0008324517902181072,0.00012460999999998335,0.0,3,3
2025-02-18,-0.023402920578287783,-0.023402920578287783,-0.023464257244954434,6.133666666665e-05,0.0,3,3
2025-02-19,-0.01526443494221546,-0.01526443494221546,-0.015399541608882128,0.00013510666666666666,0.0,3,3
2025-02-20,0.02086748927543456,0.02086748927543456,0.02082307427543458,4.441499999998334e-05,0.0,3,3
2025-02-21,-0.002203307657525612,-0.002203307657525612,-0.002230645990858945,2.7338333333333336e-05,0.0,3,3
2025-02-22,0.00747236177897519,0.00747236177897519,0.00731880344564184,0.00015355833333335,0.0,3,3
2025-02-23,-0.016158240712756667,-0.016158240712756667,-0.016204962379423333,4.672166666666666e-05,0.6666666666666666,3,3
2025-02-24,-0.011061161932352173,-0.011394495265685506,-0.011238705265685506,0.00017754333333333332,0.0,3,3
2025-02-25,0.012619105210340516,0.012619105210340516,0.012556828543673865,6.227666666665e-05,0.0,3,3
2025-02-26,-0.009535931792188614,-0.009535931792188614,-0.009715448458855264,0.00017951666666665,0.0,3,3
2025-02-27,0.004414877206236898,0.004414877206236898,0.004363572206236899,5.1305e-05,0.0,3,3
2025-02-28,0.011087872479966178,0.011087872479966178,0.011054207479966178,3.366500000000001e-05,0.0,3,3
2025-03-01,-0.00033942287867271524,-0.00033942287867271524,-0.0004106478786727319,7.122500000001665e-05,0.0,3,3
2025-03-02,0.02539341252172005,0.02539341252172005,0.025390474188386733,2.9383333333166624e-06,1.0,3,3
2025-03-03,0.028320583721503843,0.027820583721503842,0.02832231538817051,-1.7316666666666622e-06,0.0,3,3
2025-03-04,-0.021456533576194935,-0.021456533576194935,-0.021581368576194936,0.000124835,0.0,3,3
2025-03-05,0.008711700497189083,0.008711700497189083,0.008579418830522417,0.00013228166666666666,0.0,3,3
2025-03-06,0.018443943386523567,0.018443943386523567,0.0185192317198569,-7.528833333333332e-05,0.0,3,3
2025-03-07,0.0042385282793582935,0.0042385282793582935,0.004345456612691627,-0.00010692833333333334,0.0,3,3
2025-03-08,-0.0009727588232011919,-0.0009727588232011919,-0.0010000721565345252,2.7313333333333328e-05,0.0,3,3
2025-03-09,-0.0006894204620349095,-0.0006894204620349095,-0.0007546371287015761,6.521666666666666e-05,0.9999999999999999,3,3
2025-03-10,-0.003310771720273626,-0.003810771720273626,-0.003429628386940293,0.00011885666666666667,0.0,3,3
2025-03-11,0.011479125349358207,0.011479125349358207,0.011496930349358206,-1.7804999999999993e-05,0.0,3,3
2025-03-12,0.01722876889684112,0.01722876889684112,0.01713591389684114,9.285499999998333e-05,0.0,3,3
2025-03-13,0.006224255713062265,0.006224255713062265,0.006120190713062265,0.00010406499999999997,0.0,3,3
2025-03-14,-0.006807781390755983,-0.006807781390755983,-0.006895694724089316,8.791333333333333e-05,0.0,3,3
2025-03-15,0.011344272970742728,0.011344272970742728,0.011373499637409412,-2.9226666666683325e-05,0.0,3,3
2025-03-16,-0.00824410332632858,-0.00824410332632858,-0.00834028332632858,9.617999999999999e-05,1.0,3,3
2025-03-17,0.004856991827673077,0.004356991827673077,0.004627583494339744,0.00022940833333333333,0.0,3,3
2025-03-18,0.008144123490954922,0.008144123490954922,0.008164836824288256,-2.0713333333333337e-05,0.0,3,3
2025-03-19,0.0041047680360945665,0.0041047680360945665,0.004106814702761233,-2.0466666666666685e-06,0.0,3,3
2025-03-20,-0.008537429235945897,-0.008537429235945897,-0.008557937569279231,2.050833333333333e-05,0.0,3,3
2025-03-21,0.004673327541711396,0.004673327541711396,0.004540984208378063,0.0001323433333333333,0.0,3,3
2025-03-22,0.004178910756479799,0.004178910756479799,0.004169110756479799,9.800000000000001e-06,0.0,3,3
2025-03-23,-0.0016900079230328146,-0.0016900079230328146,-0.0017123579230328145,2.2350000000000008e-05,1.3333333333333333,3,3
2025-03-24,-0.008553048332048625,-0.009219714998715291,-0.008731584998715292,0.00017853666666666667,0.0,3,3
2025-03-25,-0.002230425716061609,-0.002230425716061609,-0.002317920716061609,8.749499999999999e-05,0.0,3,3
2025-03-26,-0.003428017103396172,-0.003428017103396172,-0.0034883337700628387,6.0316666666666665e-05,0.0,3,3
2025-03-27,0.0038487272800433047,0.0038487272800433047,0.0036947772800433047,0.00015394999999999997,0.0,3,3
2025-03-28,0.010956030717603732,0.010956030717603732,0.01086621571760375,8.981499999998332e-05,0.0,3,3
2025-03-29,0.0003143664252145108,0.0003143664252145108,9.825642521451086e-05,0.00021610999999999996,0.0,3,3
2025-03-30,-0.0005187060371694582,-0.0005187060371694582,-0.0007335377038361248,0.00021483166666666663,0.6666666666666666,3,3
2025-03-31,0.0017030233174346867,0.0013696899841013535,0.0015500533174347035,0.0001529699999999833,0.0,3,3
2025-04-01,-0.008234578847558557,-0.008234578847558557,-0.008480435514225207,0.00024585666666664997,0.0,3,3
2025-04-02,0.0022773578697956286,0.0022773578697956286,0.0021679295364622955,0.00010942833333333333,0.0,3,3
2025-04-03,0.0016980241272933402,0.0016980241272933402,0.0013954574606266734,0.00030256666666666663,0.0,3,3
2025-04-04,0.003375213054976421,0.003375213054976421,0.0031829680549764214,0.00019224499999999996,0.0,3,3
2025-04-05,0.00346294612187218,0.00346294612187218,0.00339907612187218,6.387000000000001e-05,0.0,3,3
2025-04-06,0.016094786387889932,0.016094786387889932,0.0161227730545566,-2.798666666666666e-05,0.6666666666666666,3,3
2025-04-07,-0.0003475934830218548,-0.0006809268163551882,-0.0005199118163551715,0.00017231833333331665,0.0,3,3
2025-04-08,0.0036551435223701923,0.0036551435223701923,0.0033880651890368756,0.00026707833333331664,0.0,3,3
2025-04-09,-0.0005393917307981162,-0.0005393917307981162,-0.0007559217307981161,0.00021653,0.0,3,3
2025-04-10,0.009370674631126005,0.009370674631126005,0.009222699631126022,0.00014797499999998334,0.0,3,3
2025-04-11,-0.006694236751063053,-0.006694236751063053,-0.00681400508439637,0.00011976833333331667,0.0,3,3
2025-04-12,0.010999976735726467,0.010999976735726467,0.010827716735726467,0.00017226,0.0,3,3
2025-04-13,-0.0027250222177489943,-0.0027250222177489943,-0.0028525855510823277,0.00012756333333333332,0.0,3,3
2025-04-14,0.004859152439869932,0.004859152439869932,0.0047183957732032655,0.00014075666666666666,0.0,3,3
2025-04-15,-0.0026162286267756873,-0.0026162286267756873,-0.002708298626775704,9.207000000001666e-05,0.0,3,3
2025-04-16,-0.0013443841154318734,-0.0013443841154318734,-0.0015641841154318734,0.0002198,0.0,3,3
2025-04-17,-0.002103152659590664,-0.002103152659590664,-0.002146129326257314,4.297666666665e-05,0.0,3,3
2025-04-18,-0.0013995610881707612,-0.0013995610881707612,-0.001590532754837411,0.00019097166666665,0.0,3,3
2025-04-19,0.0029615495858112744,0.0029615495858112744,0.0028238195858112745,0.00013772999999999997,0.0,3,3
2025-04-20,-0.012038416475354485,-0.012038416475354485,-0.012135474808687818,9.705833333333331e-05,0.3333333333333333,3,3
2025-04-21,0.0004763779470853528,0.00030971128041868616,0.00029178628041868614,0.00018459166666666665,0.0,3,3
2025-04-22,0.0035189256595360738,0.0035189256595360738,0.003393107326202757,0.00012581833333331669,0.0,3,3
2025-04-23,-0.009454039346989459,-0.009454039346989459,-0.009470216013656125,1.617666666666667e-05,0.0,3,3
2025-04-24,-0.0023453678132658814,-0.0023453678132658814,-0.002348224479932548,2.8566666666666692e-06,0.0,3,3
2025-04-25,-0.007488906733216574,-0.007488906733216574,-0.007512275066549908,2.3368333333333324e-05,0.0,3,3
2025-04-26,0.0014390315872067844,0.0014390315872067844,0.0013384665872067845,0.000100565,0.0,3,3
2025-04-27,0.0007853327983477396,0.0007853327983477396,0.0006745611316810729,0.00011077166666666666,0.6666666666666666,3,3
2025-04-28,-0.0028876991515087826,-0.003221032484842116,-0.0029641174848420992,7.641833333331666e-05,0.0,3,3
2025-04-29,0.004627516043217813,0.004627516043217813,0.00452420270988448,0.00010331333333333333,0.0,3,3
2025-04-30,0.010628701036537517,0.010628701036537517,0.01062767436987085,1.0266666666666681e-06,0.0,3,3
2025-05-01,-0.016188689354860668,-0.016188689354860668,-0.016347437688194,0.00015874833333333333,0.0,3,3
2025-05-02,0.00012684149574588433,0.00012684149574588433,-7.400850425411565e-05,0.00020084999999999998,0.0,3,3
2025-05-03,0.009161011533936579,0.009161011533936579,0.009068076533936579,9.293499999999999e-05,0.0,3,3
2025-05-04,0.002855680739257392,0.002855680739257392,0.0027830557392573754,7.262500000001665e-05,0.6666666666666666,3,3
2025-05-05,0.009242353309463111,0.008909019976129778,0.009158139976129779,8.421333333333334e-05,0.0,3,3
2025-05-06,-0.0010836329292872155,-0.0010836329292872155,-0.0012040279292871987,0.00012039499999998332,0.0,3,3
2025-05-07,-0.000923496383319858,-0.000923496383319858,-0.0009615247166531913,3.802833333333333e-05,0.0,3,3
2025-05-08,-0.016948974258100064,-0.016948974258100064,-0.017018979258100066,7.000499999999999e-05,0.0,3,3
2025-05-09,0.01825348406392647,0.01825348406392647,0.018203484063926467,4.9999999999999996e-05,0.0,3,3
2025-05-10,-0.03712950092783523,-0.03712950092783523,-0.03717950092783523,4.9999999999999996e-05,0.0,3,3
2025-05-11,0.007517802960970994,0.007517802960970994,0.007487047960970994,3.0755e-05,0.6666666666666666,3,3
2025-05-12,-0.009851077671840357,-0.01018441100517369,-0.009889547671840358,3.847e-05,0.0,3,3
2025-05-13,0.0012882761226908803,0.0012882761226908803,0.0012268094560242138,6.146666666666667e-05,0.0,3,3
2025-05-14,-0.004509933488054019,-0.004509933488054019,-0.004531426821387352,2.1493333333333326e-05,0.0,3,3
2025-05-15,0.00575794647784332,0.00575794647784332,0.0057284798111766535,2.9466666666666667e-05,0.0,3,3
2025-05-16,-0.0023718755838064666,-0.0023718755838064666,-0.0024075689171398165,3.569333333334999e-05,0.0,3,3
2025-05-17,0.000459569794859092,0.000459569794859092,0.00043818812819242537,2.1381666666666666e-05,0.0,3,3
2025-05-18,-0.006203341869875522,-0.006203341869875522,-0.006228958536542188,2.5616666666666668e-05,0.9999999999999999,3,3
2025-05-19,-0.0013061052677293438,-0.0018061052677293436,-0.001325943601062677,1.983833333333333e-05,0.0,3,3
2025-05-20,0.01062833468192355,0.01062833468192355,0.010632308015256884,-3.973333333333338e-06,0.0,3,3
2025-05-21,0.003963547036998467,0.003963547036998467,0.0039614837036651505,2.063333333316665e-06,0.0,3,3
2025-05-22,0.000702018920726045,0.000702018920726045,0.0006480305873927117,5.3988333333333326e-05,0.0,3,3
2025-05-23,0.004188508892405364,0.004188508892405364,0.00414088555907203,4.762333333333333e-05,0.0,3,3
2025-05-24,0.0015666918889912947,0.0015666918889912947,0.0015746935556579613,-8.001666666666667e-06,0.0,3,3
2025-05-25,-0.0037241622648336472,-0.0037241622648336472,-0.0037141455981669807,-1.0016666666666667e-05,1.6666666666666667,3,3
2025-05-26,-0.0011801152454234676,-0.002013448578756801,-0.0012090985787567843,2.898333333331667e-05,0.0,3,3
2025-05-27,-0.005132893740343906,-0.005132893740343906,-0.005168543740343923,3.565000000001667e-05,0.0,3,3
2025-05-28,-0.0005025861740735294,-0.0005025861740735294,-0.0005470978407401961,4.451166666666666e-05,0.0,3,3
2025-05-29,0.000910606958654397,0.000910606958654397,0.0008882286253210636,2.2378333333333336e-05,0.0,3,3
2025-05-30,-0.004346552478846036,-0.004346552478846036,-0.004433237478846053,8.668500000001666e-05,0.0,3,3
2025-05-31,0.001139087483624241,0.001139087483624241,0.0011002124836242408,3.887500000000001e-05,0.0,3,3
2025-06-01,-0.00022464356176917245,-0.00022464356176917245,-0.00024494856176917245,2.0304999999999996e-05,0.9999999999999999,3,3
2025-06-02,-0.004352558357613429,-0.004852558357613428,-0.0044132466909467625,6.0688333333333326e-05,0.0,3,3
2025-06-03,-0.0012487666613937081,-0.0012487666613937081,-0.0012739433280603747,2.517666666666666e-05,0.0,3,3
2025-06-04,-0.0068349174072531325,-0.0068349174072531325,-0.006916072407253133,8.115499999999999e-05,0.0,3,3
2025-06-05,-0.0026567969397767914,-0.0026567969397767914,-0.002723428606443458,6.663166666666666e-05,0.0,3,3
2025-06-06,-0.0014532923605226188,-0.0014532923605226188,-0.0016114840271892854,0.00015819166666666666,0.0,3,3
2025-06-07,0.00595986388922941,0.00595986388922941,0.005900105555896077,5.975833333333334e-05,0.0,3,3
2025-06-08,0.009084665829786117,0.009084665829786117,0.008997960829786118,8.6705e-05,0.3333333333333333,3,3
2025-06-09,-0.0017617446499383453,-0.001928411316605012,-0.0018287646499383454,6.701999999999999e-05,0.0,3,3
2025-06-10,-0.001354818407298889,-0.001354818407298889,-0.0014041550739655557,4.933666666666666e-05,0.0,3,3
2025-06-11,-0.00457013958136065,-0.00457013958136065,-0.004620139581360649,4.9999999999999996e-05,0.0,3,3
2025-06-12,0.0013536900681781615,0.0013536900681781615,0.0013174417348448281,3.624833333333332e-05,0.0,3,3
2025-06-13,-0.004482747944523784,-0.004482747944523784,-0.004526231277857118,4.348333333333333e-05,0.0,3,3
2025-06-14,-0.004632769372270081,-0.004632769372270081,-0.004719834372270081,8.7065e-05,0.0,3,3
2025-06-15,0.006588070252182176,0.006588070252182176,0.006513471918848842,7.459833333333333e-05,0.6666666666666666,3,3
2025-06-16,0.005826630175459566,0.005493296842126233,0.005778340175459566,4.8290000000000014e-05,0.0,3,3
2025-06-17,-0.0016848054566612441,-0.0016848054566612441,-0.0017298771233278942,4.507166666665e-05,0.0,3,3
2025-06-18,-0.006897604274624987,-0.006897604274624987,-0.00705205594129162,0.0001544516666666333,0.0,3,3
2025-06-19,-0.0014943654911579829,-0.0014943654911579829,-0.0016238688244912996,0.00012950333333331667,0.0,3,3
2025-06-20,0.006001236675563318,0.006001236675563318,0.005948611675563301,5.2625000000016675e-05,0.0,3,3
2025-06-21,0.006127682093125987,0.006127682093125987,0.00608057042645932,4.7111666666666665e-05,0.0,3,3
2025-06-22,-0.002926792298998354,-0.002926792298998354,-0.002945182298998354,1.8390000000000005e-05,0.6666666666666666,3,3
2025-06-23,0.0009578181135911182,0.0006244847802577848,0.0009483364469244516,9.481666666666664e-06,0.0,3,3
2025-06-24,0.004169464246343116,0.004169464246343116,0.00412534257967645,4.412166666666666e-05,0.0,3,3
2025-06-25,-0.0014184594122156468,-0.0014184594122156468,-0.0014331810788823134,1.4721666666666665e-05,0.0,3,3
2025-06-26,0.007646429769494856,0.007646429769494856,0.007620141436161522,2.628833333333333e-05,0.0,3,3
2025-06-27,0.000446710820287878,0.000446710820287878,0.00047250748695456136,-2.5796666666683333e-05,0.0,3,3
2025-06-28,0.0008494052431014433,0.0008494052431014433,0.0007973952431014433,5.201e-05,0.0,3,3
2025-06-29,0.0016558202139383765,0.0016558202139383765,0.0016467202139383765,9.09999999999999e-06,1.3333333333333333,3,3
2025-06-30,0.0026828623829382742,0.0020161957162716077,0.0026281573829382743,5.4705e-05,0.0,3,3
2025-07-01,0.002514177187729112,0.002514177187729112,0.002427850521062462,8.632666666665e-05,0.0,3,3
2025-07-02,-5.2218566901391045e-05,-5.2218566901391045e-05,-6.170190023472438e-05,9.483333333333336e-06,0.0,3,3
2025-07-03,9.145647954585423e-05,9.145647954585423e-05,1.3891479545854232e-05,7.7565e-05,0.0,3,3
2025-07-04,0.0005242743172905658,0.0005242743172905658,0.0004527993172905491,7.147500000001667e-05,0.0,3,3
2025-07-05,2.817465721772876e-05,2.817465721772876e-05,1.6216323884395427e-05,1.1958333333333334e-05,0.0,3,3
2025-07-06,-0.0005536928938289925,-0.0005536928938289925,-0.0006018612271623258,4.8168333333333324e-05,0.9999999999999999,3,3
2025-07-07,-0.002103216131197269,-0.002603216131197269,-0.002139384464530602,3.6168333333333324e-05,0.0,3,3
2025-07-08,-0.0045642250747290275,-0.0045642250747290275,-0.004610328408062378,4.6103333333349986e-05,0.0,3,3
2025-07-09,-0.003555758639649103,-0.003555758639649103,-0.003631291972982436,7.553333333333332e-05,0.0,3,3
2025-07-10,-0.006334404857961437,-0.006334404857961437,-0.0063871381912947705,5.273333333333333e-05,0.0,3,3
2025-07-11,-0.012181581981709808,-0.012181581981709808,-0.01224147531504314,5.9893333333333325e-05,0.0,3,3
2025-07-12,-4.720932733272027e-05,-4.720932733272027e-05,-8.000432733272027e-05,3.2795e-05,0.0,3,3
2025-07-13,-0.004809666251040841,-0.004809666251040841,-0.004830467917707507,2.0801666666666654e-05,0.9999999999999999,3,3
2025-07-14,-0.005216960554301053,-0.005716960554301052,-0.0052769138876343855,5.995333333333333e-05,0.0,3,3
2025-07-15,0.004945049977724941,0.004945049977724941,0.004854674977724941,9.037499999999999e-05,0.0,3,3
2025-07-16,0.010164819338733705,0.010164819338733705,0.010114819338733705,4.9999999999999996e-05,0.0,3,3
2025-07-17,-0.039907955768683674,-0.039907955768683674,-0.03995015243535034,4.219666666666666e-05,0.0,3,3
2025-07-18,0.013000291909434029,0.013000291909434029,0.012914718576100695,8.557333333333332e-05,0.0,3,3
2025-07-19,-0.006026732285082469,-0.006026732285082469,-0.0060767322850824685,4.9999999999999996e-05,0.0,3,3
2025-07-20,0.002112543325144499,0.002112543325144499,0.0020645616584778325,4.798166666666666e-05,0.0,3,3
2025-07-21,0.0029088543078647907,0.0029088543078647907,0.002890914307864774,1.7940000000016664e-05,0.0,3,3
2025-07-22,0.008105943317288502,0.008105943317288502,0.008073696650621836,3.2246666666666664e-05,0.0,3,3
2025-07-23,0.025454135622480802,0.025454135622480802,0.02545464228914747,-5.066666666666528e-07,0.0,3,3
2025-07-24,0.0032336846809744024,0.0032336846809744024,0.0031901980143077355,4.3486666666666665e-05,0.0,3,3
2025-07-25,0.0021580083537133393,0.0021580083537133393,0.0021236016870466727,3.4406666666666664e-05,0.0,3,3
2025-07-26,-0.002483539958358423,-0.002483539958358423,-0.0025094566250250896,2.5916666666666665e-05,0.0,3,3
2025-07-27,0.006234655682046729,0.006234655682046729,0.006228767348713396,5.888333333333329e-06,0.6666666666666666,3,3
2025-07-28,0.011267939034466476,0.010934605701133143,0.01128696736779981,-1.902833333333333e-05,0.0,3,3
2025-07-29,-0.006372537662443317,-0.006372537662443317,-0.006331595995776651,-4.094166666666666e-05,0.0,3,3
2025-07-30,-0.009098984780213707,-0.009098984780213707,-0.00913615311354704,3.7168333333333335e-05,0.0,3,3
2025-07-31,0.0049272731393614705,0.0049272731393614705,0.00490367813936147,2.3594999999999993e-05,0.0,3,3
2025-08-01,-0.011038666960977316,-0.011038666960977316,-0.011051236960977316,1.2570000000000003e-05,0.0,3,3
2025-08-02,0.0019154914185395967,0.0019154914185395967,0.0018521880852062633,6.330333333333333e-05,0.0,3,3
2025-08-03,-0.012059179807569811,-0.012059179807569811,-0.012047291474236478,-1.1888333333333336e-05,1.3333333333333335,3,3
2025-08-04,-0.005176058460566211,-0.005842725127232878,-0.005295975127232861,0.00011991666666665,0.0,3,3
2025-08-05,-0.004991067545573236,-0.004991067545573236,-0.0051001992122399024,0.00010913166666666665,0.0,3,3
2025-08-06,0.005661226660279444,0.005661226660279444,0.005551539993612777,0.00010968666666666665,0.0,3,3
2025-08-07,0.010504202070252325,0.010504202070252325,0.010459743736919009,4.445833333331666e-05,0.0,3,3
2025-08-08,-0.00015212952061524084,-0.00015212952061524084,-0.00020223118728189082,5.010166666665e-05,0.0,3,3
2025-08-09,0.0037890736044000773,0.0037890736044000773,0.003763626937733411,2.544666666666666e-05,0.0,3,3
2025-08-10,-0.006366658848163602,-0.006366658848163602,-0.006405152181496935,3.849333333333333e-05,0.6666666666666666,3,3
2025-08-11,0.009810830703546837,0.009477497370213504,0.00978350903688017,2.7321666666666653e-05,0.0,3,3
2025-08-12,-0.012845610306948363,-0.012845610306948363,-0.012906165306948363,6.055499999999999e-05,0.0,3,3
2025-08-13,0.0015901606384371865,0.0015901606384371865,0.00162790397177052,-3.774333333333334e-05,0.0,3,3
2025-08-14,0.0028344022400438713,0.0028344022400438713,0.0028610755733772045,-2.6673333333333328e-05,0.0,3,3
2025-08-15,-0.007619276439438946,-0.007619276439438946,-0.007655591439438929,3.631499999998333e-05,0.0,3,3
2025-08-16,-0.00010946572144720143,-0.00010946572144720143,-0.00015467405478053475,4.5208333333333325e-05,0.0,3,3
2025-08-17,-0.022521296080211403,-0.022521296080211403,-0.022542994413544737,2.169833333333333e-05,1.3333333333333333,3,3
2025-08-18,-0.005276591594390689,-0.005943258261057356,-0.005407086594390672,0.0001304949999999833,0.0,3,3
2025-08-19,0.00350574700652919,0.00350574700652919,0.0034420986731958734,6.364833333331666e-05,0.0,3,3
2025-08-20,-0.010487933458345105,-0.010487933458345105,-0.010557375125011755,6.944166666665e-05,0.0,3,3
2025-08-21,0.0009425141053446286,0.0009425141053446286,0.0009813207720112786,-3.880666666665e-05,0.0,3,3
2025-08-22,-0.00044649133198629667,-0.00044649133198629667,-0.00044730799865296336,8.166666666666684e-07,0.0,3,3
2025-08-23,0.008633461941336344,0.008633461941336344,0.008707213608003011,-7.375166666666666e-05,0.0,3,3
2025-08-24,0.0008872662639428328,0.0008872662639428328,0.0008751995972761661,1.2066666666666671e-05,0.6666666666666666,3,3
2025-08-25,0.010511825534017055,0.010178492200683722,0.010518647200683722,-6.821666666666663e-06,0.0,3,3
2025-08-26,-0.0023889746031749417,-0.0023889746031749417,-0.002358571269841625,-3.0403333333316665e-05,0.0,3,3
2025-08-27,0.002585678934949522,0.002585678934949522,0.002580813934949522,4.865000000000002e-06,0.0,3,3
2025-08-28,0.0003333197541816359,0.0003333197541816359,0.00035141808751496927,-1.8098333333333336e-05,0.0,3,3
2025-08-29,-0.0008055947600380639,-0.0008055947600380639,-0.0008224330933714139,1.683833333335e-05,0.0,3,3
2025-08-30,-0.0018858890167620609,-0.0018858890167620609,-0.0019342173500953943,4.8328333333333336e-05,0.0,3,3
2025-08-31,-0.002098383351994341,-0.002098383351994341,-0.002103778351994341,5.395000000000005e-06,1.3333333333333333,3,3
2025-09-01,-0.005903780302763752,-0.006570446969430419,-0.005922293636097086,1.8513333333333328e-05,0.0,3,3
2025-09-02,-0.01513637720113445,-0.01513637720113445,-0.015161298867801118,2.4921666666666655e-05,0.0,3,3
2025-09-03,-0.0009198039947948276,-0.0009198039947948276,-0.0009808289947948277,6.1025000000000006e-05,0.0,3,3
2025-09-04,-0.001489450618238884,-0.001489450618238884,-0.0015783122849055507,8.886166666666667e-05,0.0,3,3
2025-09-05,-0.0026087872886957296,-0.0026087872886957296,-0.002667470622029063,5.868333333333333e-05,0.0,3,3
2025-09-06,0.003418882791887718,0.003418882791887718,0.0033721044585543845,4.6778333333333346e-05,0.0,3,3
2025-09-07,-0.004500170017058615,-0.004500170017058615,-0.004527143350391949,2.697333333333332e-05,0.9999999999999999,3,3
2025-09-08,-0.0013423960757602213,-0.001842396075760221,-0.0013581910757602214,1.5795e-05,0.0,3,3
2025-09-09,0.004126802662508275,0.004126802662508275,0.004121824329174942,4.978333333333326e-06,0.0,3,3
2025-09-10,-0.006865109588990028,-0.006865109588990028,-0.006865781255656695,6.716666666666622e-07,0.0,3,3
2025-09-11,0.004145186280326931,0.004145186280326931,0.004084564613660265,6.062166666666667e-05,0.0,3,3
2025-09-12,0.011404091221913184,0.011404091221913184,0.011355564555246517,4.852666666666667e-05,0.0,3,3
2025-09-13,-0.0022631366546630454,-0.0022631366546630454,-0.0022736466546630454,1.0509999999999993e-05,0.0,3,3
2025-09-14,0.013353296479308855,0.013353296479308855,0.013304136479308856,4.916e-05,0.9999999999999999,3,3
2025-09-15,0.007279398200311597,0.006779398200311597,0.007258493200311597,2.0905000000000004e-05,0.0,3,3
2025-09-16,0.003954787200516514,0.003954787200516514,0.0039452288671831814,9.55833333333333e-06,0.0,3,3
2025-09-17,-0.005628063257544913,-0.005628063257544913,-0.005605501590878247,-2.2561666666666658e-05,0.0,3,3
2025-09-18,0.0021471122608589573,0.0021471122608589573,0.002139917260858974,7.194999999983332e-06,0.0,3,3
2025-09-19,0.011063514129066926,0.011063514129066926,0.011008855795733592,5.4658333333333325e-05,0.0,3,3
2025-09-20,0.009801809267219064,0.009801809267219064,0.009747000933885731,5.480833333333333e-05,0.0,3,3
2025-09-21,0.003983316720356082,0.003983316720356082,0.003935705053689415,4.761166666666667e-05,0.9999999999999999,3,3
2025-09-22,-0.010498473576453645,-0.010998473576453645,-0.010574865243120311,7.639166666666665e-05,0.0,3,3
2025-09-23,0.0004175799969577831,0.0004175799969577831,0.00037513666362444975,4.244333333333333e-05,0.0,3,3
2025-09-24,0.0010489782148292578,0.0010489782148292578,0.0010223748814959244,2.6603333333333333e-05,0.0,3,3
2025-09-25,0.0043772223135162165,0.0043772223135162165,0.004339147313516216,3.807499999999999e-05,0.0,3,3
2025-09-26,0.009253573741349538,0.009253573741349538,0.009217527074682855,3.604666666668334e-05,0.0,3,3
2025-09-27,0.0023553624484837833,0.0023553624484837833,0.0022982257818171168,5.7136666666666665e-05,0.0,3,3
2025-09-28,-0.0005838938967208025,-0.0005838938967208025,-0.0006254455633874691,4.1551666666666664e-05,0.9999999999999999,3,3
2025-09-29,0.010188115769337954,0.009688115769337953,0.010142164102671287,4.595166666666667e-05,0.0,3,3
2025-09-30,-0.004447162855642106,-0.004447162855642106,-0.004573617855642106,0.00012645499999999998,0.0,3,3
2025-10-01,-0.0029279740193611818,-0.0029279740193611818,-0.0030487606860278484,0.00012078666666666666,0.0,3,3
2025-10-02,0.01480711133037936,0.01480711133037936,0.014710074663712694,9.703666666666665e-05,0.0,3,3
2025-10-03,0.017779797374435156,0.017779797374435156,0.01775861237443514,2.1185000000016674e-05,0.0,3,3
2025-10-04,0.00268563059467591,0.00268563059467591,0.0026063639280092437,7.926666666666666e-05,0.0,3,3
2025-10-05,0.004704066278902549,0.004704066278902549,0.004612694612235882,9.137166666666666e-05,0.6666666666666666,3,3
2025-10-06,0.004865074722466334,0.004531741389133001,0.004817529722466333,4.754499999999999e-05,0.0,3,3
2025-10-07,-0.01238849962665483,-0.01238849962665483,-0.012461577959988146,7.307833333331666e-05,0.0,3,3
2025-10-08,0.007341070009083654,0.007341070009083654,0.00725144667575032,8.962333333333333e-05,0.0,3,3
2025-10-09,-0.015320261922595746,-0.015320261922595746,-0.01532696525592908,6.703333333333334e-06,0.0,3,3
2025-10-10,0.00981375459931349,0.00981375459931349,0.009748271265980157,6.548333333333333e-05,0.0,3,3
2025-10-11,0.0014440172119286486,0.0014440172119286486,0.0001731038785953154,0.0012709133333333332,0.0,3,3
2025-10-12,0.006752140225083158,0.006752140225083158,0.006217820225083175,0.0005343199999999833,0.6666666666666666,3,3
2025-10-13,0.012655822122147572,0.012322488788814239,0.012253192122147573,0.00040263,0.0,3,3
2025-10-14,-0.010242882500397208,-0.010242882500397208,-0.010385195833730541,0.00014231333333333332,0.0,3,3
2025-10-15,-0.006641483586535189,-0.006641483586535189,-0.006726195253201839,8.471166666665e-05,0.0,3,3
2025-10-16,-0.0012864373625624107,-0.0012864373625624107,-0.0013541206958957441,6.768333333333332e-05,0.0,3,3
2025-10-17,-0.013281177054536415,-0.013281177054536415,-0.013332557054536415,5.138e-05,0.0,3,3
2025-10-18,0.0018579789938246141,0.0018579789938246141,0.0018897806604912808,-3.180166666666667e-05,0.0,3,3
2025-10-19,-0.0015603897563119798,-0.0015603897563119798,-0.0014995564229786464,-6.0833333333333326e-05,0.9999999999999999,3,3
2025-10-20,-0.017227126136201948,-0.01772712613620195,-0.01741214446953528,0.0001850183333333333,0.0,3,3
2025-10-21,0.002173579041642547,0.002173579041642547,0.002143089041642547,3.049e-05,0.0,3,3
2025-10-22,0.004537668485884503,0.004537668485884503,0.00450958015255117,2.8088333333333337e-05,0.0,3,3
2025-10-23,0.01031977295252205,0.01031977295252205,0.010264119619188716,5.5653333333333325e-05,0.0,3,3
2025-10-24,-0.008500645627918026,-0.008500645627918026,-0.008589012294584676,8.836666666665e-05,0.0,3,3
2025-10-25,0.001843622961236943,0.001843622961236943,0.0017841712945702764,5.945166666666667e-05,0.0,3,3
2025-10-26,-0.0024337364572060496,-0.0024337364572060496,-0.0024848564572060496,5.112e-05,0.6666666666666666,3,3
2025-10-27,0.004890507266576467,0.004557173933243134,0.004842177266576467,4.8330000000000007e-05,0.0,3,3
2025-10-28,0.002678019899927684,0.002678019899927684,0.0025896248999277005,8.839499999998334e-05,0.0,3,3
2025-10-29,0.0040413221354316,0.0040413221354316,0.004003295468764934,3.802666666666666e-05,0.0,3,3
2025-10-30,0.0024486877346989967,0.0024486877346989967,0.0024069327346989966,4.1754999999999996e-05,0.0,3,3
2025-10-31,-0.003023784357678727,-0.003023784357678727,-0.003142666024345394,0.00011888166666666668,0.0,3,3
2025-11-01,0.0036728405298571097,0.0036728405298571097,0.00356689386319046,0.00010594666666665,0.0,3,3
2025-11-02,-0.0001713525980101725,-0.0001713525980101725,-0.00020323593134348916,3.1883333333316664e-05,1.3333333333333333,3,3
2025-11-03,-0.009479152071623686,-0.010145818738290352,-0.009688548738290335,0.00020939666666665,0.0,3,3
2025-11-04,-0.005312599165297371,-0.005312599165297371,-0.005468577498630704,0.0001559783333333333,0.0,3,3
2025-11-05,-0.0007366135906828611,-0.0007366135906828611,-0.0007977485906828612,6.113499999999999e-05,0.0,3,3
2025-11-06,0.00375409158540259,0.00375409158540259,0.00369150658540259,6.258500000000001e-05,0.0,3,3
2025-11-07,0.007882124686800116,0.007882124686800116,0.007842679686800115,3.9445e-05,0.0,3,3
2025-11-08,0.00044736164658206476,0.00044736164658206476,0.0003892149799153981,5.814666666666666e-05,0.0,3,3
2025-11-09,-0.003617108529256713,-0.003617108529256713,-0.0036823851959233798,6.527666666666666e-05,0.6666666666666666,3,3
2025-11-10,0.007318242326603986,0.006984908993270653,0.0072465639932706525,7.167833333333333e-05,0.0,3,3
2025-11-11,-0.00632240048203785,-0.00632240048203785,-0.006415960482037851,9.355999999999999e-05,0.0,3,3
2025-11-12,0.003610630059587818,0.003610630059587818,0.0034760300595878344,0.00013459999999998332,0.0,3,3
2025-11-13,-0.0062905595210201145,-0.0062905595210201145,-0.006389149521020098,9.858999999998332e-05,0.0,3,3
2025-11-14,0.0046676538669540345,0.0046676538669540345,0.004447947200287385,0.00021970666666664999,0.0,3,3
2025-11-15,-0.002420289687299086,-0.002420289687299086,-0.002607471353965736,0.00018718166666665,0.0,3,3
2025-11-16,0.004704358835034334,0.004704358835034334,0.0045757388350343335,0.00012861999999999997,0.9999999999999999,3,3
2025-11-17,-0.0029320542044158062,-0.0034320542044158063,-0.002973745871082456,4.169166666665e-05,0.0,3,3
2025-11-18,0.003502341347549643,0.003502341347549643,0.00344712301421631,5.5218333333333326e-05,0.0,3,3
2025-11-19,-0.001472755166988564,-0.001472755166988564,-0.0015319885003218974,5.923333333333333e-05,0.0,3,3
2025-11-20,0.014222737040988621,0.014222737040988621,0.014208375374321954,1.4361666666666662e-05,0.0,3,3
2025-11-21,-0.0036048716337218492,-0.0036048716337218492,-0.0037288516337218493,0.00012398,0.0,3,3
2025-11-22,0.0004285167223770608,0.0004285167223770608,0.00024252172237706083,0.000185995,0.0,3,3
2025-11-23,-0.0016621486921479921,-0.0016621486921479921,-0.0017130653588146587,5.091666666666666e-05,1.0,3,3
2025-11-24,0.007702783054553077,0.007202783054553076,0.007651758054553094,5.1024999999983324e-05,0.0,3,3
2025-11-25,0.00480664814033904,0.00480664814033904,0.004742899807005707,6.374833333333332e-05,0.0,3,3
2025-11-26,-0.001360521868047103,-0.001360521868047103,-0.001468581868047103,0.00010806,0.0,3,3
2025-11-27,-0.0013604548172079089,-0.0013604548172079089,-0.0014758764838745755,0.00011542166666666667,0.0,3,3
2025-11-28,-0.0029230040814606853,-0.0029230040814606853,-0.003018750748127352,9.574666666666666e-05,0.0,3,3
2025-11-29,-0.0009769555530529616,-0.0009769555530529616,-0.0010807038863862948,0.00010374833333333332,0.0,3,3
2025-11-30,-0.01176310292974905,-0.01176310292974905,-0.011960129596415717,0.00019702666666666663,0.6666666666666666,3,3
2025-12-01,0.003772175258688401,0.0034388419253550675,0.0036885252586884177,8.364999999998332e-05,0.0,3,3
2025-12-02,-0.01411408527558923,-0.01411408527558923,-0.014256973608922564,0.0001428883333333333,0.0,3,3
2025-12-03,-0.006817216211158052,-0.006817216211158052,-0.006795191211158052,-2.2024999999999997e-05,0.0,3,3
2025-12-04,-0.007311828165741121,-0.007311828165741121,-0.007330699832407787,1.887166666666667e-05,0.0,3,3
2025-12-05,-0.002760758001699633,-0.002760758001699633,-0.0029026963350329664,0.0001419383333333333,0.0,3,3
2025-12-06,-0.0032238837337484785,-0.0032238837337484785,-0.0033523237337484786,0.00012843999999999998,0.0,3,3
2025-12-07,0.002793900190449356,0.002793900190449356,0.002668716857116023,0.00012518333333333333,0.9999999999999999,3,3
2025-12-08,0.0037234247076882317,0.0032234247076882317,0.0037243263743548982,-9.016666666666651e-07,0.0,3,3
2025-12-09,0.0009154632035352857,0.0009154632035352857,0.0009313015368686024,-1.5838333333316668e-05,0.0,3,3
2025-12-10,-0.013096577912058236,-0.013096577912058236,-0.013119069578724902,2.249166666666666e-05,0.0,3,3
2025-12-11,-0.00891968434405201,-0.00891968434405201,-0.00909647101071866,0.00017678666666664998,0.0,3,3
2025-12-12,0.00698236356540314,0.00698236356540314,0.006944290232069807,3.807333333333333e-05,0.0,3,3
2025-12-13,0.00453301428342632,0.00453301428342632,0.004559365950092986,-2.6351666666666667e-05,0.0,3,3
2025-12-14,-0.004495316104462693,-0.004495316104462693,-0.0045581594377960095,6.284333333331666e-05,0.6666666666666666,3,3
2025-12-15,-0.0038412168134393273,-0.004174550146772661,-0.0039867634801059775,0.00014554666666664998,0.0,3,3
2025-12-16,-0.0012277407571679333,-0.0012277407571679333,-0.0014227624238346,0.00019502166666666664,0.0,3,3
2025-12-17,-0.0031752895414431668,-0.0031752895414431668,-0.003160064541443167,-1.522499999999999e-05,0.0,3,3
2025-12-18,-0.01006330936844591,-0.01006330936844591,-0.010232967701779228,0.00016965833333331665,0.0,3,3
2025-12-19,0.009391386822947403,0.009391386822947403,0.00933154348961407,5.984333333333333e-05,0.0,3,3
2025-12-20,-0.00025893657620092066,-0.00025893657620092066,-0.00027979324286758734,2.0856666666666666e-05,0.0,3,3
2025-12-21,-0.0010469592652736317,-0.0010469592652736317,-0.001130872598606965,8.391333333333333e-05,0.9999999999999999,3,3
2025-12-22,-0.002111532683354217,-0.002611532683354217,-0.002085162683354217,-2.637e-05,0.0,3,3
2025-12-23,-0.00021545083967121573,-0.00021545083967121573,-0.0003931075063378824,0.00017765666666666666,0.0,3,3
2025-12-24,0.0027605402322631463,0.0027605402322631463,0.0027000102322631463,6.052999999999999e-05,0.0,3,3
2025-12-25,0.003395030854852192,0.003395030854852192,0.0033795975215188587,1.5433333333333334e-05,0.0,3,3
2025-12-26,0.0009049882684520219,0.0009049882684520219,0.0008355816017853552,6.940666666666665e-05,0.0,3,3
2025-12-27,-0.005637482489554129,-0.005637482489554129,-0.005683955822887462,4.6473333333333334e-05,0.0,3,3
2025-12-28,0.002195892213301007,0.002195892213301007,0.0021800138799676905,1.587833333331665e-05,0.6666666666666666,3,3
2025-12-29,-0.0014052665268082824,-0.0017385998601416157,-0.0014503298601416157,4.5063333333333326e-05,0.0,3,3
2025-12-30,0.0013673449941798046,0.0013673449941798046,0.0012191349941798046,0.00014821,0.0,3,3
2025-12-31,0.00016684596515831692,0.00016684596515831692,0.0001337926318249836,3.305333333333333e-05,0.0,3,3
2026-01-01,0.00888003052870876,0.00888003052870876,0.00869695052870876,0.00018308000000000002,0.0,3,3
2026-01-02,0.003941735541507466,0.003941735541507466,0.003929737208174132,1.1998333333333323e-05,0.0,3,3
2026-01-03,-0.0003947724793326128,-0.0003947724793326128,-0.0004020924793326128,7.319999999999998e-06,0.0,3,3
2026-01-04,0.009468962040025746,0.009468962040025746,0.009411473706692413,5.748833333333332e-05,0.3333333333333333,3,3
2026-01-05,0.01297919552352525,0.012812528856858582,0.01293651052352525,4.268499999999999e-05,0.0,3,3
2026-01-06,-0.002382139696618765,-0.002382139696618765,-0.002359734696618765,-2.240499999999999e-05,0.0,3,3
2026-01-07,-0.002814513998833079,-0.002814513998833079,-0.0028907506654997457,7.623666666666666e-05,0.0,3,3
2026-01-08,-0.0033672480111557788,-0.0033672480111557788,-0.0034326180111557787,6.536999999999999e-05,0.0,3,3
2026-01-09,-0.001041412571644659,-0.001041412571644659,-0.001073612571644659,3.22e-05,0.0,3,3
2026-01-10,0.002010858586170316,0.002010858586170316,0.001945883586170316,6.4975e-05,0.0,3,3
2026-01-11,0.0006960731256951329,0.0006960731256951329,0.0006348131256951328,6.125999999999999e-05,1.0,3,3
2026-01-12,0.0008195650902572785,0.0003195650902572785,0.0007454967569239619,7.406833333331665e-05,0.0,3,3
2026-01-13,-0.008450087693696002,-0.008450087693696002,-0.008493401027029335,4.331333333333333e-05,0.0,3,3
2026-01-14,-0.0013539508478642172,-0.0013539508478642172,-0.001355917514530884,1.9666666666666625e-06,0.0,3,3
2026-01-15,-0.004639723733523735,-0.004639723733523735,-0.004646737066857068,7.013333333333343e-06,0.0,3,3
2026-01-16,0.0002518001163753177,0.0002518001163753177,0.000176668449708651,7.513166666666666e-05,0.0,3,3
2026-01-17,-0.0013221166824340371,-0.0013221166824340371,-0.0013963116824340371,7.419499999999999e-05,0.0,3,3
2026-01-18,-0.006025177408552013,-0.006025177408552013,-0.006103654075218679,7.847666666666665e-05,0.6666666666666666,3,3
2026-01-19,0.006833122290331496,0.006499788956998163,0.0067726906236648295,6.043166666666666e-05,0.0,3,3
2026-01-20,0.0075828348350554815,0.0075828348350554815,0.007573899835055482,8.935000000000002e-06,0.0,3,3
2026-01-21,0.004235368772928075,0.004235368772928075,0.004180680439594742,5.468833333333333e-05,0.0,3,3
2026-01-22,-0.0034564303286754895,-0.0034564303286754895,-0.0035397036620088227,8.327333333333332e-05,0.0,3,3
2026-01-23,-6.0275697842237516e-05,-6.0275697842237516e-05,-8.303569784223752e-05,2.2760000000000002e-05,0.0,3,3
2026-01-24,-0.002227476094647557,-0.002227476094647557,-0.0022644377613142237,3.696166666666666e-05,0.0,3,3
2026-01-25,-0.0016814287425772482,-0.0016814287425772482,-0.001737418742577248,5.599e-05,1.3333333333333333,3,3
2026-01-26,-0.002949643629051667,-0.0036163102957183337,-0.003022373629051667,7.272999999999999e-05,0.0,3,3
2026-01-27,0.002370813584562606,0.002370813584562606,0.002252563584562606,0.00011825,0.0,3,3
2026-01-28,-0.0004723593113959704,-0.0004723593113959704,-0.0005365293113959537,6.416999999998332e-05,0.0,3,3
2026-01-29,-0.0004214803483839643,-0.0004214803483839643,-0.0005554103483839477,0.00013392999999998334,0.0,3,3
2026-01-30,0.009990282898472317,0.009990282898472317,0.009887461231805634,0.00010282166666668332,0.0,3,3
2026-01-31,-0.0029460843786320748,-0.0029460843786320748,-0.0030928010452987414,0.00014671666666666666,0.0,3,3
2026-02-01,0.004995713977004546,0.004995713977004546,0.004856643977004547,0.00013907,0.9999999999999999,3,3
2026-02-02,-0.0011088315335494071,-0.0016088315335494071,-0.001209368200216074,0.00010053666666666667,0.0,3,3
2026-02-03,-0.002456346719480719,-0.002456346719480719,-0.002633815052814052,0.0001774683333333333,0.0,3,3
2026-02-04,0.002395080172417735,0.002395080172417735,0.0021760435057510685,0.00021903666666666662,0.0,3,3
2026-02-05,-0.013011811971239755,-0.013011811971239755,-0.013064000304573088,5.218833333333333e-05,0.0,3,3
2026-02-06,0.019953034805104655,0.019953034805104655,0.019622663138438006,0.00033037166666664993,0.0,3,3
2026-02-07,-0.000632063278651457,-0.000632063278651457,-0.0008137299453181237,0.00018166666666666667,0.0,3,3
2026-02-08,-0.0016822058823619131,-0.0016822058823619131,-0.001906145882361913,0.00022393999999999997,0.3333333333333333,3,3
2026-02-09,0.0008635189755949109,0.0006968523089282443,0.0007356623089282609,0.00012785666666665,0.0,3,3
2026-02-10,-0.004293094527358293,-0.004293094527358293,-0.00445413619402496,0.00016104166666666665,0.0,3,3
2026-02-11,-0.0018653726888147922,-0.0018653726888147922,-0.0019765210221481255,0.00011114833333333332,0.0,3,3
2026-02-12,-0.003414596167002296,-0.003414596167002296,-0.0035684628336689625,0.00015386666666666665,0.0,3,3
2026-02-13,0.008277392340950714,0.008277392340950714,0.00819752400761738,7.986833333333334e-05,0.0,3,3
2026-02-14,0.015034616983852934,0.015034616983852934,0.014978916983852933,5.57e-05,0.0,3,3
2026-02-15,0.00019432585493219494,0.00019432585493219494,0.00011603585493219493,7.829e-05,0.6666666666666666,3,3
2026-02-16,0.004465717095533467,0.004132383762200134,0.004339532095533467,0.00012618499999999999,0.0,3,3
2026-02-17,0.0015626073707183676,0.0015626073707183676,0.0014552823707183842,0.00010732499999998332,0.0,3,3
2026-02-18,-0.005941714446890766,-0.005941714446890766,-0.005987281113557433,4.556666666666667e-05,0.0,3,3
2026-02-19,0.0022405611889830795,0.0022405611889830795,0.0022291045223164128,1.1456666666666675e-05,0.0,3,3
2026-02-20,-0.009044545678195279,-0.009044545678195279,-0.009137537344861928,9.299166666664999e-05,0.0,3,3
2026-02-21,0.006430832811817079,0.006430832811817079,0.006453882811817079,-2.3050000000000005e-05,0.0,3,3
2026-02-22,0.0024126289747453717,0.0024126289747453717,0.0024252939747453715,-1.2665000000000002e-05,0.6666666666666666,3,3
2026-02-23,0.001737817659698449,0.0014044843263651158,0.0015510793263651323,0.00018673833333331666,0.0,3,3
2026-02-24,0.0030186750534429646,0.0030186750534429646,0.0029288850534429645,8.978999999999999e-05,0.0,3,3
2026-02-25,0.004383492473102435,0.004383492473102435,0.004388290806435768,-4.798333333333328e-06,0.0,3,3
2026-02-26,-0.005824096590289361,-0.005824096590289361,-0.0057977349236226945,-2.6361666666666655e-05,0.0,3,3
2026-02-27,-0.004430701325532905,-0.004430701325532905,-0.004527637992199555,9.693666666665e-05,0.0,3,3
2026-02-28,0.0047690485924854606,0.0047690485924854606,0.004631641925818794,0.00013740666666666666,0.0,3,3
2026-03-01,0.0010540014308080853,0.0010540014308080853,0.001044258097474752,9.743333333333332e-06,1.0,3,3
2026-03-02,0.005701512589923131,0.005201512589923131,0.005597945923256464,0.00010356666666666666,0.0,3,3
2026-03-03,0.005943014775256625,0.005943014775256625,0.005899344775256609,4.3670000000016656e-05,0.0,3,3
2026-03-04,0.0026874528903727186,0.0026874528903727186,0.002718681223706035,-3.122833333331667e-05,0.0,3,3
2026-03-05,-0.00165558965669375,-0.00165558965669375,-0.0016919729900270832,3.638333333333332e-05,0.0,3,3
2026-03-06,-0.0011522584135196807,-0.0011522584135196807,-0.001170085080186364,1.7826666666683323e-05,0.0,3,3
2026-03-07,0.002253145492669546,0.002253145492669546,0.002227220492669546,2.5924999999999986e-05,0.0,3,3
2026-03-08,0.001372230546494801,0.001372230546494801,0.0012794488798281343,9.278166666666666e-05,1.0,3,3
2026-03-09,-0.005965362208064755,-0.006465362208064755,-0.0060222555413980885,5.689333333333332e-05,0.0,3,3
2026-03-10,0.006008977703945132,0.006008977703945132,0.005970874370611798,3.810333333333333e-05,0.0,3,3
2026-03-11,-0.004590556901880523,-0.004590556901880523,-0.004624315235213857,3.375833333333333e-05,0.0,3,3
2026-03-12,0.002585662986377139,0.002585662986377139,0.0025748846530438225,1.077833333331666e-05,0.0,3,3
2026-03-13,0.003392079843854816,0.003392079843854816,0.0034648581771881495,-7.277833333333333e-05,0.0,3,3
2026-03-14,-0.004039504778578601,-0.004039504778578601,-0.0041034414452452515,6.393666666664999e-05,0.0,3,3
2026-03-15,0.0010354966657136694,0.0010354966657136694,0.000949188332380336,8.630833333333332e-05,1.3333333333333333,3,3
2026-03-16,-0.0012540146907501395,-0.0019206813574168063,-0.0012721563574168062,1.814166666666666e-05,0.0,3,3
2026-03-17,0.0010677503965463337,0.0010677503965463337,0.001060378729879667,7.371666666666673e-06,0.0,3,3
2026-03-18,0.003849623786461985,0.003849623786461985,0.0038338354531286516,1.5788333333333336e-05,0.0,3,3
2026-03-19,0.001346016905966609,0.001346016905966609,0.0013468502392999424,-8.333333333333361e-07,0.0,3,3
2026-03-20,-0.001977790687748302,-0.001977790687748302,-0.002025667354414969,4.787666666666666e-05,0.0,3,3
2026-03-21,0.0034853837510678424,0.0034853837510678424,0.003447667084401176,3.7716666666666664e-05,0.0,3,3
2026-03-22,0.0019072302615325764,0.0019072302615325764,0.0018644985948659265,4.2731666666649986e-05,0.9999999999999999,3,3
2026-03-23,-0.0016721142415591955,-0.0021721142415591956,-0.0017829125748925288,0.00011079833333333333,0.0,3,3
2026-03-24,-0.003298405233215473,-0.003298405233215473,-0.0033394068998821393,4.100166666666666e-05,0.0,3,3
2026-03-25,0.0026846764602819224,0.0026846764602819224,0.002686764793615256,-2.0883333333333385e-06,0.0,3,3
2026-03-26,-0.001413174144824755,-0.001413174144824755,-0.0014449458114914049,3.1771666666649996e-05,0.0,3,3
2026-03-27,-0.0016838535753040426,-0.0016838535753040426,-0.0017835169086373925,9.966333333334997e-05,0.0,3,3
2026-03-28,-0.0006551830427403065,-0.0006551830427403065,-0.0007491630427402898,9.397999999998332e-05,0.0,3,3
2026-03-29,-0.0037866006042565747,-0.0037866006042565747,-0.003928423937589908,0.0001418233333333333,0.6666666666666666,3,3
2026-03-30,-0.003889585074545329,-0.004222918407878662,-0.004017800074545329,0.000128215,0.0,3,3
2026-03-31,-0.004417799075248483,-0.004417799075248483,-0.004527182408581816,0.00010938333333333331,0.0,3,3
2026-04-01,-0.005119665393454189,-0.005119665393454189,-0.005220912060120856,0.00010124666666666667,0.0,3,3
2026-04-02,0.003312548799325868,0.003312548799325868,0.0032718304659925344,4.0718333333333346e-05,0.0,3,3
2026-04-03,0.0010313929800924687,0.0010313929800924687,0.001019656313425802,1.1736666666666676e-05,0.0,3,3
2026-04-04,-0.00161046203923965,-0.00161046203923965,-0.0016501087059063166,3.964666666666667e-05,0.0,3,3
2026-04-05,8.982093714933852e-05,8.982093714933852e-05,4.4676038160051945e-06,8.535333333333333e-05,0.6666666666666666,3,3
2026-04-06,0.0022024711401026774,0.0018691378067693441,0.002110954473436011,9.151666666666665e-05,0.0,3,3
2026-04-07,-0.0014050007328054981,-0.0014050007328054981,-0.0013587790661388315,-4.622166666666666e-05,0.0,3,3
2026-04-08,0.008245414745703169,0.008245414745703169,0.008238196412369836,7.218333333333332e-06,0.0,3,3
2026-04-09,-0.00815501397616304,-0.00815501397616304,-0.00817847730949639,2.346333333335e-05,0.0,3,3
2026-04-10,0.00565245967268007,0.00565245967268007,0.00559986467268007,5.2595e-05,0.0,3,3
2026-04-11,0.006723402072729528,0.006723402072729528,0.0067313037393961946,-7.901666666666659e-06,0.0,3,3
2026-04-12,0.004113722952821424,0.004113722952821424,0.004181084619488091,-6.736166666666665e-05,1.3333333333333333,3,3
2026-04-13,0.00339584980222594,0.0027291831355592735,0.003367038135559273,2.881166666666666e-05,0.0,3,3
2026-04-14,-0.0037286071171766097,-0.0037286071171766097,-0.003799310450509943,7.070333333333334e-05,0.0,3,3
2026-04-15,-0.0017751652331007535,-0.0017751652331007535,-0.0018881835664340536,0.00011301833333329999,0.0,3,3
2026-04-16,0.0006199940250680904,0.0006199940250680904,0.0005831873584014238,3.680666666666666e-05,0.0,3,3
2026-04-17,0.0009291791984903388,0.0009291791984903388,0.0009069775318236721,2.220166666666666e-05,0.0,3,3
2026-04-18,0.0030237542855870007,0.0030237542855870007,0.0029471459522536674,7.660833333333333e-05,0.0,3,3
2026-04-19,-0.0031468003654031647,-0.0031468003654031647,-0.003212593698736498,6.579333333333333e-05,0.9999999999999999,3,3
2026-04-20,-0.0006016457225720906,-0.0011016457225720905,-0.0006356490559054073,3.4003333333316664e-05,0.0,3,3
2026-04-21,-0.0017012431943124926,-0.0017012431943124926,-0.0018194848609791592,0.00011824166666666666,0.0,3,3
2026-04-22,0.009877077290859753,0.009877077290859753,0.009839905624193086,3.717166666666666e-05,0.0,3,3
2026-04-23,-0.004993265624821347,-0.004993265624821347,-0.005000265624821347,6.999999999999994e-06,0.0,3,3
2026-04-24,-0.0025376798443025924,-0.0025376798443025924,-0.0026385631776359255,0.00010088333333333331,0.0,3,3
2026-04-25,0.0030192076592022842,0.0030192076592022842,0.0029370459925356176,8.216166666666666e-05,0.0,3,3
2026-04-26,0.0021588620898816495,0.0021588620898816495,0.0021639970898816494,-5.134999999999997e-06,0.9999999999999999,3,3
2026-04-27,-0.004809516846704449,-0.005309516846704449,-0.004865570180037766,5.605333333331666e-05,0.0,3,3
2026-04-28,-0.003867609505217751,-0.003867609505217751,-0.003996519505217751,0.00012890999999999998,0.0,3,3
2026-04-29,-0.009289759175597746,-0.009289759175597746,-0.00937105417559773,8.129499999998333e-05,0.0,3,3
2026-04-30,-0.0034573728812302604,-0.0034573728812302604,-0.0034928778812302603,3.5505e-05,0.0,3,3
2026-05-01,0.004941314797609067,0.004941314797609067,0.004851296464275734,9.001833333333332e-05,0.0,3,3
2026-05-02,0.0005855406918589577,0.0005855406918589577,0.0005511356918589576,3.4405e-05,0.0,3,3
2026-05-03,0.0012324509288809725,0.0012324509288809725,0.0012199275955476392,1.2523333333333338e-05,0.3333333333333333,3,3
2026-05-04,-0.0011092445712375804,-0.001275911237904247,-0.0011347195712375637,2.5474999999983326e-05,0.0,3,3
2026-05-05,-0.015168075210893668,-0.015168075210893668,-0.015264260210893669,9.618499999999999e-05,0.0,3,3
2026-05-06,0.0006076867956792608,0.0006076867956792608,0.00048450346234592745,0.00012318333333333334,0.0,3,3
2026-05-07,0.0030847691117009083,0.0030847691117009083,0.002960140778367575,0.00012462833333333332,0.0,3,3
2026-05-08,-0.009152551198432727,-0.009152551198432727,-0.00921864953176606,6.609833333333332e-05,0.0,3,3
2026-05-09,0.005703415549865625,0.005703415549865625,0.005663283883198958,4.013166666666667e-05,0.0,3,3
2026-05-10,-0.007579727291088822,-0.007579727291088822,-0.0075428956244221555,-3.683166666666666e-05,0.6666666666666666,3,3
2026-05-11,-0.00018641995525873301,-0.0005197532885920663,-0.00018057162192539966,-5.8483333333333414e-06,0.0,3,3
2026-05-12,0.0063011660621247936,0.0063011660621247936,0.006329341062124794,-2.8175000000000004e-05,0.0,3,3
2026-05-13,0.006456469303287067,0.006456469303287067,0.0065437676366204,-8.729833333333332e-05,0.0,3,3
2026-05-14,-0.0009634821584051697,-0.0009634821584051697,-0.0009513354917385364,-1.2146666666633334e-05,0.0,3,3
2026-05-15,0.007100086178699065,0.007100086178699065,0.0070770345120323985,2.3051666666666668e-05,0.0,3,3
2026-05-16,0.0029304128748090384,0.0029304128748090384,0.003031841208142372,-0.00010142833333333333,0.0,3,3
2026-05-17,0.00030875753079978536,0.00030875753079978536,0.0003251258641331354,-1.6368333333349997e-05,1.6666666666666665,3,3
2026-05-18,0.0068175015923821036,0.00598416825904877,0.00676639825904877,5.1103333333333336e-05,0.0,3,3
2026-05-19,-5.354921161595552e-05,-5.354921161595552e-05,-6.466754494928884e-05,1.1118333333333325e-05,0.0,3,3
2026-05-20,0.0020234160602799027,0.0020234160602799027,0.0020147310602799027,8.684999999999992e-06,0.0,3,3
2026-05-21,0.0006231781481923209,0.0006231781481923209,0.0005897648148589876,3.341333333333333e-05,0.0,3,3
2026-05-22,-0.0001396278250946066,-0.0001396278250946066,-0.0001518261584279399,1.2198333333333328e-05,0.0,3,3
2026-05-23,0.0016614241397850049,0.0016614241397850049,0.0015578358064516715,0.00010358833333333333,0.0,3,3
2026-05-24,-0.0016741832578421115,-0.0016741832578421115,-0.0016869799245087616,1.279666666664999e-05,1.3333333333333333,3,3
2026-05-25,-0.0037768009634666006,-0.004443467630133267,-0.003821475963466584,4.467499999998333e-05,0.0,3,3
2026-05-26,0.0012840188226452309,0.0012840188226452309,0.0011997821559785642,8.423666666666667e-05,0.0,3,3
2026-05-27,0.004106271554047383,0.004106271554047383,0.00397871822071405,0.00012755333333333332,0.0,3,3
2026-05-28,0.0046334747802240376,0.0046334747802240376,0.004545348113557371,8.812666666666667e-05,0.0,3,3
2026-05-29,0.004273765655131326,0.004273765655131326,0.004255320655131326,1.8445000000000004e-05,0.0,3,3
2026-05-30,0.0007614904202863073,0.0007614904202863073,0.0007261987536196406,3.529166666666665e-05,0.0,3,3
2026-05-31,-0.0016419169555335815,-0.0016419169555335815,-0.0017352286222002316,9.331166666664999e-05,0.6666666666666666,3,3
2026-06-01,-0.005959290148158172,-0.006292623481491505,-0.006032511814824856,7.322166666668333e-05,0.0,3,3
2026-06-02,-0.0016435662356270937,-0.0016435662356270937,-0.0017442862356270936,0.00010072,0.0,3,3
2026-06-03,-0.003868156961071928,-0.003868156961071928,-0.004016968627738595,0.00014881166666666664,0.0,3,3
2026-06-04,-0.018159446034027686,-0.018159446034027686,-0.018298227700694336,0.00013878166666664998,0.0,3,3
2026-06-05,-0.005730219791316532,-0.005730219791316532,-0.005816176457983199,8.595666666666666e-05,0.0,3,3
2026-06-06,-0.0025541091606059475,-0.0025541091606059475,-0.002657839160605931,0.00010372999999998333,0.0,3,3
2026-06-07,0.0011980017601088949,0.0011980017601088949,0.0010253784267755615,0.00017262333333333332,0.6666666666666666,3,3
2026-06-08,0.0075262009457169095,0.0071928676123835765,0.007403870945716909,0.00012232999999999998,0.0,3,3
2026-06-09,-0.004664864209553289,-0.004664864209553289,-0.004752157542886605,8.729333333331666e-05,0.0,3,3
2026-06-10,-0.006676522445981076,-0.006676522445981076,-0.006705524112647743,2.9001666666666667e-05,0.0,3,3
2026-06-11,0.008886461344461739,0.008886461344461739,0.008855338011128405,3.112333333333334e-05,0.0,3,3
2026-06-12,-0.0015232927125168783,-0.0015232927125168783,-0.0016047110458502116,8.141833333333332e-05,0.0,3,3
2026-06-13,0.0035003165159025016,0.0035003165159025016,0.003454294849235835,4.602166666666666e-05,0.0,3,3
2026-06-14,0.012520017867465255,0.012520017867465255,0.012400434534131938,0.00011958333333331666,0.6666666666666666,3,3
2026-06-15,0.013710333062009276,0.013376999728675943,0.013587508062009276,0.00012282500000000002,0.0,3,3
2026-06-16,0.0030098675644705353,0.0030098675644705353,0.002970105897803869,3.9761666666666656e-05,0.0,3,3
2026-06-17,-0.0032603466524961655,-0.0032603466524961655,-0.003322464985829499,6.211833333333332e-05,0.0,3,3
2026-06-18,-0.009275150391758545,-0.009275150391758545,-0.009392575391758529,0.00011742499999998331,0.0,3,3
2026-06-19,-0.012189736777355588,-0.012189736777355588,-0.012247238444022238,5.750166666664999e-05,0.0,3,3
2026-06-20,0.017249550024161425,0.017249550024161425,0.017171431690828094,7.811833333333333e-05,0.0,3,3
2026-06-21,-0.0004228544650278727,-0.0004228544650278727,-0.0004898344650278727,6.698e-05,0.6666666666666666,3,3
2026-06-22,0.0006786593679727333,0.0003453260346394,0.0006059960346394,7.266333333333333e-05,0.0,3,3
2026-06-23,0.010793098983182457,0.010793098983182457,0.010687450649849124,0.00010564833333333335,0.0,3,3
2026-06-24,0.0023749184999628786,0.0023749184999628786,0.0022996384999628785,7.527999999999998e-05,0.0,3,3
2026-06-25,-0.0035929999143492677,-0.0035929999143492677,-0.003713963247682601,0.00012096333333333335,0.0,3,3
2026-06-26,0.011197972204459242,0.011197972204459242,0.011146250537792574,5.172166666666666e-05,0.0,3,3
2026-06-27,-0.003925446625579482,-0.003925446625579482,-0.003984173292246132,5.8726666666650005e-05,0.0,3,3
2026-06-28,0.0015658665678828147,0.0015658665678828147,0.001448554901216148,0.00011731166666666664,1.0,3,3
2026-06-29,0.002496000359229525,0.001996000359229525,0.002378055359229525,0.000117945,0.0,3,3
2026-06-30,0.004088829051354299,0.004088829051354299,0.004062570718020982,2.6258333333316676e-05,0.0,3,3
2026-07-01,0.010960967902004294,0.010960967902004294,0.010978069568670978,-1.710166666668335e-05,0.0,3,3
2026-07-02,0.004104542894343912,0.004104542894343912,0.004113994561010579,-9.45166666666666e-06,0.0,3,3
2026-07-03,0.01833834420002106,0.01833834420002106,0.018302189200021062,3.6154999999999995e-05,0.0,3,3
2026-07-04,0.011022359913210869,0.011022359913210869,0.010988209913210886,3.414999999998334e-05,0.0,3,3
2026-07-05,-0.0041916732140901925,-0.0041916732140901925,-0.004198621547423509,6.94833333331667e-06,0.6666666666666666,3,3
2026-07-06,0.003833668789689105,0.0035003354563557716,0.003767590456355755,6.607833333334998e-05,0.0,3,3
2026-07-07,0.0004199999595538442,0.0004199999595538442,0.00033690329288717756,8.309666666666666e-05,0.0,3,3
2026-07-08,0.0006399096588827713,0.0006399096588827713,0.0005534729922161046,8.643666666666667e-05,0.0,3,3
2026-07-09,0.0019721825264008967,0.0019721825264008967,0.00199400919306758,-2.1826666666683335e-05,0.0,3,3
2026-07-10,-0.004268396583134625,-0.004268396583134625,-0.004215029916467975,-5.336666666664999e-05,0.0,3,3
2026-07-11,-0.005883742518301795,-0.005883742518301795,-0.005799990851635128,-8.375166666666666e-05,0.0,3,3
2026-07-12,-0.0027755379775312194,-0.0027755379775312194,-0.0027987463108645194,2.32083333333e-05,0.9999999999999999,3,3
2026-07-13,0.001039682278094556,0.000539682278094556,0.0009719539447612393,6.772833333331666e-05,0.0,3,3
2026-07-14,0.005157813255591979,0.005157813255591979,0.005070421588925345,8.739166666663333e-05,0.0,3,3
2026-07-15,0.0015543475599207235,0.0015543475599207235,0.0014698358932540567,8.451166666666666e-05,0.0,3,3
2026-07-16,-0.004153690192872004,-0.004153690192872004,-0.004271255192871987,0.00011756499999998333,0.0,3,3
2026-07-17,0.008875873256951657,0.008875873256951657,0.008823164923618324,5.270833333333334e-05,0.0,3,3
2026-07-18,-0.002747733538388319,-0.002747733538388319,-0.0027210302050549857,-2.6703333333333332e-05,0.0,3,3
2026-07-19,-0.0021871957518458506,-0.0021871957518458506,-0.002241095751845834,5.3899999999983326e-05,0.6666666666666666,3,3
2026-07-20,0.0036832027852207487,0.003349869451887415,0.003617074451887415,6.612833333333334e-05,0.0,3,3
2026-07-21,0.003755330852796997,0.003755330852796997,0.0037280425194636804,2.7288333333316658e-05,0.0,3,3
2026-07-22,0.002497680745604821,0.002497680745604821,0.002453445745604854,4.423499999996666e-05,0.0,3,3
2026-07-23,-0.008263655389758137,-0.008263655389758137,-0.008373347056424804,0.00010969166666666666,0.0,3,3
2026-07-24,-0.005241666653226261,-0.005241666653226261,-0.005320843319892928,7.917666666666666e-05,0.0,3,3
2026-07-25,0.00046114108845880266,0.00046114108845880266,0.0003294010884588027,0.00013173999999999998,0.0,3,3
2026-07-26,-0.004699432906026278,-0.004699432906026278,-0.004770509572692945,7.107666666666666e-05,0.6666666666666666,3,3
2026-07-27,-0.011297266933678326,-0.011630600267011659,-0.01134843526701166,5.1168333333333336e-05,0.0,3,3
2026-07-28,0.00813292590406327,0.00813292590406327,0.007993139237396602,0.00013978666666666665,0.0,3,3
2026-07-29,-0.0013491623145198525,-0.0013491623145198525,-0.0013687023145198358,1.9539999999983336e-05,0.0,3,3
2026-07-30,0.0013913486787931358,0.0013913486787931358,0.0013825453454597858,8.803333333349994e-06,0.0,3,3
2026-07-31,0.004450697358555326,0.004450697358555326,0.004461949025221993,-1.1251666666666661e-05,0.0,3,3
2026-08-01,0.002602103608836107,0.002602103608836107,0.0026800719421694406,-7.796833333333333e-05,0.0,3,3
2026-08-02,0.020772431125954387,0.020772431125954387,0.020759231125954385,1.3199999999999999e-05,0.9999999999999999,3,3
2026-08-03,0.0011895684815995899,0.00068956848159959,0.0011377968149329232,5.1771666666666664e-05,0.0,3,3
2026-08-04,0.002838428436077762,0.002838428436077762,0.0028552301027444287,-1.680166666666666e-05,0.0,3,3
2026-08-05,-0.0025158622169414555,-0.0025158622169414555,-0.0025349472169414553,1.9084999999999998e-05,0.0,3,3
2026-08-06,-0.00872447590423804,-0.00872447590423804,-0.008744827570904723,2.035166666668333e-05,0.0,3,3
2026-08-07,-0.0035595442829752305,-0.0035595442829752305,-0.0035873926163085637,2.7848333333333336e-05,0.0,3,3
2026-08-08,0.0011832213376060832,0.0011832213376060832,0.00116524967093945,1.7971666666633337e-05,0.0,3,3
2026-08-09,-0.0029622962856345656,-0.0029622962856345656,-0.002940499618967899,-2.1796666666666664e-05,0.9999999999999999,3,3
2026-08-10,-0.007557982274082006,-0.008057982274082005,-0.0075876722740820055,2.969000000000001e-05,0.0,3,3
2026-08-11,-0.007494768836792922,-0.007494768836792922,-0.007619113836792922,0.000124345,0.0,3,3
2026-08-12,0.005840897606347843,0.005840897606347843,0.005832779273014509,8.118333333333326e-06,0.0,3,3
2026-08-13,-0.004037873062978221,-0.004037873062978221,-0.004057714729644871,1.984166666665e-05,0.0,3,3
2026-08-14,-0.004902200836028628,-0.004902200836028628,-0.004943564169361961,4.136333333333333e-05,0.0,3,3
2026-08-15,-0.0031140883146301467,-0.0031140883146301467,-0.0031998049812968134,8.571666666666665e-05,0.0,3,3
2026-08-16,0.0010302941788309624,0.0010302941788309624,0.0009585308454976291,7.176333333333334e-05,0.6666666666666666,3,3
2026-08-17,-0.002496942762430391,-0.0028302760957637247,-0.002601734429097058,0.00010479166666666666,0.0,3,3
2026-08-18,0.0013855563437176236,0.0013855563437176236,0.0013694830103842903,1.607333333333333e-05,0.0,3,3
2026-08-19,0.0033862488131723694,0.0033862488131723694,0.003382040479839036,4.208333333333325e-06,0.0,3,3
2026-08-20,0.009350226775858084,0.009350226775858084,0.00937795344252475,-2.7726666666666663e-05,0.0,3,3
2026-08-21,-0.0006625240657783444,-0.0006625240657783444,-0.0006509057324450111,-1.161833333333333e-05,0.0,3,3
2026-08-22,0.005702759072204097,0.005702759072204097,0.005702759072204097,-0.0,0.0,3,3
2026-08-23,0.006219162678313017,0.006219162678313017,0.006219162678313017,-0.0,1.3333333333333335,3,3
2026-08-24,-0.005572600588318638,-0.006239267254985305,-0.005543362254985305,-2.9238333333333328e-05,0.0,3,3
2026-08-25,-0.006443531843731909,-0.006443531843731909,-0.006429580177065242,-1.3951666666666667e-05,0.0,3,3
2026-08-26,-0.007477330644242514,-0.007477330644242514,-0.007489722310909181,1.239166666666666e-05,0.0,3,3
2026-08-27,0.0025554642243899002,0.0025554642243899002,0.002532020891056567,2.344333333333332e-05,0.0,3,3
2026-08-28,-0.0045135449188588705,-0.0045135449188588705,-0.004545651585525537,3.210666666666666e-05,0.0,3,3
2026-08-29,-0.00044612979463554315,-0.00044612979463554315,-0.0004355097946355432,-1.0620000000000002e-05,0.0,3,3
2026-08-30,-0.0060820494222106666,-0.0060820494222106666,-0.006081371088877333,-6.783333333333299e-07,1.3333333333333333,3,3
2026-08-31,0.002608741525570848,0.0019420748589041815,0.0025099498589041813,9.879166666666665e-05,0.0,3,3
